project_species_resolved,decimalLatitude,decimalLongitude,soil_lat_bin,soil_lon_bin,soil_sample_id,soilgrids_sand_pct,_pixel_col,_pixel_row,soilgrids_sand_attempted,soilgrids_clay_pct,soilgrids_clay_attempted,soilgrids_silt_pct,soil_source_group,soil_batch,current_complete_points,target_minimum_complete_points,topup_requested_points,texture_total_pct
Acacia auriculiformis,-14.573493,141.592803,-15.0,141.0,3.0,55.70000076293945,142824.0,39933.0,True,26.100000381469727,True,18.19999885559082,original25,0,,,,100.0
Acacia auriculiformis,-21.516667,130.733333,-22.0,130.0,52.0,72.9000015258789,138299.0,43024.0,True,19.0,True,8.099998474121094,original25,0,,,,100.0
Acacia auriculiformis,-6.666667,147.0,-7.0,147.0,24.0,30.600000381469727,145233.0,36412.0,True,36.900001525878906,True,32.49999809265137,original25,0,,,,100.0
Acacia auriculiformis,-11.47378,132.55354,-12.0,132.0,58.0,42.20000076293945,138888.0,38553.0,True,31.600000381469727,True,26.19999885559082,original25,0,,,,100.0
Acacia auriculiformis,-19.4525,147.4797,-20.0,147.0,59.0,46.599998474121094,145278.0,42105.0,True,31.200000762939453,True,22.200000762939453,original25,0,,,,100.0
Acacia auriculiformis,-8.5,140.5,-9.0,140.0,10.0,40.29999923706055,142358.0,37228.0,True,30.100000381469727,True,29.600000381469727,original25,0,,,,100.0
Acacia auriculiformis,-16.6844,135.7253,-17.0,135.0,57.0,58.29999923706055,140314.0,40873.0,True,21.399999618530273,True,20.30000114440918,original25,0,,,,100.0
Acacia auriculiformis,-15.655958,130.480485,-16.0,130.0,9.0,51.29999923706055,138056.0,40415.0,True,29.700000762939453,True,19.0,original25,0,,,,100.0
Acacia auriculiformis,-12.486145,136.547299,-13.0,136.0,26.0,54.70000076293945,140636.0,39003.0,True,25.200000762939453,True,20.099998474121094,original25,0,,,,100.0
Acacia auriculiformis,-15.472583,145.255798,-16.0,145.0,8.0,54.400001525878906,144393.0,40333.0,True,23.100000381469727,True,22.499998092651367,original25,0,,,,100.0
Acacia auriculiformis,-8.916667,143.166667,-9.0,143.0,34.0,36.0,143530.0,37414.0,True,35.0,True,29.0,original25,0,,,,100.0
Acacia auriculiformis,-12.559111,143.164194,-13.0,143.0,29.0,63.599998474121094,143513.0,39036.0,True,19.0,True,17.400001525878906,original25,0,,,,100.0
Acacia crassicarpa,-15.516667,144.433333,-16.0,144.0,87.0,66.30000305175781,144040.0,40353.0,True,15.300000190734863,True,18.399996757507324,original25,0,,,,100.0
Acacia crassicarpa,-26.412031,153.099042,-27.0,153.0,65.0,79.30000305175781,147361.0,45204.0,True,10.899999618530273,True,9.799997329711914,original25,0,,,,100.0
Acacia crassicarpa,-8.65,140.7167,-9.0,140.0,101.0,43.400001525878906,142453.0,37295.0,True,29.0,True,27.599998474121094,original25,0,,,,100.0
Acacia crassicarpa,-20.29322,149.07716,-21.0,149.0,82.0,44.5,145928.0,42480.0,True,30.0,True,25.5,original25,0,,,,100.0
Acacia crassicarpa,-12.46983,142.6448,-13.0,142.0,66.0,68.4000015258789,143287.0,38996.0,True,19.0,True,12.599998474121094,original25,0,,,,100.0
Acacia crassicarpa,-23.3667,150.5167,-24.0,150.0,73.0,44.099998474121094,146436.0,43848.0,True,33.29999923706055,True,22.60000228881836,original25,0,,,,100.0
Acacia crassicarpa,-19.2389,145.9,-20.0,145.0,88.0,69.5,144618.0,42010.0,True,18.100000381469727,True,12.399999618530273,original25,0,,,,100.0
Acacia crassicarpa,-16.323491,141.492815,-17.0,141.0,76.0,68.0,142775.0,40712.0,True,19.299999237060547,True,12.700000762939453,original25,0,,,,100.0
Acacia crassicarpa,-8.830516,143.168634,-9.0,143.0,103.0,38.29999923706055,143532.0,37376.0,True,35.20000076293945,True,26.5,original25,0,,,,100.0
Acacia crassicarpa,-17.4,145.383333,-18.0,145.0,74.0,38.400001525878906,144425.0,41191.0,True,37.29999923706055,True,24.299999237060547,original25,0,,,,100.0
Acacia crassicarpa,-10.52377,142.31345,-11.0,142.0,68.0,55.099998474121094,143150.0,38130.0,True,25.399999618530273,True,19.500001907348633,original25,0,,,,100.0
Acacia crassicarpa,-14.701111,142.3,-15.0,142.0,91.0,56.099998474121094,143128.0,39990.0,True,27.600000381469727,True,16.30000114440918,original25,0,,,,100.0
Acacia mangium,-12.644081,141.851461,-13.0,141.0,142.0,58.29999923706055,142942.0,39074.0,True,26.799999237060547,True,14.900001525878906,original25,0,,,,100.0
Acacia mangium,1.142375,127.701455,1.0,127.0,124.0,34.79999923706055,136652.0,32935.0,True,39.20000076293945,True,26.0,original25,0,,,,100.0
Acacia mangium,-27.354775,153.082777,-28.0,153.0,114.0,48.0,147311.0,45624.0,True,33.599998474121094,True,18.400001525878906,original25,0,,,,100.0
Acacia mangium,-21.7,139.516667,-22.0,139.0,123.0,62.70000076293945,141937.0,43106.0,True,26.799999237060547,True,10.5,original25,0,,,,100.0
Acacia mangium,-19.5633,147.3375,-20.0,147.0,112.0,43.29999923706055,145216.0,42155.0,True,32.099998474121094,True,24.60000228881836,original25,0,,,,100.0
Acacia mangium,-6.73333,147.0,-7.0,147.0,131.0,33.29999923706055,145233.0,36442.0,True,34.900001525878906,True,31.799999237060547,original25,0,,,,100.0
Acacia mangium,-2.55,134.3833,-3.0,134.0,113.0,29.700000762939453,139639.0,34579.0,True,41.599998474121094,True,28.700000762939453,original25,0,,,,100.0
Acacia mangium,-6.666667,140.5,-7.0,140.0,118.0,34.70000076293945,142359.0,36412.0,True,36.20000076293945,True,29.099998474121094,original25,0,,,,100.0
Acacia mangium,-22.815911,150.657361,-23.0,150.0,129.0,66.0999984741211,146512.0,43603.0,True,18.399999618530273,True,15.500001907348633,original25,0,,,,100.0
Acacia mangium,-3.36085,128.37804,-4.0,128.0,132.0,34.29999923706055,136971.0,34940.0,True,36.29999923706055,True,29.400001525878906,original25,0,,,,100.0
Acacia mangium,-18.204167,142.244444,-19.0,142.0,128.0,77.9000015258789,143087.0,41549.0,True,13.800000190734863,True,8.29999828338623,original25,0,,,,100.0
Acacia mangium,-15.858333,145.325,-16.0,145.0,116.0,47.79999923706055,144418.0,40505.0,True,26.399999618530273,True,25.80000114440918,original25,0,,,,100.0
Acer davidii,30.471812,110.853585,30.0,110.0,147.0,38.900001525878906,124186.0,19875.0,True,21.5,True,39.599998474121094,original25,0,,,,100.0
Acer davidii,23.78,98.83,23.0,98.0,203.0,36.400001525878906,121203.0,22855.0,True,33.0,True,30.599998474121094,original25,0,,,,100.0
Acer davidii,27.67,120.57,27.0,120.0,161.0,22.100000381469727,128874.0,21123.0,True,28.0,True,49.89999961853027,original25,0,,,,100.0
Acer davidii,21.741852,107.997805,21.0,107.0,170.0,33.0,125417.0,23762.0,True,31.899999618530273,True,35.10000038146973,original25,0,,,,100.0
Acer davidii,35.37,103.72,35.0,103.0,197.0,28.200000762939453,119924.0,17694.0,True,20.899999618530273,True,50.89999961853027,original25,0,,,,100.0
Acer davidii,35.551489,117.845548,35.0,117.0,156.0,44.29999923706055,124981.0,17613.0,True,24.0,True,31.700000762939453,original25,0,,,,100.0
Acer davidii,37.7315,111.48466,37.0,111.0,159.0,43.20000076293945,121853.0,16642.0,True,15.600000381469727,True,41.19999885559082,original25,0,,,,100.0
Acer davidii,26.33,114.52,26.0,114.0,160.0,35.599998474121094,126887.0,21719.0,True,26.0,True,38.400001525878906,original25,0,,,,100.0
Acer davidii,29.037008,100.298406,29.0,100.0,154.0,42.400001525878906,120525.0,20514.0,True,17.600000381469727,True,39.99999809265137,original25,0,,,,100.0
Acer davidii,26.604596,105.723485,26.0,105.0,199.0,22.799999237060547,123305.0,21597.0,True,35.20000076293945,True,42.0,original25,0,,,,100.0
Acer davidii,31.63,114.87,31.0,114.0,190.0,37.70000076293945,125334.0,19359.0,True,22.100000381469727,True,40.19999885559082,original25,0,,,,100.0
Acer davidii,26.37,110.32,26.0,110.0,180.0,30.100000381469727,125200.0,21702.0,True,29.299999237060547,True,40.60000038146973,original25,0,,,,100.0
Acer oliverianum,27.7,108.85,27.0,108.0,258.0,24.399999618530273,124243.0,21109.0,True,25.799999237060547,True,49.80000114440918,original25,0,,,,100.0
Acer oliverianum,29.32,95.33,29.0,95.0,227.0,67.69999694824219,118520.0,20388.0,True,15.600000381469727,True,16.700002670288086,original25,0,,,,100.0
Acer oliverianum,24.815112,121.349516,24.0,121.0,232.0,26.700000762939453,130077.0,22394.0,True,29.399999618530273,True,43.89999961853027,original25,0,,,,100.0
Acer oliverianum,36.519977,103.891767,36.0,103.0,221.0,28.0,119599.0,17182.0,True,19.5,True,52.5,original25,0,,,,100.0
Acer oliverianum,30.735298,115.681453,30.0,115.0,216.0,40.79999923706055,125950.0,19758.0,True,23.899999618530273,True,35.30000114440918,original25,0,,,,100.0
Acer oliverianum,22.353889,103.778889,22.0,103.0,230.0,33.20000076293945,123540.0,23490.0,True,28.799999237060547,True,38.0,original25,0,,,,100.0
Acer oliverianum,30.37,102.82,30.0,102.0,214.0,33.099998474121094,121133.0,19920.0,True,27.600000381469727,True,39.30000114440918,original25,0,,,,100.0
Acer oliverianum,33.32,108.32,33.0,108.0,206.0,49.900001525878906,122298.0,18607.0,True,19.600000381469727,True,30.499998092651367,original25,0,,,,100.0
Acer oliverianum,22.32,109.12,22.0,109.0,250.0,36.900001525878906,125748.0,23505.0,True,31.399999618530273,True,31.69999885559082,original25,0,,,,100.0
Acer oliverianum,26.45,99.42,26.0,99.0,222.0,37.0,120832.0,21666.0,True,27.600000381469727,True,35.39999961853027,original25,0,,,,100.0
Acer oliverianum,26.72,114.27,26.0,114.0,233.0,30.700000762939453,126673.0,21546.0,True,31.399999618530273,True,37.89999961853027,original25,0,,,,100.0
Acer oliverianum,34.15,112.1,34.0,112.0,252.0,23.899999618530273,123411.0,18237.0,True,24.200000762939453,True,51.89999961853027,original25,0,,,,100.0
Acrocarpus fraxinifolius,18.78333,98.91667,18.0,98.0,279.0,43.70000076293945,122210.0,25080.0,True,29.899999618530273,True,26.399999618530273,original25,0,,,,100.0
Acrocarpus fraxinifolius,12.401105,75.478113,12.0,75.0,289.0,40.0,112935.0,27922.0,True,32.79999923706055,True,27.200000762939453,original25,0,,,,100.0
Acrocarpus fraxinifolius,27.25,90.666667,27.0,90.0,269.0,29.5,117172.0,21310.0,True,29.5,True,41.0,original25,0,,,,100.0
Acrocarpus fraxinifolius,25.83,105.22,25.0,105.0,277.0,19.299999237060547,123304.0,21942.0,True,41.599998474121094,True,39.10000228881836,original25,0,,,,100.0
Acrocarpus fraxinifolius,14.43333,101.36667,14.0,101.0,282.0,27.799999237060547,123932.0,27017.0,True,41.29999923706055,True,30.900001525878906,original25,0,,,,100.0
Acrocarpus fraxinifolius,8.91086,77.11297,8.0,77.0,272.0,41.5,113882.0,29476.0,True,30.700000762939453,True,27.799999237060547,original25,0,,,,100.0
Acrocarpus fraxinifolius,22.391288,106.817838,22.0,106.0,283.0,23.600000381469727,124783.0,23473.0,True,31.799999237060547,True,44.60000038146973,original25,0,,,,100.0
Acrocarpus fraxinifolius,21.48,101.57,21.0,101.0,276.0,28.799999237060547,122812.0,23879.0,True,34.70000076293945,True,36.5,original25,0,,,,100.0
Acrocarpus fraxinifolius,16.601184,100.986613,16.0,100.0,273.0,41.0,123448.0,26051.0,True,30.200000762939453,True,28.799999237060547,original25,0,,,,100.0
Acrocarpus fraxinifolius,12.721851,77.569107,12.0,77.0,280.0,51.20000076293945,113818.0,27779.0,True,25.600000381469727,True,23.19999885559082,original25,0,,,,100.0
Acrocarpus fraxinifolius,24.3,106.23,24.0,106.0,285.0,31.899999618530273,124093.0,22623.0,True,29.399999618530273,True,38.70000076293945,original25,0,,,,100.0
Acrocarpus fraxinifolius,19.82,102.15,19.0,102.0,290.0,36.79999923706055,123381.0,24618.0,True,31.899999618530273,True,31.30000114440918,original25,0,,,,100.0
Actinodaphne obovata,20.3295,105.61783,20.0,105.0,294.0,29.0,124730.0,24391.0,True,33.29999923706055,True,37.70000076293945,original25,0,,,,100.0
Actinodaphne obovata,25.583333,91.633333,25.0,91.0,295.0,32.900001525878906,117910.0,22052.0,True,35.5,True,31.599998474121094,original25,0,,,,100.0
Actinodaphne obovata,22.52,103.97,22.0,103.0,296.0,33.400001525878906,123582.0,23416.0,True,32.20000076293945,True,34.39999771118164,original25,0,,,,100.0
Actinodaphne obovata,22.02,100.8,22.0,100.0,297.0,30.700000762939453,122383.0,23638.0,True,41.70000076293945,True,27.599998474121094,original25,0,,,,100.0
Actinodaphne obovata,30.07,102.75,30.0,102.0,298.0,26.700000762939453,121191.0,20054.0,True,26.899999618530273,True,46.39999961853027,original25,0,,,,100.0
Actinodaphne obovata,23.45,104.67,23.0,104.0,299.0,24.700000762939453,123660.0,23002.0,True,29.899999618530273,True,45.39999961853027,original25,0,,,,100.0
Actinodaphne obovata,21.62,101.56,21.0,101.0,300.0,32.79999923706055,122779.0,23817.0,True,34.900001525878906,True,32.29999923706055,original25,0,,,,100.0
Actinodaphne obovata,24.72,97.93,24.0,97.0,301.0,37.099998474121094,120633.0,22436.0,True,32.599998474121094,True,30.300003051757812,original25,0,,,,100.0
Actinodaphne obovata,26.943882,92.973123,26.0,92.0,303.0,40.0,118154.0,21446.0,True,24.299999237060547,True,35.70000076293945,original25,0,,,,100.0
Actinodaphne obovata,24.9603,98.7312,24.0,98.0,304.0,33.29999923706055,120903.0,22329.0,True,26.299999237060547,True,40.400001525878906,original25,0,,,,100.0
Adenanthera pavonina,3.169367,101.499513,3.0,101.0,336.0,36.0,124945.0,32032.0,True,39.099998474121094,True,24.900001525878906,original25,0,,,,100.0
Adenanthera pavonina,18.447117,-66.591405,18.0,-67.0,326.0,36.400001525878906,49382.0,25229.0,True,45.599998474121094,True,18.0,original25,0,,,,100.0
Adenanthera pavonina,-4.340264,152.009432,-5.0,152.0,330.0,30.799999237060547,147470.0,35376.0,True,36.599998474121094,True,32.60000228881836,original25,0,,,,100.0
Adenanthera pavonina,23.236,72.6768,23.0,72.0,357.0,32.400001525878906,110618.0,23097.0,True,31.0,True,36.599998474121094,original25,0,,,,100.0
Adenanthera pavonina,-25.697338,134.02277,-26.0,134.0,360.0,73.30000305175781,139739.0,44886.0,True,17.200000762939453,True,9.499996185302734,original25,0,,,,100.0
Adenanthera pavonina,-0.7898,122.3717,-1.0,122.0,306.0,33.900001525878906,134289.0,33795.0,True,38.099998474121094,True,28.0,original25,0,,,,100.0
Adenanthera pavonina,6.993118,80.417921,6.0,80.0,308.0,36.29999923706055,115440.0,30330.0,True,34.0,True,29.700000762939453,original25,0,,,,100.0
Adenanthera pavonina,19.477062,98.210724,19.0,98.0,338.0,41.70000076293945,121791.0,24771.0,True,31.0,True,27.299999237060547,original25,0,,,,100.0
Adenanthera pavonina,-11.37426,136.58934,-12.0,136.0,321.0,53.70000076293945,140649.0,38508.0,True,21.5,True,24.799999237060547,original25,0,,,,100.0
Adenanthera pavonina,-7.15,111.86667,-8.0,111.0,314.0,37.29999923706055,129708.0,36627.0,True,32.5,True,30.200000762939453,original25,0,,,,100.0
Adenanthera pavonina,-18.55421,146.20924,-19.0,146.0,329.0,50.900001525878906,144759.0,41705.0,True,27.799999237060547,True,21.299999237060547,original25,0,,,,100.0
Adenanthera pavonina,22.987408,87.009662,22.0,87.0,339.0,48.29999923706055,116526.0,23208.0,True,25.700000762939453,True,26.0,original25,0,,,,100.0
Afzelia rhomboidea,10.800034,119.518904,10.0,119.0,401.0,30.0,132312.0,28634.0,True,39.400001525878906,True,30.599998474121094,original25,0,,,,100.0
Afzelia rhomboidea,-2.48333,111.41667,-3.0,111.0,388.0,23.399999618530273,129422.0,34549.0,True,46.79999923706055,True,29.80000114440918,original25,0,,,,100.0
Afzelia rhomboidea,18.890736,121.905753,18.0,121.0,370.0,34.20000076293945,131876.0,25032.0,True,32.900001525878906,True,32.89999771118164,original25,0,,,,100.0
Afzelia rhomboidea,1.75,117.5,1.0,117.0,406.0,35.5,132100.0,32664.0,True,32.70000076293945,True,31.799999237060547,original25,0,,,,100.0
Afzelia rhomboidea,6.867614,125.404867,6.0,125.0,384.0,33.20000076293945,135334.0,30386.0,True,35.400001525878906,True,31.39999771118164,original25,0,,,,100.0
Afzelia rhomboidea,13.783333,124.266667,13.0,124.0,386.0,33.79999923706055,133923.0,27306.0,True,38.29999923706055,True,27.900001525878906,original25,0,,,,100.0
Afzelia rhomboidea,6.075,116.60556,6.0,116.0,391.0,37.79999923706055,131504.0,30738.0,True,30.700000762939453,True,31.5,original25,0,,,,100.0
Afzelia rhomboidea,1.4,110.3,1.0,110.0,405.0,24.899999618530273,128902.0,32820.0,True,40.70000076293945,True,34.39999961853027,original25,0,,,,100.0
Afzelia rhomboidea,15.478182,120.067116,15.0,120.0,375.0,41.5,131807.0,26551.0,True,25.100000381469727,True,33.39999961853027,original25,0,,,,100.0
Afzelia rhomboidea,3.16667,114.30917,3.0,114.0,376.0,31.200000762939453,130641.0,32033.0,True,40.599998474121094,True,28.200000762939453,original25,0,,,,100.0
Afzelia rhomboidea,6.552301,121.958709,6.0,121.0,395.0,36.400001525878906,133837.0,30526.0,True,36.70000076293945,True,26.89999771118164,original25,0,,,,100.0
Afzelia rhomboidea,10.685721,123.322011,10.0,123.0,392.0,40.70000076293945,133990.0,28685.0,True,34.29999923706055,True,25.0,original25,0,,,,100.0
Afzelia xylocarpa,16.4625,102.82,16.0,102.0,410.0,44.29999923706055,124253.0,26113.0,True,28.5,True,27.200000762939453,original25,0,,,,100.0
Afzelia xylocarpa,11.727222,109.190278,11.0,109.0,417.0,37.0,127682.0,28222.0,True,33.29999923706055,True,29.700000762939453,original25,0,,,,100.0
Afzelia xylocarpa,12.17883,99.92472,12.0,99.0,438.0,41.599998474121094,123592.0,28021.0,True,27.899999618530273,True,30.500001907348633,original25,0,,,,100.0
Afzelia xylocarpa,18.51667,98.6,18.0,98.0,428.0,50.400001525878906,122122.0,25198.0,True,24.899999618530273,True,24.69999885559082,original25,0,,,,100.0
Afzelia xylocarpa,13.50495,105.48676,13.0,105.0,437.0,39.20000076293945,125840.0,27430.0,True,29.299999237060547,True,31.5,original25,0,,,,100.0
Afzelia xylocarpa,17.180278,106.489444,17.0,106.0,431.0,39.20000076293945,125696.0,25794.0,True,30.399999618530273,True,30.399999618530273,original25,0,,,,100.0
Afzelia xylocarpa,15.307,99.456,15.0,99.0,411.0,47.099998474121094,122987.0,26628.0,True,21.399999618530273,True,31.500001907348633,original25,0,,,,100.0
Afzelia xylocarpa,19.3,103.33,19.0,103.0,436.0,30.899999618530273,123974.0,24850.0,True,35.5,True,33.60000038146973,original25,0,,,,100.0
Afzelia xylocarpa,13.565,102.172222,13.0,102.0,434.0,35.79999923706055,124397.0,27403.0,True,27.399999618530273,True,36.80000114440918,original25,0,,,,100.0
Afzelia xylocarpa,11.371783,106.175011,11.0,106.0,418.0,34.29999923706055,126410.0,28380.0,True,32.70000076293945,True,33.0,original25,0,,,,100.0
Afzelia xylocarpa,16.5,104.716,16.0,104.0,416.0,52.29999923706055,125056.0,26096.0,True,17.899999618530273,True,29.80000114440918,original25,0,,,,100.0
Afzelia xylocarpa,19.075,100.319444,19.0,100.0,442.0,43.20000076293945,122749.0,24950.0,True,30.100000381469727,True,26.69999885559082,original25,0,,,,100.0
Agathis borneensis,1.05,113.11667,1.0,113.0,481.0,30.299999237060547,130161.0,32976.0,True,43.0,True,26.700000762939453,original25,0,,,,100.0
Agathis borneensis,2.85,98.27,2.0,98.0,494.0,38.29999923706055,123518.0,32174.0,True,34.5,True,27.200000762939453,original25,0,,,,100.0
Agathis borneensis,6.08,116.55,6.0,116.0,468.0,39.70000076293945,131479.0,30736.0,True,32.099998474121094,True,28.200000762939453,original25,0,,,,100.0
Agathis borneensis,5.583333,102.633333,5.0,102.0,462.0,31.200000762939453,125345.0,30957.0,True,33.20000076293945,True,35.599998474121094,original25,0,,,,100.0
Agathis borneensis,-3.368254,115.094636,-4.0,115.0,483.0,27.700000762939453,131067.0,34943.0,True,33.29999923706055,True,39.0,original25,0,,,,100.0
Agathis borneensis,1.75,117.5,1.0,117.0,446.0,35.5,132100.0,32664.0,True,32.70000076293945,True,31.799999237060547,original25,0,,,,100.0
Agathis borneensis,0.36667,108.96667,0.0,108.0,473.0,24.200000762939453,128318.0,33280.0,True,38.900001525878906,True,36.89999771118164,original25,0,,,,100.0
Agathis borneensis,3.671661,114.6333,3.0,114.0,479.0,33.70000076293945,130765.0,31809.0,True,36.099998474121094,True,30.200000762939453,original25,0,,,,100.0
Agathis borneensis,-0.7,115.13333,-1.0,115.0,490.0,30.5,131066.0,33755.0,True,35.70000076293945,True,33.79999923706055,original25,0,,,,100.0
Agathis borneensis,3.033333,103.033333,3.0,103.0,470.0,29.5,125631.0,32093.0,True,40.70000076293945,True,29.799999237060547,original25,0,,,,100.0
Agathis borneensis,-2.53,112.95,-3.0,112.0,463.0,23.100000381469727,130104.0,34570.0,True,42.900001525878906,True,33.99999809265137,original25,0,,,,100.0
Agathis borneensis,-1.25,110.51667,-2.0,110.0,469.0,24.0,129012.0,34000.0,True,48.900001525878906,True,27.099998474121094,original25,0,,,,100.0
Agathis dammara,0.53333,123.1,0.0,123.0,515.0,37.900001525878906,134610.0,33206.0,True,32.79999923706055,True,29.299999237060547,original25,0,,,,100.0
Agathis dammara,18.91667,121.88333,18.0,121.0,523.0,34.70000076293945,131861.0,25020.0,True,33.400001525878906,True,31.89999771118164,original25,0,,,,100.0
Agathis dammara,8.98333,117.81667,8.0,117.0,521.0,38.400001525878906,131780.0,29443.0,True,34.099998474121094,True,27.5,original25,0,,,,100.0
Agathis dammara,11.45,125.2,11.0,125.0,518.0,32.79999923706055,134704.0,28345.0,True,35.400001525878906,True,31.799999237060547,original25,0,,,,100.0
Agathis dammara,-3.23333,129.56667,-4.0,129.0,496.0,32.29999923706055,137499.0,34883.0,True,35.5,True,32.20000076293945,original25,0,,,,100.0
Agathis dammara,-5.31667,119.75,-6.0,119.0,528.0,33.79999923706055,133159.0,35811.0,True,33.900001525878906,True,32.29999923706055,original25,0,,,,100.0
Agathis dammara,2.1823,128.47574,2.0,128.0,507.0,32.599998474121094,136974.0,32472.0,True,35.70000076293945,True,31.700000762939453,original25,0,,,,100.0
Agathis dammara,14.5331,120.4667,14.0,120.0,503.0,44.0,132151.0,26972.0,True,29.799999237060547,True,26.200000762939453,original25,0,,,,100.0
Agathis dammara,6.9894,125.2697,6.0,125.0,504.0,35.599998474121094,135263.0,30331.0,True,38.70000076293945,True,25.700000762939453,original25,0,,,,100.0
Agathis dammara,-0.6723,119.7402,-1.0,119.0,501.0,34.900001525878906,133117.0,33743.0,True,32.0,True,33.099998474121094,original25,0,,,,100.0
Agathis dammara,-0.55,127.46667,-1.0,127.0,524.0,35.0,136557.0,33688.0,True,34.900001525878906,True,30.099998474121094,original25,0,,,,100.0
Agathis dammara,-2.5922,121.0918,-3.0,121.0,514.0,27.299999237060547,133727.0,34598.0,True,35.599998474121094,True,37.10000228881836,original25,0,,,,100.0
Aglaia exstipulata,6.08,116.6,6.0,116.0,531.0,38.099998474121094,131501.0,30736.0,True,33.099998474121094,True,28.800003051757812,original25,0,,,,100.0
Aglaia exstipulata,4.28333,115.3,4.0,115.0,533.0,32.0,131033.0,31536.0,True,38.099998474121094,True,29.900001525878906,original25,0,,,,100.0
Aglaia exstipulata,2.972545,102.299258,2.0,102.0,534.0,34.29999923706055,125307.0,32120.0,True,38.79999923706055,True,26.900001525878906,original25,0,,,,100.0
Aglaia exstipulata,-0.864889,112.224972,-1.0,112.0,536.0,32.400001525878906,129771.0,33829.0,True,45.099998474121094,True,22.5,original25,0,,,,100.0
Aglaia exstipulata,1.8667,112.85,1.0,112.0,538.0,26.5,130029.0,32612.0,True,43.400001525878906,True,30.099998474121094,original25,0,,,,100.0
Aglaia exstipulata,8.23333,98.91666,8.0,98.0,540.0,36.900001525878906,123528.0,29777.0,True,30.399999618530273,True,32.69999885559082,original25,0,,,,100.0
Aglaia exstipulata,-1.25,113.16667,-2.0,113.0,541.0,27.899999618530273,130192.0,34000.0,True,43.29999923706055,True,28.80000114440918,original25,0,,,,100.0
Aglaia exstipulata,4.26667,117.41667,4.0,117.0,542.0,33.099998474121094,131974.0,31544.0,True,36.400001525878906,True,30.5,original25,0,,,,100.0
Aglaia exstipulata,1.38694,103.80083,1.0,103.0,543.0,31.799999237060547,126009.0,32826.0,True,40.5,True,27.700000762939453,original25,0,,,,100.0
Aglaia exstipulata,3.671661,114.6333,3.0,114.0,544.0,33.70000076293945,130765.0,31809.0,True,36.099998474121094,True,30.200000762939453,original25,0,,,,100.0
Aglaia exstipulata,-1.483333,112.516667,-2.0,112.0,545.0,34.79999923706055,129904.0,34104.0,True,37.5,True,27.700000762939453,original25,0,,,,100.0
Aglaia exstipulata,1.45,110.25,1.0,110.0,546.0,21.600000381469727,128879.0,32798.0,True,43.29999923706055,True,35.10000038146973,original25,0,,,,100.0
Aglaia lawii,12.75,102.16667,12.0,102.0,581.0,27.700000762939453,124499.0,27766.0,True,28.0,True,44.29999923706055,original25,0,,,,100.0
Aglaia lawii,18.411534,72.935344,18.0,72.0,594.0,41.29999923706055,111296.0,25245.0,True,33.0,True,25.700000762939453,original25,0,,,,100.0
Aglaia lawii,13.78333,123.66667,13.0,123.0,555.0,30.700000762939453,133664.0,27306.0,True,35.5,True,33.79999923706055,original25,0,,,,100.0
Aglaia lawii,29.33,95.33,29.0,95.0,592.0,51.099998474121094,118518.0,20383.0,True,19.399999618530273,True,29.500001907348633,original25,0,,,,100.0
Aglaia lawii,-1.21667,110.1333,-2.0,110.0,589.0,27.200000762939453,128841.0,33985.0,True,42.599998474121094,True,30.200000762939453,original25,0,,,,100.0
Aglaia lawii,24.399048,113.987821,24.0,113.0,560.0,34.0,127215.0,22579.0,True,36.0,True,30.0,original25,0,,,,100.0
Aglaia lawii,2.58,96.08,2.0,96.0,591.0,21.5,122551.0,32295.0,True,39.5,True,39.0,original25,0,,,,100.0
Aglaia lawii,4.55305,118.55944,4.0,118.0,583.0,29.799999237060547,132466.0,31416.0,True,38.900001525878906,True,31.299999237060547,original25,0,,,,100.0
Aglaia lawii,12.278418,92.745571,12.0,92.0,548.0,36.099998474121094,120457.0,27976.0,True,33.70000076293945,True,30.200000762939453,original25,0,,,,100.0
Aglaia lawii,10.30482,77.03206,10.0,77.0,572.0,31.700000762939453,113761.0,28855.0,True,34.29999923706055,True,34.0,original25,0,,,,100.0
Aglaia lawii,25.46,105.28,25.0,105.0,601.0,19.299999237060547,123422.0,22107.0,True,37.599998474121094,True,43.10000228881836,original25,0,,,,100.0
Aglaia lawii,18.52458,98.51558,18.0,98.0,587.0,42.0,122085.0,25195.0,True,34.599998474121094,True,23.400001525878906,original25,0,,,,100.0
Aglaia rubiginosa,-0.48333,109.38333,-1.0,109.0,617.0,26.899999618530273,128505.0,33659.0,True,35.400001525878906,True,37.69999885559082,original25,0,,,,100.0
Aglaia rubiginosa,5.36611,118.90222,5.0,118.0,612.0,28.0,132570.0,31054.0,True,35.0,True,37.0,original25,0,,,,100.0
Aglaia rubiginosa,1.5,101.5,1.0,101.0,616.0,35.599998474121094,124983.0,32776.0,True,32.70000076293945,True,31.700000762939453,original25,0,,,,100.0
Aglaia rubiginosa,0.26667,116.18333,0.0,116.0,619.0,28.399999618530273,131532.0,33325.0,True,36.900001525878906,True,34.69999885559082,original25,0,,,,100.0
Aglaia rubiginosa,4.56667,114.41667,4.0,114.0,620.0,32.0,130626.0,31410.0,True,34.20000076293945,True,33.79999923706055,original25,0,,,,100.0
Aglaia rubiginosa,-2.23,103.32,-3.0,103.0,629.0,28.200000762939453,125817.0,34436.0,True,41.400001525878906,True,30.39999771118164,original25,0,,,,100.0
Aglaia rubiginosa,-2.53333,112.95,-3.0,112.0,632.0,23.299999237060547,130104.0,34572.0,True,42.70000076293945,True,34.0,original25,0,,,,100.0
Aglaia rubiginosa,2.61667,111.45,2.0,111.0,622.0,28.799999237060547,129387.0,32278.0,True,36.79999923706055,True,34.400001525878906,original25,0,,,,100.0
Aglaia rubiginosa,-2.6,106.55,-3.0,106.0,623.0,27.899999618530273,127258.0,34601.0,True,38.599998474121094,True,33.50000190734863,original25,0,,,,100.0
Aglaia rubiginosa,1.40278,103.81778,1.0,103.0,611.0,26.899999618530273,126016.0,32819.0,True,38.5,True,34.60000038146973,original25,0,,,,100.0
Aglaia rubiginosa,-0.56833,102.40033,-1.0,102.0,608.0,29.700000762939453,125396.0,33697.0,True,40.29999923706055,True,30.0,original25,0,,,,100.0
Aglaia rubiginosa,5.65,117.11667,5.0,117.0,630.0,31.799999237060547,131760.0,30928.0,True,41.70000076293945,True,26.5,original25,0,,,,100.0
Alangium kurzii,24.200284,108.140563,24.0,108.0,673.0,22.700000762939453,124893.0,22668.0,True,34.0,True,43.29999923706055,original25,0,,,,100.0
Alangium kurzii,7.60275,99.37169,7.0,99.0,646.0,37.29999923706055,123775.0,30058.0,True,26.299999237060547,True,36.400001525878906,original25,0,,,,100.0
Alangium kurzii,34.31,117.53,34.0,117.0,644.0,20.200000762939453,125350.0,18166.0,True,30.0,True,49.79999923706055,original25,0,,,,100.0
Alangium kurzii,18.53432,98.52005,18.0,98.0,641.0,41.5,122085.0,25191.0,True,36.70000076293945,True,21.799999237060547,original25,0,,,,100.0
Alangium kurzii,24.52,117.37,24.0,117.0,657.0,39.29999923706055,128552.0,22525.0,True,21.100000381469727,True,39.60000038146973,original25,0,,,,100.0
Alangium kurzii,32.42,104.53,32.0,104.0,658.0,36.5,121171.0,19008.0,True,17.299999237060547,True,46.20000076293945,original25,0,,,,100.0
Alangium kurzii,24.7,101.63,24.0,101.0,666.0,17.0,122134.0,22445.0,True,43.099998474121094,True,39.900001525878906,original25,0,,,,100.0
Alangium kurzii,33.28,111.48,33.0,111.0,654.0,41.0,123488.0,18625.0,True,21.700000762939453,True,37.29999923706055,original25,0,,,,100.0
Alangium kurzii,18.626309,109.700342,18.0,109.0,671.0,54.0,126787.0,25150.0,True,18.5,True,27.5,original25,0,,,,100.0
Alangium kurzii,14.35,101.37,14.0,101.0,681.0,34.099998474121094,123945.0,27054.0,True,36.400001525878906,True,29.5,original25,0,,,,100.0
Alangium kurzii,20.073889,103.403056,20.0,103.0,680.0,30.100000381469727,123856.0,24505.0,True,31.100000381469727,True,38.79999923706055,original25,0,,,,100.0
Alangium kurzii,29.534772,117.373176,29.0,117.0,679.0,31.600000381469727,127007.0,20292.0,True,27.299999237060547,True,41.10000038146973,original25,0,,,,100.0
Allophylus cobbe,13.61222,104.04528,13.0,104.0,711.0,38.29999923706055,125201.0,27382.0,True,28.0,True,33.70000076293945,original25,0,,,,100.0
Allophylus cobbe,19.282178,73.684221,19.0,73.0,742.0,27.399999618530273,111517.0,24858.0,True,42.900001525878906,True,29.69999885559082,original25,0,,,,100.0
Allophylus cobbe,6.78802,126.26768,6.0,126.0,702.0,37.29999923706055,135722.0,30421.0,True,36.099998474121094,True,26.60000228881836,original25,0,,,,100.0
Allophylus cobbe,25.58333,91.63333,25.0,91.0,705.0,32.900001525878906,117910.0,22052.0,True,35.5,True,31.599998474121094,original25,0,,,,100.0
Allophylus cobbe,18.5121,120.6445,18.0,120.0,724.0,27.100000381469727,131430.0,25200.0,True,39.0,True,33.89999961853027,original25,0,,,,100.0
Allophylus cobbe,8.257032,80.141176,8.0,80.0,722.0,53.400001525878906,115252.0,29767.0,True,23.200000762939453,True,23.39999771118164,original25,0,,,,100.0
Allophylus cobbe,9.13333,92.7833,9.0,92.0,698.0,43.5,120758.0,29377.0,True,27.399999618530273,True,29.100000381469727,original25,0,,,,100.0
Allophylus cobbe,2.972545,102.299258,2.0,102.0,747.0,34.29999923706055,125307.0,32120.0,True,38.79999923706055,True,26.900001525878906,original25,0,,,,100.0
Allophylus cobbe,21.4573,105.59432,21.0,105.0,726.0,27.0,124484.0,23889.0,True,35.79999923706055,True,37.20000076293945,original25,0,,,,100.0
Allophylus cobbe,10.05,119.11667,10.0,119.0,718.0,31.700000762939453,132230.0,28968.0,True,35.0,True,33.29999923706055,original25,0,,,,100.0
Allophylus cobbe,19.951139,96.644528,19.0,96.0,750.0,44.20000076293945,121051.0,24560.0,True,25.200000762939453,True,30.599998474121094,original25,0,,,,100.0
Allophylus cobbe,27.55252,98.08362,27.0,98.0,695.0,38.79999923706055,120035.0,21175.0,True,26.399999618530273,True,34.80000114440918,original25,0,,,,100.0
Alnus nepalensis,26.666667,97.333333,26.0,97.0,789.0,34.900001525878906,119950.0,21569.0,True,28.899999618530273,True,36.19999885559082,original25,0,,,,100.0
Alnus nepalensis,32.113953,77.164337,32.0,77.0,754.0,41.900001525878906,110945.0,19144.0,True,28.299999237060547,True,29.799999237060547,original25,0,,,,100.0
Alnus nepalensis,16.19268,107.86473,16.0,107.0,801.0,39.599998474121094,126453.0,26233.0,True,31.100000381469727,True,29.30000114440918,original25,0,,,,100.0
Alnus nepalensis,27.609333,86.294208,27.0,86.0,779.0,46.20000076293945,115369.0,21150.0,True,18.299999237060547,True,35.5,original25,0,,,,100.0
Alnus nepalensis,25.594607,107.543621,25.0,107.0,792.0,39.599998474121094,124297.0,22047.0,True,23.899999618530273,True,36.50000190734863,original25,0,,,,100.0
Alnus nepalensis,14.33333,98.96667,14.0,98.0,776.0,40.099998474121094,122910.0,27061.0,True,25.0,True,34.900001525878906,original25,0,,,,100.0
Alnus nepalensis,30.37,102.82,30.0,102.0,811.0,33.099998474121094,121133.0,19920.0,True,27.600000381469727,True,39.30000114440918,original25,0,,,,100.0
Alnus nepalensis,21.62,101.56,21.0,101.0,761.0,32.79999923706055,122779.0,23817.0,True,34.900001525878906,True,32.29999923706055,original25,0,,,,100.0
Alnus nepalensis,21.3949,93.8313,21.0,93.0,756.0,35.29999923706055,119621.0,23917.0,True,30.700000762939453,True,34.0,original25,0,,,,100.0
Alnus nepalensis,27.317108,92.373692,27.0,92.0,767.0,24.200000762939453,117833.0,21280.0,True,34.599998474121094,True,41.20000076293945,original25,0,,,,100.0
Alnus nepalensis,25.678797,103.106271,25.0,103.0,764.0,22.100000381469727,122494.0,22009.0,True,38.599998474121094,True,39.30000114440918,original25,0,,,,100.0
Alnus nepalensis,30.1,95.1,30.0,95.0,786.0,54.099998474121094,118235.0,20041.0,True,13.300000190734863,True,32.60000133514404,original25,0,,,,100.0
Alseodaphne andersonii,19.2225,104.25111,19.0,104.0,830.0,32.79999923706055,124376.0,24884.0,True,35.79999923706055,True,31.400001525878906,original25,0,,,,100.0
Alseodaphne andersonii,29.33,95.33,29.0,95.0,831.0,51.099998474121094,118518.0,20383.0,True,19.399999618530273,True,29.500001907348633,original25,0,,,,100.0
Alseodaphne andersonii,11.46694,107.73306,11.0,107.0,814.0,37.400001525878906,127079.0,28338.0,True,33.900001525878906,True,28.699996948242188,original25,0,,,,100.0
Alseodaphne andersonii,18.68333,98.58333,18.0,98.0,818.0,50.70000076293945,122086.0,25124.0,True,30.0,True,19.299999237060547,original25,0,,,,100.0
Alseodaphne andersonii,22.7,100.86,22.0,100.0,824.0,31.200000762939453,122265.0,23336.0,True,35.900001525878906,True,32.89999771118164,original25,0,,,,100.0
Alseodaphne andersonii,15.16667,106.23722,15.0,106.0,828.0,37.900001525878906,125921.0,26690.0,True,29.799999237060547,True,32.29999923706055,original25,0,,,,100.0
Alseodaphne andersonii,22.977222,104.828611,22.0,104.0,821.0,30.899999618530273,123833.0,23212.0,True,30.0,True,39.10000038146973,original25,0,,,,100.0
Alseodaphne andersonii,19.216667,101.1,19.0,101.0,829.0,34.099998474121094,123052.0,24887.0,True,31.899999618530273,True,34.00000190734863,original25,0,,,,100.0
Alseodaphne andersonii,14.64121,108.00059,14.0,108.0,817.0,33.0,126761.0,26924.0,True,32.5,True,34.5,original25,0,,,,100.0
Alseodaphne andersonii,20.5,104.91667,20.0,104.0,825.0,31.600000381469727,124403.0,24315.0,True,33.5,True,34.89999961853027,original25,0,,,,100.0
Alseodaphne andersonii,12.04722,108.44111,12.0,108.0,815.0,33.900001525878906,127316.0,28079.0,True,32.5,True,33.599998474121094,original25,0,,,,100.0
Alseodaphne andersonii,18.33333,99.21667,18.0,99.0,823.0,51.70000076293945,122413.0,25280.0,True,26.700000762939453,True,21.599998474121094,original25,0,,,,100.0
Alseodaphne coriacea,4.56667,114.41667,4.0,114.0,833.0,32.0,130626.0,31410.0,True,34.20000076293945,True,33.79999923706055,original25,0,,,,100.0
Alseodaphne coriacea,5.43333,115.63333,5.0,115.0,835.0,28.799999237060547,131116.0,31024.0,True,38.79999923706055,True,32.400001525878906,original25,0,,,,100.0
Alseodaphne coriacea,1.13333,109.6,1.0,109.0,836.0,29.5,128594.0,32939.0,True,37.79999923706055,True,32.70000076293945,original25,0,,,,100.0
Alseodaphne coriacea,2.9,112.1,2.0,112.0,838.0,25.200000762939453,129667.0,32152.0,True,45.400001525878906,True,29.39999771118164,original25,0,,,,100.0
Alseodaphne coriacea,-1.63333,105.76667,-2.0,105.0,842.0,28.899999618530273,126900.0,34171.0,True,37.70000076293945,True,33.39999961853027,original25,0,,,,100.0
Alstonia angustiloba,1.76667,109.85,1.0,109.0,866.0,44.29999923706055,128695.0,32657.0,True,33.5,True,22.200000762939453,original25,0,,,,100.0
Alstonia angustiloba,2.58,96.08,2.0,96.0,865.0,21.5,122551.0,32295.0,True,39.5,True,39.0,original25,0,,,,100.0
Alstonia angustiloba,-6.71667,105.56667,-7.0,105.0,859.0,22.700000762939453,126910.0,36434.0,True,38.20000076293945,True,39.099998474121094,original25,0,,,,100.0
Alstonia angustiloba,5.61667,117.66667,5.0,117.0,858.0,31.100000381469727,132005.0,30943.0,True,37.400001525878906,True,31.499998092651367,original25,0,,,,100.0
Alstonia angustiloba,-1.02,101.61,-2.0,101.0,861.0,21.0,125046.0,33898.0,True,56.400001525878906,True,22.599998474121094,original25,0,,,,100.0
Alstonia angustiloba,-0.489722,116.28,-1.0,116.0,849.0,31.100000381469727,131576.0,33662.0,True,35.29999923706055,True,33.60000038146973,original25,0,,,,100.0
Alstonia angustiloba,4.539048,101.15437,4.0,101.0,845.0,47.0,124741.0,31422.0,True,33.79999923706055,True,19.200000762939453,original25,0,,,,100.0
Alstonia angustiloba,-2.15,112.63,-3.0,112.0,868.0,27.200000762939453,129959.0,34401.0,True,35.400001525878906,True,37.39999771118164,original25,0,,,,100.0
Alstonia angustiloba,-7.32667,109.33556,-8.0,109.0,844.0,20.5,128595.0,36706.0,True,46.900001525878906,True,32.599998474121094,original25,0,,,,100.0
Alstonia angustiloba,-3.75,103.75,-4.0,103.0,862.0,24.100000381469727,126031.0,35113.0,True,44.70000076293945,True,31.19999885559082,original25,0,,,,100.0
Alstonia angustiloba,4.5,114.46667,4.0,114.0,857.0,30.5,130652.0,31440.0,True,34.29999923706055,True,35.20000076293945,original25,0,,,,100.0
Alstonia angustiloba,1.450278,103.78,1.0,103.0,851.0,29.0,125999.0,32798.0,True,40.29999923706055,True,30.700000762939453,original25,0,,,,100.0
Alstonia pneumatophora,1.63333,109.81667,1.0,109.0,891.0,42.79999923706055,128683.0,32716.0,True,31.799999237060547,True,25.400001525878906,original25,0,,,,100.0
Alstonia pneumatophora,2.3,97.75,2.0,97.0,889.0,26.200000762939453,123300.0,32419.0,True,34.79999923706055,True,39.0,original25,0,,,,100.0
Alstonia pneumatophora,-2.5922,121.0918,-3.0,121.0,890.0,27.299999237060547,133727.0,34598.0,True,35.599998474121094,True,37.10000228881836,original25,0,,,,100.0
Alstonia pneumatophora,5.83333,117.93333,5.0,117.0,875.0,30.799999237060547,132109.0,30846.0,True,37.70000076293945,True,31.5,original25,0,,,,100.0
Alstonia pneumatophora,-3.315548,103.909696,-4.0,103.0,873.0,21.399999618530273,126094.0,34920.0,True,43.5,True,35.10000038146973,original25,0,,,,100.0
Alstonia pneumatophora,0.0,116.5,0.0,116.0,885.0,33.29999923706055,131673.0,33444.0,True,31.399999618530273,True,35.30000114440918,original25,0,,,,100.0
Alstonia pneumatophora,0.48075,102.590028,0.0,102.0,881.0,26.299999237060547,125478.0,33229.0,True,42.599998474121094,True,31.10000228881836,original25,0,,,,100.0
Alstonia pneumatophora,3.891658,114.77417,3.0,114.0,877.0,35.400001525878906,130818.0,31711.0,True,33.099998474121094,True,31.5,original25,0,,,,100.0
Alstonia pneumatophora,0.2,99.38333,0.0,99.0,882.0,20.600000381469727,124052.0,33354.0,True,47.099998474121094,True,32.30000114440918,original25,0,,,,100.0
Alstonia pneumatophora,2.967467,101.693131,2.0,101.0,898.0,33.0,125037.0,32122.0,True,36.0,True,31.0,original25,0,,,,100.0
Alstonia pneumatophora,-1.333333,104.333333,-2.0,104.0,883.0,25.600000381469727,126260.0,34037.0,True,43.70000076293945,True,30.69999885559082,original25,0,,,,100.0
Alstonia pneumatophora,5.43333,115.63333,5.0,115.0,876.0,28.799999237060547,131116.0,31024.0,True,38.79999923706055,True,32.400001525878906,original25,0,,,,100.0
Alstonia scholaris,13.155028,99.601037,13.0,99.0,935.0,40.0,123335.0,27586.0,True,28.700000762939453,True,31.299999237060547,original25,0,,,,100.0
Alstonia scholaris,-9.433333,159.95,-10.0,159.0,913.0,27.299999237060547,150901.0,37644.0,True,39.900001525878906,True,32.79999923706055,original25,0,,,,100.0
Alstonia scholaris,-9.303002,125.308418,-10.0,125.0,906.0,36.20000076293945,135682.0,37586.0,True,35.70000076293945,True,28.099998474121094,original25,0,,,,100.0
Alstonia scholaris,23.657214,72.275792,23.0,72.0,909.0,40.29999923706055,110399.0,22909.0,True,17.5,True,42.20000076293945,original25,0,,,,100.0
Alstonia scholaris,18.60194,121.03528,18.0,121.0,962.0,33.099998474121094,131575.0,25160.0,True,36.900001525878906,True,30.0,original25,0,,,,100.0
Alstonia scholaris,-20.299444,144.486111,-21.0,144.0,950.0,54.599998474121094,144011.0,42482.0,True,29.799999237060547,True,15.60000228881836,original25,0,,,,100.0
Alstonia scholaris,27.196379,88.607115,27.0,88.0,946.0,36.70000076293945,116368.0,21334.0,True,29.700000762939453,True,33.599998474121094,original25,0,,,,100.0
Alstonia scholaris,-7.57917,109.50611,-8.0,109.0,907.0,26.299999237060547,128678.0,36818.0,True,42.5,True,31.200000762939453,original25,0,,,,100.0
Alstonia scholaris,-6.0,146.0,-6.0,146.0,951.0,32.0,144794.0,36115.0,True,36.29999923706055,True,31.700000762939453,original25,0,,,,100.0
Alstonia scholaris,5.58333,116.08333,5.0,116.0,917.0,29.200000762939453,131306.0,30957.0,True,42.0,True,28.799999237060547,original25,0,,,,100.0
Alstonia scholaris,11.61793,78.51411,11.0,78.0,939.0,36.29999923706055,114317.0,28270.0,True,30.399999618530273,True,33.30000114440918,original25,0,,,,100.0
Alstonia scholaris,0.59,100.67,0.0,100.0,916.0,37.099998474121094,124623.0,33181.0,True,34.70000076293945,True,28.200000762939453,original25,0,,,,100.0
Alstonia spatulata,1.58,110.33,1.0,110.0,984.0,25.600000381469727,128912.0,32740.0,True,45.70000076293945,True,28.69999885559082,original25,0,,,,100.0
Alstonia spatulata,-6.673567,147.009429,-7.0,147.0,995.0,30.799999237060547,145237.0,36415.0,True,38.5,True,30.700000762939453,original25,0,,,,100.0
Alstonia spatulata,-0.815779,131.811534,-1.0,131.0,981.0,29.799999237060547,138492.0,33807.0,True,39.70000076293945,True,30.5,original25,0,,,,100.0
Alstonia spatulata,4.891375,96.122398,4.0,96.0,993.0,36.5,122492.0,31265.0,True,39.70000076293945,True,23.799999237060547,original25,0,,,,100.0
Alstonia spatulata,13.461996,103.873123,13.0,103.0,973.0,22.799999237060547,125147.0,27449.0,True,45.29999923706055,True,31.900001525878906,original25,0,,,,100.0
Alstonia spatulata,-2.65,101.78333,-3.0,101.0,1002.0,33.599998474121094,125139.0,34623.0,True,35.599998474121094,True,30.800003051757812,original25,0,,,,100.0
Alstonia spatulata,3.78,117.5,3.0,117.0,970.0,26.600000381469727,132034.0,31760.0,True,37.400001525878906,True,35.99999809265137,original25,0,,,,100.0
Alstonia spatulata,-4.68333,136.95,-5.0,136.0,1000.0,42.20000076293945,140784.0,35529.0,True,27.600000381469727,True,30.19999885559082,original25,0,,,,100.0
Alstonia spatulata,-2.4333,115.25,-3.0,115.0,968.0,28.399999618530273,131127.0,34527.0,True,32.900001525878906,True,38.69999885559082,original25,0,,,,100.0
Alstonia spatulata,-6.16184,105.9835,-7.0,105.0,969.0,25.700000762939453,127078.0,36187.0,True,35.599998474121094,True,38.70000076293945,original25,0,,,,100.0
Alstonia spatulata,6.76667,101.1,6.0,101.0,975.0,44.70000076293945,124596.0,30430.0,True,22.700000762939453,True,32.599998474121094,original25,0,,,,100.0
Alstonia spatulata,2.648001,101.896017,2.0,101.0,979.0,30.600000381469727,125136.0,32264.0,True,43.400001525878906,True,25.999998092651367,original25,0,,,,100.0
Altingia excelsa,4.461341,101.39743,4.0,101.0,1027.0,30.899999618530273,124852.0,31457.0,True,34.599998474121094,True,34.50000190734863,original25,0,,,,100.0
Altingia excelsa,27.51,90.43,27.0,90.0,1018.0,28.5,117022.0,21194.0,True,33.5,True,38.0,original25,0,,,,100.0
Altingia excelsa,-8.3,115.15,-9.0,115.0,1010.0,38.29999923706055,131188.0,37139.0,True,35.400001525878906,True,26.299999237060547,original25,0,,,,100.0
Altingia excelsa,17.15861,101.17722,17.0,101.0,1022.0,40.599998474121094,123440.0,25803.0,True,30.600000381469727,True,28.80000114440918,original25,0,,,,100.0
Altingia excelsa,-4.93333,104.15,-5.0,104.0,1017.0,30.299999237060547,126233.0,35640.0,True,34.70000076293945,True,35.0,original25,0,,,,100.0
Altingia excelsa,11.772,109.16795,11.0,109.0,1028.0,36.099998474121094,127667.0,28202.0,True,33.70000076293945,True,30.200000762939453,original25,0,,,,100.0
Altingia excelsa,25.943874,98.359453,25.0,98.0,1007.0,32.70000076293945,120528.0,21891.0,True,26.100000381469727,True,41.19999885559082,original25,0,,,,100.0
Altingia excelsa,-7.714139,108.654227,-8.0,108.0,1021.0,25.299999237060547,128306.0,36878.0,True,41.099998474121094,True,33.60000228881836,original25,0,,,,100.0
Altingia excelsa,-0.59,101.34,-1.0,101.0,1005.0,29.5,124924.0,33706.0,True,44.0,True,26.5,original25,0,,,,100.0
Altingia excelsa,21.91,95.96,21.0,95.0,1012.0,35.29999923706055,120406.0,23687.0,True,31.0,True,33.70000076293945,original25,0,,,,100.0
Altingia excelsa,2.85,98.2667,2.0,98.0,1020.0,37.70000076293945,123517.0,32174.0,True,34.29999923706055,True,28.0,original25,0,,,,100.0
Altingia excelsa,28.155702,95.926999,28.0,95.0,1006.0,35.599998474121094,119039.0,20906.0,True,32.0,True,32.400001525878906,original25,0,,,,100.0
Angelesia splendens,2.15,117.4,2.0,117.0,1056.0,23.399999618530273,,,,37.29999923706055,,39.30000114440918,fast_plan,1,,,,100.0
Angelesia splendens,6.59,126.18417,6.0,126.0,1037.0,28.0,,,,39.70000076293945,,32.29999923706055,fast_plan,1,,,,100.0
Angelesia splendens,-2.53333,112.95,-3.0,112.0,1087.0,23.299999237060547,,,,42.70000076293945,,34.0,fast_plan,1,,,,100.0
Angelesia splendens,0.0,116.5,0.0,116.0,1069.0,33.29999923706055,,,,31.399999618530273,,35.30000114440918,fast_plan,1,,,,100.0
Angelesia splendens,6.29633,99.69633,6.0,99.0,1084.0,40.400001525878906,,,,29.5,,30.099998474121094,fast_plan,1,,,,100.0
Angelesia splendens,5.566667,115.6,5.0,115.0,1067.0,28.399999618530273,,,,34.20000076293945,,37.39999961853027,fast_plan,1,,,,100.0
Angelesia splendens,6.333333,101.75,6.0,101.0,1048.0,43.599998474121094,,,,31.399999618530273,,25.000001907348633,fast_plan,1,,,,100.0
Angelesia splendens,-2.2,114.6,-3.0,114.0,1054.0,23.600000381469727,,,,37.20000076293945,,39.19999885559082,fast_plan,1,,,,100.0
Angelesia splendens,13.983333,99.533333,13.0,99.0,1073.0,40.900001525878906,,,,25.299999237060547,,33.79999923706055,fast_plan,1,,,,100.0
Angelesia splendens,5.60833,117.83333,5.0,117.0,1052.0,29.100000381469727,,,,40.29999923706055,,30.600000381469727,fast_plan,1,,,,100.0
Angelesia splendens,3.333333,113.416667,3.0,113.0,1083.0,31.700000762939453,,,,32.70000076293945,,35.599998474121094,fast_plan,1,,,,100.0
Anisoptera costata,4.55,115.13333,4.0,115.0,1096.0,30.299999237060547,,,,35.599998474121094,,34.10000228881836,fast_plan,1,,,,100.0
Anisoptera costata,5.83333,117.93333,5.0,117.0,1122.0,30.799999237060547,,,,37.70000076293945,,31.5,fast_plan,1,,,,100.0
Anisoptera costata,3.3,117.63333,3.0,117.0,1093.0,25.899999618530273,,,,37.599998474121094,,36.50000190734863,fast_plan,1,,,,100.0
Anisoptera costata,3.76667,113.76667,3.0,113.0,1098.0,26.399999618530273,,,,39.400001525878906,,34.19999885559082,fast_plan,1,,,,100.0
Anisoptera costata,-1.42644,115.95892,-2.0,115.0,1149.0,28.799999237060547,,,,36.099998474121094,,35.10000228881836,fast_plan,1,,,,100.0
Anisoptera costata,-2.18333,99.65,-3.0,99.0,1101.0,32.29999923706055,,,,40.599998474121094,,27.10000228881836,fast_plan,1,,,,100.0
Anisoptera costata,4.65,118.46667,4.0,118.0,1132.0,32.400001525878906,,,,36.5,,31.099998474121094,fast_plan,1,,,,100.0
Anisoptera costata,2.71667,117.21667,2.0,117.0,1118.0,31.399999618530273,,,,35.29999923706055,,33.30000114440918,fast_plan,1,,,,100.0
Anisoptera costata,0.43,116.68,0.0,116.0,1107.0,33.900001525878906,,,,33.599998474121094,,32.5,fast_plan,1,,,,100.0
Anisoptera costata,17.7025,105.14278,17.0,105.0,1123.0,35.20000076293945,,,,26.899999618530273,,37.89999961853027,fast_plan,1,,,,100.0
Anisoptera costata,0.83,100.25,0.0,100.0,1092.0,30.399999618530273,,,,46.70000076293945,,22.899999618530273,fast_plan,1,,,,100.0
Anisoptera marginata,-2.06667,105.18333,-3.0,105.0,1155.0,26.899999618530273,,,,36.599998474121094,,36.50000190734863,fast_plan,1,,,,100.0
Anisoptera marginata,-3.25,105.16667,-4.0,105.0,1176.0,19.600000381469727,,,,44.900001525878906,,35.49999809265137,fast_plan,1,,,,100.0
Anisoptera marginata,0.0,116.5,0.0,116.0,1166.0,33.29999923706055,,,,31.399999618530273,,35.30000114440918,fast_plan,1,,,,100.0
Anisoptera marginata,4.45,114.32,4.0,114.0,1164.0,27.700000762939453,,,,41.0,,31.299999237060547,fast_plan,1,,,,100.0
Anisoptera marginata,3.4689,114.5464,3.0,114.0,1187.0,30.899999618530273,,,,38.900001525878906,,30.19999885559082,fast_plan,1,,,,100.0
Anisoptera marginata,1.31667,117.71667,1.0,117.0,1180.0,29.600000381469727,,,,35.900001525878906,,34.49999809265137,fast_plan,1,,,,100.0
Anisoptera marginata,2.867778,112.181389,2.0,112.0,1152.0,28.899999618530273,,,,39.29999923706055,,31.80000114440918,fast_plan,1,,,,100.0
Antidesma bunius,15.03333,98.75,15.0,98.0,1221.0,30.100000381469727,,,,28.5,,41.39999961853027,fast_plan,1,,,,100.0
Antidesma bunius,-2.91667,104.75,-3.0,104.0,1195.0,20.5,,,,45.5,,34.0,fast_plan,1,,,,100.0
Antidesma bunius,20.12472,100.29611,20.0,100.0,1238.0,22.700000762939453,,,,33.599998474121094,,43.70000076293945,fast_plan,1,,,,100.0
Antidesma bunius,18.3,103.33,18.0,103.0,1214.0,34.79999923706055,,,,34.599998474121094,,30.60000228881836,fast_plan,1,,,,100.0
Antidesma bunius,5.377939,117.087456,5.0,117.0,1232.0,33.29999923706055,,,,41.0,,25.700000762939453,fast_plan,1,,,,100.0
Antidesma bunius,14.66667,99.16667,14.0,99.0,1241.0,42.0,,,,27.700000762939453,,30.299999237060547,fast_plan,1,,,,100.0
Antidesma bunius,-0.58333,117.08333,-1.0,117.0,1219.0,26.299999237060547,,,,36.099998474121094,,37.60000228881836,fast_plan,1,,,,100.0
Antidesma bunius,-8.675,122.09167,-9.0,122.0,1206.0,49.0,,,,27.0,,24.0,fast_plan,1,,,,100.0
Antidesma bunius,24.72,97.93,24.0,97.0,1198.0,37.099998474121094,,,,32.599998474121094,,30.300003051757812,fast_plan,1,,,,100.0
Antidesma montanum,0.331634,102.722218,0.0,102.0,1284.0,30.399999618530273,,,,36.79999923706055,,32.80000114440918,fast_plan,1,,,,100.0
Antidesma montanum,20.32714,99.82672,20.0,99.0,1306.0,34.79999923706055,,,,29.200000762939453,,36.0,fast_plan,1,,,,100.0
Antidesma montanum,27.62,119.05,27.0,119.0,1288.0,31.600000381469727,,,,32.0,,36.39999961853027,fast_plan,1,,,,100.0
Antidesma montanum,-0.16667,103.45,-1.0,103.0,1296.0,28.299999237060547,,,,31.799999237060547,,39.900001525878906,fast_plan,1,,,,100.0
Antidesma montanum,10.52583,103.61194,10.0,103.0,1255.0,35.0,,,,33.099998474121094,,31.900001525878906,fast_plan,1,,,,100.0
Antidesma montanum,-7.84694,114.36028,-8.0,114.0,1301.0,41.29999923706055,,,,33.70000076293945,,25.0,fast_plan,1,,,,100.0
Antidesma montanum,10.3621,125.5986,10.0,125.0,1248.0,27.0,,,,43.400001525878906,,29.599998474121094,fast_plan,1,,,,100.0
Antidesma montanum,0.86667,100.43333,0.0,100.0,1286.0,35.599998474121094,,,,36.20000076293945,,28.200000762939453,fast_plan,1,,,,100.0
Antidesma montanum,19.51444,98.66333,19.0,98.0,1283.0,45.79999923706055,,,,31.700000762939453,,22.5,fast_plan,1,,,,100.0
Aquilaria malaccensis,-0.316,100.73,-1.0,100.0,1341.0,27.600000381469727,,,,38.900001525878906,,33.49999809265137,fast_plan,1,,,,100.0
Aquilaria malaccensis,-3.53333,102.05,-4.0,102.0,1323.0,25.799999237060547,,,,38.0,,36.20000076293945,fast_plan,1,,,,100.0
Aquilaria malaccensis,5.15,115.86667,5.0,115.0,1313.0,34.400001525878906,,,,36.099998474121094,,29.5,fast_plan,1,,,,100.0
Aquilaria malaccensis,-2.55,106.51667,-3.0,106.0,1337.0,25.700000762939453,,,,34.79999923706055,,39.5,fast_plan,1,,,,100.0
Aquilaria malaccensis,3.0,102.333333,3.0,102.0,1338.0,31.5,,,,40.29999923706055,,28.200000762939453,fast_plan,1,,,,100.0
Aquilaria malaccensis,-1.48333,112.51667,-2.0,112.0,1319.0,34.79999923706055,,,,37.5,,27.700000762939453,fast_plan,1,,,,100.0
Aquilaria malaccensis,-1.85,102.65,-2.0,102.0,1309.0,29.5,,,,49.099998474121094,,21.400001525878906,fast_plan,1,,,,100.0
Aquilaria malaccensis,28.155702,95.926999,28.0,95.0,1333.0,35.599998474121094,,,,32.0,,32.400001525878906,fast_plan,1,,,,100.0
Aquilaria malaccensis,5.437,100.286667,5.0,100.0,1326.0,34.29999923706055,,,,37.5,,28.200000762939453,fast_plan,1,,,,100.0
Aquilaria malaccensis,5.75,101.41667,5.0,101.0,1339.0,37.29999923706055,,,,34.900001525878906,,27.799999237060547,fast_plan,1,,,,100.0
Aquilaria malaccensis,5.61667,117.66667,5.0,117.0,1336.0,31.100000381469727,,,,37.400001525878906,,31.499998092651367,fast_plan,1,,,,100.0
Aquilaria microcarpa,0.41667,109.23333,0.0,109.0,1376.0,28.600000381469727,,,,38.20000076293945,,33.19999885559082,fast_plan,1,,,,100.0
Aquilaria microcarpa,-2.7,103.4,-3.0,103.0,1375.0,26.700000762939453,,,,40.29999923706055,,33.0,fast_plan,1,,,,100.0
Aquilaria microcarpa,-3.8,114.75,-4.0,114.0,1354.0,25.399999618530273,,,,38.900001525878906,,35.69999885559082,fast_plan,1,,,,100.0
Aquilaria microcarpa,4.27,97.87,4.0,97.0,1359.0,36.29999923706055,,,,35.0,,28.700000762939453,fast_plan,1,,,,100.0
Aquilaria microcarpa,4.4,117.4,4.0,117.0,1367.0,33.400001525878906,,,,35.599998474121094,,31.0,fast_plan,1,,,,100.0
Aquilaria microcarpa,5.33333,115.75,5.0,115.0,1356.0,34.5,,,,32.900001525878906,,32.599998474121094,fast_plan,1,,,,100.0
Aquilaria microcarpa,0.5,101.75,0.0,101.0,1346.0,32.5,,,,39.400001525878906,,28.099998474121094,fast_plan,1,,,,100.0
Aquilaria microcarpa,1.33333,109.25,1.0,109.0,1355.0,34.20000076293945,,,,34.0,,31.799999237060547,fast_plan,1,,,,100.0
Aquilaria microcarpa,0.0,116.5,0.0,116.0,1351.0,33.29999923706055,,,,31.399999618530273,,35.30000114440918,fast_plan,1,,,,100.0
Aquilaria microcarpa,3.1,99.4,3.0,99.0,1371.0,37.599998474121094,,,,31.799999237060547,,30.60000228881836,fast_plan,1,,,,100.0
Aquilaria sinensis,29.15,112.5,29.0,112.0,1384.0,21.0,,,,30.299999237060547,,48.70000076293945,fast_plan,1,,,,100.0
Aquilaria sinensis,23.17,112.51,23.0,112.0,1395.0,45.20000076293945,,,,24.200000762939453,,30.599998474121094,fast_plan,1,,,,100.0
Aquilaria sinensis,23.376591,114.269636,23.0,114.0,1388.0,49.900001525878906,,,,24.399999618530273,,25.69999885559082,fast_plan,1,,,,100.0
Aquilaria sinensis,18.62,109.7,18.0,109.0,1377.0,51.79999923706055,,,,19.5,,28.700000762939453,fast_plan,1,,,,100.0
Aquilaria sinensis,20.444386,110.206057,20.0,110.0,1392.0,41.20000076293945,,,,29.899999618530273,,28.899999618530273,fast_plan,1,,,,100.0
Aquilaria sinensis,18.735158,110.197953,18.0,110.0,1394.0,47.70000076293945,,,,25.100000381469727,,27.19999885559082,fast_plan,1,,,,100.0
Aquilaria sinensis,25.7,110.3,25.0,110.0,1393.0,48.400001525878906,,,,20.700000762939453,,30.89999771118164,fast_plan,1,,,,100.0
Aquilaria sinensis,22.483333,114.183333,22.0,114.0,1379.0,39.70000076293945,,,,26.5,,33.79999923706055,fast_plan,1,,,,100.0
Araucaria hunsteinii,-5.5,144.75,-6.0,144.0,1398.0,30.5,,,,36.20000076293945,,33.29999923706055,fast_plan,1,,,,100.0
Araucaria hunsteinii,-6.6,147.816667,-7.0,147.0,1402.0,29.799999237060547,,,,37.79999923706055,,32.400001525878906,fast_plan,1,,,,100.0
Araucaria hunsteinii,-6.51667,146.16667,-7.0,146.0,1399.0,33.20000076293945,,,,37.900001525878906,,28.89999771118164,fast_plan,1,,,,100.0
Araucaria hunsteinii,-5.9,145.73333,-6.0,145.0,1400.0,36.29999923706055,,,,28.100000381469727,,35.60000038146973,fast_plan,1,,,,100.0
Araucaria hunsteinii,-7.86667,147.13333,-8.0,147.0,1397.0,34.79999923706055,,,,41.0,,24.200000762939453,fast_plan,1,,,,100.0
Araucaria hunsteinii,-7.156913,144.8349,-8.0,144.0,1403.0,37.599998474121094,,,,34.599998474121094,,27.800003051757812,fast_plan,1,,,,100.0
Araucaria hunsteinii,-5.9833,146.0833,-6.0,146.0,1396.0,30.100000381469727,,,,38.29999923706055,,31.600000381469727,fast_plan,1,,,,100.0
Araucaria hunsteinii,-7.3,146.58333,-8.0,146.0,1401.0,28.0,,,,39.29999923706055,,32.70000076293945,fast_plan,1,,,,100.0
Archidendron bubalinum,2.5333,102.4,2.0,102.0,1417.0,33.29999923706055,,,,33.599998474121094,,33.10000228881836,fast_plan,1,,,,100.0
Archidendron bubalinum,-0.76667,102.53333,-1.0,102.0,1410.0,33.79999923706055,,,,37.5,,28.700000762939453,fast_plan,1,,,,100.0
Archidendron bubalinum,-2.06667,102.81667,-3.0,102.0,1405.0,33.900001525878906,,,,40.70000076293945,,25.39999771118164,fast_plan,1,,,,100.0
Archidendron bubalinum,3.916667,98.083333,3.0,98.0,1408.0,40.0,,,,32.70000076293945,,27.299999237060547,fast_plan,1,,,,100.0
Archidendron bubalinum,5.81241,101.71292,5.0,101.0,1416.0,35.599998474121094,,,,36.29999923706055,,28.10000228881836,fast_plan,1,,,,100.0
Archidendron bubalinum,-3.65,103.8,-4.0,103.0,1419.0,23.399999618530273,,,,42.79999923706055,,33.80000114440918,fast_plan,1,,,,100.0
Archidendron bubalinum,1.83333,103.9,1.0,103.0,1407.0,32.29999923706055,,,,39.79999923706055,,27.900001525878906,fast_plan,1,,,,100.0
Archidendron bubalinum,6.61667,101.1,6.0,101.0,1411.0,37.099998474121094,,,,33.29999923706055,,29.60000228881836,fast_plan,1,,,,100.0
Archidendron bubalinum,1.53333,99.38333,1.0,99.0,1418.0,33.20000076293945,,,,37.400001525878906,,29.39999771118164,fast_plan,1,,,,100.0
Archidendron ellipticum,9.83,118.63,9.0,118.0,1436.0,36.29999923706055,,,,30.600000381469727,,33.10000038146973,fast_plan,1,,,,100.0
Archidendron ellipticum,1.88333,113.61667,1.0,113.0,1435.0,32.400001525878906,,,,34.900001525878906,,32.69999694824219,fast_plan,1,,,,100.0
Archidendron ellipticum,4.7125,116.45833,4.0,116.0,1446.0,29.399999618530273,,,,37.29999923706055,,33.30000114440918,fast_plan,1,,,,100.0
Archidendron ellipticum,4.75,115.67,4.0,115.0,1447.0,31.700000762939453,,,,38.70000076293945,,29.599998474121094,fast_plan,1,,,,100.0
Archidendron ellipticum,-7.44222,107.67116,-8.0,107.0,1482.0,24.100000381469727,,,,37.79999923706055,,38.10000038146973,fast_plan,1,,,,100.0
Archidendron ellipticum,1.75,117.5,1.0,117.0,1448.0,35.5,,,,32.70000076293945,,31.799999237060547,fast_plan,1,,,,100.0
Archidendron ellipticum,-3.5,116.36667,-4.0,116.0,1424.0,33.0,,,,34.099998474121094,,32.900001525878906,fast_plan,1,,,,100.0
Archidendron ellipticum,4.7667,100.85,4.0,100.0,1455.0,40.20000076293945,,,,34.5,,25.299999237060547,fast_plan,1,,,,100.0
Archidendron ellipticum,3.85,117.033333,3.0,117.0,1425.0,27.0,,,,36.099998474121094,,36.900001525878906,fast_plan,1,,,,100.0
Archidendron ellipticum,1.5,111.33333,1.0,111.0,1450.0,24.0,,,,38.29999923706055,,37.70000076293945,fast_plan,1,,,,100.0
Archidendron jiringa,-6.3803,106.3987,-7.0,106.0,1537.0,18.5,,,,42.099998474121094,,39.400001525878906,fast_plan,1,,,,100.0
Archidendron jiringa,12.828055,99.363055,12.0,99.0,1485.0,41.29999923706055,,,,26.700000762939453,,32.0,fast_plan,1,,,,100.0
Archidendron jiringa,5.71667,116.85,5.0,116.0,1538.0,31.399999618530273,,,,41.400001525878906,,27.19999885559082,fast_plan,1,,,,100.0
Archidendron jiringa,3.08333,97.91667,3.0,97.0,1520.0,32.599998474121094,,,,41.70000076293945,,25.700000762939453,fast_plan,1,,,,100.0
Archidendron jiringa,1.73333,109.83333,1.0,109.0,1498.0,33.400001525878906,,,,39.900001525878906,,26.699996948242188,fast_plan,1,,,,100.0
Archidendron jiringa,-7.6655,110.4619,-8.0,110.0,1517.0,33.0,,,,33.79999923706055,,33.20000076293945,fast_plan,1,,,,100.0
Archidendron jiringa,5.2167,103.0333,5.0,103.0,1489.0,26.899999618530273,,,,46.20000076293945,,26.899999618530273,fast_plan,1,,,,100.0
Archidendron jiringa,17.53639,98.72778,17.0,98.0,1508.0,54.599998474121094,,,,22.600000381469727,,22.80000114440918,fast_plan,1,,,,100.0
Archidendron jiringa,8.469626,99.76918,8.0,99.0,1500.0,39.400001525878906,,,,30.100000381469727,,30.499998092651367,fast_plan,1,,,,100.0
Archidendron jiringa,-1.85,102.65,-2.0,102.0,1540.0,29.5,,,,49.099998474121094,,21.400001525878906,fast_plan,1,,,,100.0
Areca catechu,11.176,124.752,11.0,124.0,1561.0,33.099998474121094,,,,36.5,,30.400001525878906,fast_plan,1,,,,100.0
Areca catechu,13.308227,121.060292,13.0,121.0,1546.0,32.0,,,,38.099998474121094,,29.900001525878906,fast_plan,1,,,,100.0
Areca catechu,14.533333,120.483333,14.0,120.0,1550.0,46.20000076293945,,,,25.299999237060547,,28.5,fast_plan,1,,,,100.0
Areca catechu,9.85,124.144,9.0,124.0,1556.0,34.099998474121094,,,,37.099998474121094,,28.800003051757812,fast_plan,1,,,,100.0
Areca catechu,9.475,125.795,9.0,125.0,1562.0,30.5,,,,37.70000076293945,,31.799999237060547,fast_plan,1,,,,100.0
Areca catechu,17.059,122.43,17.0,122.0,1558.0,33.70000076293945,,,,35.900001525878906,,30.39999771118164,fast_plan,1,,,,100.0
Areca catechu,16.683,122.317,16.0,122.0,1544.0,32.29999923706055,,,,35.400001525878906,,32.29999923706055,fast_plan,1,,,,100.0
Areca catechu,6.04444,121.03444,6.0,121.0,1555.0,30.200000762939453,,,,36.5,,33.29999923706055,fast_plan,1,,,,100.0
Artocarpus altilis,6.825,158.303,6.0,158.0,1564.0,31.100000381469727,,,,32.70000076293945,,36.19999885559082,fast_plan,1,,,,100.0
Artocarpus altilis,15.204364,145.719619,15.0,145.0,1572.0,33.79999923706055,,,,35.29999923706055,,30.900001525878906,fast_plan,1,,,,100.0
Artocarpus altilis,5.3,162.917,5.0,162.0,1571.0,28.0,,,,37.099998474121094,,34.900001525878906,fast_plan,1,,,,100.0
Artocarpus altilis,7.36747,134.51,7.0,134.0,1567.0,24.799999237060547,,,,34.400001525878906,,40.79999923706055,fast_plan,1,,,,100.0
Artocarpus altilis,18.08333,145.75,18.0,145.0,1563.0,34.099998474121094,,,,35.5,,30.400001525878906,fast_plan,1,,,,100.0
Artocarpus altilis,13.462578,144.693558,13.0,144.0,1570.0,32.79999923706055,,,,36.099998474121094,,31.10000228881836,fast_plan,1,,,,100.0
Artocarpus elasticus,5.7,116.41667,5.0,116.0,1593.0,32.599998474121094,,,,40.20000076293945,,27.200000762939453,fast_plan,1,,,,100.0
Artocarpus elasticus,-6.86664,107.617648,-7.0,107.0,1580.0,28.799999237060547,,,,34.900001525878906,,36.29999923706055,fast_plan,1,,,,100.0
Artocarpus elasticus,0.5,101.75,0.0,101.0,1617.0,32.5,,,,39.400001525878906,,28.099998474121094,fast_plan,1,,,,100.0
Artocarpus elasticus,0.6,103.21667,0.0,103.0,1579.0,33.400001525878906,,,,35.20000076293945,,31.39999771118164,fast_plan,1,,,,100.0
Artocarpus elasticus,-0.75,101.71667,-1.0,101.0,1614.0,29.100000381469727,,,,46.20000076293945,,24.69999885559082,fast_plan,1,,,,100.0
Artocarpus elasticus,-0.616667,112.25,-1.0,112.0,1588.0,32.29999923706055,,,,38.400001525878906,,29.299999237060547,fast_plan,1,,,,100.0
Artocarpus elasticus,0.06667,99.98333,0.0,99.0,1589.0,36.900001525878906,,,,28.0,,35.099998474121094,fast_plan,1,,,,100.0
Artocarpus elasticus,0.790919,102.022047,0.0,102.0,1603.0,31.700000762939453,,,,35.79999923706055,,32.5,fast_plan,1,,,,100.0
Artocarpus elasticus,3.3,101.61667,3.0,101.0,1577.0,39.5,,,,38.099998474121094,,22.400001525878906,fast_plan,1,,,,100.0
Artocarpus elasticus,-3.75,103.75,-4.0,103.0,1623.0,24.100000381469727,,,,44.70000076293945,,31.19999885559082,fast_plan,1,,,,100.0
Artocarpus elasticus,-7.735209,110.297545,-8.0,110.0,1618.0,35.20000076293945,,,,30.5,,34.29999923706055,fast_plan,1,,,,100.0
Artocarpus elasticus,6.75,100.716,6.0,100.0,1596.0,62.79999923706055,,,,11.199999809265137,,26.000000953674316,fast_plan,1,,,,100.0
Artocarpus heterophyllus,12.32496,79.81569,12.0,79.0,1657.0,32.5,,,,32.5,,35.0,fast_plan,1,,,,100.0
Artocarpus heterophyllus,16.650064,73.52478,16.0,73.0,1685.0,35.099998474121094,,,,35.20000076293945,,29.700000762939453,fast_plan,1,,,,100.0
Artocarpus heterophyllus,26.592366,89.191348,26.0,89.0,1662.0,42.5,,,,29.899999618530273,,27.600000381469727,fast_plan,1,,,,100.0
Artocarpus heterophyllus,18.420396,72.930908,18.0,72.0,1679.0,38.79999923706055,,,,35.79999923706055,,25.400001525878906,fast_plan,1,,,,100.0
Artocarpus heterophyllus,10.61617,77.31305,10.0,77.0,1681.0,47.20000076293945,,,,27.600000381469727,,25.19999885559082,fast_plan,1,,,,100.0
Artocarpus heterophyllus,15.21126,74.348,15.0,74.0,1664.0,42.599998474121094,,,,27.799999237060547,,29.60000228881836,fast_plan,1,,,,100.0
Artocarpus heterophyllus,23.3136,82.760298,23.0,82.0,1661.0,16.399999618530273,,,,40.900001525878906,,42.69999885559082,fast_plan,1,,,,100.0
Artocarpus heterophyllus,21.49683,85.53516,21.0,85.0,1655.0,34.5,,,,31.899999618530273,,33.60000038146973,fast_plan,1,,,,100.0
Artocarpus heterophyllus,13.60031,74.69495,13.0,74.0,1674.0,40.29999923706055,,,,33.900001525878906,,25.799999237060547,fast_plan,1,,,,100.0
Artocarpus hirsutus,18.60517,73.04555,18.0,73.0,1703.0,37.0,,,,36.29999923706055,,26.700000762939453,fast_plan,1,,,,100.0
Artocarpus hirsutus,11.824102,75.854076,11.0,75.0,1699.0,43.29999923706055,,,,33.099998474121094,,23.60000228881836,fast_plan,1,,,,100.0
Artocarpus hirsutus,18.420998,72.929648,18.0,72.0,1696.0,38.599998474121094,,,,35.70000076293945,,25.700000762939453,fast_plan,1,,,,100.0
Artocarpus hirsutus,8.624297,77.275942,8.0,77.0,1697.0,38.0,,,,33.0,,29.0,fast_plan,1,,,,100.0
Artocarpus hirsutus,14.26575,74.76575,14.0,74.0,1698.0,45.29999923706055,,,,24.899999618530273,,29.80000114440918,fast_plan,1,,,,100.0
Artocarpus hirsutus,11.4917,76.5083,11.0,76.0,1709.0,37.099998474121094,,,,26.899999618530273,,36.00000190734863,fast_plan,1,,,,100.0
Artocarpus hirsutus,15.44789,74.400531,15.0,74.0,1702.0,42.900001525878906,,,,26.899999618530273,,30.19999885559082,fast_plan,1,,,,100.0
Artocarpus hirsutus,10.452874,76.297146,10.0,76.0,1693.0,47.79999923706055,,,,30.200000762939453,,22.0,fast_plan,1,,,,100.0
Artocarpus hirsutus,7.272853,80.595475,7.0,80.0,1701.0,35.0,,,,38.0,,27.0,fast_plan,1,,,,100.0
Artocarpus hirsutus,6.821561,80.042252,6.0,80.0,1710.0,32.599998474121094,,,,30.5,,36.900001525878906,fast_plan,1,,,,100.0
Artocarpus hispidus,1.41185,103.78639,1.0,103.0,1712.0,31.200000762939453,,,,38.099998474121094,,30.700000762939453,fast_plan,1,,,,100.0
Artocarpus hispidus,6.381944,99.674444,6.0,99.0,1716.0,38.5,,,,31.399999618530273,,30.100000381469727,fast_plan,1,,,,100.0
Artocarpus hispidus,4.68333,102.85,4.0,102.0,1718.0,35.5,,,,30.600000381469727,,33.89999961853027,fast_plan,1,,,,100.0
Artocarpus hispidus,4.7667,103.2667,4.0,103.0,1714.0,28.100000381469727,,,,41.400001525878906,,30.499998092651367,fast_plan,1,,,,100.0
Artocarpus hispidus,3.88333,102.45,3.0,102.0,1715.0,33.20000076293945,,,,38.20000076293945,,28.599998474121094,fast_plan,1,,,,100.0
Artocarpus hispidus,2.47361,101.90439,2.0,101.0,1717.0,35.0,,,,35.5,,29.5,fast_plan,1,,,,100.0
Artocarpus hispidus,5.75,102.13333,5.0,102.0,1711.0,39.099998474121094,,,,33.79999923706055,,27.10000228881836,fast_plan,1,,,,100.0
Artocarpus hispidus,2.08333,103.46667,2.0,103.0,1713.0,36.099998474121094,,,,43.599998474121094,,20.300003051757812,fast_plan,1,,,,100.0
Artocarpus integer,3.0,102.33333,3.0,102.0,1761.0,31.5,,,,40.29999923706055,,28.200000762939453,fast_plan,1,,,,100.0
Artocarpus integer,5.325,116.49583,5.0,116.0,1731.0,30.399999618530273,,,,41.29999923706055,,28.30000114440918,fast_plan,1,,,,100.0
Artocarpus integer,-0.49,104.4325,-1.0,104.0,1744.0,38.900001525878906,,,,35.900001525878906,,25.199996948242188,fast_plan,1,,,,100.0
Artocarpus integer,2.75,103.08333,2.0,103.0,1754.0,36.400001525878906,,,,36.70000076293945,,26.89999771118164,fast_plan,1,,,,100.0
Artocarpus integer,-2.91667,104.75,-3.0,104.0,1728.0,20.5,,,,45.5,,34.0,fast_plan,1,,,,100.0
Artocarpus integer,4.22,115.53167,4.0,115.0,1752.0,32.5,,,,41.400001525878906,,26.099998474121094,fast_plan,1,,,,100.0
Artocarpus integer,7.0,100.333,7.0,100.0,1771.0,65.5999984741211,,,,14.800000190734863,,19.600001335144043,fast_plan,1,,,,100.0
Artocarpus integer,-0.45,100.41667,-1.0,100.0,1763.0,28.299999237060547,,,,41.70000076293945,,30.0,fast_plan,1,,,,100.0
Artocarpus integer,4.41667,102.81667,4.0,102.0,1749.0,36.29999923706055,,,,36.099998474121094,,27.60000228881836,fast_plan,1,,,,100.0
Artocarpus integer,5.32915,117.43837,5.0,117.0,1765.0,31.200000762939453,,,,41.20000076293945,,27.599998474121094,fast_plan,1,,,,100.0
Artocarpus lakoocha,16.647381,100.684578,16.0,100.0,1803.0,33.599998474121094,,,,24.100000381469727,,42.30000114440918,fast_plan,1,,,,100.0
Artocarpus lakoocha,22.5,92.25,22.0,92.0,1819.0,35.599998474121094,,,,28.799999237060547,,35.60000228881836,fast_plan,1,,,,100.0
Artocarpus lakoocha,24.580446,99.92854,24.0,99.0,1820.0,32.5,,,,28.5,,39.0,fast_plan,1,,,,100.0
Artocarpus lakoocha,19.364609,99.663361,19.0,99.0,1799.0,42.0,,,,29.5,,28.5,fast_plan,1,,,,100.0
Artocarpus lakoocha,18.52451,98.51574,18.0,98.0,1791.0,42.0,,,,34.599998474121094,,23.400001525878906,fast_plan,1,,,,100.0
Artocarpus lakoocha,26.716667,86.433333,26.0,86.0,1832.0,45.0,,,,21.0,,34.0,fast_plan,1,,,,100.0
Artocarpus lakoocha,20.3765,105.541,20.0,105.0,1793.0,28.299999237060547,,,,31.299999237060547,,40.400001525878906,fast_plan,1,,,,100.0
Artocarpus lakoocha,22.79,103.09,22.0,103.0,1804.0,28.700000762939453,,,,28.899999618530273,,42.39999961853027,fast_plan,1,,,,100.0
Artocarpus lakoocha,17.00535,101.063377,17.0,101.0,1836.0,39.20000076293945,,,,32.0,,28.799999237060547,fast_plan,1,,,,100.0
Artocarpus lakoocha,9.71667,98.6,9.0,98.0,1787.0,39.29999923706055,,,,28.200000762939453,,32.5,fast_plan,1,,,,100.0
Artocarpus lakoocha,15.88,102.53,15.0,102.0,1838.0,41.20000076293945,,,,25.600000381469727,,33.19999885559082,fast_plan,1,,,,100.0
Artocarpus odoratissimus,-0.033333,114.1,-1.0,114.0,1843.0,26.600000381469727,,,,37.599998474121094,,35.80000114440918,fast_plan,1,,,,100.0
Artocarpus odoratissimus,2.76667,113.61667,2.0,113.0,1849.0,31.200000762939453,,,,34.5,,34.29999923706055,fast_plan,1,,,,100.0
Artocarpus odoratissimus,-0.5,112.6,-1.0,112.0,1866.0,27.899999618530273,,,,41.900001525878906,,30.19999885559082,fast_plan,1,,,,100.0
Artocarpus odoratissimus,4.2,113.98333,4.0,113.0,1857.0,30.5,,,,38.79999923706055,,30.700000762939453,fast_plan,1,,,,100.0
Artocarpus odoratissimus,4.56667,116.96667,4.0,116.0,1863.0,29.799999237060547,,,,43.5,,26.700000762939453,fast_plan,1,,,,100.0
Artocarpus odoratissimus,4.16667,117.75,4.0,117.0,1864.0,32.70000076293945,,,,31.399999618530273,,35.89999961853027,fast_plan,1,,,,100.0
Artocarpus odoratissimus,-1.16667,113.16667,-2.0,113.0,1859.0,30.600000381469727,,,,44.099998474121094,,25.30000114440918,fast_plan,1,,,,100.0
Artocarpus odoratissimus,5.569444,116.541667,5.0,116.0,1856.0,36.70000076293945,,,,34.29999923706055,,29.0,fast_plan,1,,,,100.0
Artocarpus odoratissimus,-1.268,109.963,-2.0,109.0,1871.0,17.700000762939453,,,,48.400001525878906,,33.89999771118164,fast_plan,1,,,,100.0
Artocarpus odoratissimus,4.63333,114.53333,4.0,114.0,1839.0,30.299999237060547,,,,35.5,,34.20000076293945,fast_plan,1,,,,100.0
Atalantia racemosa,18.49083,120.80306,18.0,120.0,1896.0,29.700000762939453,,,,30.0,,40.29999923706055,fast_plan,1,,,,100.0
Atalantia racemosa,15.666667,121.3,15.0,121.0,1893.0,26.200000762939453,,,,31.600000381469727,,42.19999885559082,fast_plan,1,,,,100.0
Atalantia racemosa,17.40493,73.67578,17.0,73.0,1886.0,36.900001525878906,,,,36.29999923706055,,26.799999237060547,fast_plan,1,,,,100.0
Atalantia racemosa,19.281807,73.685611,19.0,73.0,1881.0,27.0,,,,42.400001525878906,,30.599998474121094,fast_plan,1,,,,100.0
Atalantia racemosa,9.83333,118.63333,9.0,118.0,1872.0,33.70000076293945,,,,33.20000076293945,,33.099998474121094,fast_plan,1,,,,100.0
Atalantia racemosa,10.09999,78.22871,10.0,78.0,1898.0,35.79999923706055,,,,32.5,,31.700000762939453,fast_plan,1,,,,100.0
Atalantia racemosa,15.85853,73.9486,15.0,73.0,1892.0,36.79999923706055,,,,32.29999923706055,,30.900001525878906,fast_plan,1,,,,100.0
Atalantia racemosa,8.45833,77.475,8.0,77.0,1887.0,33.5,,,,31.799999237060547,,34.70000076293945,fast_plan,1,,,,100.0
Atalantia racemosa,11.89516,78.53513,11.0,78.0,1873.0,37.099998474121094,,,,36.599998474121094,,26.300003051757812,fast_plan,1,,,,100.0
Atalantia racemosa,15.76667,120.0,15.0,120.0,1882.0,30.5,,,,27.200000762939453,,42.29999923706055,fast_plan,1,,,,100.0
Atalantia racemosa,12.08779,75.75639,12.0,75.0,1897.0,46.599998474121094,,,,29.200000762939453,,24.200000762939453,fast_plan,1,,,,100.0
Azadirachta excelsa,2.96353,101.695685,2.0,101.0,1903.0,32.0,,,,40.5,,27.5,fast_plan,1,,,,100.0
Azadirachta excelsa,4.55,115.13333,4.0,115.0,1906.0,30.299999237060547,,,,35.599998474121094,,34.10000228881836,fast_plan,1,,,,100.0
Azadirachta excelsa,1.0,116.83333,1.0,116.0,1907.0,34.400001525878906,,,,32.400001525878906,,33.19999694824219,fast_plan,1,,,,100.0
Azadirachta excelsa,-2.88835,132.30543,-3.0,132.0,1915.0,37.29999923706055,,,,35.599998474121094,,27.10000228881836,fast_plan,1,,,,100.0
Azadirachta excelsa,-1.15241,114.20404,-2.0,114.0,1917.0,29.0,,,,40.099998474121094,,30.900001525878906,fast_plan,1,,,,100.0
Azadirachta excelsa,8.8,117.83333,8.0,117.0,1913.0,31.799999237060547,,,,36.29999923706055,,31.900001525878906,fast_plan,1,,,,100.0
Azadirachta excelsa,5.8,117.95,5.0,117.0,1912.0,27.299999237060547,,,,36.5,,36.20000076293945,fast_plan,1,,,,100.0
Azadirachta excelsa,-0.23725,116.80348,-1.0,116.0,1908.0,27.399999618530273,,,,36.900001525878906,,35.69999885559082,fast_plan,1,,,,100.0
Azadirachta excelsa,-5.0,122.5,-5.0,122.0,1926.0,35.79999923706055,,,,33.20000076293945,,31.0,fast_plan,1,,,,100.0
Azadirachta excelsa,5.25,115.75,5.0,115.0,1910.0,34.099998474121094,,,,35.5,,30.400001525878906,fast_plan,1,,,,100.0
Baccaurea angulata,1.1,113.31667,1.0,113.0,1954.0,29.5,,,,40.0,,30.5,fast_plan,1,,,,100.0
Baccaurea angulata,-0.5,117.416667,-1.0,117.0,1930.0,26.200000762939453,,,,31.700000762939453,,42.099998474121094,fast_plan,1,,,,100.0
Baccaurea angulata,1.8,109.68333,1.0,109.0,1931.0,38.099998474121094,,,,34.29999923706055,,27.60000228881836,fast_plan,1,,,,100.0
Baccaurea angulata,5.83333,117.75,5.0,117.0,1957.0,24.399999618530273,,,,42.099998474121094,,33.50000190734863,fast_plan,1,,,,100.0
Baccaurea angulata,4.18333,115.21667,4.0,115.0,1934.0,34.400001525878906,,,,34.70000076293945,,30.89999771118164,fast_plan,1,,,,100.0
Baccaurea angulata,-1.92639,112.47639,-2.0,112.0,1933.0,26.299999237060547,,,,42.70000076293945,,31.0,fast_plan,1,,,,100.0
Baccaurea angulata,3.25,114.25,3.0,114.0,1940.0,29.399999618530273,,,,40.20000076293945,,30.399999618530273,fast_plan,1,,,,100.0
Baccaurea angulata,6.0,116.55,6.0,116.0,1939.0,29.5,,,,39.0,,31.5,fast_plan,1,,,,100.0
Baccaurea angulata,0.5,117.41667,0.0,117.0,1943.0,36.0,,,,28.100000381469727,,35.89999961853027,fast_plan,1,,,,100.0
Baccaurea angulata,-0.0333,115.6333,-1.0,115.0,1953.0,24.700000762939453,,,,44.20000076293945,,31.099998474121094,fast_plan,1,,,,100.0
Baccaurea angulata,2.1,117.31667,2.0,117.0,1936.0,29.799999237060547,,,,36.599998474121094,,33.60000228881836,fast_plan,1,,,,100.0
Baccaurea angulata,1.382012,110.219427,1.0,110.0,1932.0,24.299999237060547,,,,40.20000076293945,,35.5,fast_plan,1,,,,100.0
Baccaurea bracteata,5.45,115.46667,5.0,115.0,1965.0,28.700000762939453,,,,36.599998474121094,,34.70000076293945,fast_plan,1,,,,100.0
Baccaurea bracteata,-2.03333,113.76667,-3.0,113.0,2007.0,26.0,,,,36.099998474121094,,37.900001525878906,fast_plan,1,,,,100.0
Baccaurea bracteata,-0.33333,115.91667,-1.0,115.0,1967.0,20.100000381469727,,,,49.900001525878906,,29.999998092651367,fast_plan,1,,,,100.0
Baccaurea bracteata,-2.53333,112.95,-3.0,112.0,2016.0,23.299999237060547,,,,42.70000076293945,,34.0,fast_plan,1,,,,100.0
Baccaurea bracteata,2.4,111.56667,2.0,111.0,1982.0,30.899999618530273,,,,37.400001525878906,,31.69999885559082,fast_plan,1,,,,100.0
Baccaurea bracteata,2.71667,97.9,2.0,97.0,1991.0,30.899999618530273,,,,38.70000076293945,,30.399999618530273,fast_plan,1,,,,100.0
Baccaurea bracteata,4.55,114.48333,4.0,114.0,2005.0,29.100000381469727,,,,36.79999923706055,,34.10000038146973,fast_plan,1,,,,100.0
Baccaurea bracteata,0.46861,116.56361,0.0,116.0,1976.0,29.399999618530273,,,,40.29999923706055,,30.30000114440918,fast_plan,1,,,,100.0
Baccaurea bracteata,-0.41667,109.66667,-1.0,109.0,2001.0,31.100000381469727,,,,31.799999237060547,,37.10000038146973,fast_plan,1,,,,100.0
Baccaurea motleyana,-1.06667,117.08333,-2.0,117.0,2051.0,29.899999618530273,,,,32.400001525878906,,37.69999885559082,fast_plan,2,,,,100.0
Baccaurea motleyana,-2.76667,115.26667,-3.0,115.0,2043.0,27.799999237060547,,,,38.20000076293945,,34.0,fast_plan,2,,,,100.0
Baccaurea motleyana,3.66667,97.66667,3.0,97.0,2037.0,36.900001525878906,,,,33.20000076293945,,29.89999771118164,fast_plan,2,,,,100.0
Baccaurea motleyana,1.61667,110.2,1.0,110.0,2029.0,41.900001525878906,,,,29.899999618530273,,28.19999885559082,fast_plan,2,,,,100.0
Baccaurea motleyana,5.51667,102.2,5.0,102.0,2064.0,36.79999923706055,,,,39.900001525878906,,23.299999237060547,fast_plan,2,,,,100.0
Baccaurea motleyana,4.75,100.7,4.0,100.0,2047.0,24.0,,,,48.79999923706055,,27.200000762939453,fast_plan,2,,,,100.0
Baccaurea motleyana,-0.98333,116.93333,-1.0,116.0,2055.0,38.20000076293945,,,,30.200000762939453,,31.599998474121094,fast_plan,2,,,,100.0
Baccaurea motleyana,0.806531,100.302025,0.0,100.0,2031.0,35.70000076293945,,,,38.20000076293945,,26.099998474121094,fast_plan,2,,,,100.0
Baccaurea motleyana,4.33333,101.33333,4.0,101.0,2030.0,37.400001525878906,,,,36.099998474121094,,26.5,fast_plan,2,,,,100.0
Balakata baccata,25.36386,95.34625,25.0,95.0,2084.0,36.099998474121094,,,,31.700000762939453,,32.20000076293945,fast_plan,2,,,,100.0
Balakata baccata,22.99417,102.392353,22.0,102.0,2067.0,27.600000381469727,,,,30.600000381469727,,41.79999923706055,fast_plan,2,,,,100.0
Balakata baccata,24.5,91.66667,24.0,91.0,2103.0,40.0,,,,27.399999618530273,,32.60000038146973,fast_plan,2,,,,100.0
Balakata baccata,2.616667,115.566667,2.0,115.0,2110.0,33.0,,,,35.79999923706055,,31.200000762939453,fast_plan,2,,,,100.0
Balakata baccata,13.269334,98.622858,13.0,98.0,2113.0,36.70000076293945,,,,32.29999923706055,,31.0,fast_plan,2,,,,100.0
Balakata baccata,12.38333,102.78333,12.0,102.0,2104.0,35.79999923706055,,,,31.299999237060547,,32.900001525878906,fast_plan,2,,,,100.0
Balakata baccata,23.45,104.67,23.0,104.0,2114.0,24.700000762939453,,,,29.899999618530273,,45.39999961853027,fast_plan,2,,,,100.0
Balakata baccata,0.0,102.0,0.0,102.0,2099.0,15.600000381469727,,,,56.0,,28.399999618530273,fast_plan,2,,,,100.0
Balakata luzonica,-2.74244,140.36098,-3.0,140.0,2136.0,31.700000762939453,,,,34.70000076293945,,33.599998474121094,fast_plan,2,,,,100.0
Balakata luzonica,14.06753,121.49232,14.0,121.0,2131.0,34.70000076293945,,,,36.29999923706055,,29.0,fast_plan,2,,,,100.0
Balakata luzonica,7.31667,125.43333,7.0,125.0,2139.0,34.20000076293945,,,,37.900001525878906,,27.89999771118164,fast_plan,2,,,,100.0
Balakata luzonica,12.51667,121.4,12.0,121.0,2128.0,24.899999618530273,,,,39.0,,36.10000038146973,fast_plan,2,,,,100.0
Balakata luzonica,-1.80811,125.34837,-2.0,125.0,2133.0,33.79999923706055,,,,38.29999923706055,,27.900001525878906,fast_plan,2,,,,100.0
Balakata luzonica,14.508489,120.591756,14.0,120.0,2127.0,32.5,,,,27.399999618530273,,40.10000038146973,fast_plan,2,,,,100.0
Balakata luzonica,9.67361,125.94861,9.0,125.0,2129.0,33.900001525878906,,,,33.599998474121094,,32.5,fast_plan,2,,,,100.0
Bauhinia variegata,19.829138,95.935608,19.0,95.0,2184.0,45.099998474121094,,,,27.0,,27.900001525878906,fast_plan,2,,,,100.0
Bauhinia variegata,28.941892,79.806383,28.0,79.0,2178.0,33.79999923706055,,,,24.600000381469727,,41.60000038146973,fast_plan,2,,,,100.0
Bauhinia variegata,22.02,100.8,22.0,100.0,2186.0,30.700000762939453,,,,41.70000076293945,,27.599998474121094,fast_plan,2,,,,100.0
Bauhinia variegata,12.046129,76.6682,12.0,76.0,2165.0,40.0,,,,31.5,,28.5,fast_plan,2,,,,100.0
Bauhinia variegata,21.669294,73.793381,21.0,73.0,2161.0,26.700000762939453,,,,40.599998474121094,,32.70000076293945,fast_plan,2,,,,100.0
Bauhinia variegata,19.423867,101.08,19.0,101.0,2195.0,32.79999923706055,,,,36.0,,31.200000762939453,fast_plan,2,,,,100.0
Bauhinia variegata,13.757489,79.597116,13.0,79.0,2148.0,39.400001525878906,,,,33.400001525878906,,27.199996948242188,fast_plan,2,,,,100.0
Bauhinia variegata,16.653079,80.492551,16.0,80.0,2140.0,42.79999923706055,,,,25.700000762939453,,31.5,fast_plan,2,,,,100.0
Betula alnoides,17.283333,98.416667,17.0,98.0,2259.0,40.599998474121094,,,,33.0,,26.400001525878906,fast_plan,2,,,,100.0
Betula alnoides,30.07,102.75,30.0,102.0,2221.0,26.700000762939453,,,,26.899999618530273,,46.39999961853027,fast_plan,2,,,,100.0
Betula alnoides,28.72,109.65,28.0,109.0,2216.0,25.5,,,,26.799999237060547,,47.70000076293945,fast_plan,2,,,,100.0
Betula alnoides,29.92,102.23,29.0,102.0,2243.0,39.900001525878906,,,,25.0,,35.099998474121094,fast_plan,2,,,,100.0
Betula alnoides,29.379143,79.685516,29.0,79.0,2200.0,36.20000076293945,,,,23.399999618530273,,40.39999961853027,fast_plan,2,,,,100.0
Betula alnoides,21.62,101.56,21.0,101.0,2245.0,32.79999923706055,,,,34.900001525878906,,32.29999923706055,fast_plan,2,,,,100.0
Betula alnoides,27.55,90.17,27.0,90.0,2205.0,32.70000076293945,,,,25.5,,41.79999923706055,fast_plan,2,,,,100.0
Betula alnoides,20.17806,103.23556,20.0,103.0,2206.0,30.799999237060547,,,,35.599998474121094,,33.60000228881836,fast_plan,2,,,,100.0
Betula alnoides,28.6,84.43,28.0,84.0,2214.0,51.29999923706055,,,,14.5,,34.20000076293945,fast_plan,2,,,,100.0
Betula alnoides,14.339167,101.521667,14.0,101.0,2247.0,30.5,,,,40.099998474121094,,29.400001525878906,fast_plan,2,,,,100.0
Bhesa indica,9.14667,99.80833,9.0,99.0,2260.0,39.29999923706055,,,,28.600000381469727,,32.10000038146973,fast_plan,2,,,,100.0
Bhesa indica,3.0,102.33333,3.0,102.0,2268.0,31.5,,,,40.29999923706055,,28.200000762939453,fast_plan,2,,,,100.0
Bhesa indica,1.31384,103.815914,1.0,103.0,2266.0,32.599998474121094,,,,42.79999923706055,,24.60000228881836,fast_plan,2,,,,100.0
Bhesa indica,10.296389,76.779167,10.0,76.0,2269.0,37.900001525878906,,,,36.0,,26.099998474121094,fast_plan,2,,,,100.0
Bhesa indica,5.56667,102.61667,5.0,102.0,2267.0,31.200000762939453,,,,36.70000076293945,,32.099998474121094,fast_plan,2,,,,100.0
Bhesa indica,5.78333,100.43333,5.0,100.0,2262.0,35.900001525878906,,,,33.900001525878906,,30.199996948242188,fast_plan,2,,,,100.0
Bhesa indica,8.6,98.55,8.0,98.0,2263.0,32.599998474121094,,,,34.79999923706055,,32.60000228881836,fast_plan,2,,,,100.0
Bhesa indica,9.43333,98.43333,9.0,98.0,2270.0,44.0,,,,30.399999618530273,,25.600000381469727,fast_plan,2,,,,100.0
Bhesa indica,2.75,103.08333,2.0,103.0,2271.0,36.400001525878906,,,,36.70000076293945,,26.89999771118164,fast_plan,2,,,,100.0
Bhesa indica,7.46667,99.63333,7.0,99.0,2273.0,38.400001525878906,,,,22.899999618530273,,38.69999885559082,fast_plan,2,,,,100.0
Bhesa indica,8.533216,77.461384,8.0,77.0,2264.0,33.20000076293945,,,,35.599998474121094,,31.200000762939453,fast_plan,2,,,,100.0
Bhesa paniculata,3.33333,113.41667,3.0,113.0,2324.0,31.700000762939453,,,,32.70000076293945,,35.599998474121094,fast_plan,2,,,,100.0
Bhesa paniculata,-1.81667,115.73333,-2.0,115.0,2284.0,27.100000381469727,,,,36.599998474121094,,36.30000114440918,fast_plan,2,,,,100.0
Bhesa paniculata,3.85,103.35,3.0,103.0,2323.0,29.600000381469727,,,,39.29999923706055,,31.100000381469727,fast_plan,2,,,,100.0
Bhesa paniculata,4.3,103.3,4.0,103.0,2329.0,34.29999923706055,,,,40.400001525878906,,25.299999237060547,fast_plan,2,,,,100.0
Bhesa paniculata,4.08333,117.66667,4.0,117.0,2315.0,30.299999237060547,,,,38.29999923706055,,31.400001525878906,fast_plan,2,,,,100.0
Bhesa paniculata,5.33333,102.85,5.0,102.0,2331.0,31.799999237060547,,,,38.099998474121094,,30.10000228881836,fast_plan,2,,,,100.0
Bhesa paniculata,-3.03333,104.26667,-4.0,104.0,2278.0,21.5,,,,41.5,,37.0,fast_plan,2,,,,100.0
Bhesa paniculata,3.06667,116.46667,3.0,116.0,2308.0,33.599998474121094,,,,34.400001525878906,,32.0,fast_plan,2,,,,100.0
Bhesa paniculata,1.96667,114.46667,1.0,114.0,2294.0,33.0,,,,35.5,,31.5,fast_plan,2,,,,100.0
Bhesa paniculata,6.13333,101.86667,6.0,101.0,2293.0,48.5,,,,32.099998474121094,,19.400001525878906,fast_plan,2,,,,100.0
Bischofia javanica,14.569633,74.558045,14.0,74.0,2357.0,41.20000076293945,,,,28.799999237060547,,30.0,fast_plan,2,,,,100.0
Bischofia javanica,-21.371788,-174.920794,-22.0,-175.0,2384.0,31.399999618530273,,,,35.099998474121094,,33.50000190734863,fast_plan,2,,,,100.0
Bischofia javanica,13.45531,75.56369,13.0,75.0,2360.0,38.70000076293945,,,,31.100000381469727,,30.19999885559082,fast_plan,2,,,,100.0
Bischofia javanica,26.33,114.52,26.0,114.0,2358.0,35.599998474121094,,,,26.0,,38.400001525878906,fast_plan,2,,,,100.0
Bischofia javanica,11.8917,77.175,11.0,77.0,2343.0,40.5,,,,31.899999618530273,,27.600000381469727,fast_plan,2,,,,100.0
Bischofia javanica,-7.0,107.5,-7.0,107.0,2366.0,28.700000762939453,,,,34.400001525878906,,36.89999771118164,fast_plan,2,,,,100.0
Bischofia javanica,-6.10554,134.41854,-7.0,134.0,2341.0,38.099998474121094,,,,37.79999923706055,,24.10000228881836,fast_plan,2,,,,100.0
Bischofia javanica,-2.26534,138.86066,-3.0,138.0,2392.0,29.200000762939453,,,,37.70000076293945,,33.099998474121094,fast_plan,2,,,,100.0
Bischofia javanica,8.5,98.83333,8.0,98.0,2350.0,41.5,,,,30.600000381469727,,27.899999618530273,fast_plan,2,,,,100.0
Callicarpa arborea,22.25,99.46,22.0,99.0,2411.0,30.899999618530273,,,,34.599998474121094,,34.50000190734863,fast_plan,2,,,,100.0
Callicarpa arborea,18.49067,99.30219,18.0,99.0,2433.0,42.400001525878906,,,,30.399999618530273,,27.19999885559082,fast_plan,2,,,,100.0
Callicarpa arborea,25.3,91.7,25.0,91.0,2450.0,33.900001525878906,,,,35.900001525878906,,30.199996948242188,fast_plan,2,,,,100.0
Callicarpa arborea,24.72,97.93,24.0,97.0,2428.0,37.099998474121094,,,,32.599998474121094,,30.300003051757812,fast_plan,2,,,,100.0
Callicarpa arborea,10.333333,98.783333,10.0,98.0,2412.0,41.20000076293945,,,,32.5,,26.299999237060547,fast_plan,2,,,,100.0
Callicarpa arborea,25.396111,98.851666,25.0,98.0,2396.0,32.0,,,,29.399999618530273,,38.60000038146973,fast_plan,2,,,,100.0
Callicarpa arborea,11.2,99.516667,11.0,99.0,2453.0,43.79999923706055,,,,26.399999618530273,,29.80000114440918,fast_plan,2,,,,100.0
Callicarpa arborea,14.45,100.333333,14.0,100.0,2423.0,15.300000190734863,,,,46.599998474121094,,38.10000133514404,fast_plan,2,,,,100.0
Callicarpa arborea,20.05,103.71,20.0,103.0,2406.0,32.099998474121094,,,,34.20000076293945,,33.70000076293945,fast_plan,2,,,,100.0
Calophyllum apetalum,12.537222,75.6625,12.0,75.0,2461.0,43.0,,,,37.79999923706055,,19.200000762939453,fast_plan,2,,,,100.0
Calophyllum apetalum,14.412543,74.647508,14.0,74.0,2455.0,45.599998474121094,,,,27.0,,27.400001525878906,fast_plan,2,,,,100.0
Calophyllum apetalum,15.4885,74.34842,15.0,74.0,2456.0,39.70000076293945,,,,28.200000762939453,,32.099998474121094,fast_plan,2,,,,100.0
Calophyllum apetalum,13.255556,75.159444,13.0,75.0,2454.0,37.29999923706055,,,,29.600000381469727,,33.10000038146973,fast_plan,2,,,,100.0
Calophyllum apetalum,9.528808,77.109561,9.0,77.0,2460.0,36.70000076293945,,,,35.29999923706055,,28.0,fast_plan,2,,,,100.0
Calophyllum apetalum,10.36382,76.88541,10.0,76.0,2457.0,38.5,,,,33.599998474121094,,27.900001525878906,fast_plan,2,,,,100.0
Calophyllum apetalum,15.425,77.1083,15.0,77.0,2458.0,44.599998474121094,,,,27.700000762939453,,27.700000762939453,fast_plan,2,,,,100.0
Calophyllum apetalum,11.98464,75.87461,11.0,75.0,2459.0,42.29999923706055,,,,29.399999618530273,,28.30000114440918,fast_plan,2,,,,100.0
Calophyllum austroindicum,11.17683,76.41372,11.0,76.0,2462.0,41.20000076293945,,,,29.600000381469727,,29.19999885559082,fast_plan,2,,,,100.0
Calophyllum austroindicum,10.33308,77.04233,10.0,77.0,2464.0,29.700000762939453,,,,32.5,,37.79999923706055,fast_plan,2,,,,100.0
Calophyllum austroindicum,9.59167,77.175,9.0,77.0,2463.0,36.099998474121094,,,,35.0,,28.900001525878906,fast_plan,2,,,,100.0
Calophyllum austroindicum,10.33731,76.8416,10.0,76.0,2466.0,35.79999923706055,,,,33.5,,30.700000762939453,fast_plan,2,,,,100.0
Calophyllum austroindicum,8.538889,77.455556,8.0,77.0,2465.0,33.900001525878906,,,,34.70000076293945,,31.39999771118164,fast_plan,2,,,,100.0
Calophyllum biflorum,0.56667,116.03333,0.0,116.0,2477.0,28.700000762939453,,,,40.29999923706055,,31.0,fast_plan,2,,,,100.0
Calophyllum biflorum,5.63333,117.2,5.0,117.0,2487.0,27.200000762939453,,,,39.5,,33.29999923706055,fast_plan,2,,,,100.0
Calophyllum biflorum,1.333333,112.166667,1.0,112.0,2479.0,30.200000762939453,,,,39.900001525878906,,29.89999771118164,fast_plan,2,,,,100.0
Calophyllum biflorum,1.58333,114.5,1.0,114.0,2485.0,33.400001525878906,,,,37.79999923706055,,28.799999237060547,fast_plan,2,,,,100.0
Calophyllum biflorum,-1.2,110.133333,-2.0,110.0,2467.0,22.799999237060547,,,,43.70000076293945,,33.5,fast_plan,2,,,,100.0
Calophyllum biflorum,2.78333,112.93333,2.0,112.0,2468.0,30.399999618530273,,,,42.70000076293945,,26.899999618530273,fast_plan,2,,,,100.0
Calophyllum biflorum,4.5,117.5,4.0,117.0,2480.0,32.79999923706055,,,,35.79999923706055,,31.400001525878906,fast_plan,2,,,,100.0
Calophyllum biflorum,1.73333,109.83333,1.0,109.0,2469.0,33.400001525878906,,,,39.900001525878906,,26.699996948242188,fast_plan,2,,,,100.0
Calophyllum biflorum,3.23333,113.1,3.0,113.0,2482.0,34.29999923706055,,,,31.700000762939453,,34.0,fast_plan,2,,,,100.0
Calophyllum biflorum,0.7,111.71667,0.0,111.0,2478.0,29.700000762939453,,,,41.5,,28.799999237060547,fast_plan,2,,,,100.0
Calophyllum blancoi,12.75,124.08333,12.0,124.0,2489.0,31.799999237060547,,,,34.0,,34.20000076293945,fast_plan,2,,,,100.0
Calophyllum blancoi,5.61667,117.66667,5.0,117.0,2497.0,31.100000381469727,,,,37.400001525878906,,31.499998092651367,fast_plan,2,,,,100.0
Calophyllum blancoi,23.827222,120.8025,23.0,120.0,2512.0,29.700000762939453,,,,27.299999237060547,,43.0,fast_plan,2,,,,100.0
Calophyllum blancoi,6.0,116.68333,6.0,116.0,2496.0,30.799999237060547,,,,39.29999923706055,,29.900001525878906,fast_plan,2,,,,100.0
Calophyllum blancoi,7.28333,117.2,7.0,117.0,2502.0,34.099998474121094,,,,37.79999923706055,,28.10000228881836,fast_plan,2,,,,100.0
Calophyllum blancoi,14.135778,121.20166,14.0,121.0,2498.0,37.400001525878906,,,,32.400001525878906,,30.199996948242188,fast_plan,2,,,,100.0
Calophyllum blancoi,16.41716,120.591,16.0,120.0,2508.0,34.0,,,,32.29999923706055,,33.70000076293945,fast_plan,2,,,,100.0
Calophyllum ferrugineum,0.370605,102.777078,0.0,102.0,2522.0,28.799999237060547,,,,39.599998474121094,,31.60000228881836,fast_plan,2,,,,100.0
Calophyllum ferrugineum,3.55417,101.43,3.0,101.0,2523.0,42.099998474121094,,,,39.0,,18.900001525878906,fast_plan,2,,,,100.0
Calophyllum ferrugineum,1.687554,98.993356,1.0,98.0,2520.0,33.900001525878906,,,,40.20000076293945,,25.89999771118164,fast_plan,2,,,,100.0
Calophyllum ferrugineum,1.95,109.6,1.0,109.0,2519.0,42.599998474121094,,,,34.900001525878906,,22.5,fast_plan,2,,,,100.0
Calophyllum ferrugineum,4.73333,114.56667,4.0,114.0,2518.0,25.5,,,,38.79999923706055,,35.70000076293945,fast_plan,2,,,,100.0
Calophyllum ferrugineum,3.956,113.7,3.0,113.0,2515.0,24.399999618530273,,,,39.099998474121094,,36.50000190734863,fast_plan,2,,,,100.0
Calophyllum ferrugineum,5.15,115.61667,5.0,115.0,2516.0,32.900001525878906,,,,38.5,,28.599998474121094,fast_plan,2,,,,100.0
Calophyllum ferrugineum,1.354845,103.775159,1.0,103.0,2517.0,30.600000381469727,,,,44.20000076293945,,25.19999885559082,fast_plan,2,,,,100.0
Calophyllum inophyllum,-10.8428,162.4575,-11.0,162.0,2566.0,28.100000381469727,,,,40.900001525878906,,30.999998092651367,fast_plan,2,,,,100.0
Calophyllum inophyllum,-6.741667,155.941667,-7.0,155.0,2571.0,31.799999237060547,,,,37.79999923706055,,30.400001525878906,fast_plan,2,,,,100.0
Calophyllum inophyllum,-2.2237,125.93547,-3.0,125.0,2567.0,33.79999923706055,,,,37.599998474121094,,28.60000228881836,fast_plan,2,,,,100.0
Calophyllum inophyllum,2.041267,109.651195,2.0,109.0,2578.0,37.79999923706055,,,,37.79999923706055,,24.400001525878906,fast_plan,2,,,,100.0
Calophyllum inophyllum,-19.15317,48.57848,-20.0,48.0,2575.0,34.599998474121094,,,,36.29999923706055,,29.10000228881836,fast_plan,2,,,,100.0
Calophyllum lowei,-3.8,114.75,-4.0,114.0,2585.0,25.399999618530273,,,,38.900001525878906,,35.69999885559082,fast_plan,2,,,,100.0
Calophyllum lowei,2.25,113.0,2.0,113.0,2586.0,28.600000381469727,,,,42.0,,29.399999618530273,fast_plan,2,,,,100.0
Calophyllum sclerophyllum,1.55,109.85,1.0,109.0,2589.0,32.900001525878906,,,,37.900001525878906,,29.199996948242188,fast_plan,2,,,,100.0
Calophyllum sclerophyllum,-2.741051,106.440587,-3.0,106.0,2595.0,32.20000076293945,,,,33.79999923706055,,34.0,fast_plan,2,,,,100.0
Calophyllum sclerophyllum,-2.91667,104.75,-3.0,104.0,2588.0,20.5,,,,45.5,,34.0,fast_plan,2,,,,100.0
Calophyllum sclerophyllum,0.90723,112.00395,0.0,112.0,2593.0,27.5,,,,33.900001525878906,,38.599998474121094,fast_plan,2,,,,100.0
Calophyllum sclerophyllum,0.15686,116.36286,0.0,116.0,2590.0,25.100000381469727,,,,41.0,,33.89999961853027,fast_plan,2,,,,100.0
Calophyllum sclerophyllum,5.48333,115.9,5.0,115.0,2594.0,34.79999923706055,,,,32.099998474121094,,33.10000228881836,fast_plan,2,,,,100.0
Calophyllum sclerophyllum,-1.92639,112.47639,-2.0,112.0,2587.0,26.299999237060547,,,,42.70000076293945,,31.0,fast_plan,2,,,,100.0
Calophyllum sclerophyllum,-2.53333,112.95,-3.0,112.0,2591.0,23.299999237060547,,,,42.70000076293945,,34.0,fast_plan,2,,,,100.0
Calophyllum sclerophyllum,4.75,115.0,4.0,115.0,2596.0,29.200000762939453,,,,38.099998474121094,,32.70000076293945,fast_plan,2,,,,100.0
Calophyllum sclerophyllum,1.51667,110.3,1.0,110.0,2592.0,24.700000762939453,,,,43.599998474121094,,31.700000762939453,fast_plan,2,,,,100.0
Calophyllum soulattri,-5.72359,151.042758,-6.0,151.0,2609.0,29.200000762939453,,,,42.20000076293945,,28.599998474121094,fast_plan,2,,,,100.0
Calophyllum soulattri,-13.432778,132.416667,-14.0,132.0,2655.0,55.5,,,,22.700000762939453,,21.799999237060547,fast_plan,2,,,,100.0
Calophyllum soulattri,13.366667,121.0,13.0,121.0,2629.0,34.900001525878906,,,,32.900001525878906,,32.19999694824219,fast_plan,2,,,,100.0
Calophyllum soulattri,7.541233,134.5776,7.0,134.0,2627.0,32.900001525878906,,,,32.79999923706055,,34.29999923706055,fast_plan,2,,,,100.0
Calophyllum soulattri,-6.51667,155.61667,-7.0,155.0,2598.0,29.299999237060547,,,,40.5,,30.200000762939453,fast_plan,2,,,,100.0
Calophyllum soulattri,-5.78333,134.2,-6.0,134.0,2647.0,35.70000076293945,,,,37.599998474121094,,26.700000762939453,fast_plan,2,,,,100.0
Calophyllum soulattri,0.49522,128.02114,0.0,128.0,2613.0,33.79999923706055,,,,32.29999923706055,,33.900001525878906,fast_plan,2,,,,100.0
Calophyllum wallichiana,5.376053,100.246606,5.0,100.0,2663.0,32.20000076293945,,,,38.29999923706055,,29.5,fast_plan,2,,,,100.0
Calophyllum wallichiana,4.632761,102.235049,4.0,102.0,2664.0,33.599998474121094,,,,35.79999923706055,,30.60000228881836,fast_plan,2,,,,100.0
Calophyllum wallichiana,1.411755,103.785856,1.0,103.0,2661.0,31.200000762939453,,,,38.099998474121094,,30.700000762939453,fast_plan,2,,,,100.0
Calophyllum wallichiana,1.42233,109.92583,1.0,109.0,2665.0,35.70000076293945,,,,36.70000076293945,,27.599998474121094,fast_plan,2,,,,100.0
Calophyllum wallichiana,1.4,110.3,1.0,110.0,2659.0,24.899999618530273,,,,40.70000076293945,,34.39999961853027,fast_plan,2,,,,100.0
Calophyllum wallichiana,2.0,117.0,2.0,117.0,2668.0,27.0,,,,42.29999923706055,,30.700000762939453,fast_plan,2,,,,100.0
Calophyllum wallichiana,2.972545,102.299258,2.0,102.0,2667.0,34.29999923706055,,,,38.79999923706055,,26.900001525878906,fast_plan,2,,,,100.0
Calophyllum wallichiana,4.483333,115.183333,4.0,115.0,2658.0,30.100000381469727,,,,37.0,,32.89999961853027,fast_plan,2,,,,100.0
Calophyllum wallichiana,2.76667,113.61667,2.0,113.0,2666.0,31.200000762939453,,,,34.5,,34.29999923706055,fast_plan,2,,,,100.0
Calophyllum wallichiana,5.83333,117.1,5.0,117.0,2660.0,29.700000762939453,,,,40.099998474121094,,30.200000762939453,fast_plan,2,,,,100.0
Calophyllum wallichiana,3.06667,101.86667,3.0,101.0,2662.0,33.20000076293945,,,,36.29999923706055,,30.5,fast_plan,2,,,,100.0
Campnosperma coriaceum,-2.91667,104.75,-3.0,104.0,2710.0,20.5,,,,45.5,,34.0,fast_plan,2,,,,100.0
Campnosperma coriaceum,1.46667,102.13333,1.0,102.0,2704.0,21.0,,,,41.29999923706055,,37.70000076293945,fast_plan,2,,,,100.0
Campnosperma coriaceum,3.225,101.6218,3.0,101.0,2684.0,31.700000762939453,,,,39.70000076293945,,28.599998474121094,fast_plan,2,,,,100.0
Campnosperma coriaceum,-2.532376,110.585235,-3.0,110.0,2698.0,27.299999237060547,,,,38.79999923706055,,33.900001525878906,fast_plan,2,,,,100.0
Campnosperma coriaceum,2.85,98.27,2.0,98.0,2674.0,38.29999923706055,,,,34.5,,27.200000762939453,fast_plan,2,,,,100.0
Campnosperma coriaceum,-5.110036,145.347468,-6.0,145.0,2699.0,25.100000381469727,,,,38.20000076293945,,36.69999885559082,fast_plan,2,,,,100.0
Campnosperma coriaceum,-3.05,104.65,-4.0,104.0,2677.0,19.600000381469727,,,,41.400001525878906,,38.99999809265137,fast_plan,2,,,,100.0
Campnosperma coriaceum,6.5,101.75,6.0,101.0,2703.0,43.599998474121094,,,,26.899999618530273,,29.500001907348633,fast_plan,2,,,,100.0
Campnosperma coriaceum,0.75,104.23333,0.0,104.0,2695.0,30.799999237060547,,,,40.79999923706055,,28.400001525878906,fast_plan,2,,,,100.0
Campnosperma coriaceum,-1.8,100.83333,-2.0,100.0,2688.0,31.299999237060547,,,,36.5,,32.20000076293945,fast_plan,2,,,,100.0
Campnosperma coriaceum,-0.49417,104.4325,-1.0,104.0,2689.0,38.70000076293945,,,,37.20000076293945,,24.099998474121094,fast_plan,2,,,,100.0
Campnosperma squamatum,1.41185,103.78639,1.0,103.0,2717.0,31.200000762939453,,,,38.099998474121094,,30.700000762939453,fast_plan,2,,,,100.0
Campnosperma squamatum,4.68333,102.85,4.0,102.0,2719.0,35.5,,,,30.600000381469727,,33.89999961853027,fast_plan,2,,,,100.0
Campnosperma squamatum,4.2,113.98333,4.0,113.0,2723.0,30.5,,,,38.79999923706055,,30.700000762939453,fast_plan,2,,,,100.0
Campnosperma squamatum,3.4689,114.5464,3.0,114.0,2722.0,30.899999618530273,,,,38.900001525878906,,30.19999885559082,fast_plan,2,,,,100.0
Campnosperma squamatum,5.54583,117.075,5.0,117.0,2730.0,30.600000381469727,,,,38.599998474121094,,30.80000114440918,fast_plan,2,,,,100.0
Campnosperma squamatum,2.9,117.1,2.0,117.0,2726.0,30.0,,,,38.29999923706055,,31.700000762939453,fast_plan,2,,,,100.0
Campnosperma squamatum,-2.53333,112.95,-3.0,112.0,2727.0,23.299999237060547,,,,42.70000076293945,,34.0,fast_plan,2,,,,100.0
Campnosperma squamatum,4.56667,114.41667,4.0,114.0,2716.0,32.0,,,,34.20000076293945,,33.79999923706055,fast_plan,2,,,,100.0
Campnosperma squamatum,1.86667,113.41667,1.0,113.0,2729.0,29.5,,,,37.900001525878906,,32.599998474121094,fast_plan,2,,,,100.0
Campnosperma squamatum,2.51667,103.41667,2.0,103.0,2728.0,34.29999923706055,,,,35.70000076293945,,30.0,fast_plan,2,,,,100.0
Campnosperma squamatum,2.58333,111.58333,2.0,111.0,2725.0,31.0,,,,34.0,,35.0,fast_plan,2,,,,100.0
Campnosperma squamatum,5.31667,101.95,5.0,101.0,2718.0,32.900001525878906,,,,35.099998474121094,,32.0,fast_plan,2,,,,100.0
Cananga odorata,-7.560389,110.628358,-8.0,110.0,2778.0,30.299999237060547,,,,34.099998474121094,,35.60000228881836,fast_plan,2,,,,100.0
Cananga odorata,-6.0,155.0,-6.0,155.0,2777.0,25.700000762939453,,,,42.20000076293945,,32.099998474121094,fast_plan,2,,,,100.0
Cananga odorata,5.222103,96.717291,5.0,96.0,2754.0,33.400001525878906,,,,36.70000076293945,,29.89999771118164,fast_plan,2,,,,100.0
Cananga odorata,15.294722,120.886667,15.0,120.0,2761.0,11.600000381469727,,,,40.79999923706055,,47.60000038146973,fast_plan,2,,,,100.0
Cananga odorata,-6.55,146.7,-7.0,146.0,2768.0,34.0,,,,38.20000076293945,,27.799999237060547,fast_plan,2,,,,100.0
Cananga odorata,-8.1,146.15,-9.0,146.0,2786.0,33.79999923706055,,,,36.900001525878906,,29.299999237060547,fast_plan,2,,,,100.0
Cananga odorata,1.762333,104.081181,1.0,104.0,2760.0,31.700000762939453,,,,36.0,,32.29999923706055,fast_plan,2,,,,100.0
Careya arborea,11.25861,104.22333,11.0,104.0,2813.0,36.099998474121094,,,,29.5,,34.400001525878906,fast_plan,2,,,,100.0
Careya arborea,11.566704,76.575509,11.0,76.0,2844.0,35.29999923706055,,,,30.600000381469727,,34.10000038146973,fast_plan,2,,,,100.0
Careya arborea,21.437865,73.495329,21.0,73.0,2810.0,32.099998474121094,,,,37.099998474121094,,30.800003051757812,fast_plan,2,,,,100.0
Careya arborea,12.967562,74.894124,12.0,74.0,2837.0,48.20000076293945,,,,37.599998474121094,,14.200000762939453,fast_plan,2,,,,100.0
Careya arborea,20.1885,85.4395,20.0,85.0,2805.0,37.0,,,,31.399999618530273,,31.600000381469727,fast_plan,2,,,,100.0
Careya arborea,18.175619,78.326866,18.0,78.0,2833.0,41.20000076293945,,,,33.099998474121094,,25.700000762939453,fast_plan,2,,,,100.0
Careya arborea,12.484517,75.328212,12.0,75.0,2836.0,48.099998474121094,,,,31.299999237060547,,20.60000228881836,fast_plan,2,,,,100.0
Careya arborea,13.637131,78.460251,13.0,78.0,2797.0,46.70000076293945,,,,30.200000762939453,,23.099998474121094,fast_plan,2,,,,100.0
Careya arborea,10.66667,99.16667,10.0,99.0,2835.0,50.400001525878906,,,,19.899999618530273,,29.69999885559082,fast_plan,2,,,,100.0
Caryota urens,10.25579,78.12256,10.0,78.0,2875.0,39.29999923706055,,,,28.899999618530273,,31.80000114440918,fast_plan,2,,,,100.0
Caryota urens,13.39212,75.64774,13.0,75.0,2910.0,37.29999923706055,,,,31.0,,31.700000762939453,fast_plan,2,,,,100.0
Caryota urens,29.61804,78.51497,29.0,78.0,2862.0,37.099998474121094,,,,27.0,,35.900001525878906,fast_plan,2,,,,100.0
Caryota urens,17.697169,77.645742,17.0,77.0,2898.0,35.79999923706055,,,,36.20000076293945,,28.0,fast_plan,2,,,,100.0
Caryota urens,19.094262,80.789277,19.0,80.0,2908.0,38.599998474121094,,,,31.299999237060547,,30.10000228881836,fast_plan,2,,,,100.0
Caryota urens,13.629344,79.39917,13.0,79.0,2896.0,36.599998474121094,,,,35.79999923706055,,27.60000228881836,fast_plan,2,,,,100.0
Caryota urens,19.92,75.31,19.0,75.0,2885.0,24.100000381469727,,,,52.20000076293945,,23.69999885559082,fast_plan,2,,,,100.0
Caryota urens,6.297534,81.29388,6.0,81.0,2863.0,30.899999618530273,,,,35.79999923706055,,33.30000114440918,fast_plan,2,,,,100.0
Castanea chinensis,23.173694,112.54292,23.0,112.0,2949.0,53.599998474121094,,,,19.100000381469727,,27.30000114440918,fast_plan,2,,,,100.0
Castanea chinensis,30.02,108.18,30.0,108.0,2936.0,27.600000381469727,,,,30.200000762939453,,42.19999885559082,fast_plan,2,,,,100.0
Castanea chinensis,22.52,120.69,22.0,120.0,2919.0,28.399999618530273,,,,34.20000076293945,,37.39999961853027,fast_plan,2,,,,100.0
Castanea chinensis,25.03299,109.926496,25.0,109.0,2911.0,38.29999923706055,,,,25.0,,36.70000076293945,fast_plan,2,,,,100.0
Castanea chinensis,22.65,108.31,22.0,108.0,2944.0,31.700000762939453,,,,33.5,,34.79999923706055,fast_plan,2,,,,100.0
Castanea henryi,26.9,98.87,26.0,98.0,3004.0,36.099998474121094,,,,26.200000762939453,,37.70000076293945,fast_plan,3,,,,100.0
Castanea henryi,30.45,116.13,30.0,116.0,2980.0,40.0,,,,23.899999618530273,,36.10000038146973,fast_plan,3,,,,100.0
Castanea henryi,25.12,105.47,25.0,105.0,2970.0,21.799999237060547,,,,34.400001525878906,,43.79999923706055,fast_plan,3,,,,100.0
Castanopsis acuminatissima,-1.25,100.816667,-2.0,100.0,3054.0,39.099998474121094,,,,29.799999237060547,,31.10000228881836,fast_plan,3,,,,100.0
Castanopsis acuminatissima,19.636086,98.448387,19.0,98.0,3037.0,42.70000076293945,,,,30.899999618530273,,26.399999618530273,fast_plan,3,,,,100.0
Castanopsis acuminatissima,20.476945,105.088889,20.0,105.0,3058.0,37.400001525878906,,,,29.100000381469727,,33.49999809265137,fast_plan,3,,,,100.0
Castanopsis acuminatissima,14.77214,107.82721,14.0,107.0,3071.0,35.900001525878906,,,,32.20000076293945,,31.89999771118164,fast_plan,3,,,,100.0
Castanopsis acuminatissima,23.61,102.02,23.0,102.0,3070.0,34.79999923706055,,,,34.099998474121094,,31.10000228881836,fast_plan,3,,,,100.0
Castanopsis acuminatissima,18.52449,98.51577,18.0,98.0,3034.0,42.0,,,,34.599998474121094,,23.400001525878906,fast_plan,3,,,,100.0
Castanopsis acuminatissima,-5.25,141.666667,-6.0,141.0,3068.0,33.599998474121094,,,,36.5,,29.900001525878906,fast_plan,3,,,,100.0
Castanopsis acuminatissima,17.68333,105.21667,17.0,105.0,3032.0,33.70000076293945,,,,28.899999618530273,,37.39999961853027,fast_plan,3,,,,100.0
Castanopsis acuminatissima,16.76445,106.72484,16.0,106.0,3069.0,34.099998474121094,,,,33.0,,32.900001525878906,fast_plan,3,,,,100.0
Castanopsis acuminatissima,-9.625,149.175,-10.0,149.0,3014.0,32.29999923706055,,,,35.29999923706055,,32.400001525878906,fast_plan,3,,,,100.0
Castanopsis acuminatissima,-0.664416,123.131083,-1.0,123.0,3072.0,34.599998474121094,,,,39.099998474121094,,26.300003051757812,fast_plan,3,,,,100.0
Castanopsis acuminatissima,-2.833333,132.25,-3.0,132.0,3038.0,32.0,,,,36.099998474121094,,31.900001525878906,fast_plan,3,,,,100.0
Castanopsis argentea,-2.23,103.32,-3.0,103.0,3081.0,28.200000762939453,,,,41.400001525878906,,30.39999771118164,fast_plan,3,,,,100.0
Castanopsis argentea,-7.5258,110.7106,-8.0,110.0,3077.0,32.79999923706055,,,,34.599998474121094,,32.60000228881836,fast_plan,3,,,,100.0
Castanopsis argentea,9.16753,99.4734,9.0,99.0,3088.0,41.0,,,,26.100000381469727,,32.89999961853027,fast_plan,3,,,,100.0
Castanopsis argentea,-7.0274,106.5509,-8.0,106.0,3084.0,24.5,,,,39.20000076293945,,36.29999923706055,fast_plan,3,,,,100.0
Castanopsis argentea,26.041546,98.190982,26.0,98.0,3092.0,37.20000076293945,,,,28.200000762939453,,34.599998474121094,fast_plan,3,,,,100.0
Castanopsis argentea,-7.75,109.66667,-8.0,109.0,3079.0,32.099998474121094,,,,31.700000762939453,,36.20000076293945,fast_plan,3,,,,100.0
Castanopsis argentea,7.60275,99.37169,7.0,99.0,3075.0,37.29999923706055,,,,26.299999237060547,,36.400001525878906,fast_plan,3,,,,100.0
Castanopsis argentea,-7.1984,108.0428,-8.0,108.0,3089.0,27.5,,,,32.599998474121094,,39.900001525878906,fast_plan,3,,,,100.0
Castanopsis argentea,-2.91667,104.75,-3.0,104.0,3098.0,20.5,,,,45.5,,34.0,fast_plan,3,,,,100.0
Castanopsis argentea,18.52461,98.51581,18.0,98.0,3097.0,42.0,,,,34.599998474121094,,23.400001525878906,fast_plan,3,,,,100.0
Castanopsis argentea,-7.44222,107.67116,-8.0,107.0,3095.0,24.100000381469727,,,,37.79999923706055,,38.10000038146973,fast_plan,3,,,,100.0
Castanopsis carlesii,24.54,106.99,24.0,106.0,3150.0,22.399999618530273,,,,31.5,,46.10000038146973,fast_plan,3,,,,100.0
Castanopsis carlesii,29.496119,103.398589,29.0,103.0,3155.0,32.0,,,,26.799999237060547,,41.20000076293945,fast_plan,3,,,,100.0
Castanopsis carlesii,26.38,108.07,26.0,108.0,3118.0,27.5,,,,24.600000381469727,,47.89999961853027,fast_plan,3,,,,100.0
Castanopsis carlesii,31.95,108.67,31.0,108.0,3144.0,28.5,,,,23.5,,48.0,fast_plan,3,,,,100.0
Castanopsis carlesii,24.905949,108.842336,24.0,108.0,3120.0,25.899999618530273,,,,34.29999923706055,,39.80000114440918,fast_plan,3,,,,100.0
Castanopsis diversifolia,18.33333,99.21667,18.0,99.0,3171.0,51.70000076293945,,,,26.700000762939453,,21.599998474121094,fast_plan,3,,,,100.0
Castanopsis diversifolia,19.17722,101.13028,19.0,101.0,3162.0,35.599998474121094,,,,30.0,,34.400001525878906,fast_plan,3,,,,100.0
Castanopsis diversifolia,19.65,99.55,19.0,99.0,3165.0,34.099998474121094,,,,29.600000381469727,,36.30000114440918,fast_plan,3,,,,100.0
Castanopsis diversifolia,20.557,100.975,20.0,100.0,3169.0,29.299999237060547,,,,33.29999923706055,,37.400001525878906,fast_plan,3,,,,100.0
Castanopsis diversifolia,15.1767,106.23456,15.0,106.0,3167.0,38.29999923706055,,,,29.0,,32.70000076293945,fast_plan,3,,,,100.0
Castanopsis diversifolia,20.828,101.281,20.0,101.0,3159.0,31.299999237060547,,,,36.900001525878906,,31.799999237060547,fast_plan,3,,,,100.0
Castanopsis diversifolia,17.28333,98.41667,17.0,98.0,3163.0,40.599998474121094,,,,33.0,,26.400001525878906,fast_plan,3,,,,100.0
Castanopsis diversifolia,18.52469,98.51553,18.0,98.0,3168.0,42.0,,,,34.599998474121094,,23.400001525878906,fast_plan,3,,,,100.0
Castanopsis diversifolia,20.70898,102.67545,20.0,102.0,3161.0,28.5,,,,36.099998474121094,,35.400001525878906,fast_plan,3,,,,100.0
Castanopsis diversifolia,19.85733,102.17529,19.0,102.0,3166.0,32.900001525878906,,,,32.599998474121094,,34.5,fast_plan,3,,,,100.0
Castanopsis eyrei,24.24,115.75,24.0,115.0,3182.0,37.900001525878906,,,,24.5,,37.599998474121094,fast_plan,3,,,,100.0
Castanopsis eyrei,23.4632,114.6093,23.0,114.0,3196.0,44.599998474121094,,,,25.0,,30.400001525878906,fast_plan,3,,,,100.0
Castanopsis eyrei,25.275367,103.003972,25.0,103.0,3220.0,20.600000381469727,,,,45.29999923706055,,34.10000038146973,fast_plan,3,,,,100.0
Castanopsis eyrei,25.440455,118.698285,25.0,118.0,3212.0,32.70000076293945,,,,31.799999237060547,,35.5,fast_plan,3,,,,100.0
Castanopsis eyrei,24.82,98.3,24.0,98.0,3176.0,37.099998474121094,,,,32.0,,30.900001525878906,fast_plan,3,,,,100.0
Castanopsis eyrei,26.42093,112.39999,26.0,112.0,3208.0,25.299999237060547,,,,28.5,,46.20000076293945,fast_plan,3,,,,100.0
Castanopsis eyrei,23.78,115.7,23.0,115.0,3217.0,38.599998474121094,,,,29.0,,32.400001525878906,fast_plan,3,,,,100.0
Castanopsis eyrei,25.25,106.17,25.0,106.0,3214.0,19.299999237060547,,,,39.70000076293945,,41.0,fast_plan,3,,,,100.0
Castanopsis fissa,24.403562,111.566656,24.0,111.0,3241.0,27.0,,,,33.900001525878906,,39.099998474121094,fast_plan,3,,,,100.0
Castanopsis fissa,22.391288,106.817838,22.0,106.0,3233.0,23.600000381469727,,,,31.799999237060547,,44.60000038146973,fast_plan,3,,,,100.0
Castanopsis fissa,26.510769,115.989039,26.0,115.0,3271.0,43.099998474121094,,,,26.100000381469727,,30.80000114440918,fast_plan,3,,,,100.0
Castanopsis fissa,25.22845,113.217309,25.0,113.0,3269.0,48.900001525878906,,,,22.700000762939453,,28.39999771118164,fast_plan,3,,,,100.0
Castanopsis fissa,22.49655,104.33264,22.0,104.0,3286.0,36.79999923706055,,,,24.600000381469727,,38.60000038146973,fast_plan,3,,,,100.0
Castanopsis fissa,24.547767,110.352269,24.0,110.0,3232.0,38.599998474121094,,,,30.700000762939453,,30.700000762939453,fast_plan,3,,,,100.0
Castanopsis hystrix,11.51271,107.80079,11.0,107.0,3297.0,35.099998474121094,,,,35.400001525878906,,29.5,fast_plan,3,,,,100.0
Castanopsis hystrix,22.301,103.774,22.0,103.0,3293.0,32.0,,,,33.20000076293945,,34.79999923706055,fast_plan,3,,,,100.0
Castanopsis hystrix,16.76667,106.45,16.0,106.0,3292.0,38.5,,,,29.600000381469727,,31.899999618530273,fast_plan,3,,,,100.0
Castanopsis hystrix,11.5505,108.12645,11.0,108.0,3294.0,34.0,,,,34.29999923706055,,31.700000762939453,fast_plan,3,,,,100.0
Castanopsis hystrix,19.327,103.3723,19.0,103.0,3296.0,31.899999618530273,,,,28.0,,40.10000038146973,fast_plan,3,,,,100.0
Castanopsis hystrix,26.34971,111.07749,26.0,111.0,3299.0,38.5,,,,27.899999618530273,,33.60000038146973,fast_plan,3,,,,100.0
Castanopsis hystrix,20.35,105.21667,20.0,105.0,3300.0,30.899999618530273,,,,28.600000381469727,,40.5,fast_plan,3,,,,100.0
Castanopsis hystrix,14.68043,107.87373,14.0,107.0,3295.0,34.099998474121094,,,,35.5,,30.400001525878906,fast_plan,3,,,,100.0
Castanopsis hystrix,20.77036,101.21342,20.0,101.0,3298.0,31.100000381469727,,,,29.899999618530273,,39.0,fast_plan,3,,,,100.0
Castanopsis hystrix,16.19992,107.85381,16.0,107.0,3301.0,39.79999923706055,,,,30.200000762939453,,30.0,fast_plan,3,,,,100.0
Castanopsis indica,21.99102,100.73409,21.0,100.0,3305.0,29.5,,,,40.29999923706055,,30.200000762939453,fast_plan,3,,,,100.0
Castanopsis indica,26.864942,89.561457,26.0,89.0,3346.0,28.299999237060547,,,,29.100000381469727,,42.60000038146973,fast_plan,3,,,,100.0
Castanopsis indica,22.40929,103.44924,22.0,103.0,3314.0,29.299999237060547,,,,34.099998474121094,,36.60000228881836,fast_plan,3,,,,100.0
Castanopsis indica,23.5,120.683333,23.0,120.0,3347.0,37.599998474121094,,,,28.399999618530273,,34.00000190734863,fast_plan,3,,,,100.0
Castanopsis indica,20.08333,99.16667,20.0,99.0,3322.0,33.5,,,,34.70000076293945,,31.799999237060547,fast_plan,3,,,,100.0
Castanopsis indica,27.305958,88.593478,27.0,88.0,3330.0,35.5,,,,26.899999618530273,,37.60000038146973,fast_plan,3,,,,100.0
Castanopsis indica,28.4029,81.1427,28.0,81.0,3361.0,31.399999618530273,,,,21.799999237060547,,46.80000114440918,fast_plan,3,,,,100.0
Castanopsis indica,24.175587,110.235565,24.0,110.0,3341.0,37.70000076293945,,,,28.200000762939453,,34.099998474121094,fast_plan,3,,,,100.0
Castanopsis purpurella,24.905949,108.842336,24.0,108.0,3419.0,25.899999618530273,,,,34.29999923706055,,39.80000114440918,fast_plan,3,,,,100.0
Castanopsis purpurella,23.395774,106.626638,23.0,106.0,3406.0,20.200000762939453,,,,28.399999618530273,,51.39999961853027,fast_plan,3,,,,100.0
Castanopsis purpurella,25.4683,91.6219,25.0,91.0,3414.0,33.29999923706055,,,,36.79999923706055,,29.900001525878906,fast_plan,3,,,,100.0
Castanopsis purpurella,23.567593,120.66331,23.0,120.0,3397.0,28.600000381469727,,,,32.20000076293945,,39.19999885559082,fast_plan,3,,,,100.0
Castanopsis purpurella,25.5,118.23,25.0,118.0,3403.0,28.600000381469727,,,,28.399999618530273,,43.0,fast_plan,3,,,,100.0
Castanopsis purpurella,29.010101,114.412629,29.0,114.0,3372.0,38.599998474121094,,,,23.0,,38.400001525878906,fast_plan,3,,,,100.0
Castanopsis purpurella,24.63,110.63,24.0,110.0,3395.0,35.70000076293945,,,,31.600000381469727,,32.69999885559082,fast_plan,3,,,,100.0
Castanopsis sclerophylla,22.7,100.86,22.0,100.0,3451.0,31.200000762939453,,,,35.900001525878906,,32.89999771118164,fast_plan,3,,,,100.0
Castanopsis sclerophylla,26.33,114.52,26.0,114.0,3440.0,35.599998474121094,,,,26.0,,38.400001525878906,fast_plan,3,,,,100.0
Castanopsis sclerophylla,31.63,114.87,31.0,114.0,3473.0,37.70000076293945,,,,22.100000381469727,,40.19999885559082,fast_plan,3,,,,100.0
Castanopsis sclerophylla,25.03299,109.926496,25.0,109.0,3424.0,38.29999923706055,,,,25.0,,36.70000076293945,fast_plan,3,,,,100.0
Castanopsis sclerophylla,30.533333,114.416664,30.0,114.0,3442.0,28.0,,,,26.899999618530273,,45.10000038146973,fast_plan,3,,,,100.0
Castanopsis sclerophylla,26.96444,112.61167,26.0,112.0,3471.0,28.299999237060547,,,,31.600000381469727,,40.10000038146973,fast_plan,3,,,,100.0
Castanopsis tribuloides,22.303,103.775,22.0,103.0,3495.0,32.599998474121094,,,,34.400001525878906,,33.0,fast_plan,3,,,,100.0
Castanopsis tribuloides,18.98083,103.15167,18.0,103.0,3520.0,33.20000076293945,,,,33.5,,33.29999923706055,fast_plan,3,,,,100.0
Castanopsis tribuloides,24.906511,93.826729,24.0,93.0,3504.0,32.599998474121094,,,,32.0,,35.400001525878906,fast_plan,3,,,,100.0
Castanopsis tribuloides,27.5,90.5,27.0,90.0,3512.0,30.5,,,,33.5,,36.0,fast_plan,3,,,,100.0
Castanopsis tribuloides,24.883333,91.85,24.0,91.0,3484.0,59.79999923706055,,,,18.399999618530273,,21.80000114440918,fast_plan,3,,,,100.0
Castanopsis tribuloides,20.12472,100.29611,20.0,100.0,3511.0,22.700000762939453,,,,33.599998474121094,,43.70000076293945,fast_plan,3,,,,100.0
Castanopsis tribuloides,25.75,98.566667,25.0,98.0,3516.0,30.399999618530273,,,,26.899999618530273,,42.70000076293945,fast_plan,3,,,,100.0
Castanopsis tribuloides,16.87129,101.71867,16.0,101.0,3483.0,41.599998474121094,,,,30.799999237060547,,27.60000228881836,fast_plan,3,,,,100.0
Castanopsis tribuloides,19.44863,104.11544,19.0,104.0,3493.0,35.099998474121094,,,,31.5,,33.400001525878906,fast_plan,3,,,,100.0
Castanopsis tribuloides,17.5,98.41667,17.0,98.0,3533.0,48.29999923706055,,,,26.899999618530273,,24.80000114440918,fast_plan,3,,,,100.0
Castanopsis tribuloides,16.24431,107.93837,16.0,107.0,3491.0,37.79999923706055,,,,31.600000381469727,,30.600000381469727,fast_plan,3,,,,100.0
Casuarina equisetifolia,-12.61888,143.4487,-13.0,143.0,3561.0,51.400001525878906,,,,23.899999618530273,,24.69999885559082,fast_plan,3,,,,100.0
Casuarina equisetifolia,17.746812,79.719323,17.0,79.0,3558.0,34.20000076293945,,,,27.399999618530273,,38.39999961853027,fast_plan,3,,,,100.0
Casuarina equisetifolia,13.43318,75.254457,13.0,75.0,3540.0,44.0,,,,29.299999237060547,,26.700000762939453,fast_plan,3,,,,100.0
Casuarina equisetifolia,-30.309395,153.139094,-31.0,153.0,3576.0,56.099998474121094,,,,19.600000381469727,,24.30000114440918,fast_plan,3,,,,100.0
Casuarina equisetifolia,17.497443,106.6209,17.0,106.0,3557.0,35.0,,,,28.700000762939453,,36.29999923706055,fast_plan,3,,,,100.0
Casuarina equisetifolia,-8.13333,131.11667,-9.0,131.0,3572.0,40.29999923706055,,,,31.100000381469727,,28.600000381469727,fast_plan,3,,,,100.0
Casuarina equisetifolia,-8.237146,115.379695,-9.0,115.0,3537.0,40.599998474121094,,,,35.5,,23.900001525878906,fast_plan,3,,,,100.0
Ceiba pentandra,19.883887,-100.803536,19.0,-101.0,3614.0,42.900001525878906,,,,32.70000076293945,,24.39999771118164,fast_plan,3,,,,100.0
Ceiba pentandra,0.24,-72.933889,0.0,-73.0,3607.0,45.70000076293945,,,,25.0,,29.299999237060547,fast_plan,3,,,,100.0
Ceiba pentandra,16.263092,-90.493539,16.0,-91.0,3629.0,43.400001525878906,,,,32.70000076293945,,23.89999771118164,fast_plan,3,,,,100.0
Ceiba pentandra,2.817086,-52.460707,2.0,-53.0,3633.0,42.099998474121094,,,,31.700000762939453,,26.200000762939453,fast_plan,3,,,,100.0
Ceiba pentandra,19.052834,-95.986342,19.0,-96.0,3631.0,34.900001525878906,,,,31.299999237060547,,33.79999923706055,fast_plan,3,,,,100.0
Ceiba pentandra,-1.393511,-61.870127,-2.0,-62.0,3613.0,42.400001525878906,,,,30.100000381469727,,27.499998092651367,fast_plan,3,,,,100.0
Ceiba pentandra,17.8982,-77.0253,17.0,-78.0,3630.0,27.700000762939453,,,,38.29999923706055,,34.0,fast_plan,3,,,,100.0
Ceiba pentandra,5.430074,-72.451224,5.0,-73.0,3625.0,39.5,,,,28.299999237060547,,32.20000076293945,fast_plan,3,,,,100.0
Ceiba pentandra,8.5637,-75.521406,8.0,-76.0,3642.0,27.0,,,,38.20000076293945,,34.79999923706055,fast_plan,3,,,,100.0
Celtis cerasifera,21.97,100.45,21.0,100.0,3659.0,30.700000762939453,,,,38.20000076293945,,31.099998474121094,fast_plan,3,,,,100.0
Celtis cerasifera,32.4,109.35,32.0,109.0,3673.0,32.0,,,,25.399999618530273,,42.60000038146973,fast_plan,3,,,,100.0
Celtis cerasifera,33.31,108.31,33.0,108.0,3661.0,45.0,,,,19.100000381469727,,35.89999961853027,fast_plan,3,,,,100.0
Celtis cerasifera,29.85,95.76,29.0,95.0,3703.0,51.20000076293945,,,,12.399999618530273,,36.39999961853027,fast_plan,3,,,,100.0
Celtis cerasifera,25.327614,98.703667,25.0,98.0,3674.0,32.400001525878906,,,,26.600000381469727,,40.99999809265137,fast_plan,3,,,,100.0
Celtis cerasifera,28.85,85.29,28.0,85.0,3701.0,46.70000076293945,,,,16.700000762939453,,36.599998474121094,fast_plan,3,,,,100.0
Celtis cerasifera,28.35583,98.84583,28.0,98.0,3658.0,48.70000076293945,,,,14.300000190734863,,36.999999046325684,fast_plan,3,,,,100.0
Celtis cerasifera,22.02,100.8,22.0,100.0,3692.0,30.700000762939453,,,,41.70000076293945,,27.599998474121094,fast_plan,3,,,,100.0
Choerospondias axillaris,29.39,110.16,29.0,110.0,3709.0,21.5,,,,30.799999237060547,,47.70000076293945,fast_plan,3,,,,100.0
Choerospondias axillaris,26.466667,111.316667,26.0,111.0,3729.0,37.79999923706055,,,,28.600000381469727,,33.60000038146973,fast_plan,3,,,,100.0
Choerospondias axillaris,24.52,117.37,24.0,117.0,3728.0,39.29999923706055,,,,21.100000381469727,,39.60000038146973,fast_plan,3,,,,100.0
Choerospondias axillaris,26.43,110.85,26.0,110.0,3713.0,27.100000381469727,,,,33.599998474121094,,39.30000114440918,fast_plan,3,,,,100.0
Choerospondias axillaris,24.15,107.25,24.0,107.0,3718.0,20.399999618530273,,,,31.600000381469727,,48.0,fast_plan,3,,,,100.0
Choerospondias axillaris,26.865501,89.56237,26.0,89.0,3737.0,28.299999237060547,,,,29.100000381469727,,42.60000038146973,fast_plan,3,,,,100.0
Cinnamomum burmannii,27.55,117.33,27.0,117.0,3798.0,44.900001525878906,,,,26.799999237060547,,28.299999237060547,fast_plan,3,,,,100.0
Cinnamomum burmannii,22.391288,106.817838,22.0,106.0,3800.0,23.600000381469727,,,,31.799999237060547,,44.60000038146973,fast_plan,3,,,,100.0
Cinnamomum burmannii,-7.24139,109.21444,-8.0,109.0,3786.0,43.20000076293945,,,,24.100000381469727,,32.69999885559082,fast_plan,3,,,,100.0
Cinnamomum burmannii,25.635742,109.592453,25.0,109.0,3795.0,30.700000762939453,,,,25.299999237060547,,44.0,fast_plan,3,,,,100.0
Cinnamomum burmannii,26.33,114.52,26.0,114.0,3792.0,35.599998474121094,,,,26.0,,38.400001525878906,fast_plan,3,,,,100.0
Cinnamomum burmannii,28.72,113.58,28.0,113.0,3814.0,25.600000381469727,,,,26.5,,47.89999961853027,fast_plan,3,,,,100.0
Cinnamomum camphora,33.664,135.668,33.0,135.0,3824.0,36.099998474121094,,,,34.20000076293945,,29.700000762939453,fast_plan,3,,,,100.0
Cinnamomum camphora,36.285556,138.994444,36.0,138.0,3873.0,40.099998474121094,,,,24.0,,35.900001525878906,fast_plan,3,,,,100.0
Cinnamomum camphora,32.628372,129.810244,32.0,129.0,3836.0,33.400001525878906,,,,33.099998474121094,,33.5,fast_plan,3,,,,100.0
Cinnamomum camphora,36.2275,139.533056,36.0,139.0,3830.0,40.099998474121094,,,,25.299999237060547,,34.60000228881836,fast_plan,3,,,,100.0
Cinnamomum camphora,33.544983,131.435086,33.0,131.0,3839.0,35.70000076293945,,,,31.5,,32.79999923706055,fast_plan,3,,,,100.0
Cinnamomum camphora,35.12828,138.55939,35.0,138.0,3883.0,33.70000076293945,,,,32.0,,34.29999923706055,fast_plan,3,,,,100.0
Cinnamomum rhynchophyllum,0.43333,116.7,0.0,116.0,3887.0,32.79999923706055,,,,35.5,,31.700000762939453,fast_plan,3,,,,100.0
Cinnamomum rhynchophyllum,1.73333,109.833,1.0,109.0,3897.0,33.900001525878906,,,,37.79999923706055,,28.299999237060547,fast_plan,3,,,,100.0
Cinnamomum rhynchophyllum,0.37,108.97,0.0,108.0,3894.0,23.200000762939453,,,,39.400001525878906,,37.39999771118164,fast_plan,3,,,,100.0
Cinnamomum rhynchophyllum,0.02,100.5206,0.0,100.0,3898.0,29.299999237060547,,,,45.79999923706055,,24.900001525878906,fast_plan,3,,,,100.0
Cinnamomum rhynchophyllum,2.71667,97.9,2.0,97.0,3890.0,30.899999618530273,,,,38.70000076293945,,30.399999618530273,fast_plan,3,,,,100.0
Cinnamomum rhynchophyllum,-2.95,102.68333,-3.0,102.0,3891.0,24.5,,,,48.79999923706055,,26.700000762939453,fast_plan,3,,,,100.0
Cinnamomum rhynchophyllum,-0.63,100.6967,-1.0,100.0,3895.0,32.599998474121094,,,,39.70000076293945,,27.700000762939453,fast_plan,3,,,,100.0
Cinnamomum rhynchophyllum,-0.516083,112.601972,-1.0,112.0,3892.0,27.299999237060547,,,,44.099998474121094,,28.60000228881836,fast_plan,3,,,,100.0
Cinnamomum rhynchophyllum,-4.65,105.2,-5.0,105.0,3899.0,24.399999618530273,,,,44.400001525878906,,31.19999885559082,fast_plan,3,,,,100.0
Cinnamomum verum,7.581,80.627,7.0,80.0,3905.0,37.79999923706055,,,,32.099998474121094,,30.10000228881836,fast_plan,3,,,,100.0
Cinnamomum verum,6.441287,80.418113,6.0,80.0,3903.0,31.200000762939453,,,,38.099998474121094,,30.700000762939453,fast_plan,3,,,,100.0
Cinnamomum verum,8.034414,80.748558,8.0,80.0,3908.0,42.599998474121094,,,,30.200000762939453,,27.200000762939453,fast_plan,3,,,,100.0
Cinnamomum verum,9.329097,80.684976,9.0,80.0,3906.0,32.70000076293945,,,,32.29999923706055,,35.0,fast_plan,3,,,,100.0
Cleistanthus oblongifolius,24.5,91.66667,24.0,91.0,3909.0,40.0,,,,27.399999618530273,,32.60000038146973,fast_plan,3,,,,100.0
Cleistanthus oblongifolius,11.68333,92.61667,11.0,92.0,3935.0,43.900001525878906,,,,27.899999618530273,,28.19999885559082,fast_plan,3,,,,100.0
Cleistanthus oblongifolius,6.583333,100.583333,6.0,100.0,3925.0,31.799999237060547,,,,34.599998474121094,,33.60000228881836,fast_plan,3,,,,100.0
Cleistanthus oblongifolius,-1.88333,136.23333,-2.0,136.0,3918.0,27.899999618530273,,,,44.0,,28.100000381469727,fast_plan,3,,,,100.0
Cleistanthus oblongifolius,-5.4,102.26667,-6.0,102.0,3938.0,30.200000762939453,,,,33.400001525878906,,36.39999771118164,fast_plan,3,,,,100.0
Cleistanthus oblongifolius,-9.479166,147.526944,-10.0,147.0,3936.0,34.29999923706055,,,,38.900001525878906,,26.799999237060547,fast_plan,3,,,,100.0
Cleistanthus oblongifolius,-0.83779,133.79349,-1.0,133.0,3943.0,31.0,,,,37.400001525878906,,31.599998474121094,fast_plan,3,,,,100.0
Cleistanthus oblongifolius,6.55,99.666667,6.0,99.0,3934.0,40.29999923706055,,,,25.899999618530273,,33.80000114440918,fast_plan,3,,,,100.0
Cleistanthus oblongifolius,5.3,115.8,5.0,115.0,3945.0,30.700000762939453,,,,39.400001525878906,,29.89999771118164,fast_plan,3,,,,100.0
Cleistanthus oblongifolius,-2.36042,138.81138,-3.0,138.0,3940.0,34.400001525878906,,,,38.099998474121094,,27.5,fast_plan,3,,,,100.0
Cleistanthus oblongifolius,3.38333,102.88333,3.0,102.0,3957.0,35.79999923706055,,,,35.70000076293945,,28.5,fast_plan,3,,,,100.0
Cleistanthus oblongifolius,7.55,99.8,7.0,99.0,3947.0,37.900001525878906,,,,31.799999237060547,,30.299999237060547,fast_plan,3,,,,100.0
Clerodendrum viscosum,26.916667,87.933333,26.0,87.0,3992.0,36.599998474121094,,,,23.200000762939453,,40.20000076293945,fast_plan,3,,,,100.0
Clerodendrum viscosum,11.8417,77.1833,11.0,77.0,3972.0,39.599998474121094,,,,32.29999923706055,,28.10000228881836,fast_plan,3,,,,100.0
Clerodendrum viscosum,27.55,84.4667,27.0,84.0,3969.0,39.099998474121094,,,,15.899999618530273,,45.00000190734863,fast_plan,3,,,,100.0
Clerodendrum viscosum,22.312354,73.190803,22.0,73.0,3970.0,37.70000076293945,,,,26.299999237060547,,36.0,fast_plan,3,,,,100.0
Clerodendrum viscosum,25.85,100.5667,25.0,100.0,3988.0,34.599998474121094,,,,24.0,,41.400001525878906,fast_plan,3,,,,100.0
Clerodendrum viscosum,21.653,87.5583,21.0,87.0,3971.0,14.800000190734863,,,,29.899999618530273,,55.30000019073486,fast_plan,3,,,,100.0
Clerodendrum viscosum,10.2667,77.5167,10.0,77.0,3975.0,35.099998474121094,,,,30.899999618530273,,34.00000190734863,fast_plan,3,,,,100.0
Clerodendrum viscosum,28.817163,83.871338,28.0,83.0,3979.0,50.20000076293945,,,,16.700000762939453,,33.099998474121094,fast_plan,3,,,,100.0
Clerodendrum viscosum,15.964716,74.003571,15.0,74.0,3978.0,36.400001525878906,,,,36.400001525878906,,27.199996948242188,fast_plan,3,,,,100.0
Coffea liberica,5.28333,-4.78333,5.0,-5.0,4009.0,67.9000015258789,,,,15.600000381469727,,16.499998092651367,fast_plan,3,,,,100.0
Coffea liberica,7.453822,-7.599114,7.0,-8.0,4004.0,50.20000076293945,,,,27.299999237060547,,22.5,fast_plan,3,,,,100.0
Coffea liberica,7.1702,2.5009,7.0,2.0,3994.0,52.0,,,,26.299999237060547,,21.700000762939453,fast_plan,3,,,,100.0
Coffea liberica,7.459848,-8.677,7.0,-9.0,4000.0,54.20000076293945,,,,22.100000381469727,,23.69999885559082,fast_plan,3,,,,100.0
Coffea liberica,8.84999,1.71868,8.0,1.0,3995.0,53.5,,,,22.200000762939453,,24.299999237060547,fast_plan,3,,,,100.0
Coffea liberica,5.85,-7.41667,5.0,-8.0,4008.0,70.19999694824219,,,,17.5,,12.300003051757812,fast_plan,3,,,,100.0
Coffea liberica,6.1,5.88333,6.0,5.0,4002.0,77.5999984741211,,,,14.699999809265137,,7.7000017166137695,fast_plan,3,,,,100.0
Coffea liberica,6.5687,2.6231,6.0,2.0,3997.0,67.5,,,,16.5,,16.0,fast_plan,3,,,,100.0
Coffea liberica,5.688888,-8.151388,5.0,-9.0,4003.0,50.0,,,,30.600000381469727,,19.399999618530273,fast_plan,3,,,,100.0
Coffea liberica,6.083333,-7.516667,6.0,-8.0,4007.0,67.4000015258789,,,,19.200000762939453,,13.39999771118164,fast_plan,3,,,,100.0
Combretocarpus rotundatus,5.53333,115.66667,5.0,115.0,4021.0,28.399999618530273,,,,38.29999923706055,,33.30000114440918,fast_plan,3,,,,100.0
Combretocarpus rotundatus,4.58333,114.43333,4.0,114.0,4015.0,31.299999237060547,,,,34.0,,34.70000076293945,fast_plan,3,,,,100.0
Combretocarpus rotundatus,-2.25,113.83333,-3.0,113.0,4017.0,24.5,,,,40.29999923706055,,35.20000076293945,fast_plan,3,,,,100.0
Combretocarpus rotundatus,-3.25,105.16667,-4.0,105.0,4031.0,19.600000381469727,,,,44.900001525878906,,35.49999809265137,fast_plan,3,,,,100.0
Combretocarpus rotundatus,-0.41667,109.66667,-1.0,109.0,4011.0,31.100000381469727,,,,31.799999237060547,,37.10000038146973,fast_plan,3,,,,100.0
Combretocarpus rotundatus,-0.57,113.44,-1.0,113.0,4029.0,32.0,,,,34.099998474121094,,33.900001525878906,fast_plan,3,,,,100.0
Combretocarpus rotundatus,-2.91667,104.75,-3.0,104.0,4025.0,20.5,,,,45.5,,34.0,fast_plan,3,,,,100.0
Combretocarpus rotundatus,-0.33333,115.91667,-1.0,115.0,4012.0,20.100000381469727,,,,49.900001525878906,,29.999998092651367,fast_plan,3,,,,100.0
Combretocarpus rotundatus,1.24722,111.45278,1.0,111.0,4033.0,24.799999237060547,,,,36.099998474121094,,39.10000228881836,fast_plan,3,,,,100.0
Combretocarpus rotundatus,2.5,111.75,2.0,111.0,4024.0,31.600000381469727,,,,37.900001525878906,,30.499998092651367,fast_plan,3,,,,100.0
Combretocarpus rotundatus,-2.53333,112.95,-3.0,112.0,4023.0,23.299999237060547,,,,42.70000076293945,,34.0,fast_plan,3,,,,100.0
Combretocarpus rotundatus,0.06667,111.5,0.0,111.0,4019.0,26.799999237060547,,,,37.20000076293945,,36.0,fast_plan,3,,,,100.0
Corymbia intermedia,-25.27592,148.52838,-26.0,148.0,4043.0,51.20000076293945,,,,31.5,,17.299999237060547,fast_plan,3,,,,100.0
Corymbia intermedia,-22.57126,150.41823,-23.0,150.0,4095.0,52.900001525878906,,,,20.399999618530273,,26.69999885559082,fast_plan,3,,,,100.0
Corymbia intermedia,-17.65072,146.11714,-18.0,146.0,4087.0,71.19999694824219,,,,13.100000381469727,,15.700002670288086,fast_plan,3,,,,100.0
Corymbia intermedia,-23.27975,147.72968,-24.0,147.0,4052.0,50.70000076293945,,,,34.599998474121094,,14.700000762939453,fast_plan,3,,,,100.0
Corymbia intermedia,-14.9208,144.9639,-15.0,144.0,4057.0,50.5,,,,24.100000381469727,,25.399999618530273,fast_plan,3,,,,100.0
Corymbia intermedia,-19.25,145.41667,-20.0,145.0,4067.0,60.900001525878906,,,,19.899999618530273,,19.19999885559082,fast_plan,3,,,,100.0
Corymbia intermedia,-16.9267,146.00079,-17.0,146.0,4038.0,48.20000076293945,,,,24.0,,27.799999237060547,fast_plan,3,,,,100.0
Corymbia intermedia,-23.75009,148.72316,-24.0,148.0,4062.0,47.599998474121094,,,,36.20000076293945,,16.200000762939453,fast_plan,3,,,,100.0
Corymbia intermedia,-21.41255,148.58048,-22.0,148.0,4088.0,49.20000076293945,,,,30.399999618530273,,20.399999618530273,fast_plan,3,,,,100.0
Corymbia intermedia,-18.4083,146.3225,-19.0,146.0,4079.0,54.5,,,,27.0,,18.5,fast_plan,3,,,,100.0
Corymbia intermedia,-24.77603,153.15996,-25.0,153.0,4045.0,51.79999923706055,,,,27.799999237060547,,20.400001525878906,fast_plan,3,,,,100.0
Corymbia intermedia,-23.69613,149.63757,-24.0,149.0,4092.0,42.400001525878906,,,,38.099998474121094,,19.5,fast_plan,3,,,,100.0
Corymbia torelliana,-10.581851,142.220174,-11.0,142.0,4126.0,52.599998474121094,,,,28.5,,18.900001525878906,fast_plan,4,,,,100.0
Corymbia torelliana,-26.418054,153.090305,-27.0,153.0,4103.0,84.0,,,,9.899999618530273,,6.100000381469727,fast_plan,4,,,,100.0
Corymbia torelliana,-26.7333,150.6167,-27.0,150.0,4105.0,50.5,,,,34.70000076293945,,14.799999237060547,fast_plan,4,,,,100.0
Corymbia torelliana,-20.1005,146.888,-21.0,146.0,4096.0,63.70000076293945,,,,22.600000381469727,,13.69999885559082,fast_plan,4,,,,100.0
Corymbia torelliana,-23.863583,151.264931,-24.0,151.0,4102.0,44.79999923706055,,,,28.200000762939453,,27.0,fast_plan,4,,,,100.0
Corymbia torelliana,-27.532267,152.480103,-28.0,152.0,4109.0,44.900001525878906,,,,33.900001525878906,,21.199996948242188,fast_plan,4,,,,100.0
Corymbia torelliana,-19.0019,144.9827,-20.0,144.0,4118.0,57.20000076293945,,,,24.899999618530273,,17.899999618530273,fast_plan,4,,,,100.0
Corymbia torelliana,-25.890942,153.081803,-26.0,153.0,4098.0,75.0,,,,16.100000381469727,,8.899999618530273,fast_plan,4,,,,100.0
Corymbia torelliana,-18.52763,145.65216,-19.0,145.0,4119.0,43.0,,,,30.600000381469727,,26.399999618530273,fast_plan,4,,,,100.0
Corymbia torelliana,-20.559831,147.814707,-21.0,147.0,4101.0,61.79999923706055,,,,22.600000381469727,,15.600000381469727,fast_plan,4,,,,100.0
Corymbia torelliana,-25.545325,152.579116,-26.0,152.0,4127.0,61.5,,,,20.899999618530273,,17.600000381469727,fast_plan,4,,,,100.0
Cotylelobium burckii,-0.926,114.86733,-1.0,114.0,4142.0,29.5,,,,38.900001525878906,,31.599998474121094,fast_plan,4,,,,100.0
Cotylelobium burckii,0.36667,108.96667,0.0,108.0,4147.0,24.200000762939453,,,,38.900001525878906,,36.89999771118164,fast_plan,4,,,,100.0
Cotylelobium burckii,-1.55,114.46667,-2.0,114.0,4143.0,31.0,,,,32.20000076293945,,36.79999923706055,fast_plan,4,,,,100.0
Cotylelobium burckii,3.16667,113.03333,3.0,113.0,4146.0,21.299999237060547,,,,42.400001525878906,,36.29999923706055,fast_plan,4,,,,100.0
Cotylelobium burckii,-2.53333,112.95,-3.0,112.0,4140.0,23.299999237060547,,,,42.70000076293945,,34.0,fast_plan,4,,,,100.0
Cotylelobium burckii,1.75,116.13333,1.0,116.0,4136.0,34.900001525878906,,,,36.29999923706055,,28.799999237060547,fast_plan,4,,,,100.0
Cotylelobium burckii,2.763611,112.338889,2.0,112.0,4150.0,26.899999618530273,,,,42.0,,31.100000381469727,fast_plan,4,,,,100.0
Cotylelobium burckii,1.25,111.4167,1.0,111.0,4149.0,22.399999618530273,,,,41.099998474121094,,36.50000190734863,fast_plan,4,,,,100.0
Cotylelobium burckii,4.56667,114.41667,4.0,114.0,4133.0,32.0,,,,34.20000076293945,,33.79999923706055,fast_plan,4,,,,100.0
Cotylelobium burckii,0.63952,109.57636,0.0,109.0,4144.0,41.70000076293945,,,,31.700000762939453,,26.599998474121094,fast_plan,4,,,,100.0
Cotylelobium lanceolatum,0.4,113.3,0.0,113.0,4157.0,27.100000381469727,,,,42.70000076293945,,30.19999885559082,fast_plan,4,,,,100.0
Cotylelobium lanceolatum,4.23333,117.6,4.0,117.0,4159.0,26.100000381469727,,,,41.400001525878906,,32.49999809265137,fast_plan,4,,,,100.0
Cotylelobium lanceolatum,-2.53333,112.95,-3.0,112.0,4160.0,23.299999237060547,,,,42.70000076293945,,34.0,fast_plan,4,,,,100.0
Cotylelobium lanceolatum,-1.58,108.88,-2.0,108.0,4170.0,23.200000762939453,,,,41.20000076293945,,35.599998474121094,fast_plan,4,,,,100.0
Cotylelobium lanceolatum,1.75,117.5,1.0,117.0,4165.0,35.5,,,,32.70000076293945,,31.799999237060547,fast_plan,4,,,,100.0
Cotylelobium lanceolatum,2.757778,112.340833,2.0,112.0,4172.0,30.200000762939453,,,,41.900001525878906,,27.89999771118164,fast_plan,4,,,,100.0
Cotylelobium lanceolatum,4.55,102.3,4.0,102.0,4152.0,37.20000076293945,,,,37.5,,25.299999237060547,fast_plan,4,,,,100.0
Cotylelobium lanceolatum,1.834167,109.682222,1.0,109.0,4161.0,42.20000076293945,,,,35.79999923706055,,22.0,fast_plan,4,,,,100.0
Cotylelobium lanceolatum,1.41667,110.41667,1.0,110.0,4164.0,17.700000762939453,,,,50.599998474121094,,31.700000762939453,fast_plan,4,,,,100.0
Cotylelobium lanceolatum,-0.78,117.2,-1.0,117.0,4163.0,26.0,,,,33.20000076293945,,40.79999923706055,fast_plan,4,,,,100.0
Crataegus scabrifolia,24.615701,100.709787,24.0,100.0,4199.0,26.700000762939453,,,,25.100000381469727,,48.19999885559082,fast_plan,4,,,,100.0
Crataegus scabrifolia,25.466544,105.289085,25.0,105.0,4204.0,18.899999618530273,,,,38.20000076293945,,42.89999961853027,fast_plan,4,,,,100.0
Crataegus scabrifolia,26.679722,106.33697,26.0,106.0,4195.0,24.600000381469727,,,,34.099998474121094,,41.30000114440918,fast_plan,4,,,,100.0
Crataegus scabrifolia,24.814083,102.396988,24.0,102.0,4198.0,19.200000762939453,,,,36.099998474121094,,44.70000076293945,fast_plan,4,,,,100.0
Crataegus scabrifolia,25.7,104.46,25.0,104.0,4196.0,24.799999237060547,,,,31.399999618530273,,43.80000114440918,fast_plan,4,,,,100.0
Crataegus scabrifolia,31.43,103.17,31.0,103.0,4186.0,29.799999237060547,,,,22.600000381469727,,47.60000038146973,fast_plan,4,,,,100.0
Cratoxylum arborescens,-2.0,112.46667,-2.0,112.0,4227.0,24.5,,,,44.29999923706055,,31.200000762939453,fast_plan,4,,,,100.0
Cratoxylum arborescens,4.2,113.98333,4.0,113.0,4210.0,30.5,,,,38.79999923706055,,30.700000762939453,fast_plan,4,,,,100.0
Cratoxylum arborescens,1.58333,114.53333,1.0,114.0,4254.0,30.899999618530273,,,,39.29999923706055,,29.80000114440918,fast_plan,4,,,,100.0
Cratoxylum arborescens,-1.66667,116.23333,-2.0,116.0,4242.0,25.100000381469727,,,,41.400001525878906,,33.49999809265137,fast_plan,4,,,,100.0
Cratoxylum arborescens,4.75,115.67,4.0,115.0,4212.0,31.700000762939453,,,,38.70000076293945,,29.599998474121094,fast_plan,4,,,,100.0
Cratoxylum arborescens,-0.96667,115.31667,-1.0,115.0,4233.0,28.899999618530273,,,,37.5,,33.60000038146973,fast_plan,4,,,,100.0
Cratoxylum arborescens,6.3,116.35,6.0,116.0,4232.0,26.700000762939453,,,,45.20000076293945,,28.099998474121094,fast_plan,4,,,,100.0
Cratoxylum arborescens,-0.95,113.73333,-1.0,113.0,4246.0,26.100000381469727,,,,41.20000076293945,,32.69999885559082,fast_plan,4,,,,100.0
Cratoxylum arborescens,3.75,115.45,3.0,115.0,4253.0,32.70000076293945,,,,35.599998474121094,,31.700000762939453,fast_plan,4,,,,100.0
Cratoxylum glaucum,0.36667,108.96667,0.0,108.0,4275.0,24.200000762939453,,,,38.900001525878906,,36.89999771118164,fast_plan,4,,,,100.0
Cratoxylum glaucum,-2.75,107.65,-3.0,107.0,4263.0,24.5,,,,34.099998474121094,,41.400001525878906,fast_plan,4,,,,100.0
Cratoxylum glaucum,4.53333,114.45,4.0,114.0,4261.0,30.899999618530273,,,,36.79999923706055,,32.30000114440918,fast_plan,4,,,,100.0
Cratoxylum glaucum,4.83333,115.56667,4.0,115.0,4273.0,33.0,,,,39.5,,27.5,fast_plan,4,,,,100.0
Cratoxylum glaucum,-0.616667,112.25,-1.0,112.0,4270.0,32.29999923706055,,,,38.400001525878906,,29.299999237060547,fast_plan,4,,,,100.0
Cratoxylum glaucum,1.31667,117.71667,1.0,117.0,4268.0,29.600000381469727,,,,35.900001525878906,,34.49999809265137,fast_plan,4,,,,100.0
Cratoxylum glaucum,-2.53333,112.95,-3.0,112.0,4282.0,23.299999237060547,,,,42.70000076293945,,34.0,fast_plan,4,,,,100.0
Cratoxylum glaucum,1.011171,104.006307,1.0,104.0,4281.0,24.100000381469727,,,,34.5,,41.39999961853027,fast_plan,4,,,,100.0
Cratoxylum glaucum,1.2361,114.4858,1.0,114.0,4257.0,30.799999237060547,,,,38.20000076293945,,31.0,fast_plan,4,,,,100.0
Cratoxylum glaucum,-1.86667,110.0,-2.0,110.0,4264.0,20.899999618530273,,,,40.599998474121094,,38.50000190734863,fast_plan,4,,,,100.0
Cratoxylum glaucum,-0.1,114.85,-1.0,114.0,4267.0,27.299999237060547,,,,41.29999923706055,,31.400001525878906,fast_plan,4,,,,100.0
Cryptocarya chinensis,25.02,117.53,25.0,117.0,4307.0,26.600000381469727,,,,34.20000076293945,,39.19999885559082,fast_plan,4,,,,100.0
Cryptocarya chinensis,23.226775,108.229301,23.0,108.0,4322.0,28.200000762939453,,,,35.79999923706055,,36.0,fast_plan,4,,,,100.0
Cryptocarya chinensis,23.627,120.5067,23.0,120.0,4309.0,26.799999237060547,,,,30.0,,43.20000076293945,fast_plan,4,,,,100.0
Cryptocarya chinensis,31.6,131.4,31.0,131.0,4327.0,28.0,,,,33.5,,38.5,fast_plan,4,,,,100.0
Cryptocarya chinensis,22.082121,109.876746,22.0,109.0,4292.0,35.599998474121094,,,,28.299999237060547,,36.10000228881836,fast_plan,4,,,,100.0
Cryptocarya chinensis,22.550833,120.656389,22.0,120.0,4320.0,26.0,,,,31.299999237060547,,42.70000076293945,fast_plan,4,,,,100.0
Cullenia exarillata,11.43911,76.38958,11.0,76.0,4341.0,43.5,,,,32.0,,24.5,fast_plan,4,,,,100.0
Cullenia exarillata,9.426389,77.352778,9.0,77.0,4338.0,33.79999923706055,,,,36.400001525878906,,29.799999237060547,fast_plan,4,,,,100.0
Cullenia exarillata,10.30502,77.03329,10.0,77.0,4336.0,31.0,,,,35.400001525878906,,33.599998474121094,fast_plan,4,,,,100.0
Cullenia exarillata,10.530298,76.347318,10.0,76.0,4337.0,45.0,,,,28.299999237060547,,26.700000762939453,fast_plan,4,,,,100.0
Cullenia exarillata,8.505374,77.466255,8.0,77.0,4340.0,32.79999923706055,,,,33.5,,33.70000076293945,fast_plan,4,,,,100.0
Cullenia exarillata,11.83664,75.80986,11.0,75.0,4339.0,41.29999923706055,,,,31.899999618530273,,26.80000114440918,fast_plan,4,,,,100.0
Cunninghamia lanceolata,33.28,111.48,33.0,111.0,4361.0,41.0,,,,21.700000762939453,,37.29999923706055,fast_plan,4,,,,100.0
Cunninghamia lanceolata,22.529465,103.939279,22.0,103.0,4376.0,35.099998474121094,,,,37.20000076293945,,27.700000762939453,fast_plan,4,,,,100.0
Cunninghamia lanceolata,25.466544,105.289085,25.0,105.0,4390.0,18.899999618530273,,,,38.20000076293945,,42.89999961853027,fast_plan,4,,,,100.0
Cunninghamia lanceolata,25.391111,98.698056,25.0,98.0,4344.0,34.70000076293945,,,,26.600000381469727,,38.69999885559082,fast_plan,4,,,,100.0
Dacrycarpus imbricatus,4.3,115.31667,4.0,115.0,4412.0,31.700000762939453,,,,36.400001525878906,,31.89999771118164,fast_plan,4,,,,100.0
Dacrycarpus imbricatus,3.7,97.75,3.0,97.0,4440.0,37.5,,,,28.399999618530273,,34.10000038146973,fast_plan,4,,,,100.0
Dacrycarpus imbricatus,-3.145,136.574,-4.0,136.0,4434.0,29.700000762939453,,,,39.29999923706055,,31.0,fast_plan,4,,,,100.0
Dacrycarpus imbricatus,-7.45,146.666667,-8.0,146.0,4442.0,34.70000076293945,,,,32.70000076293945,,32.599998474121094,fast_plan,4,,,,100.0
Dacrycarpus imbricatus,5.25,115.75,5.0,115.0,4408.0,34.099998474121094,,,,35.5,,30.400001525878906,fast_plan,4,,,,100.0
Dacrycarpus imbricatus,10.45556,123.35556,10.0,123.0,4461.0,26.600000381469727,,,,41.20000076293945,,32.19999885559082,fast_plan,4,,,,100.0
Dacrycarpus imbricatus,-9.15,147.71666,-10.0,147.0,4406.0,32.099998474121094,,,,36.599998474121094,,31.300003051757812,fast_plan,4,,,,100.0
Dacrycarpus imbricatus,2.416667,114.083333,2.0,114.0,4448.0,28.799999237060547,,,,40.599998474121094,,30.60000228881836,fast_plan,4,,,,100.0
Dacrycarpus imbricatus,16.23527,107.73805,16.0,107.0,4405.0,38.900001525878906,,,,27.600000381469727,,33.49999809265137,fast_plan,4,,,,100.0
Dacryodes incurvata,1.41667,111.98333,1.0,111.0,4462.0,28.600000381469727,,,,38.0,,33.39999961853027,fast_plan,4,,,,100.0
Dacryodes incurvata,2.88333,112.85,2.0,112.0,4481.0,28.0,,,,39.70000076293945,,32.29999923706055,fast_plan,4,,,,100.0
Dacryodes incurvata,4.2,113.98333,4.0,113.0,4480.0,30.5,,,,38.79999923706055,,30.700000762939453,fast_plan,4,,,,100.0
Dacryodes incurvata,5.41667,115.755,5.0,115.0,4468.0,31.0,,,,35.900001525878906,,33.099998474121094,fast_plan,4,,,,100.0
Dacryodes incurvata,2.972545,102.299258,2.0,102.0,4472.0,34.29999923706055,,,,38.79999923706055,,26.900001525878906,fast_plan,4,,,,100.0
Dacryodes incurvata,-2.7,103.4,-3.0,103.0,4473.0,26.700000762939453,,,,40.29999923706055,,33.0,fast_plan,4,,,,100.0
Dacryodes incurvata,0.43,116.68,0.0,116.0,4476.0,33.900001525878906,,,,33.599998474121094,,32.5,fast_plan,4,,,,100.0
Dacryodes incurvata,-1.61667,101.66667,-2.0,101.0,4475.0,27.700000762939453,,,,46.20000076293945,,26.099998474121094,fast_plan,4,,,,100.0
Dacryodes incurvata,-1.26667,102.53333,-2.0,102.0,4489.0,28.200000762939453,,,,46.5,,25.299999237060547,fast_plan,4,,,,100.0
Dacryodes incurvata,4.63333,114.53333,4.0,114.0,4493.0,30.299999237060547,,,,35.5,,34.20000076293945,fast_plan,4,,,,100.0
Dacryodes rostrata,0.73333,114.41667,0.0,114.0,4506.0,32.79999923706055,,,,36.0,,31.200000762939453,fast_plan,4,,,,100.0
Dacryodes rostrata,-3.71667,115.25,-4.0,115.0,4527.0,30.600000381469727,,,,36.900001525878906,,32.49999809265137,fast_plan,4,,,,100.0
Dacryodes rostrata,5.75,101.41667,5.0,101.0,4525.0,37.29999923706055,,,,34.900001525878906,,27.799999237060547,fast_plan,4,,,,100.0
Dacryodes rostrata,1.43333,109.45,1.0,109.0,4520.0,35.79999923706055,,,,35.79999923706055,,28.400001525878906,fast_plan,4,,,,100.0
Dacryodes rostrata,3.96666,101.63333,3.0,101.0,4526.0,41.599998474121094,,,,36.599998474121094,,21.800003051757812,fast_plan,4,,,,100.0
Dacryodes rostrata,1.592893,99.187895,1.0,99.0,4546.0,32.400001525878906,,,,42.5,,25.099998474121094,fast_plan,4,,,,100.0
Dacryodes rostrata,-3.6,114.7,-4.0,114.0,4514.0,27.399999618530273,,,,35.400001525878906,,37.19999885559082,fast_plan,4,,,,100.0
Dacryodes rostrata,4.7125,116.45833,4.0,116.0,4538.0,29.399999618530273,,,,37.29999923706055,,33.30000114440918,fast_plan,4,,,,100.0
Dacryodes rostrata,16.4889,107.0133,16.0,107.0,4548.0,39.400001525878906,,,,34.599998474121094,,26.0,fast_plan,4,,,,100.0
Dacryodes rostrata,0.81667,124.03333,0.0,124.0,4509.0,24.5,,,,40.20000076293945,,35.29999923706055,fast_plan,4,,,,100.0
Dalbergia bariensis,19.92,95.97,19.0,95.0,4573.0,41.099998474121094,,,,28.700000762939453,,30.200000762939453,fast_plan,4,,,,100.0
Dalbergia bariensis,17.05,103.96667,17.0,103.0,4583.0,44.099998474121094,,,,24.899999618530273,,31.000001907348633,fast_plan,4,,,,100.0
Dalbergia bariensis,13.26667,101.08333,13.0,101.0,4562.0,34.70000076293945,,,,28.399999618530273,,36.89999961853027,fast_plan,4,,,,100.0
Dalbergia bariensis,9.591389,106.043333,9.0,106.0,4574.0,25.600000381469727,,,,40.0,,34.39999961853027,fast_plan,4,,,,100.0
Dalbergia bariensis,19.901228,97.08892,19.0,97.0,4568.0,39.79999923706055,,,,30.100000381469727,,30.100000381469727,fast_plan,4,,,,100.0
Dalbergia bariensis,13.489707,99.227913,13.0,99.0,4587.0,38.70000076293945,,,,28.5,,32.79999923706055,fast_plan,4,,,,100.0
Dalbergia bariensis,20.788889,97.136944,20.0,97.0,4570.0,33.79999923706055,,,,31.700000762939453,,34.5,fast_plan,4,,,,100.0
Dalbergia bariensis,19.455059,99.639908,19.0,99.0,4564.0,41.900001525878906,,,,29.200000762939453,,28.89999771118164,fast_plan,4,,,,100.0
Dalbergia bariensis,14.666667,102.833333,14.0,102.0,4578.0,37.70000076293945,,,,31.5,,30.799999237060547,fast_plan,4,,,,100.0
Dalbergia bariensis,17.445087,98.80851,17.0,98.0,4567.0,52.400001525878906,,,,24.700000762939453,,22.89999771118164,fast_plan,4,,,,100.0
Dalbergia bariensis,24.251667,96.1825,24.0,96.0,4577.0,30.100000381469727,,,,29.5,,40.39999961853027,fast_plan,4,,,,100.0
Dalbergia bariensis,15.127036,101.017361,15.0,101.0,4571.0,31.399999618530273,,,,28.600000381469727,,40.0,fast_plan,4,,,,100.0
Dalbergia cochinchinensis,16.337696,99.230934,16.0,99.0,4619.0,44.099998474121094,,,,24.899999618530273,,31.000001907348633,fast_plan,4,,,,100.0
Dalbergia cochinchinensis,14.15,99.16667,14.0,99.0,4609.0,43.099998474121094,,,,27.0,,29.900001525878906,fast_plan,4,,,,100.0
Dalbergia cochinchinensis,13.7556,101.501,13.0,101.0,4615.0,37.5,,,,36.20000076293945,,26.299999237060547,fast_plan,4,,,,100.0
Dalbergia cochinchinensis,15.32,105.488,15.0,105.0,4612.0,49.20000076293945,,,,23.0,,27.799999237060547,fast_plan,4,,,,100.0
Dalbergia cochinchinensis,14.11952,106.39744,14.0,106.0,4618.0,30.5,,,,33.0,,36.5,fast_plan,4,,,,100.0
Dalbergia cochinchinensis,18.301,103.805,18.0,103.0,4601.0,33.400001525878906,,,,34.400001525878906,,32.19999694824219,fast_plan,4,,,,100.0
Dalbergia cochinchinensis,13.4,103.86667,13.0,103.0,4604.0,23.799999237060547,,,,41.29999923706055,,34.900001525878906,fast_plan,4,,,,100.0
Dalbergia cochinchinensis,11.0,107.0,11.0,107.0,4617.0,28.200000762939453,,,,33.099998474121094,,38.70000076293945,fast_plan,4,,,,100.0
Dalbergia cochinchinensis,17.9795,104.13914,17.0,104.0,4602.0,34.900001525878906,,,,24.899999618530273,,40.19999885559082,fast_plan,4,,,,100.0
Dalbergia cochinchinensis,17.680556,105.229444,17.0,105.0,4603.0,33.400001525878906,,,,28.299999237060547,,38.29999923706055,fast_plan,4,,,,100.0
Dalbergia cochinchinensis,14.43333,101.36667,14.0,101.0,4610.0,27.799999237060547,,,,41.29999923706055,,30.900001525878906,fast_plan,4,,,,100.0
Dalbergia latifolia,8.90833,77.2583,8.0,77.0,4642.0,33.900001525878906,,,,40.400001525878906,,25.699996948242188,fast_plan,4,,,,100.0
Dalbergia latifolia,-7.4474,111.78,-8.0,111.0,4658.0,28.899999618530273,,,,42.400001525878906,,28.69999885559082,fast_plan,4,,,,100.0
Dalbergia latifolia,14.617094,74.844864,14.0,74.0,4620.0,46.099998474121094,,,,24.299999237060547,,29.60000228881836,fast_plan,4,,,,100.0
Dalbergia latifolia,27.67,87.33,27.0,87.0,4631.0,43.29999923706055,,,,28.899999618530273,,27.80000114440918,fast_plan,4,,,,100.0
Dalbergia latifolia,14.2,76.26,14.0,76.0,4651.0,46.400001525878906,,,,30.200000762939453,,23.39999771118164,fast_plan,4,,,,100.0
Dalbergia latifolia,18.535267,76.241917,18.0,76.0,4641.0,27.399999618530273,,,,42.29999923706055,,30.30000114440918,fast_plan,4,,,,100.0
Dalbergia latifolia,14.0,80.0,14.0,80.0,4635.0,33.099998474121094,,,,35.20000076293945,,31.700000762939453,fast_plan,4,,,,100.0
Dalbergia latifolia,13.21,77.56,13.0,77.0,4629.0,59.099998474121094,,,,19.799999237060547,,21.10000228881836,fast_plan,4,,,,100.0
Dalbergia latifolia,28.616667,82.150002,28.0,82.0,4659.0,35.70000076293945,,,,21.0,,43.29999923706055,fast_plan,4,,,,100.0
Dalbergia ovata,22.792186,103.086573,22.0,103.0,4687.0,29.5,,,,28.399999618530273,,42.10000038146973,fast_plan,4,,,,100.0
Dalbergia ovata,21.6567,93.4304,21.0,93.0,4690.0,37.400001525878906,,,,26.600000381469727,,35.99999809265137,fast_plan,4,,,,100.0
Dalbergia ovata,22.8,100.9,22.0,100.0,4707.0,30.799999237060547,,,,34.599998474121094,,34.60000228881836,fast_plan,4,,,,100.0
Dalbergia ovata,12.5044,102.685487,12.0,102.0,4704.0,39.29999923706055,,,,31.100000381469727,,29.600000381469727,fast_plan,4,,,,100.0
Dalbergia ovata,17.1325,97.274722,17.0,97.0,4694.0,32.400001525878906,,,,31.899999618530273,,35.69999885559082,fast_plan,4,,,,100.0
Dalbergia ovata,17.5079,105.3287,17.0,105.0,4688.0,31.399999618530273,,,,32.900001525878906,,35.69999885559082,fast_plan,4,,,,100.0
Dalbergia ovata,20.06667,99.46667,20.0,99.0,4697.0,35.0,,,,29.899999618530273,,35.10000038146973,fast_plan,4,,,,100.0
Dalbergia ovata,21.183611,94.115278,21.0,94.0,4701.0,44.900001525878906,,,,29.700000762939453,,25.39999771118164,fast_plan,4,,,,100.0
Dalbergia ovata,22.15,95.083333,22.0,95.0,4698.0,35.400001525878906,,,,30.399999618530273,,34.19999885559082,fast_plan,4,,,,100.0
Dalbergia ovata,20.85,97.133333,20.0,97.0,4671.0,33.29999923706055,,,,30.5,,36.20000076293945,fast_plan,4,,,,100.0
Dalbergia ovata,24.615701,100.709787,24.0,100.0,4675.0,26.700000762939453,,,,25.100000381469727,,48.19999885559082,fast_plan,4,,,,100.0
Daphniphyllum pentandrum,28.55,107.43,28.0,107.0,4748.0,30.100000381469727,,,,27.399999618530273,,42.5,fast_plan,4,,,,100.0
Daphniphyllum pentandrum,24.33566,116.625881,24.0,116.0,4741.0,34.900001525878906,,,,26.600000381469727,,38.49999809265137,fast_plan,4,,,,100.0
Daphniphyllum pentandrum,29.13,118.42,29.0,118.0,4767.0,32.900001525878906,,,,26.299999237060547,,40.79999923706055,fast_plan,4,,,,100.0
Daphniphyllum pentandrum,26.33,114.52,26.0,114.0,4739.0,35.599998474121094,,,,26.0,,38.400001525878906,fast_plan,4,,,,100.0
Daphniphyllum pentandrum,26.37,110.32,26.0,110.0,4770.0,30.100000381469727,,,,29.299999237060547,,40.60000038146973,fast_plan,4,,,,100.0
Daphniphyllum pentandrum,27.95,107.18,27.0,107.0,4760.0,24.200000762939453,,,,37.599998474121094,,38.20000076293945,fast_plan,4,,,,100.0
Daphniphyllum pentandrum,23.567435,120.596794,23.0,120.0,4768.0,25.200000762939453,,,,31.799999237060547,,43.0,fast_plan,4,,,,100.0
Debregeasia longifolia,28.66,97.46,28.0,97.0,4821.0,56.400001525878906,,,,11.699999809265137,,31.899998664855957,fast_plan,4,,,,100.0
Debregeasia longifolia,27.73,88.63,27.0,88.0,4812.0,51.70000076293945,,,,16.600000381469727,,31.69999885559082,fast_plan,4,,,,100.0
Debregeasia longifolia,15.48333,121.38333,15.0,121.0,4792.0,23.799999237060547,,,,37.29999923706055,,38.900001525878906,fast_plan,4,,,,100.0
Debregeasia longifolia,27.93,101.28,27.0,101.0,4794.0,31.899999618530273,,,,31.200000762939453,,36.89999961853027,fast_plan,4,,,,100.0
Debregeasia longifolia,6.35,116.43333,6.0,116.0,4826.0,31.0,,,,37.0,,32.0,fast_plan,4,,,,100.0
Debregeasia longifolia,8.524337,77.44528,8.0,77.0,4773.0,36.400001525878906,,,,33.400001525878906,,30.199996948242188,fast_plan,4,,,,100.0
Debregeasia longifolia,27.571944,84.487778,27.0,84.0,4786.0,41.29999923706055,,,,16.299999237060547,,42.400001525878906,fast_plan,4,,,,100.0
Debregeasia longifolia,29.000343,101.507299,29.0,101.0,4813.0,41.900001525878906,,,,18.5,,39.599998474121094,fast_plan,4,,,,100.0
Dialium indum,-5.75,105.63333,-6.0,105.0,4881.0,30.299999237060547,,,,38.20000076293945,,31.5,fast_plan,4,,,,100.0
Dialium indum,1.809192,99.204235,1.0,99.0,4833.0,29.700000762939453,,,,42.29999923706055,,28.0,fast_plan,4,,,,100.0
Dialium indum,5.3,117.28333,5.0,117.0,4879.0,30.799999237060547,,,,44.70000076293945,,24.5,fast_plan,4,,,,100.0
Dialium indum,-7.41667,107.4,-8.0,107.0,4851.0,25.600000381469727,,,,36.5,,37.89999961853027,fast_plan,4,,,,100.0
Dialium indum,-2.23,103.32,-3.0,103.0,4842.0,28.200000762939453,,,,41.400001525878906,,30.39999771118164,fast_plan,4,,,,100.0
Dialium indum,1.65,113.63333,1.0,113.0,4844.0,25.200000762939453,,,,43.79999923706055,,31.0,fast_plan,4,,,,100.0
Dialium indum,5.32083,116.42083,5.0,116.0,4834.0,31.0,,,,37.099998474121094,,31.900001525878906,fast_plan,4,,,,100.0
Dialium indum,4.65,102.116667,4.0,102.0,4877.0,35.599998474121094,,,,38.599998474121094,,25.800003051757812,fast_plan,4,,,,100.0
Dialium platysepalum,5.8,101.8,5.0,101.0,4900.0,31.0,,,,33.599998474121094,,35.400001525878906,fast_plan,4,,,,100.0
Dialium platysepalum,5.35,115.75,5.0,115.0,4913.0,29.799999237060547,,,,40.20000076293945,,30.0,fast_plan,4,,,,100.0
Dialium platysepalum,-0.58333,114.58333,-1.0,114.0,4931.0,33.400001525878906,,,,41.400001525878906,,25.199996948242188,fast_plan,4,,,,100.0
Dialium platysepalum,4.63333,114.53333,4.0,114.0,4915.0,30.299999237060547,,,,35.5,,34.20000076293945,fast_plan,4,,,,100.0
Dialium platysepalum,0.76667,102.06667,0.0,102.0,4885.0,25.600000381469727,,,,40.79999923706055,,33.60000038146973,fast_plan,4,,,,100.0
Dialium platysepalum,-1.86667,109.98333,-2.0,109.0,4891.0,20.0,,,,40.400001525878906,,39.599998474121094,fast_plan,4,,,,100.0
Dialium platysepalum,3.4689,114.5464,3.0,114.0,4929.0,30.899999618530273,,,,38.900001525878906,,30.19999885559082,fast_plan,4,,,,100.0
Dialium platysepalum,4.483333,115.183333,4.0,115.0,4909.0,30.100000381469727,,,,37.0,,32.89999961853027,fast_plan,4,,,,100.0
Dialium platysepalum,-0.53333,101.58333,-1.0,101.0,4923.0,33.099998474121094,,,,37.20000076293945,,29.700000762939453,fast_plan,4,,,,100.0
Dillenia excelsa,-0.51608,112.60197,-1.0,112.0,4947.0,27.299999237060547,,,,44.099998474121094,,28.60000228881836,fast_plan,4,,,,100.0
Dillenia excelsa,3.333333,113.416667,3.0,113.0,4971.0,31.700000762939453,,,,32.70000076293945,,35.599998474121094,fast_plan,4,,,,100.0
Dillenia excelsa,5.51667,118.56667,5.0,118.0,4977.0,30.0,,,,37.70000076293945,,32.29999923706055,fast_plan,4,,,,100.0
Dillenia excelsa,1.25,111.4167,1.0,111.0,4972.0,22.399999618530273,,,,41.099998474121094,,36.50000190734863,fast_plan,4,,,,100.0
Dillenia excelsa,4.45833,117.57917,4.0,117.0,4952.0,26.299999237060547,,,,38.599998474121094,,35.10000228881836,fast_plan,4,,,,100.0
Dillenia excelsa,-7.669794,110.5311,-8.0,110.0,4970.0,33.599998474121094,,,,34.20000076293945,,32.20000076293945,fast_plan,4,,,,100.0
Dillenia excelsa,4.63333,114.53333,4.0,114.0,4963.0,30.299999237060547,,,,35.5,,34.20000076293945,fast_plan,4,,,,100.0
Dillenia excelsa,-0.6152,111.806,-1.0,111.0,4958.0,35.79999923706055,,,,37.400001525878906,,26.799999237060547,fast_plan,4,,,,100.0
Dillenia eximia,4.8,100.8,4.0,100.0,4996.0,31.0,,,,39.20000076293945,,29.799999237060547,fast_plan,4,,,,100.0
Dillenia eximia,5.83333,101.83333,5.0,101.0,5005.0,36.29999923706055,,,,36.20000076293945,,27.5,fast_plan,4,,,,100.0
Dillenia eximia,-2.91667,104.75,-3.0,104.0,5011.0,20.5,,,,45.5,,34.0,fast_plan,4,,,,100.0
Dillenia eximia,2.0,117.0,2.0,117.0,5010.0,27.0,,,,42.29999923706055,,30.700000762939453,fast_plan,4,,,,100.0
Dillenia eximia,5.84583,118.07917,5.0,118.0,5003.0,29.799999237060547,,,,41.599998474121094,,28.60000228881836,fast_plan,4,,,,100.0
Dillenia eximia,-2.23,103.32,-3.0,103.0,5014.0,28.200000762939453,,,,41.400001525878906,,30.39999771118164,fast_plan,4,,,,100.0
Dillenia eximia,-0.75,112.78333,-1.0,112.0,5013.0,30.5,,,,38.70000076293945,,30.799999237060547,fast_plan,4,,,,100.0
Dillenia eximia,-0.78333,117.2,-1.0,117.0,4999.0,27.0,,,,28.399999618530273,,44.60000038146973,fast_plan,4,,,,100.0
Dillenia eximia,5.33333,115.75,5.0,115.0,5015.0,34.5,,,,32.900001525878906,,32.599998474121094,fast_plan,4,,,,100.0
Dillenia eximia,0.55,111.96667,0.0,111.0,5009.0,28.0,,,,33.5,,38.5,fast_plan,4,,,,100.0
Dillenia eximia,-4.538,105.7306,-5.0,105.0,5001.0,28.0,,,,38.79999923706055,,33.20000076293945,fast_plan,4,,,,100.0
Dillenia eximia,2.96913,102.297,2.0,102.0,5016.0,33.5,,,,39.20000076293945,,27.299999237060547,fast_plan,4,,,,100.0
Dimocarpus longan,24.59,117.65,24.0,117.0,5077.0,36.400001525878906,,,,28.600000381469727,,34.99999809265137,fast_plan,4,,,,100.0
Dimocarpus longan,16.466486,107.577268,16.0,107.0,5023.0,35.900001525878906,,,,30.700000762939453,,33.39999771118164,fast_plan,4,,,,100.0
Dimocarpus longan,12.694387,78.061295,12.0,78.0,5034.0,44.29999923706055,,,,29.799999237060547,,25.900001525878906,fast_plan,4,,,,100.0
Dimocarpus longan,10.706872,75.953122,10.0,75.0,5046.0,33.099998474121094,,,,33.599998474121094,,33.30000305175781,fast_plan,4,,,,100.0
Dimocarpus longan,26.655289,119.589808,26.0,119.0,5074.0,23.200000762939453,,,,28.799999237060547,,48.0,fast_plan,4,,,,100.0
Dimocarpus longan,21.794958,104.300365,21.0,104.0,5042.0,33.099998474121094,,,,31.0,,35.900001525878906,fast_plan,4,,,,100.0
Dimocarpus longan,25.423112,105.698165,25.0,105.0,5075.0,22.700000762939453,,,,35.5,,41.79999923706055,fast_plan,4,,,,100.0
Dimocarpus longan,18.33841,109.545393,18.0,109.0,5022.0,49.900001525878906,,,,21.0,,29.099998474121094,fast_plan,4,,,,100.0
Dimocarpus longan,-1.85,102.65,-2.0,102.0,5025.0,29.5,,,,49.099998474121094,,21.400001525878906,fast_plan,4,,,,100.0
Dimocarpus longan,-0.5,112.6,-1.0,112.0,5021.0,27.899999618530273,,,,41.900001525878906,,30.19999885559082,fast_plan,4,,,,100.0
Diospyros areolata,7.576667,99.34,7.0,99.0,5085.0,39.099998474121094,,,,26.5,,34.400001525878906,fast_plan,4,,,,100.0
Diospyros areolata,-2.578303,113.679273,-3.0,113.0,5099.0,23.899999618530273,,,,37.900001525878906,,38.19999885559082,fast_plan,4,,,,100.0
Diospyros areolata,3.22,102.17,3.0,102.0,5107.0,37.099998474121094,,,,33.0,,29.900001525878906,fast_plan,4,,,,100.0
Diospyros areolata,5.35,102.37,5.0,102.0,5093.0,31.799999237060547,,,,35.79999923706055,,32.400001525878906,fast_plan,4,,,,100.0
Diospyros areolata,1.43333,110.73333,1.0,110.0,5087.0,20.399999618530273,,,,37.79999923706055,,41.80000114440918,fast_plan,4,,,,100.0
Diospyros areolata,13.773889,100.299722,13.0,100.0,5081.0,7.400000095367432,,,,50.20000076293945,,42.399999141693115,fast_plan,4,,,,100.0
Diospyros areolata,3.47,101.48,3.0,101.0,5084.0,45.900001525878906,,,,32.400001525878906,,21.699996948242188,fast_plan,4,,,,100.0
Diospyros areolata,0.094444,99.779445,0.0,99.0,5114.0,29.200000762939453,,,,43.29999923706055,,27.5,fast_plan,4,,,,100.0
Diospyros areolata,1.68333,111.25,1.0,111.0,5086.0,27.899999618530273,,,,41.29999923706055,,30.80000114440918,fast_plan,4,,,,100.0
Diospyros areolata,-7.15639,107.52944,-8.0,107.0,5101.0,29.0,,,,28.0,,43.0,fast_plan,4,,,,100.0
Diospyros areolata,6.232778,102.061944,6.0,102.0,5111.0,29.799999237060547,,,,28.299999237060547,,41.900001525878906,fast_plan,4,,,,100.0
Diospyros discolor,24.766667,121.55,24.0,121.0,5120.0,25.299999237060547,,,,33.400001525878906,,41.29999923706055,fast_plan,4,,,,100.0
Diospyros discolor,9.475,125.795,9.0,125.0,5135.0,30.5,,,,37.70000076293945,,31.799999237060547,fast_plan,4,,,,100.0
Diospyros discolor,13.53087,123.363577,13.0,123.0,5142.0,23.299999237060547,,,,37.599998474121094,,39.10000228881836,fast_plan,4,,,,100.0
Diospyros discolor,2.0,117.3,2.0,117.0,5144.0,33.0,,,,35.900001525878906,,31.099998474121094,fast_plan,4,,,,100.0
Diospyros discolor,13.968785,120.667633,13.0,120.0,5118.0,37.400001525878906,,,,37.79999923706055,,24.799999237060547,fast_plan,4,,,,100.0
Diospyros discolor,14.118795,121.56088,14.0,121.0,5132.0,31.100000381469727,,,,37.599998474121094,,31.30000114440918,fast_plan,4,,,,100.0
Diospyros discolor,1.75,117.5,1.0,117.0,5125.0,35.5,,,,32.70000076293945,,31.799999237060547,fast_plan,4,,,,100.0
Diospyros discolor,9.79872,118.60567,9.0,118.0,5129.0,31.899999618530273,,,,34.400001525878906,,33.69999885559082,fast_plan,4,,,,100.0
Diospyros evena,-3.092017,115.284038,-4.0,115.0,5156.0,27.399999618530273,,,,37.5,,35.10000038146973,fast_plan,5,,,,100.0
Diospyros evena,-0.278781,111.475285,-1.0,111.0,5153.0,35.599998474121094,,,,37.20000076293945,,27.200000762939453,fast_plan,5,,,,100.0
Diospyros evena,4.86667,115.53333,4.0,115.0,5160.0,29.700000762939453,,,,39.5,,30.799999237060547,fast_plan,5,,,,100.0
Diospyros evena,-2.53333,112.95,-3.0,112.0,5149.0,23.299999237060547,,,,42.70000076293945,,34.0,fast_plan,5,,,,100.0
Diospyros evena,4.56667,114.41667,4.0,114.0,5154.0,32.0,,,,34.20000076293945,,33.79999923706055,fast_plan,5,,,,100.0
Diospyros evena,1.333,112.166,1.0,112.0,5155.0,30.200000762939453,,,,39.900001525878906,,29.89999771118164,fast_plan,5,,,,100.0
Diospyros evena,5.26667,116.4,5.0,116.0,5161.0,29.5,,,,39.20000076293945,,31.299999237060547,fast_plan,5,,,,100.0
Diospyros evena,2.46667,111.53333,2.0,111.0,5159.0,28.5,,,,36.79999923706055,,34.70000076293945,fast_plan,5,,,,100.0
Diospyros evena,2.71667,114.7,2.0,114.0,5151.0,28.700000762939453,,,,38.5,,32.79999923706055,fast_plan,5,,,,100.0
Diospyros evena,-2.741051,106.440587,-3.0,106.0,5157.0,32.20000076293945,,,,33.79999923706055,,34.0,fast_plan,5,,,,100.0
Diospyros evena,2.9,117.1,2.0,117.0,5150.0,30.0,,,,38.29999923706055,,31.700000762939453,fast_plan,5,,,,100.0
Diospyros glandulosa,16.678636,102.23502,16.0,102.0,5170.0,36.5,,,,25.0,,38.5,fast_plan,5,,,,100.0
Diospyros glandulosa,18.655426,100.030947,18.0,100.0,5168.0,40.79999923706055,,,,24.399999618530273,,34.80000114440918,fast_plan,5,,,,100.0
Diospyros glandulosa,14.1502,99.342246,14.0,99.0,5174.0,37.79999923706055,,,,30.600000381469727,,31.600000381469727,fast_plan,5,,,,100.0
Diospyros glandulosa,19.06667,101.08333,19.0,101.0,5165.0,37.20000076293945,,,,31.299999237060547,,31.5,fast_plan,5,,,,100.0
Diospyros glandulosa,13.662228,101.086754,13.0,101.0,5188.0,11.100000381469727,,,,39.20000076293945,,49.69999885559082,fast_plan,5,,,,100.0
Diospyros glandulosa,17.168328,102.7767,17.0,102.0,5163.0,44.099998474121094,,,,22.0,,33.900001525878906,fast_plan,5,,,,100.0
Diospyros glandulosa,19.15,100.633,19.0,100.0,5178.0,35.900001525878906,,,,31.0,,33.099998474121094,fast_plan,5,,,,100.0
Diospyros glandulosa,18.385868,102.817511,18.0,102.0,5173.0,35.20000076293945,,,,31.0,,33.79999923706055,fast_plan,5,,,,100.0
Diospyros glandulosa,21.127436,94.189133,21.0,94.0,5187.0,47.70000076293945,,,,26.200000762939453,,26.099998474121094,fast_plan,5,,,,100.0
Diospyros glandulosa,14.669759,100.884712,14.0,100.0,5189.0,28.700000762939453,,,,26.100000381469727,,45.19999885559082,fast_plan,5,,,,100.0
Diospyros glandulosa,12.75,99.6,12.0,99.0,5193.0,40.0,,,,29.0,,31.0,fast_plan,5,,,,100.0
Diospyros japonica,24.4584,122.9734,24.0,122.0,5254.0,18.5,,,,42.599998474121094,,38.900001525878906,fast_plan,5,,,,100.0
Diospyros japonica,25.53,111.58,25.0,111.0,5232.0,40.5,,,,24.399999618530273,,35.10000038146973,fast_plan,5,,,,100.0
Diospyros japonica,25.68,114.3,25.0,114.0,5234.0,45.70000076293945,,,,25.299999237060547,,29.0,fast_plan,5,,,,100.0
Diospyros japonica,29.86,118.43,29.0,118.0,5252.0,32.0,,,,24.5,,43.5,fast_plan,5,,,,100.0
Diospyros japonica,33.87,135.58,33.0,135.0,5238.0,37.400001525878906,,,,30.399999618530273,,32.19999885559082,fast_plan,5,,,,100.0
Diospyros japonica,26.17,109.78,26.0,109.0,5206.0,33.400001525878906,,,,27.700000762939453,,38.89999771118164,fast_plan,5,,,,100.0
Diospyros japonica,26.43,110.85,26.0,110.0,5223.0,27.100000381469727,,,,33.599998474121094,,39.30000114440918,fast_plan,5,,,,100.0
Diospyros japonica,30.25,120.1,30.0,120.0,5250.0,23.899999618530273,,,,35.79999923706055,,40.30000114440918,fast_plan,5,,,,100.0
Diospyros japonica,24.13,110.18,24.0,110.0,5230.0,35.400001525878906,,,,29.100000381469727,,35.49999809265137,fast_plan,5,,,,100.0
Diospyros kaki,29.48,119.33,29.0,119.0,5315.0,24.0,,,,30.700000762939453,,45.29999923706055,fast_plan,5,,,,100.0
Diospyros kaki,22.65,108.31,22.0,108.0,5299.0,31.700000762939453,,,,33.5,,34.79999923706055,fast_plan,5,,,,100.0
Diospyros kaki,27.0,111.27,27.0,111.0,5277.0,30.899999618530273,,,,28.200000762939453,,40.89999961853027,fast_plan,5,,,,100.0
Diospyros kaki,24.391913,120.797142,24.0,120.0,5264.0,31.0,,,,32.599998474121094,,36.400001525878906,fast_plan,5,,,,100.0
Diospyros kaki,31.584855,114.640003,31.0,114.0,5258.0,42.20000076293945,,,,22.5,,35.29999923706055,fast_plan,5,,,,100.0
Diospyros siamang,-3.319455,103.915209,-4.0,103.0,5324.0,20.299999237060547,,,,45.099998474121094,,34.60000228881836,fast_plan,5,,,,100.0
Diospyros siamang,2.48333,111.36667,2.0,111.0,5318.0,30.700000762939453,,,,37.099998474121094,,32.20000076293945,fast_plan,5,,,,100.0
Diospyros siamang,-2.53333,112.95,-3.0,112.0,5320.0,23.299999237060547,,,,42.70000076293945,,34.0,fast_plan,5,,,,100.0
Diospyros siamang,-0.766667,102.533333,-1.0,102.0,5325.0,33.79999923706055,,,,37.5,,28.700000762939453,fast_plan,5,,,,100.0
Diospyros siamang,2.96667,101.48333,2.0,101.0,5322.0,26.399999618530273,,,,48.29999923706055,,25.30000114440918,fast_plan,5,,,,100.0
Diospyros siamang,1.68333,111.25,1.0,111.0,5323.0,27.899999618530273,,,,41.29999923706055,,30.80000114440918,fast_plan,5,,,,100.0
Diospyros siamang,-2.578303,113.679273,-3.0,113.0,5316.0,23.899999618530273,,,,37.900001525878906,,38.19999885559082,fast_plan,5,,,,100.0
Dipterocarpus applanatus,4.42917,117.34167,4.0,117.0,5328.0,34.20000076293945,,,,38.099998474121094,,27.700000762939453,fast_plan,5,,,,100.0
Dipterocarpus applanatus,1.73333,110.33333,1.0,110.0,5329.0,41.400001525878906,,,,35.20000076293945,,23.39999771118164,fast_plan,5,,,,100.0
Dipterocarpus applanatus,5.42,117.58,5.0,117.0,5331.0,30.700000762939453,,,,41.20000076293945,,28.099998474121094,fast_plan,5,,,,100.0
Dipterocarpus applanatus,5.48333,118.56667,5.0,118.0,5326.0,29.0,,,,40.099998474121094,,30.900001525878906,fast_plan,5,,,,100.0
Dipterocarpus baudii,3.03806,99.0554,3.0,99.0,5348.0,37.400001525878906,,,,36.5,,26.099998474121094,fast_plan,5,,,,100.0
Dipterocarpus baudii,6.86667,100.01667,6.0,100.0,5333.0,49.29999923706055,,,,19.700000762939453,,31.0,fast_plan,5,,,,100.0
Dipterocarpus baudii,10.4,98.7833,10.0,98.0,5340.0,38.599998474121094,,,,29.700000762939453,,31.700000762939453,fast_plan,5,,,,100.0
Dipterocarpus baudii,4.36667,100.73333,4.0,100.0,5336.0,33.20000076293945,,,,39.70000076293945,,27.099998474121094,fast_plan,5,,,,100.0
Dipterocarpus baudii,3.23,101.63,3.0,101.0,5344.0,34.70000076293945,,,,39.20000076293945,,26.099998474121094,fast_plan,5,,,,100.0
Dipterocarpus baudii,-0.560966,100.35745,-1.0,100.0,5343.0,33.0,,,,41.29999923706055,,25.700000762939453,fast_plan,5,,,,100.0
Dipterocarpus baudii,9.75,98.666667,9.0,98.0,5351.0,39.900001525878906,,,,30.700000762939453,,29.39999771118164,fast_plan,5,,,,100.0
Dipterocarpus baudii,8.01667,99.51667,8.0,99.0,5337.0,36.29999923706055,,,,26.600000381469727,,37.10000038146973,fast_plan,5,,,,100.0
Dipterocarpus baudii,0.597121,100.54326,0.0,100.0,5350.0,32.5,,,,43.29999923706055,,24.200000762939453,fast_plan,5,,,,100.0
Dipterocarpus baudii,12.34494,102.4536,12.0,102.0,5338.0,39.099998474121094,,,,31.5,,29.400001525878906,fast_plan,5,,,,100.0
Dipterocarpus baudii,4.08333,101.01667,4.0,101.0,5332.0,30.100000381469727,,,,40.70000076293945,,29.19999885559082,fast_plan,5,,,,100.0
Dipterocarpus caudiferus,-1.27541,110.181,-2.0,110.0,5364.0,17.0,,,,52.599998474121094,,30.400001525878906,fast_plan,5,,,,100.0
Dipterocarpus caudiferus,-1.83333,115.66667,-2.0,115.0,5356.0,27.5,,,,38.400001525878906,,34.099998474121094,fast_plan,5,,,,100.0
Dipterocarpus caudiferus,5.4,118.55,5.0,118.0,5367.0,27.899999618530273,,,,41.099998474121094,,31.000001907348633,fast_plan,5,,,,100.0
Dipterocarpus caudiferus,5.15,115.86667,5.0,115.0,5375.0,34.400001525878906,,,,36.099998474121094,,29.5,fast_plan,5,,,,100.0
Dipterocarpus caudiferus,4.543206,114.6431,4.0,114.0,5376.0,30.100000381469727,,,,39.900001525878906,,29.999998092651367,fast_plan,5,,,,100.0
Dipterocarpus caudiferus,1.771944,109.710278,1.0,109.0,5362.0,41.70000076293945,,,,35.099998474121094,,23.200000762939453,fast_plan,5,,,,100.0
Dipterocarpus caudiferus,1.65,113.63333,1.0,113.0,5363.0,25.200000762939453,,,,43.79999923706055,,31.0,fast_plan,5,,,,100.0
Dipterocarpus caudiferus,2.51667,113.1,2.0,113.0,5358.0,29.600000381469727,,,,38.099998474121094,,32.30000114440918,fast_plan,5,,,,100.0
Dipterocarpus caudiferus,4.41667,117.48333,4.0,117.0,5360.0,30.799999237060547,,,,34.099998474121094,,35.10000228881836,fast_plan,5,,,,100.0
Dipterocarpus conformis,4.53333,115.23333,4.0,115.0,5377.0,34.599998474121094,,,,38.70000076293945,,26.700000762939453,fast_plan,5,,,,100.0
Dipterocarpus conformis,5.88333,116.98333,5.0,116.0,5382.0,30.399999618530273,,,,40.099998474121094,,29.500001907348633,fast_plan,5,,,,100.0
Dipterocarpus conformis,4.697054,96.737306,4.0,96.0,5379.0,33.29999923706055,,,,36.20000076293945,,30.5,fast_plan,5,,,,100.0
Dipterocarpus conformis,3.554167,113.52,3.0,113.0,5381.0,33.599998474121094,,,,34.70000076293945,,31.700000762939453,fast_plan,5,,,,100.0
Dipterocarpus conformis,5.15,115.86667,5.0,115.0,5380.0,34.400001525878906,,,,36.099998474121094,,29.5,fast_plan,5,,,,100.0
Dipterocarpus conformis,4.5,114.66667,4.0,114.0,5378.0,32.5,,,,33.099998474121094,,34.400001525878906,fast_plan,5,,,,100.0
Dipterocarpus cornutus,3.4833,116.65,3.0,116.0,5386.0,30.5,,,,35.29999923706055,,34.20000076293945,fast_plan,5,,,,100.0
Dipterocarpus cornutus,5.41667,101.13333,5.0,101.0,5388.0,36.099998474121094,,,,31.700000762939453,,32.20000076293945,fast_plan,5,,,,100.0
Dipterocarpus cornutus,0.43,116.68,0.0,116.0,5398.0,33.900001525878906,,,,33.599998474121094,,32.5,fast_plan,5,,,,100.0
Dipterocarpus cornutus,-3.43333,115.06667,-4.0,115.0,5389.0,28.600000381469727,,,,35.599998474121094,,35.80000114440918,fast_plan,5,,,,100.0
Dipterocarpus cornutus,3.23,101.63,3.0,101.0,5401.0,34.70000076293945,,,,39.20000076293945,,26.099998474121094,fast_plan,5,,,,100.0
Dipterocarpus cornutus,4.98333,101.15,4.0,101.0,5403.0,40.0,,,,35.0,,25.0,fast_plan,5,,,,100.0
Dipterocarpus cornutus,3.66,98.17,3.0,98.0,5399.0,36.099998474121094,,,,33.900001525878906,,30.0,fast_plan,5,,,,100.0
Dipterocarpus cornutus,-3.66667,116.16667,-4.0,116.0,5387.0,33.400001525878906,,,,34.0,,32.599998474121094,fast_plan,5,,,,100.0
Dipterocarpus cornutus,-0.58333,117.08333,-1.0,117.0,5395.0,26.299999237060547,,,,36.099998474121094,,37.60000228881836,fast_plan,5,,,,100.0
Dipterocarpus cornutus,1.31667,117.71667,1.0,117.0,5384.0,29.600000381469727,,,,35.900001525878906,,34.49999809265137,fast_plan,5,,,,100.0
Dipterocarpus cornutus,-0.9,116.9,-1.0,116.0,5400.0,35.5,,,,28.399999618530273,,36.10000038146973,fast_plan,5,,,,100.0
Dipterocarpus costatus,10.2,104.0,10.0,104.0,5417.0,43.099998474121094,,,,28.399999618530273,,28.500001907348633,fast_plan,5,,,,100.0
Dipterocarpus costatus,18.52433,98.52305,18.0,98.0,5414.0,44.20000076293945,,,,33.900001525878906,,21.89999771118164,fast_plan,5,,,,100.0
Dipterocarpus costatus,18.30903,104.51204,18.0,104.0,5425.0,36.29999923706055,,,,23.899999618530273,,39.80000114440918,fast_plan,5,,,,100.0
Dipterocarpus costatus,13.346,105.617,13.0,105.0,5412.0,36.400001525878906,,,,29.0,,34.599998474121094,fast_plan,5,,,,100.0
Dipterocarpus costatus,8.673338,99.655975,8.0,99.0,5416.0,39.400001525878906,,,,27.899999618530273,,32.69999885559082,fast_plan,5,,,,100.0
Dipterocarpus costatus,17.763056,105.339167,17.0,105.0,5418.0,34.20000076293945,,,,33.29999923706055,,32.5,fast_plan,5,,,,100.0
Dipterocarpus costatus,12.576,105.391,12.0,105.0,5405.0,34.29999923706055,,,,32.400001525878906,,33.29999923706055,fast_plan,5,,,,100.0
Dipterocarpus costatus,9.39748,98.860336,9.0,98.0,5413.0,37.599998474121094,,,,30.200000762939453,,32.20000076293945,fast_plan,5,,,,100.0
Dipterocarpus costatus,14.5,101.25,14.0,101.0,5419.0,30.299999237060547,,,,39.29999923706055,,30.400001525878906,fast_plan,5,,,,100.0
Dipterocarpus costatus,18.33333,103.6,18.0,103.0,5411.0,37.099998474121094,,,,33.099998474121094,,29.800003051757812,fast_plan,5,,,,100.0
Dipterocarpus costatus,17.75,100.25,17.0,100.0,5415.0,39.099998474121094,,,,28.100000381469727,,32.80000114440918,fast_plan,5,,,,100.0
Dipterocarpus dyeri,5.83333,101.83333,5.0,101.0,5434.0,36.29999923706055,,,,36.20000076293945,,27.5,fast_plan,5,,,,100.0
Dipterocarpus dyeri,11.286389,107.0115,11.0,107.0,5429.0,30.799999237060547,,,,35.79999923706055,,33.400001525878906,fast_plan,5,,,,100.0
Dipterocarpus dyeri,11.58583,105.88633,11.0,105.0,5432.0,31.799999237060547,,,,31.399999618530273,,36.80000114440918,fast_plan,5,,,,100.0
Dipterocarpus dyeri,8.298889,98.958889,8.0,98.0,5433.0,37.70000076293945,,,,29.0,,33.29999923706055,fast_plan,5,,,,100.0
Dipterocarpus dyeri,3.23333,101.61667,3.0,101.0,5427.0,36.20000076293945,,,,33.900001525878906,,29.89999771118164,fast_plan,5,,,,100.0
Dipterocarpus dyeri,10.8667,99.35,10.0,99.0,5431.0,60.900001525878906,,,,17.5,,21.599998474121094,fast_plan,5,,,,100.0
Dipterocarpus gracilis,9.11667,117.9,9.0,117.0,5444.0,33.599998474121094,,,,34.79999923706055,,31.60000228881836,fast_plan,5,,,,100.0
Dipterocarpus gracilis,10.685721,123.322011,10.0,123.0,5466.0,40.70000076293945,,,,34.29999923706055,,25.0,fast_plan,5,,,,100.0
Dipterocarpus gracilis,18.520944,120.922966,18.0,120.0,5443.0,37.5,,,,36.400001525878906,,26.099998474121094,fast_plan,5,,,,100.0
Dipterocarpus gracilis,5.83333,117.93333,5.0,117.0,5482.0,30.799999237060547,,,,37.70000076293945,,31.5,fast_plan,5,,,,100.0
Dipterocarpus gracilis,2.35,103.15,2.0,103.0,5465.0,36.5,,,,35.5,,28.0,fast_plan,5,,,,100.0
Dipterocarpus gracilis,3.83333,103.36667,3.0,103.0,5445.0,31.700000762939453,,,,38.70000076293945,,29.599998474121094,fast_plan,5,,,,100.0
Dipterocarpus gracilis,-3.03333,104.26667,-4.0,104.0,5446.0,21.5,,,,41.5,,37.0,fast_plan,5,,,,100.0
Dipterocarpus gracilis,3.8,113.63333,3.0,113.0,5456.0,25.200000762939453,,,,42.400001525878906,,32.39999771118164,fast_plan,5,,,,100.0
Dipterocarpus gracilis,15.398502,120.375518,15.0,120.0,5450.0,28.700000762939453,,,,27.100000381469727,,44.19999885559082,fast_plan,5,,,,100.0
Dipterocarpus gracilis,-4.13333,104.16667,-5.0,104.0,5491.0,25.200000762939453,,,,41.5,,33.29999923706055,fast_plan,5,,,,100.0
Dipterocarpus indicus,11.881126,75.88892,11.0,75.0,5500.0,44.29999923706055,,,,32.900001525878906,,22.799999237060547,fast_plan,5,,,,100.0
Dipterocarpus indicus,13.52483,75.08756,13.0,75.0,5497.0,40.79999923706055,,,,29.0,,30.200000762939453,fast_plan,5,,,,100.0
Dipterocarpus indicus,10.5,76.5,10.0,76.0,5499.0,42.5,,,,30.200000762939453,,27.299999237060547,fast_plan,5,,,,100.0
Dipterocarpus indicus,12.5667,75.575,12.0,75.0,5498.0,50.5,,,,31.399999618530273,,18.100000381469727,fast_plan,5,,,,100.0
Dipterocarpus indicus,11.458333,76.408333,11.0,76.0,5502.0,43.70000076293945,,,,28.200000762939453,,28.099998474121094,fast_plan,5,,,,100.0
Dipterocarpus indicus,9.382338,77.104454,9.0,77.0,5501.0,36.900001525878906,,,,32.5,,30.599998474121094,fast_plan,5,,,,100.0
Dipterocarpus indicus,14.27586,74.7185,14.0,74.0,5496.0,46.400001525878906,,,,23.100000381469727,,30.499998092651367,fast_plan,5,,,,100.0
Dipterocarpus indicus,8.452778,77.3875,8.0,77.0,5495.0,38.599998474121094,,,,33.29999923706055,,28.10000228881836,fast_plan,5,,,,100.0
Dipterocarpus kunstleri,3.694167,102.209444,3.0,102.0,5536.0,40.900001525878906,,,,34.900001525878906,,24.199996948242188,fast_plan,5,,,,100.0
Dipterocarpus kunstleri,-0.7092,112.83913,-1.0,112.0,5515.0,33.5,,,,37.29999923706055,,29.200000762939453,fast_plan,5,,,,100.0
Dipterocarpus kunstleri,4.5,114.66667,4.0,114.0,5528.0,32.5,,,,33.099998474121094,,34.400001525878906,fast_plan,5,,,,100.0
Dipterocarpus kunstleri,2.35,103.15,2.0,103.0,5505.0,36.5,,,,35.5,,28.0,fast_plan,5,,,,100.0
Dipterocarpus kunstleri,4.7,115.1,4.0,115.0,5512.0,32.20000076293945,,,,36.099998474121094,,31.700000762939453,fast_plan,5,,,,100.0
Dipterocarpus kunstleri,-1.81667,115.73333,-2.0,115.0,5526.0,27.100000381469727,,,,36.599998474121094,,36.30000114440918,fast_plan,5,,,,100.0
Dipterocarpus kunstleri,5.83333,117.93333,5.0,117.0,5503.0,30.799999237060547,,,,37.70000076293945,,31.5,fast_plan,5,,,,100.0
Dipterocarpus kunstleri,4.41667,117.48333,4.0,117.0,5516.0,30.799999237060547,,,,34.099998474121094,,35.10000228881836,fast_plan,5,,,,100.0
Dipterocarpus kunstleri,2.85,98.26667,2.0,98.0,5513.0,37.70000076293945,,,,34.29999923706055,,28.0,fast_plan,5,,,,100.0
Dipterocarpus kunstleri,3.16667,114.48333,3.0,114.0,5530.0,36.70000076293945,,,,34.70000076293945,,28.599998474121094,fast_plan,5,,,,100.0
Dipterocarpus oblongifolius,1.24722,111.45278,1.0,111.0,5554.0,24.799999237060547,,,,36.099998474121094,,39.10000228881836,fast_plan,5,,,,100.0
Dipterocarpus oblongifolius,1.58333,114.53333,1.0,114.0,5561.0,30.899999618530273,,,,39.29999923706055,,29.80000114440918,fast_plan,5,,,,100.0
Dipterocarpus oblongifolius,5.63333,117.08333,5.0,117.0,5578.0,30.799999237060547,,,,40.20000076293945,,29.0,fast_plan,5,,,,100.0
Dipterocarpus oblongifolius,4.4,117.4,4.0,117.0,5549.0,33.400001525878906,,,,35.599998474121094,,31.0,fast_plan,5,,,,100.0
Dipterocarpus oblongifolius,1.426111,103.841111,1.0,103.0,5558.0,29.399999618530273,,,,45.20000076293945,,25.399999618530273,fast_plan,5,,,,100.0
Dipterocarpus oblongifolius,2.88333,112.85,2.0,112.0,5555.0,28.0,,,,39.70000076293945,,32.29999923706055,fast_plan,5,,,,100.0
Dipterocarpus oblongifolius,14.6,98.0333,14.0,98.0,5543.0,35.29999923706055,,,,29.399999618530273,,35.30000114440918,fast_plan,5,,,,100.0
Dipterocarpus oblongifolius,4.67,103.1205,4.0,103.0,5559.0,25.600000381469727,,,,37.400001525878906,,36.99999809265137,fast_plan,5,,,,100.0
Dipterocarpus oblongifolius,19.15,99.45,19.0,99.0,5574.0,44.400001525878906,,,,27.5,,28.099998474121094,fast_plan,5,,,,100.0
Dipterocarpus oblongifolius,3.16667,113.03333,3.0,113.0,5565.0,21.299999237060547,,,,42.400001525878906,,36.29999923706055,fast_plan,5,,,,100.0
Dipterocarpus oblongifolius,18.49067,99.30219,18.0,99.0,5577.0,42.400001525878906,,,,30.399999618530273,,27.19999885559082,fast_plan,5,,,,100.0
Dipterocarpus oblongifolius,-0.5,112.5,-1.0,112.0,5571.0,23.600000381469727,,,,44.400001525878906,,31.999998092651367,fast_plan,5,,,,100.0
Dipterocarpus turbinatus,14.43,106.04,14.0,106.0,5587.0,40.29999923706055,,,,26.600000381469727,,33.10000038146973,fast_plan,5,,,,100.0
Dipterocarpus turbinatus,11.769,92.677,11.0,92.0,5588.0,40.79999923706055,,,,27.700000762939453,,31.5,fast_plan,5,,,,100.0
Dipterocarpus turbinatus,15.87,100.99,15.0,100.0,5601.0,24.899999618530273,,,,32.900001525878906,,42.19999885559082,fast_plan,5,,,,100.0
Dipterocarpus turbinatus,25.736119,92.269747,25.0,92.0,5596.0,39.29999923706055,,,,29.799999237060547,,30.900001525878906,fast_plan,5,,,,100.0
Dipterocarpus turbinatus,18.81625,98.89181,18.0,98.0,5591.0,41.0,,,,33.099998474121094,,25.900001525878906,fast_plan,5,,,,100.0
Dipterocarpus turbinatus,15.0,99.23333,15.0,99.0,5589.0,40.599998474121094,,,,28.799999237060547,,30.60000228881836,fast_plan,5,,,,100.0
Dipterocarpus turbinatus,12.574885,102.60321,12.0,102.0,5604.0,37.20000076293945,,,,30.700000762939453,,32.099998474121094,fast_plan,5,,,,100.0
Dipterocarpus turbinatus,11.463889,103.477778,11.0,103.0,5600.0,33.5,,,,30.799999237060547,,35.70000076293945,fast_plan,5,,,,100.0
Dipterocarpus turbinatus,12.318536,92.823486,12.0,92.0,5599.0,38.70000076293945,,,,33.5,,27.799999237060547,fast_plan,5,,,,100.0
Dipterocarpus turbinatus,13.90447,105.3889,13.0,105.0,5590.0,29.100000381469727,,,,38.099998474121094,,32.80000114440918,fast_plan,5,,,,100.0
Dipterocarpus zeylanicus,6.41186,80.455971,6.0,80.0,5610.0,35.79999923706055,,,,36.900001525878906,,27.299999237060547,fast_plan,5,,,,100.0
Dipterocarpus zeylanicus,7.299712,80.640945,7.0,80.0,5609.0,34.29999923706055,,,,38.400001525878906,,27.299999237060547,fast_plan,5,,,,100.0
Dipterocarpus zeylanicus,7.33,79.93,7.0,79.0,5611.0,33.70000076293945,,,,35.5,,30.799999237060547,fast_plan,5,,,,100.0
Dracontomelon dao,-3.65,130.8,-4.0,130.0,5652.0,38.599998474121094,,,,32.20000076293945,,29.200000762939453,fast_plan,5,,,,100.0
Dracontomelon dao,6.08333,102.16667,6.0,102.0,5623.0,23.899999618530273,,,,42.20000076293945,,33.89999961853027,fast_plan,5,,,,100.0
Dracontomelon dao,2.972545,102.299258,2.0,102.0,5656.0,34.29999923706055,,,,38.79999923706055,,26.900001525878906,fast_plan,5,,,,100.0
Dracontomelon dao,-2.2533,139.0651,-3.0,139.0,5635.0,29.299999237060547,,,,44.900001525878906,,25.799999237060547,fast_plan,5,,,,100.0
Dracontomelon dao,1.82311,127.7801,1.0,127.0,5654.0,32.20000076293945,,,,31.799999237060547,,36.0,fast_plan,5,,,,100.0
Dracontomelon dao,-6.88333,115.41667,-7.0,115.0,5637.0,46.79999923706055,,,,29.5,,23.700000762939453,fast_plan,5,,,,100.0
Dracontomelon dao,4.7,102.46667,4.0,102.0,5617.0,32.29999923706055,,,,34.20000076293945,,33.5,fast_plan,5,,,,100.0
Dracontomelon dao,12.236394,125.092192,12.0,125.0,5621.0,33.79999923706055,,,,31.600000381469727,,34.60000038146973,fast_plan,5,,,,100.0
Dracontomelon dao,4.86667,115.0,4.0,115.0,5613.0,29.200000762939453,,,,34.0,,36.79999923706055,fast_plan,5,,,,100.0
Dryobalanops beccarii,-0.91667,115.96667,-1.0,115.0,5701.0,31.399999618530273,,,,36.599998474121094,,32.00000190734863,fast_plan,5,,,,100.0
Dryobalanops beccarii,3.891658,114.77417,3.0,114.0,5680.0,35.400001525878906,,,,33.099998474121094,,31.5,fast_plan,5,,,,100.0
Dryobalanops beccarii,5.71667,117.5,5.0,117.0,5672.0,27.200000762939453,,,,43.70000076293945,,29.099998474121094,fast_plan,5,,,,100.0
Dryobalanops beccarii,0.36667,109.16667,0.0,109.0,5675.0,33.5,,,,39.099998474121094,,27.400001525878906,fast_plan,5,,,,100.0
Dryobalanops beccarii,3.06667,113.05,3.0,113.0,5674.0,31.600000381469727,,,,32.20000076293945,,36.19999885559082,fast_plan,5,,,,100.0
Dryobalanops beccarii,0.5,117.33333,0.0,117.0,5700.0,37.29999923706055,,,,30.100000381469727,,32.60000038146973,fast_plan,5,,,,100.0
Dryobalanops beccarii,-1.325,116.48333,-2.0,116.0,5695.0,33.400001525878906,,,,33.20000076293945,,33.39999771118164,fast_plan,5,,,,100.0
Dryobalanops beccarii,-0.61667,116.73333,-1.0,116.0,5694.0,32.79999923706055,,,,29.5,,37.70000076293945,fast_plan,5,,,,100.0
Dryobalanops beccarii,5.36611,118.90222,5.0,118.0,5681.0,28.0,,,,35.0,,37.0,fast_plan,5,,,,100.0
Dryobalanops beccarii,4.55,115.13333,4.0,115.0,5693.0,30.299999237060547,,,,35.599998474121094,,34.10000228881836,fast_plan,5,,,,100.0
Dryobalanops keithii,5.53333,118.08333,5.0,118.0,5704.0,25.600000381469727,,,,45.5,,28.899999618530273,fast_plan,5,,,,100.0
Dryobalanops keithii,5.43333,117.73333,5.0,117.0,5703.0,27.700000762939453,,,,40.20000076293945,,32.099998474121094,fast_plan,5,,,,100.0
Dryobalanops keithii,4.41667,117.48333,4.0,117.0,5706.0,30.799999237060547,,,,34.099998474121094,,35.10000228881836,fast_plan,5,,,,100.0
Dryobalanops keithii,5.33333,116.16667,5.0,116.0,5707.0,32.29999923706055,,,,34.0,,33.70000076293945,fast_plan,5,,,,100.0
Dryobalanops lanceolata,5.33333,115.55,5.0,115.0,5715.0,33.400001525878906,,,,30.899999618530273,,35.69999885559082,fast_plan,5,,,,100.0
Dryobalanops lanceolata,5.48333,118.56667,5.0,118.0,5732.0,29.0,,,,40.099998474121094,,30.900001525878906,fast_plan,5,,,,100.0
Dryobalanops lanceolata,4.85,115.4,4.0,115.0,5711.0,31.600000381469727,,,,36.400001525878906,,31.999998092651367,fast_plan,5,,,,100.0
Dryobalanops lanceolata,-1.325,116.48333,-2.0,116.0,5713.0,33.400001525878906,,,,33.20000076293945,,33.39999771118164,fast_plan,5,,,,100.0
Dryobalanops lanceolata,0.0,116.5,0.0,116.0,5733.0,33.29999923706055,,,,31.399999618530273,,35.30000114440918,fast_plan,5,,,,100.0
Dryobalanops lanceolata,4.71667,116.43333,4.0,116.0,5718.0,33.0,,,,35.400001525878906,,31.599998474121094,fast_plan,5,,,,100.0
Dryobalanops lanceolata,4.41667,117.48333,4.0,117.0,5714.0,30.799999237060547,,,,34.099998474121094,,35.10000228881836,fast_plan,5,,,,100.0
Dryobalanops lanceolata,-1.0,117.0,-1.0,117.0,5728.0,36.099998474121094,,,,26.5,,37.400001525878906,fast_plan,5,,,,100.0
Dryobalanops lanceolata,1.75,117.5,1.0,117.0,5709.0,35.5,,,,32.70000076293945,,31.799999237060547,fast_plan,5,,,,100.0
Dryobalanops lanceolata,1.58333,114.53333,1.0,114.0,5729.0,30.899999618530273,,,,39.29999923706055,,29.80000114440918,fast_plan,5,,,,100.0
Dryobalanops lanceolata,3.556667,113.519444,3.0,113.0,5720.0,34.0,,,,33.900001525878906,,32.099998474121094,fast_plan,5,,,,100.0
Dryobalanops oblongifolia,2.60375,103.34033,2.0,103.0,5745.0,36.29999923706055,,,,33.099998474121094,,30.60000228881836,fast_plan,5,,,,100.0
Dryobalanops oblongifolia,2.16667,113.11667,2.0,113.0,5750.0,25.5,,,,47.0,,27.5,fast_plan,5,,,,100.0
Dryobalanops oblongifolia,5.03333,101.76667,5.0,101.0,5754.0,35.400001525878906,,,,37.099998474121094,,27.5,fast_plan,5,,,,100.0
Dryobalanops oblongifolia,3.219006,101.534301,3.0,101.0,5751.0,34.400001525878906,,,,41.70000076293945,,23.89999771118164,fast_plan,5,,,,100.0
Dryobalanops oblongifolia,1.333,112.166,1.0,112.0,5747.0,30.200000762939453,,,,39.900001525878906,,29.89999771118164,fast_plan,5,,,,100.0
Dryobalanops oblongifolia,4.7,102.46667,4.0,102.0,5737.0,32.29999923706055,,,,34.20000076293945,,33.5,fast_plan,5,,,,100.0
Dryobalanops oblongifolia,-3.71026,102.78243,-4.0,102.0,5742.0,29.100000381469727,,,,37.900001525878906,,32.99999809265137,fast_plan,5,,,,100.0
Dryobalanops oblongifolia,-3.75,103.75,-4.0,103.0,5735.0,24.100000381469727,,,,44.70000076293945,,31.19999885559082,fast_plan,5,,,,100.0
Dryobalanops oblongifolia,-3.43333,104.06667,-4.0,104.0,5756.0,18.5,,,,47.900001525878906,,33.599998474121094,fast_plan,5,,,,100.0
Dryobalanops sumatrensis,4.75,115.67,4.0,115.0,5774.0,31.700000762939453,,,,38.70000076293945,,29.599998474121094,fast_plan,5,,,,100.0
Dryobalanops sumatrensis,2.666667,113.108333,2.0,113.0,5780.0,26.200000762939453,,,,39.900001525878906,,33.89999771118164,fast_plan,5,,,,100.0
Dryobalanops sumatrensis,2.28333,97.81667,2.0,97.0,5768.0,26.200000762939453,,,,38.5,,35.29999923706055,fast_plan,5,,,,100.0
Dryobalanops sumatrensis,-0.158611,104.637222,-1.0,104.0,5777.0,38.29999923706055,,,,34.400001525878906,,27.299999237060547,fast_plan,5,,,,100.0
Dryobalanops sumatrensis,-0.98333,116.93333,-1.0,116.0,5770.0,38.20000076293945,,,,30.200000762939453,,31.599998474121094,fast_plan,5,,,,100.0
Dryobalanops sumatrensis,2.616667,103.35,2.0,103.0,5766.0,37.20000076293945,,,,34.70000076293945,,28.099998474121094,fast_plan,5,,,,100.0
Dryobalanops sumatrensis,4.2,113.98333,4.0,113.0,5779.0,30.5,,,,38.79999923706055,,30.700000762939453,fast_plan,5,,,,100.0
Dryobalanops sumatrensis,1.31028,103.81639,1.0,103.0,5764.0,36.29999923706055,,,,38.099998474121094,,25.60000228881836,fast_plan,5,,,,100.0
Dryobalanops sumatrensis,2.764444,112.340278,2.0,112.0,5775.0,26.899999618530273,,,,42.0,,31.100000381469727,fast_plan,5,,,,100.0
Dryobalanops sumatrensis,0.06667,99.98333,0.0,99.0,5762.0,36.900001525878906,,,,28.0,,35.099998474121094,fast_plan,5,,,,100.0
Drypetes venusta,12.5,75.575,12.0,75.0,5792.0,48.0,,,,33.400001525878906,,18.599998474121094,fast_plan,5,,,,100.0
Drypetes venusta,11.43911,76.38958,11.0,76.0,5795.0,43.5,,,,32.0,,24.5,fast_plan,5,,,,100.0
Drypetes venusta,13.2083,75.1583,13.0,75.0,5783.0,44.79999923706055,,,,30.100000381469727,,25.100000381469727,fast_plan,5,,,,100.0
Drypetes venusta,17.43856,73.70547,17.0,73.0,5789.0,34.599998474121094,,,,37.5,,27.900001525878906,fast_plan,5,,,,100.0
Drypetes venusta,10.53183,76.67492,10.0,76.0,5785.0,40.70000076293945,,,,31.5,,27.799999237060547,fast_plan,5,,,,100.0
Drypetes venusta,14.27586,74.7185,14.0,74.0,5788.0,46.400001525878906,,,,23.100000381469727,,30.499998092651367,fast_plan,5,,,,100.0
Drypetes venusta,16.44301,73.88187,16.0,73.0,5791.0,33.400001525878906,,,,38.900001525878906,,27.699996948242188,fast_plan,5,,,,100.0
Drypetes venusta,9.75,76.9,9.0,76.0,5784.0,36.29999923706055,,,,31.700000762939453,,32.0,fast_plan,5,,,,100.0
Drypetes venusta,8.507944,77.446264,8.0,77.0,5794.0,35.70000076293945,,,,31.600000381469727,,32.69999885559082,fast_plan,5,,,,100.0
Drypetes venusta,19.06453,73.54144,19.0,73.0,5786.0,28.799999237060547,,,,41.79999923706055,,29.400001525878906,fast_plan,5,,,,100.0
Drypetes venusta,15.95662,73.99538,15.0,73.0,5793.0,35.099998474121094,,,,36.5,,28.400001525878906,fast_plan,5,,,,100.0
Drypetes venusta,11.83783,75.81169,11.0,75.0,5782.0,41.0,,,,32.79999923706055,,26.200000762939453,fast_plan,5,,,,100.0
Duabanga moluccana,-3.67,116.17,-4.0,116.0,5819.0,33.400001525878906,,,,32.29999923706055,,34.29999923706055,fast_plan,6,,,,100.0
Duabanga moluccana,-6.020333,142.5516,-7.0,142.0,5816.0,31.5,,,,40.400001525878906,,28.099998474121094,fast_plan,6,,,,100.0
Duabanga moluccana,-2.6897,118.88234,-3.0,118.0,5844.0,29.899999618530273,,,,40.79999923706055,,29.30000114440918,fast_plan,6,,,,100.0
Duabanga moluccana,3.2,114.8167,3.0,114.0,5833.0,33.79999923706055,,,,36.79999923706055,,29.400001525878906,fast_plan,6,,,,100.0
Duabanga moluccana,12.453,121.4107,12.0,121.0,5811.0,25.299999237060547,,,,37.900001525878906,,36.79999923706055,fast_plan,6,,,,100.0
Duabanga moluccana,3.3,117.63333,3.0,117.0,5841.0,25.899999618530273,,,,37.599998474121094,,36.50000190734863,fast_plan,6,,,,100.0
Duabanga moluccana,-8.24619,117.99323,-9.0,117.0,5823.0,40.29999923706055,,,,32.79999923706055,,26.900001525878906,fast_plan,6,,,,100.0
Duabanga moluccana,-0.93333,122.78333,-1.0,122.0,5838.0,38.900001525878906,,,,37.400001525878906,,23.699996948242188,fast_plan,6,,,,100.0
Duabanga moluccana,5.197222,115.848611,5.0,115.0,5830.0,33.099998474121094,,,,35.900001525878906,,31.0,fast_plan,6,,,,100.0
Duabanga moluccana,-1.39037,127.73433,-2.0,127.0,5829.0,36.5,,,,37.29999923706055,,26.200000762939453,fast_plan,6,,,,100.0
Durio carinatus,3.6831,97.6486,3.0,97.0,5869.0,40.0,,,,31.700000762939453,,28.299999237060547,fast_plan,6,,,,100.0
Durio carinatus,-3.65,103.8,-4.0,103.0,5863.0,23.399999618530273,,,,42.79999923706055,,33.80000114440918,fast_plan,6,,,,100.0
Durio carinatus,0.28333,109.08333,0.0,109.0,5866.0,18.5,,,,38.70000076293945,,42.79999923706055,fast_plan,6,,,,100.0
Durio carinatus,4.36667,114.36667,4.0,114.0,5858.0,31.600000381469727,,,,39.20000076293945,,29.19999885559082,fast_plan,6,,,,100.0
Durio carinatus,-2.91667,104.75,-3.0,104.0,5859.0,20.5,,,,45.5,,34.0,fast_plan,6,,,,100.0
Durio carinatus,2.16667,111.86667,2.0,111.0,5856.0,31.100000381469727,,,,34.400001525878906,,34.49999809265137,fast_plan,6,,,,100.0
Durio carinatus,3.294924,101.626294,3.0,101.0,5862.0,41.70000076293945,,,,36.400001525878906,,21.89999771118164,fast_plan,6,,,,100.0
Durio carinatus,1.05,103.36667,1.0,103.0,5861.0,29.200000762939453,,,,44.29999923706055,,26.5,fast_plan,6,,,,100.0
Durio griffithii,2.53333,103.13333,2.0,103.0,5913.0,32.0,,,,38.599998474121094,,29.400001525878906,fast_plan,6,,,,100.0
Durio griffithii,5.61667,117.73333,5.0,117.0,5886.0,29.600000381469727,,,,38.599998474121094,,31.80000114440918,fast_plan,6,,,,100.0
Durio griffithii,5.15,116.33333,5.0,116.0,5878.0,31.0,,,,37.900001525878906,,31.099998474121094,fast_plan,6,,,,100.0
Durio griffithii,1.73333,109.8,1.0,109.0,5882.0,45.599998474121094,,,,31.899999618530273,,22.500001907348633,fast_plan,6,,,,100.0
Durio griffithii,0.43333,117.6,0.0,117.0,5879.0,28.200000762939453,,,,36.599998474121094,,35.20000076293945,fast_plan,6,,,,100.0
Durio griffithii,4.651111,103.159722,4.0,103.0,5908.0,28.0,,,,41.70000076293945,,30.299999237060547,fast_plan,6,,,,100.0
Durio griffithii,3.35,114.18333,3.0,114.0,5884.0,29.5,,,,38.79999923706055,,31.700000762939453,fast_plan,6,,,,100.0
Durio griffithii,1.33333,113.63333,1.0,113.0,5926.0,27.0,,,,41.099998474121094,,31.900001525878906,fast_plan,6,,,,100.0
Durio zibethinus,3.544728,98.12521,3.0,98.0,5940.0,33.900001525878906,,,,37.20000076293945,,28.89999771118164,fast_plan,6,,,,100.0
Durio zibethinus,6.166236,116.471871,6.0,116.0,5950.0,29.700000762939453,,,,43.0,,27.299999237060547,fast_plan,6,,,,100.0
Durio zibethinus,0.798594,109.334031,0.0,109.0,5954.0,33.900001525878906,,,,37.599998474121094,,28.5,fast_plan,6,,,,100.0
Durio zibethinus,-1.41,99.0,-2.0,99.0,5962.0,32.0,,,,42.0,,26.0,fast_plan,6,,,,100.0
Durio zibethinus,1.58333,114.53333,1.0,114.0,5939.0,30.899999618530273,,,,39.29999923706055,,29.80000114440918,fast_plan,6,,,,100.0
Durio zibethinus,2.237663,111.784903,2.0,111.0,5946.0,25.399999618530273,,,,42.900001525878906,,31.69999885559082,fast_plan,6,,,,100.0
Durio zibethinus,1.13199,109.723452,1.0,109.0,5934.0,32.0,,,,37.29999923706055,,30.700000762939453,fast_plan,6,,,,100.0
Durio zibethinus,1.628876,99.170987,1.0,99.0,5938.0,33.70000076293945,,,,38.900001525878906,,27.39999771118164,fast_plan,6,,,,100.0
Durio zibethinus,-1.697707,114.872589,-2.0,114.0,5927.0,24.799999237060547,,,,36.099998474121094,,39.10000228881836,fast_plan,6,,,,100.0
Dyera costulata,-2.607915,102.47429,-3.0,102.0,5998.0,26.700000762939453,,,,47.5,,25.799999237060547,fast_plan,6,,,,100.0
Dyera costulata,-0.36667,103.0,-1.0,103.0,5968.0,26.100000381469727,,,,36.70000076293945,,37.19999885559082,fast_plan,6,,,,100.0
Dyera costulata,3.66,98.17,3.0,98.0,5965.0,36.099998474121094,,,,33.900001525878906,,30.0,fast_plan,6,,,,100.0
Dyera costulata,5.83333,117.93333,5.0,117.0,5982.0,30.799999237060547,,,,37.70000076293945,,31.5,fast_plan,6,,,,100.0
Dyera costulata,7.03333,99.75,7.0,99.0,6001.0,38.0,,,,21.5,,40.5,fast_plan,6,,,,100.0
Dyera costulata,-1.71,103.56,-2.0,103.0,5989.0,32.5,,,,38.5,,29.0,fast_plan,6,,,,100.0
Dyera costulata,3.46667,101.61667,3.0,101.0,5988.0,44.900001525878906,,,,37.29999923706055,,17.799999237060547,fast_plan,6,,,,100.0
Dyera costulata,-0.56833,102.40033,-1.0,102.0,5996.0,29.700000762939453,,,,40.29999923706055,,30.0,fast_plan,6,,,,100.0
Dyera polyphylla,-2.25,106.0,-3.0,106.0,6019.0,25.5,,,,40.599998474121094,,33.900001525878906,fast_plan,6,,,,100.0
Dyera polyphylla,-2.513698,114.180957,-3.0,114.0,6017.0,26.100000381469727,,,,34.099998474121094,,39.80000114440918,fast_plan,6,,,,100.0
Dyera polyphylla,-1.26688,110.189,-2.0,110.0,6007.0,19.100000381469727,,,,48.79999923706055,,32.10000038146973,fast_plan,6,,,,100.0
Dyera polyphylla,4.55,114.46667,4.0,114.0,6015.0,30.700000762939453,,,,35.099998474121094,,34.20000076293945,fast_plan,6,,,,100.0
Dyera polyphylla,-2.86667,104.68333,-3.0,104.0,6012.0,25.600000381469727,,,,44.79999923706055,,29.600000381469727,fast_plan,6,,,,100.0
Dyera polyphylla,1.13333,109.6,1.0,109.0,6016.0,29.5,,,,37.79999923706055,,32.70000076293945,fast_plan,6,,,,100.0
Dyera polyphylla,-0.41667,109.66667,-1.0,109.0,6021.0,31.100000381469727,,,,31.799999237060547,,37.10000038146973,fast_plan,6,,,,100.0
Dyera polyphylla,-2.3,113.84,-3.0,113.0,6014.0,25.100000381469727,,,,34.20000076293945,,40.69999885559082,fast_plan,6,,,,100.0
Dyera polyphylla,0.75,104.23333,0.0,104.0,6009.0,30.799999237060547,,,,40.79999923706055,,28.400001525878906,fast_plan,6,,,,100.0
Dyera polyphylla,-2.83333,107.91667,-3.0,107.0,6010.0,26.5,,,,37.400001525878906,,36.099998474121094,fast_plan,6,,,,100.0
Dyera polyphylla,2.16667,111.58333,2.0,111.0,6008.0,25.200000762939453,,,,40.20000076293945,,34.599998474121094,fast_plan,6,,,,100.0
Elaeocarpus floribundus,19.15,99.41667,19.0,99.0,6062.0,42.29999923706055,,,,30.0,,27.700000762939453,fast_plan,6,,,,100.0
Elaeocarpus floribundus,8.83333,99.0,8.0,99.0,6038.0,43.70000076293945,,,,27.100000381469727,,29.19999885559082,fast_plan,6,,,,100.0
Elaeocarpus floribundus,18.33333,99.21667,18.0,99.0,6025.0,51.70000076293945,,,,26.700000762939453,,21.599998474121094,fast_plan,6,,,,100.0
Elaeocarpus floribundus,14.87,101.81222,14.0,101.0,6033.0,39.29999923706055,,,,29.899999618530273,,30.80000114440918,fast_plan,6,,,,100.0
Elaeocarpus floribundus,8.8,117.66667,8.0,117.0,6048.0,34.20000076293945,,,,35.29999923706055,,30.5,fast_plan,6,,,,100.0
Elaeocarpus floribundus,19.35,98.91667,19.0,98.0,6057.0,43.900001525878906,,,,27.600000381469727,,28.499998092651367,fast_plan,6,,,,100.0
Elaeocarpus floribundus,27.0402,95.0767,27.0,95.0,6032.0,42.70000076293945,,,,25.100000381469727,,32.19999885559082,fast_plan,6,,,,100.0
Elaeocarpus floribundus,20.3,99.65,20.0,99.0,6044.0,32.70000076293945,,,,32.29999923706055,,35.0,fast_plan,6,,,,100.0
Elaeocarpus floribundus,10.19412,118.89728,10.0,118.0,6027.0,25.5,,,,39.0,,35.5,fast_plan,6,,,,100.0
Elaeocarpus lanceifolius,26.9,98.87,26.0,98.0,6093.0,36.099998474121094,,,,26.200000762939453,,37.70000076293945,fast_plan,6,,,,100.0
Elaeocarpus lanceifolius,14.66667,99.16667,14.0,99.0,6095.0,42.0,,,,27.700000762939453,,30.299999237060547,fast_plan,6,,,,100.0
Elaeocarpus lanceifolius,25.12,105.47,25.0,105.0,6091.0,21.799999237060547,,,,34.400001525878906,,43.79999923706055,fast_plan,6,,,,100.0
Elaeocarpus lanceifolius,27.51,90.43,27.0,90.0,6086.0,28.5,,,,33.5,,38.0,fast_plan,6,,,,100.0
Elaeocarpus lanceifolius,26.940496,89.513672,26.0,89.0,6102.0,34.400001525878906,,,,26.799999237060547,,38.79999923706055,fast_plan,6,,,,100.0
Elaeocarpus lanceifolius,27.098356,92.817829,27.0,92.0,6088.0,33.70000076293945,,,,28.399999618530273,,37.89999961853027,fast_plan,6,,,,100.0
Elaeocarpus lanceifolius,6.66667,100.16667,6.0,100.0,6074.0,33.599998474121094,,,,31.799999237060547,,34.60000228881836,fast_plan,6,,,,100.0
Elaeocarpus lanceifolius,21.37618,93.71252,21.0,93.0,6103.0,38.900001525878906,,,,28.899999618530273,,32.19999885559082,fast_plan,6,,,,100.0
Elaeocarpus lanceifolius,28.39,84.12,28.0,84.0,6094.0,36.900001525878906,,,,21.0,,42.099998474121094,fast_plan,6,,,,100.0
Elaeocarpus lanceifolius,7.0,100.2,7.0,100.0,6080.0,36.099998474121094,,,,33.0,,30.900001525878906,fast_plan,6,,,,100.0
Elaeocarpus obtusus,-5.383333,104.416667,-6.0,104.0,6125.0,34.20000076293945,,,,35.20000076293945,,30.599998474121094,fast_plan,6,,,,100.0
Elaeocarpus obtusus,-3.407222,102.269444,-4.0,102.0,6138.0,32.70000076293945,,,,35.79999923706055,,31.5,fast_plan,6,,,,100.0
Elaeocarpus obtusus,4.68333,115.2,4.0,115.0,6135.0,32.79999923706055,,,,31.799999237060547,,35.400001525878906,fast_plan,6,,,,100.0
Elaeocarpus obtusus,8.58333,99.26667,8.0,99.0,6118.0,35.20000076293945,,,,26.5,,38.29999923706055,fast_plan,6,,,,100.0
Elaeocarpus obtusus,5.46917,117.805,5.0,117.0,6121.0,28.899999618530273,,,,41.0,,30.100000381469727,fast_plan,6,,,,100.0
Elaeocarpus obtusus,0.95,110.75,0.0,110.0,6126.0,31.0,,,,35.900001525878906,,33.099998474121094,fast_plan,6,,,,100.0
Elaeocarpus obtusus,2.58333,98.83333,2.0,98.0,6123.0,34.900001525878906,,,,35.5,,29.599998474121094,fast_plan,6,,,,100.0
Elaeocarpus obtusus,1.9,117.233333,1.0,117.0,6112.0,27.600000381469727,,,,39.70000076293945,,32.69999885559082,fast_plan,6,,,,100.0
Elaeocarpus obtusus,3.76667,113.76667,3.0,113.0,6119.0,26.399999618530273,,,,39.400001525878906,,34.19999885559082,fast_plan,6,,,,100.0
Elaeocarpus serratus,10.236158,77.495892,10.0,77.0,6158.0,32.900001525878906,,,,34.79999923706055,,32.29999923706055,fast_plan,6,,,,100.0
Elaeocarpus serratus,10.41983,76.70947,10.0,76.0,6151.0,38.900001525878906,,,,34.400001525878906,,26.699996948242188,fast_plan,6,,,,100.0
Elaeocarpus serratus,11.818744,75.840417,11.0,75.0,6143.0,43.099998474121094,,,,33.099998474121094,,23.800003051757812,fast_plan,6,,,,100.0
Elaeocarpus serratus,6.587215,79.972401,6.0,79.0,6156.0,27.299999237060547,,,,38.099998474121094,,34.60000228881836,fast_plan,6,,,,100.0
Elaeocarpus serratus,9.64028,77.3667,9.0,77.0,6154.0,32.0,,,,35.900001525878906,,32.099998474121094,fast_plan,6,,,,100.0
Elaeocarpus serratus,22.11001,88.75185,22.0,88.0,6153.0,6.900000095367432,,,,34.5,,58.59999990463257,fast_plan,6,,,,100.0
Elaeocarpus serratus,11.5,76.5,11.0,76.0,6150.0,41.900001525878906,,,,26.299999237060547,,31.799999237060547,fast_plan,6,,,,100.0
Elaeocarpus serratus,17.921429,73.688955,17.0,73.0,6142.0,32.400001525878906,,,,39.0,,28.599998474121094,fast_plan,6,,,,100.0
Elaeocarpus serratus,7.303383,80.651023,7.0,80.0,6145.0,37.900001525878906,,,,35.599998474121094,,26.5,fast_plan,6,,,,100.0
Elaeocarpus serratus,12.383035,75.485867,12.0,75.0,6147.0,38.900001525878906,,,,32.29999923706055,,28.799999237060547,fast_plan,6,,,,100.0
Elaeocarpus serratus,5.998308,80.415554,5.0,80.0,6149.0,35.400001525878906,,,,32.900001525878906,,31.699996948242188,fast_plan,6,,,,100.0
Elaeocarpus sylvestris,21.741852,107.997805,21.0,107.0,6199.0,33.0,,,,31.899999618530273,,35.10000038146973,fast_plan,6,,,,100.0
Elaeocarpus sylvestris,25.17,106.1,25.0,106.0,6168.0,23.299999237060547,,,,29.899999618530273,,46.80000114440918,fast_plan,6,,,,100.0
Elaeocarpus sylvestris,29.496119,103.398589,29.0,103.0,6180.0,32.0,,,,26.799999237060547,,41.20000076293945,fast_plan,6,,,,100.0
Elaeocarpus sylvestris,21.653918,110.857716,21.0,110.0,6162.0,32.400001525878906,,,,22.5,,45.099998474121094,fast_plan,6,,,,100.0
Elaeocarpus sylvestris,18.62,109.7,18.0,109.0,6221.0,51.79999923706055,,,,19.5,,28.700000762939453,fast_plan,6,,,,100.0
Elaeocarpus tuberculatus,10.2417,77.5167,10.0,77.0,6227.0,35.599998474121094,,,,29.399999618530273,,35.00000190734863,fast_plan,6,,,,100.0
Elaeocarpus tuberculatus,9.64028,77.3667,9.0,77.0,6226.0,32.0,,,,35.900001525878906,,32.099998474121094,fast_plan,6,,,,100.0
Elaeocarpus tuberculatus,11.835275,75.839096,11.0,75.0,6222.0,42.900001525878906,,,,34.5,,22.599998474121094,fast_plan,6,,,,100.0
Elaeocarpus tuberculatus,12.5,75.575,12.0,75.0,6233.0,48.0,,,,33.400001525878906,,18.599998474121094,fast_plan,6,,,,100.0
Elaeocarpus tuberculatus,13.222605,75.250823,13.0,75.0,6231.0,41.599998474121094,,,,34.29999923706055,,24.10000228881836,fast_plan,6,,,,100.0
Elaeocarpus tuberculatus,10.421652,76.744542,10.0,76.0,6224.0,39.5,,,,30.600000381469727,,29.899999618530273,fast_plan,6,,,,100.0
Elaeocarpus tuberculatus,15.807122,73.952261,15.0,73.0,6225.0,35.5,,,,34.599998474121094,,29.900001525878906,fast_plan,6,,,,100.0
Elaeocarpus tuberculatus,22.883478,79.616202,22.0,79.0,6223.0,15.699999809265137,,,,37.70000076293945,,46.59999942779541,fast_plan,6,,,,100.0
Elaeocarpus tuberculatus,8.497334,77.483477,8.0,77.0,6232.0,34.599998474121094,,,,32.5,,32.900001525878906,fast_plan,6,,,,100.0
Elaeocarpus tuberculatus,11.932836,77.185061,11.0,77.0,6228.0,39.70000076293945,,,,30.600000381469727,,29.69999885559082,fast_plan,6,,,,100.0
Elaeocarpus tuberculatus,11.523088,76.458664,11.0,76.0,6230.0,41.29999923706055,,,,27.899999618530273,,30.80000114440918,fast_plan,6,,,,100.0
Elaeocarpus tuberculatus,14.26419,74.75006,14.0,74.0,6229.0,43.900001525878906,,,,25.200000762939453,,30.89999771118164,fast_plan,6,,,,100.0
Endospermum diadenum,0.9,102.33333,0.0,102.0,6252.0,22.899999618530273,,,,46.099998474121094,,31.000001907348633,fast_plan,6,,,,100.0
Endospermum diadenum,3.0,99.5,3.0,99.0,6234.0,38.5,,,,32.0,,29.5,fast_plan,6,,,,100.0
Endospermum diadenum,8.23333,98.78333,8.0,98.0,6236.0,35.599998474121094,,,,26.299999237060547,,38.10000228881836,fast_plan,6,,,,100.0
Endospermum diadenum,-1.6333,105.7667,-2.0,105.0,6275.0,28.899999618530273,,,,37.70000076293945,,33.39999961853027,fast_plan,6,,,,100.0
Endospermum diadenum,4.43333,114.45,4.0,114.0,6272.0,29.100000381469727,,,,39.29999923706055,,31.600000381469727,fast_plan,6,,,,100.0
Endospermum diadenum,2.13333,113.78333,2.0,113.0,6265.0,29.0,,,,39.0,,32.0,fast_plan,6,,,,100.0
Endospermum diadenum,-0.1,114.85,-1.0,114.0,6293.0,27.299999237060547,,,,41.29999923706055,,31.400001525878906,fast_plan,6,,,,100.0
Endospermum diadenum,2.66667,103.61667,2.0,103.0,6270.0,29.399999618530273,,,,38.20000076293945,,32.39999961853027,fast_plan,6,,,,100.0
Endospermum diadenum,2.58,96.08,2.0,96.0,6258.0,21.5,,,,39.5,,39.0,fast_plan,6,,,,100.0
Endospermum diadenum,-1.01667,113.0,-2.0,113.0,6286.0,29.399999618530273,,,,43.70000076293945,,26.899999618530273,fast_plan,6,,,,100.0
Engelhardia spicata,5.80338,101.81475,5.0,101.0,6315.0,31.299999237060547,,,,34.099998474121094,,34.60000228881836,fast_plan,6,,,,100.0
Engelhardia spicata,28.474255,83.653254,28.0,83.0,6301.0,38.20000076293945,,,,22.0,,39.79999923706055,fast_plan,6,,,,100.0
Engelhardia spicata,25.143525,94.283342,25.0,94.0,6332.0,31.299999237060547,,,,34.70000076293945,,34.0,fast_plan,6,,,,100.0
Engelhardia spicata,3.6831,97.6486,3.0,97.0,6347.0,40.0,,,,31.700000762939453,,28.299999237060547,fast_plan,6,,,,100.0
Engelhardia spicata,-8.03333,114.0,-9.0,114.0,6352.0,41.400001525878906,,,,36.099998474121094,,22.5,fast_plan,6,,,,100.0
Engelhardia spicata,3.75,115.45,3.0,115.0,6329.0,32.70000076293945,,,,35.599998474121094,,31.700000762939453,fast_plan,6,,,,100.0
Erythrina stricta,20.571983,102.347217,20.0,102.0,6377.0,33.400001525878906,,,,34.0,,32.599998474121094,fast_plan,6,,,,100.0
Erythrina stricta,26.848335,89.396879,26.0,89.0,6384.0,44.29999923706055,,,,28.799999237060547,,26.900001525878906,fast_plan,6,,,,100.0
Erythrina stricta,8.93333,98.95,8.0,98.0,6408.0,40.0,,,,27.5,,32.5,fast_plan,6,,,,100.0
Erythrina stricta,25.13,105.39,25.0,105.0,6405.0,17.700000762939453,,,,37.20000076293945,,45.099998474121094,fast_plan,6,,,,100.0
Erythrina stricta,22.02,100.8,22.0,100.0,6398.0,30.700000762939453,,,,41.70000076293945,,27.599998474121094,fast_plan,6,,,,100.0
Erythrina stricta,26.879839,88.303127,26.0,88.0,6359.0,36.29999923706055,,,,27.399999618530273,,36.30000114440918,fast_plan,6,,,,100.0
Erythrina stricta,21.6065,93.4449,21.0,93.0,6374.0,37.900001525878906,,,,26.5,,35.599998474121094,fast_plan,6,,,,100.0
Erythrina stricta,9.603703,77.167521,9.0,77.0,6357.0,36.400001525878906,,,,34.20000076293945,,29.39999771118164,fast_plan,6,,,,100.0
Erythrina stricta,15.16349,74.62148,15.0,74.0,6360.0,44.5,,,,25.899999618530273,,29.600000381469727,fast_plan,6,,,,100.0
Erythrina stricta,20.356,74.213,20.0,74.0,6363.0,23.5,,,,48.900001525878906,,27.599998474121094,fast_plan,6,,,,100.0
Erythrina stricta,19.35,98.91667,19.0,98.0,6395.0,43.900001525878906,,,,27.600000381469727,,28.499998092651367,fast_plan,6,,,,100.0
Erythrina stricta,11.984236,75.363692,11.0,75.0,6378.0,41.900001525878906,,,,27.100000381469727,,30.999998092651367,fast_plan,6,,,,100.0
Erythrina subumbrans,17.704444,105.238611,17.0,105.0,6446.0,34.20000076293945,,,,30.299999237060547,,35.5,fast_plan,6,,,,100.0
Erythrina subumbrans,-2.40181,125.99144,-3.0,125.0,6424.0,42.70000076293945,,,,28.700000762939453,,28.599998474121094,fast_plan,6,,,,100.0
Erythrina subumbrans,0.01284,100.24852,0.0,100.0,6437.0,35.79999923706055,,,,43.0,,21.200000762939453,fast_plan,6,,,,100.0
Erythrina subumbrans,22.268583,102.852639,22.0,102.0,6431.0,26.100000381469727,,,,38.29999923706055,,35.60000038146973,fast_plan,6,,,,100.0
Erythrina subumbrans,-8.03333,114.0,-9.0,114.0,6411.0,41.400001525878906,,,,36.099998474121094,,22.5,fast_plan,6,,,,100.0
Erythrina subumbrans,-7.0274,106.5509,-8.0,106.0,6418.0,24.5,,,,39.20000076293945,,36.29999923706055,fast_plan,6,,,,100.0
Erythrina subumbrans,-7.12972,107.63806,-8.0,107.0,6434.0,33.599998474121094,,,,31.0,,35.400001525878906,fast_plan,6,,,,100.0
Erythrina subumbrans,18.52445,98.51566,18.0,98.0,6438.0,42.0,,,,34.599998474121094,,23.400001525878906,fast_plan,6,,,,100.0
Erythrophleum fordii,25.7,110.3,25.0,110.0,6470.0,48.400001525878906,,,,20.700000762939453,,30.89999771118164,fast_plan,6,,,,100.0
Erythrophleum fordii,22.161389,105.5975,22.0,105.0,6464.0,23.899999618530273,,,,32.099998474121094,,44.00000190734863,fast_plan,6,,,,100.0
Erythrophleum fordii,18.426944,105.220833,18.0,105.0,6473.0,34.29999923706055,,,,29.799999237060547,,35.900001525878906,fast_plan,6,,,,100.0
Erythrophleum fordii,23.160603,106.288701,23.0,106.0,6474.0,15.399999618530273,,,,36.70000076293945,,47.89999961853027,fast_plan,6,,,,100.0
Erythrophleum fordii,22.446542,111.031652,22.0,111.0,6465.0,45.5,,,,24.700000762939453,,29.799999237060547,fast_plan,6,,,,100.0
Erythrophleum fordii,21.466667,107.583333,21.0,107.0,6471.0,31.700000762939453,,,,33.599998474121094,,34.70000076293945,fast_plan,6,,,,100.0
Erythrophleum fordii,23.17,112.51,23.0,112.0,6463.0,45.20000076293945,,,,24.200000762939453,,30.599998474121094,fast_plan,6,,,,100.0
Eucalyptus alba,-14.150047,136.473721,-15.0,136.0,6488.0,52.79999923706055,,,,26.100000381469727,,21.100000381469727,fast_plan,6,,,,100.0
Eucalyptus alba,-14.5,131.333333,-15.0,131.0,6498.0,74.19999694824219,,,,13.100000381469727,,12.700002670288086,fast_plan,6,,,,100.0
Eucalyptus alba,-8.295607,124.658655,-9.0,124.0,6476.0,44.400001525878906,,,,31.200000762939453,,24.39999771118164,fast_plan,6,,,,100.0
Eucalyptus alba,-13.477787,133.383584,-14.0,133.0,6522.0,70.4000015258789,,,,12.800000190734863,,16.79999828338623,fast_plan,6,,,,100.0
Eucalyptus alba,-13.4167,130.55,-14.0,130.0,6510.0,55.400001525878906,,,,26.399999618530273,,18.19999885559082,fast_plan,6,,,,100.0
Eucalyptus alba,-9.4603,124.4817,-10.0,124.0,6520.0,46.900001525878906,,,,28.899999618530273,,24.19999885559082,fast_plan,6,,,,100.0
Eucalyptus alba,-12.5,132.467,-13.0,132.0,6507.0,45.0,,,,31.899999618530273,,23.100000381469727,fast_plan,6,,,,100.0
Eucalyptus alba,-16.0833,127.3167,-17.0,127.0,6501.0,55.29999923706055,,,,29.799999237060547,,14.900001525878906,fast_plan,6,,,,100.0
Eucalyptus alba,-13.7344,136.6386,-14.0,136.0,6495.0,58.099998474121094,,,,24.700000762939453,,17.200000762939453,fast_plan,6,,,,100.0
Eucalyptus alba,-10.0,148.0,-10.0,148.0,6497.0,35.900001525878906,,,,36.20000076293945,,27.89999771118164,fast_plan,6,,,,100.0
Eucalyptus camaldulensis,-28.29011,146.626172,-29.0,146.0,6573.0,40.5,,,,40.79999923706055,,18.700000762939453,fast_plan,6,,,,100.0
Eucalyptus camaldulensis,-29.55734,150.601483,-30.0,150.0,6592.0,57.5,,,,23.5,,19.0,fast_plan,6,,,,100.0
Eucalyptus camaldulensis,-23.166667,136.33333,-24.0,136.0,6582.0,70.0,,,,19.299999237060547,,10.700000762939453,fast_plan,6,,,,100.0
Eucalyptus camaldulensis,-24.7655,127.743528,-25.0,127.0,6555.0,66.0999984741211,,,,21.399999618530273,,12.500001907348633,fast_plan,6,,,,100.0
Eucalyptus camaldulensis,-13.784722,136.195556,-14.0,136.0,6590.0,58.599998474121094,,,,24.399999618530273,,17.000001907348633,fast_plan,6,,,,100.0
Eucalyptus camaldulensis,-18.224686,129.80799,-19.0,129.0,6550.0,66.19999694824219,,,,26.5,,7.3000030517578125,fast_plan,6,,,,100.0
Eucalyptus camaldulensis,-21.15388,136.39206,-22.0,136.0,6574.0,69.80000305175781,,,,22.5,,7.6999969482421875,fast_plan,6,,,,100.0
Eucalyptus camaldulensis,-19.106389,128.817778,-20.0,128.0,6539.0,67.69999694824219,,,,22.299999237060547,,10.000003814697266,fast_plan,6,,,,100.0
Eucalyptus camaldulensis,-14.36398,131.5586,-15.0,131.0,6566.0,75.0999984741211,,,,13.0,,11.900001525878906,fast_plan,6,,,,100.0
Eucalyptus camaldulensis,-24.863616,113.671253,-25.0,113.0,6562.0,60.79999923706055,,,,12.699999809265137,,26.500000953674316,fast_plan,6,,,,100.0
Eucalyptus camaldulensis,-32.39791,141.53641,-33.0,141.0,6569.0,70.19999694824219,,,,19.100000381469727,,10.700002670288086,fast_plan,6,,,,100.0
Eucalyptus camaldulensis,-17.636666,136.835449,-18.0,136.0,6540.0,59.400001525878906,,,,28.799999237060547,,11.799999237060547,fast_plan,6,,,,100.0
Eucalyptus deglupta,-3.8,136.4167,-4.0,136.0,6629.0,29.299999237060547,,,,36.0,,34.70000076293945,fast_plan,6,,,,100.0
Eucalyptus deglupta,9.722116,118.52406,9.0,118.0,6644.0,33.900001525878906,,,,35.79999923706055,,30.299999237060547,fast_plan,6,,,,100.0
Eucalyptus deglupta,-6.337794,145.883934,-7.0,145.0,6623.0,35.900001525878906,,,,35.79999923706055,,28.299999237060547,fast_plan,6,,,,100.0
Eucalyptus deglupta,-1.273375,122.022187,-2.0,122.0,6610.0,26.5,,,,41.400001525878906,,32.099998474121094,fast_plan,6,,,,100.0
Eucalyptus deglupta,-10.5,149.833333,-11.0,149.0,6606.0,33.0,,,,39.900001525878906,,27.099998474121094,fast_plan,6,,,,100.0
Eucalyptus deglupta,-5.833333,144.25,-6.0,144.0,6627.0,34.599998474121094,,,,38.0,,27.400001525878906,fast_plan,6,,,,100.0
Eucalyptus deglupta,0.78443,122.286286,0.0,122.0,6596.0,27.700000762939453,,,,34.29999923706055,,38.0,fast_plan,6,,,,100.0
Eucalyptus deglupta,7.5618,123.2977,7.0,123.0,6616.0,34.099998474121094,,,,33.0,,32.900001525878906,fast_plan,6,,,,100.0
Eucalyptus deglupta,9.285,123.274,9.0,123.0,6625.0,37.599998474121094,,,,34.29999923706055,,28.10000228881836,fast_plan,6,,,,100.0
Eucalyptus grandis,-21.246073,148.520545,-22.0,148.0,6673.0,45.70000076293945,,,,30.5,,23.799999237060547,fast_plan,6,,,,100.0
Eucalyptus grandis,-18.52592,145.65649,-19.0,145.0,6664.0,44.20000076293945,,,,30.100000381469727,,25.69999885559082,fast_plan,6,,,,100.0
Eucalyptus grandis,-16.170356,144.988907,-17.0,144.0,6655.0,52.900001525878906,,,,27.700000762939453,,19.39999771118164,fast_plan,6,,,,100.0
Eucalyptus grandis,-17.506799,145.49278,-18.0,145.0,6675.0,37.599998474121094,,,,39.70000076293945,,22.700000762939453,fast_plan,6,,,,100.0
Eucalyptus grandis,-19.238463,146.413208,-20.0,146.0,6659.0,48.20000076293945,,,,28.600000381469727,,23.19999885559082,fast_plan,6,,,,100.0
Eucalyptus grandis,-32.48063,151.374272,-33.0,151.0,6671.0,60.70000076293945,,,,20.299999237060547,,19.0,fast_plan,6,,,,100.0
Eucalyptus grandis,-16.600822,145.277002,-17.0,145.0,6658.0,37.5,,,,38.29999923706055,,24.200000762939453,fast_plan,6,,,,100.0
Eucalyptus grandis,-30.466667,152.483333,-31.0,152.0,6649.0,37.400001525878906,,,,28.899999618530273,,33.69999885559082,fast_plan,6,,,,100.0
Eucalyptus grandis,-31.494936,152.525281,-32.0,152.0,6670.0,56.29999923706055,,,,19.5,,24.200000762939453,fast_plan,6,,,,100.0
Eucalyptus grandis,-25.337481,153.089712,-26.0,153.0,6653.0,59.0,,,,22.200000762939453,,18.799999237060547,fast_plan,6,,,,100.0
Eucalyptus pellita,-17.5,145.65,-18.0,145.0,6694.0,24.0,,,,53.20000076293945,,22.799999237060547,fast_plan,6,,,,100.0
Eucalyptus pellita,-19.916667,146.0,-20.0,146.0,6682.0,59.70000076293945,,,,24.0,,16.299999237060547,fast_plan,6,,,,100.0
Eucalyptus pellita,-16.547111,145.418589,-17.0,145.0,6684.0,40.900001525878906,,,,32.400001525878906,,26.699996948242188,fast_plan,6,,,,100.0
Eucalyptus pellita,-18.51594,146.17941,-19.0,146.0,6698.0,45.400001525878906,,,,32.5,,22.099998474121094,fast_plan,6,,,,100.0
Eucalyptus pellita,-15.2727,144.9755,-16.0,144.0,6691.0,53.400001525878906,,,,24.399999618530273,,22.19999885559082,fast_plan,6,,,,100.0
Eucalyptus pellita,-35.4917,150.05,-36.0,150.0,6699.0,76.0999984741211,,,,9.600000381469727,,14.30000114440918,fast_plan,6,,,,100.0
Eucalyptus pellita,-14.423481,144.509436,-15.0,144.0,6695.0,62.0,,,,22.5,,15.5,fast_plan,6,,,,100.0
Eucalyptus pellita,-33.5,151.25,-34.0,151.0,6683.0,49.900001525878906,,,,16.899999618530273,,33.19999885559082,fast_plan,6,,,,100.0
Eucalyptus pellita,-36.089129,150.111465,-37.0,150.0,6685.0,67.5,,,,15.0,,17.5,fast_plan,6,,,,100.0
Eucalyptus pilularis,-30.723227,150.036251,-31.0,150.0,6711.0,42.20000076293945,,,,34.900001525878906,,22.89999771118164,fast_plan,6,,,,100.0
Eucalyptus pilularis,-33.480147,151.437789,-34.0,151.0,6706.0,54.70000076293945,,,,17.100000381469727,,28.19999885559082,fast_plan,6,,,,100.0
Eucalyptus pilularis,-36.653213,149.413272,-37.0,149.0,6726.0,61.70000076293945,,,,15.5,,22.799999237060547,fast_plan,6,,,,100.0
Eucalyptus pilularis,-35.47687,150.39027,-36.0,150.0,6708.0,67.0999984741211,,,,15.100000381469727,,17.80000114440918,fast_plan,6,,,,100.0
Eucalyptus pilularis,-32.451075,152.491728,-33.0,152.0,6700.0,65.5,,,,15.800000190734863,,18.699999809265137,fast_plan,6,,,,100.0
Eucalyptus pilularis,-27.576905,152.40715,-28.0,152.0,6723.0,52.20000076293945,,,,32.400001525878906,,15.39999771118164,fast_plan,6,,,,100.0
Eucalyptus pilularis,-37.35,149.95,-38.0,149.0,6703.0,67.9000015258789,,,,9.399999618530273,,22.69999885559082,fast_plan,6,,,,100.0
Eucalyptus pilularis,-33.580713,150.633721,-34.0,150.0,6707.0,74.19999694824219,,,,11.5,,14.300003051757812,fast_plan,6,,,,100.0
Eucalyptus tereticornis,-16.558361,145.485676,-17.0,145.0,6774.0,55.099998474121094,,,,21.200000762939453,,23.700000762939453,fast_plan,6,,,,100.0
Eucalyptus tereticornis,-29.179325,151.388261,-30.0,151.0,6762.0,44.5,,,,34.099998474121094,,21.400001525878906,fast_plan,6,,,,100.0
Eucalyptus tereticornis,-19.983103,148.228287,-20.0,148.0,6771.0,60.599998474121094,,,,23.299999237060547,,16.10000228881836,fast_plan,6,,,,100.0
Eucalyptus tereticornis,-31.7312,149.971,-32.0,149.0,6782.0,42.5,,,,26.600000381469727,,30.899999618530273,fast_plan,6,,,,100.0
Eucalyptus tereticornis,-25.334252,153.1916,-26.0,153.0,6779.0,72.19999694824219,,,,14.600000381469727,,13.200002670288086,fast_plan,6,,,,100.0
Eucalyptus tereticornis,-17.360396,146.013683,-18.0,146.0,6750.0,34.20000076293945,,,,34.599998474121094,,31.200000762939453,fast_plan,6,,,,100.0
Eucalyptus tereticornis,-26.4368,151.42537,-27.0,151.0,6739.0,47.400001525878906,,,,35.79999923706055,,16.799999237060547,fast_plan,6,,,,100.0
Eucalyptus tereticornis,-38.2575,146.41944,-39.0,146.0,6754.0,57.70000076293945,,,,18.200000762939453,,24.099998474121094,fast_plan,6,,,,100.0
Eucalyptus tereticornis,-24.8,153.216667,-25.0,153.0,6755.0,59.20000076293945,,,,23.799999237060547,,17.0,fast_plan,6,,,,100.0
Eucalyptus tereticornis,-28.511499,153.4957,-29.0,153.0,6741.0,35.5,,,,32.79999923706055,,31.700000762939453,fast_plan,6,,,,100.0
Eucalyptus tereticornis,-26.49866,152.50431,-27.0,152.0,6742.0,51.29999923706055,,,,27.0,,21.700000762939453,fast_plan,6,,,,100.0
Eucalyptus urophylla,-8.62056,125.69556,-9.0,125.0,6793.0,38.0,,,,35.599998474121094,,26.400001525878906,fast_plan,6,,,,100.0
Eucalyptus urophylla,-7.8,126.3,-8.0,126.0,6794.0,46.20000076293945,,,,33.70000076293945,,20.099998474121094,fast_plan,6,,,,100.0
Euonymus angulatus,11.480168,77.3025,11.0,77.0,6798.0,36.29999923706055,,,,31.399999618530273,,32.30000114440918,fast_plan,7,,,,100.0
Euonymus angulatus,8.532527,77.452555,8.0,77.0,6796.0,37.29999923706055,,,,35.29999923706055,,27.400001525878906,fast_plan,7,,,,100.0
Euonymus angulatus,10.445104,76.984978,10.0,76.0,6795.0,35.20000076293945,,,,32.29999923706055,,32.5,fast_plan,7,,,,100.0
Euonymus angulatus,11.17683,76.41372,11.0,76.0,6797.0,41.20000076293945,,,,29.600000381469727,,29.19999885559082,fast_plan,7,,,,100.0
Eusideroxylon zwageri,4.65,118.41667,4.0,118.0,6826.0,35.400001525878906,,,,33.70000076293945,,30.89999771118164,fast_plan,7,,,,100.0
Eusideroxylon zwageri,1.83,113.67,1.0,113.0,6832.0,30.600000381469727,,,,39.099998474121094,,30.30000114440918,fast_plan,7,,,,100.0
Eusideroxylon zwageri,3.89,114.77,3.0,114.0,6830.0,36.20000076293945,,,,31.200000762939453,,32.599998474121094,fast_plan,7,,,,100.0
Eusideroxylon zwageri,-0.875833,112.165833,-1.0,112.0,6818.0,29.600000381469727,,,,38.29999923706055,,32.10000038146973,fast_plan,7,,,,100.0
Eusideroxylon zwageri,-2.09,103.29,-3.0,103.0,6831.0,30.0,,,,38.900001525878906,,31.099998474121094,fast_plan,7,,,,100.0
Eusideroxylon zwageri,0.945,109.986389,0.0,109.0,6809.0,30.799999237060547,,,,39.0,,30.200000762939453,fast_plan,7,,,,100.0
Eusideroxylon zwageri,-2.83333,107.91667,-3.0,107.0,6812.0,26.5,,,,37.400001525878906,,36.099998474121094,fast_plan,7,,,,100.0
Eusideroxylon zwageri,-2.06667,115.61667,-3.0,115.0,6841.0,30.0,,,,37.20000076293945,,32.79999923706055,fast_plan,7,,,,100.0
Eusideroxylon zwageri,3.225022,115.35852,3.0,115.0,6808.0,31.200000762939453,,,,35.900001525878906,,32.89999771118164,fast_plan,7,,,,100.0
Eusideroxylon zwageri,1.66667,109.85,1.0,109.0,6813.0,46.70000076293945,,,,33.099998474121094,,20.200000762939453,fast_plan,7,,,,100.0
Eusideroxylon zwageri,2.01667,112.93333,2.0,112.0,6823.0,31.399999618530273,,,,33.20000076293945,,35.39999961853027,fast_plan,7,,,,100.0
Fagraea crenulata,2.946308,101.688519,2.0,101.0,6845.0,31.5,,,,38.70000076293945,,29.799999237060547,fast_plan,7,,,,100.0
Fagraea crenulata,6.743017,100.051714,6.0,100.0,6848.0,32.900001525878906,,,,29.799999237060547,,37.29999923706055,fast_plan,7,,,,100.0
Fagraea crenulata,5.930588,101.868903,5.0,101.0,6846.0,44.79999923706055,,,,28.100000381469727,,27.100000381469727,fast_plan,7,,,,100.0
Fagraea crenulata,9.991971,105.875278,9.0,105.0,6843.0,24.299999237060547,,,,38.900001525878906,,36.79999923706055,fast_plan,7,,,,100.0
Fagraea fragrans,1.13333,109.6,1.0,109.0,6906.0,29.5,,,,37.79999923706055,,32.70000076293945,fast_plan,7,,,,100.0
Fagraea fragrans,1.7,110.48333,1.0,110.0,6868.0,29.399999618530273,,,,39.70000076293945,,30.899999618530273,fast_plan,7,,,,100.0
Fagraea fragrans,-3.383333,104.566667,-4.0,104.0,6870.0,23.299999237060547,,,,44.099998474121094,,32.60000228881836,fast_plan,7,,,,100.0
Fagraea fragrans,13.729304,100.556096,13.0,100.0,6908.0,13.199999809265137,,,,42.70000076293945,,44.09999942779541,fast_plan,7,,,,100.0
Fagraea fragrans,-3.6621,119.7049,-4.0,119.0,6851.0,33.400001525878906,,,,33.79999923706055,,32.79999923706055,fast_plan,7,,,,100.0
Fagraea fragrans,0.9,118.2,0.0,118.0,6888.0,33.400001525878906,,,,33.0,,33.599998474121094,fast_plan,7,,,,100.0
Fagraea fragrans,11.0,104.0,11.0,104.0,6869.0,37.20000076293945,,,,31.700000762939453,,31.099998474121094,fast_plan,7,,,,100.0
Fagraea fragrans,18.764903,98.937605,18.0,98.0,6865.0,41.599998474121094,,,,24.899999618530273,,33.50000190734863,fast_plan,7,,,,100.0
Fagraea fragrans,16.464337,102.809532,16.0,102.0,6867.0,45.900001525878906,,,,26.0,,28.099998474121094,fast_plan,7,,,,100.0
Fagraea fragrans,12.086667,107.157222,12.0,107.0,6850.0,35.099998474121094,,,,28.399999618530273,,36.50000190734863,fast_plan,7,,,,100.0
Falcataria moluccana,-9.625,149.175,-10.0,149.0,6924.0,32.29999923706055,,,,35.29999923706055,,32.400001525878906,fast_plan,7,,,,100.0
Falcataria moluccana,-6.43333,142.83333,-7.0,142.0,6927.0,32.099998474121094,,,,42.599998474121094,,25.300003051757812,fast_plan,7,,,,100.0
Falcataria moluccana,-4.183333,142.733333,-5.0,142.0,6926.0,34.70000076293945,,,,35.79999923706055,,29.5,fast_plan,7,,,,100.0
Falcataria moluccana,-9.55,150.616667,-10.0,150.0,6913.0,31.899999618530273,,,,38.0,,30.100000381469727,fast_plan,7,,,,100.0
Falcataria moluccana,-1.23333,132.2,-2.0,132.0,6936.0,34.29999923706055,,,,36.20000076293945,,29.5,fast_plan,7,,,,100.0
Falcataria moluccana,-3.0,129.0,-3.0,129.0,6945.0,38.099998474121094,,,,35.79999923706055,,26.10000228881836,fast_plan,7,,,,100.0
Falcataria moluccana,-5.270306,141.22075,-6.0,141.0,6921.0,34.79999923706055,,,,36.400001525878906,,28.799999237060547,fast_plan,7,,,,100.0
Falcataria moluccana,-4.270247,138.081266,-5.0,138.0,6915.0,32.400001525878906,,,,40.099998474121094,,27.5,fast_plan,7,,,,100.0
Falcataria moluccana,-8.382,160.762,-9.0,160.0,6941.0,26.600000381469727,,,,41.0,,32.39999961853027,fast_plan,7,,,,100.0
Ficus altissima,20.327369,105.61079,20.0,105.0,6968.0,28.100000381469727,,,,35.0,,36.89999961853027,fast_plan,7,,,,100.0
Ficus altissima,14.43333,101.36667,14.0,101.0,7012.0,27.799999237060547,,,,41.29999923706055,,30.900001525878906,fast_plan,7,,,,100.0
Ficus altissima,16.5,97.65,16.0,97.0,7019.0,25.399999618530273,,,,32.5,,42.10000038146973,fast_plan,7,,,,100.0
Ficus altissima,18.33333,99.21667,18.0,99.0,7001.0,51.70000076293945,,,,26.700000762939453,,21.599998474121094,fast_plan,7,,,,100.0
Ficus altissima,25.12,105.47,25.0,105.0,7006.0,21.799999237060547,,,,34.400001525878906,,43.79999923706055,fast_plan,7,,,,100.0
Ficus altissima,-8.2,114.35,-9.0,114.0,6979.0,43.099998474121094,,,,31.100000381469727,,25.80000114440918,fast_plan,7,,,,100.0
Ficus altissima,19.59167,98.65833,19.0,98.0,6987.0,45.099998474121094,,,,31.299999237060547,,23.60000228881836,fast_plan,7,,,,100.0
Ficus altissima,19.41667,99.26667,19.0,99.0,7000.0,40.70000076293945,,,,28.899999618530273,,30.399999618530273,fast_plan,7,,,,100.0
Ficus beddomei,10.30482,77.03206,10.0,77.0,7025.0,31.700000762939453,,,,34.29999923706055,,34.0,fast_plan,7,,,,100.0
Ficus beddomei,8.725,77.2417,8.0,77.0,7020.0,39.20000076293945,,,,33.5,,27.299999237060547,fast_plan,7,,,,100.0
Ficus beddomei,11.098004,76.747002,11.0,76.0,7024.0,39.79999923706055,,,,31.100000381469727,,29.100000381469727,fast_plan,7,,,,100.0
Ficus beddomei,10.2756,78.1942,10.0,78.0,7026.0,36.599998474121094,,,,29.899999618530273,,33.50000190734863,fast_plan,7,,,,100.0
Ficus beddomei,10.33731,76.8416,10.0,76.0,7022.0,35.79999923706055,,,,33.5,,30.700000762939453,fast_plan,7,,,,100.0
Ficus beddomei,13.4917,75.125,13.0,75.0,7023.0,41.70000076293945,,,,29.0,,29.299999237060547,fast_plan,7,,,,100.0
Ficus beddomei,12.387031,75.48,12.0,75.0,7021.0,40.79999923706055,,,,32.5,,26.700000762939453,fast_plan,7,,,,100.0
Ficus benjamina,17.902799,77.539908,17.0,77.0,7044.0,46.20000076293945,,,,33.099998474121094,,20.700000762939453,fast_plan,7,,,,100.0
Ficus benjamina,-9.95227,123.860733,-10.0,123.0,7056.0,48.400001525878906,,,,27.899999618530273,,23.69999885559082,fast_plan,7,,,,100.0
Ficus benjamina,9.212862,118.316703,9.0,118.0,7048.0,29.700000762939453,,,,39.400001525878906,,30.89999771118164,fast_plan,7,,,,100.0
Ficus benjamina,-9.9,124.516667,-10.0,124.0,7067.0,46.599998474121094,,,,30.200000762939453,,23.200000762939453,fast_plan,7,,,,100.0
Ficus benjamina,26.760606,80.930931,26.0,80.0,7052.0,34.29999923706055,,,,27.899999618530273,,37.80000114440918,fast_plan,7,,,,100.0
Ficus benjamina,3.31667,98.58333,3.0,98.0,7070.0,31.5,,,,35.20000076293945,,33.29999923706055,fast_plan,7,,,,100.0
Ficus benjamina,18.294804,74.941521,18.0,74.0,7064.0,25.5,,,,46.400001525878906,,28.099998474121094,fast_plan,7,,,,100.0
Ficus benjamina,5.746172,101.864222,5.0,101.0,7060.0,36.29999923706055,,,,40.0,,23.700000762939453,fast_plan,7,,,,100.0
Ficus benjamina,12.653306,101.574027,12.0,101.0,7051.0,28.100000381469727,,,,32.29999923706055,,39.60000038146973,fast_plan,7,,,,100.0
Ficus fistulosa,23.68,90.36,23.0,90.0,7119.0,36.20000076293945,,,,32.900001525878906,,30.89999771118164,fast_plan,7,,,,100.0
Ficus fistulosa,23.496251,108.623457,23.0,108.0,7133.0,22.100000381469727,,,,34.70000076293945,,43.19999885559082,fast_plan,7,,,,100.0
Ficus fistulosa,22.99417,102.392353,22.0,102.0,7139.0,27.600000381469727,,,,30.600000381469727,,41.79999923706055,fast_plan,7,,,,100.0
Ficus fistulosa,22.464142,107.839351,22.0,107.0,7131.0,30.799999237060547,,,,35.20000076293945,,34.0,fast_plan,7,,,,100.0
Ficus fistulosa,18.62,109.7,18.0,109.0,7097.0,51.79999923706055,,,,19.5,,28.700000762939453,fast_plan,7,,,,100.0
Ficus fistulosa,-1.15,122.516667,-2.0,122.0,7087.0,37.29999923706055,,,,35.400001525878906,,27.299999237060547,fast_plan,7,,,,100.0
Ficus fistulosa,27.73,88.63,27.0,88.0,7104.0,51.70000076293945,,,,16.600000381469727,,31.69999885559082,fast_plan,7,,,,100.0
Ficus fistulosa,9.70139,124.10111,9.0,124.0,7120.0,34.70000076293945,,,,35.099998474121094,,30.200000762939453,fast_plan,7,,,,100.0
Ficus fistulosa,-0.85,134.083333,-1.0,134.0,7113.0,28.700000762939453,,,,40.79999923706055,,30.5,fast_plan,7,,,,100.0
Ficus fistulosa,13.30871,121.0775,13.0,121.0,7123.0,32.099998474121094,,,,41.29999923706055,,26.60000228881836,fast_plan,7,,,,100.0
Ficus fistulosa,0.011628,110.919447,0.0,110.0,7143.0,29.5,,,,37.400001525878906,,33.099998474121094,fast_plan,7,,,,100.0
Ficus glaberrima,3.31667,98.58333,3.0,98.0,7166.0,31.5,,,,35.20000076293945,,33.29999923706055,fast_plan,7,,,,100.0
Ficus glaberrima,25.678797,103.106271,25.0,103.0,7155.0,22.100000381469727,,,,38.599998474121094,,39.30000114440918,fast_plan,7,,,,100.0
Ficus glaberrima,17.0,101.66667,17.0,101.0,7197.0,36.400001525878906,,,,27.600000381469727,,35.99999809265137,fast_plan,7,,,,100.0
Ficus glaberrima,28.2,83.9167,28.0,83.0,7190.0,34.29999923706055,,,,23.399999618530273,,42.30000114440918,fast_plan,7,,,,100.0
Ficus glaberrima,21.40003,105.7125,21.0,105.0,7205.0,32.20000076293945,,,,34.29999923706055,,33.5,fast_plan,7,,,,100.0
Ficus glaberrima,28.67,97.47,28.0,97.0,7201.0,57.5,,,,11.199999809265137,,31.300000190734863,fast_plan,7,,,,100.0
Ficus glaberrima,15.72028,99.95667,15.0,99.0,7164.0,33.900001525878906,,,,31.0,,35.099998474121094,fast_plan,7,,,,100.0
Ficus heteropleura,5.78,116.33,5.0,116.0,7221.0,33.599998474121094,,,,33.900001525878906,,32.5,fast_plan,7,,,,100.0
Ficus heteropleura,-7.36139,110.39972,-8.0,110.0,7251.0,32.20000076293945,,,,35.20000076293945,,32.599998474121094,fast_plan,7,,,,100.0
Ficus heteropleura,-8.6,120.45,-9.0,120.0,7252.0,34.099998474121094,,,,37.400001525878906,,28.5,fast_plan,7,,,,100.0
Ficus heteropleura,-0.5611,112.62575,-1.0,112.0,7230.0,30.399999618530273,,,,40.29999923706055,,29.30000114440918,fast_plan,7,,,,100.0
Ficus heteropleura,6.36056,125.07472,6.0,125.0,7214.0,30.799999237060547,,,,37.400001525878906,,31.799999237060547,fast_plan,7,,,,100.0
Ficus heteropleura,-1.03333,116.76667,-2.0,116.0,7265.0,33.79999923706055,,,,29.5,,36.70000076293945,fast_plan,7,,,,100.0
Ficus heteropleura,4.24381,113.92396,4.0,113.0,7231.0,27.600000381469727,,,,38.099998474121094,,34.30000114440918,fast_plan,7,,,,100.0
Ficus heteropleura,4.433333,115.65,4.0,115.0,7242.0,33.900001525878906,,,,39.0,,27.099998474121094,fast_plan,7,,,,100.0
Ficus heteropleura,12.38333,102.78333,12.0,102.0,7234.0,35.79999923706055,,,,31.299999237060547,,32.900001525878906,fast_plan,7,,,,100.0
Ficus heteropleura,-0.23,116.6,-1.0,116.0,7208.0,27.0,,,,38.400001525878906,,34.599998474121094,fast_plan,7,,,,100.0
Ficus heteropleura,14.7,120.4,14.0,120.0,7213.0,47.79999923706055,,,,27.0,,25.200000762939453,fast_plan,7,,,,100.0
Ficus heteropleura,1.628876,99.170987,1.0,99.0,7245.0,33.70000076293945,,,,38.900001525878906,,27.39999771118164,fast_plan,7,,,,100.0
Ficus hispida,20.032071,73.761288,20.0,73.0,7288.0,24.200000762939453,,,,41.79999923706055,,34.0,fast_plan,7,,,,100.0
Ficus hispida,18.99947,104.91117,18.0,104.0,7307.0,36.099998474121094,,,,35.20000076293945,,28.700000762939453,fast_plan,7,,,,100.0
Ficus hispida,23.543156,89.633466,23.0,89.0,7320.0,22.299999237060547,,,,31.299999237060547,,46.400001525878906,fast_plan,7,,,,100.0
Ficus hispida,24.426091,92.338936,24.0,92.0,7310.0,39.29999923706055,,,,28.0,,32.70000076293945,fast_plan,7,,,,100.0
Ficus hispida,4.123254,96.291102,4.0,96.0,7309.0,31.700000762939453,,,,38.79999923706055,,29.5,fast_plan,7,,,,100.0
Ficus hispida,6.847852,81.043555,6.0,81.0,7282.0,34.099998474121094,,,,36.599998474121094,,29.300003051757812,fast_plan,7,,,,100.0
Ficus hispida,-6.472277,107.480857,-7.0,107.0,7268.0,19.799999237060547,,,,43.599998474121094,,36.60000228881836,fast_plan,7,,,,100.0
Ficus hispida,27.533295,83.664932,27.0,83.0,7295.0,30.799999237060547,,,,23.299999237060547,,45.900001525878906,fast_plan,7,,,,100.0
Ficus hispida,22.44179,88.46363,22.0,88.0,7311.0,9.5,,,,40.900001525878906,,49.599998474121094,fast_plan,7,,,,100.0
Ficus hispida,21.226331,76.475686,21.0,76.0,7280.0,25.799999237060547,,,,45.0,,29.200000762939453,fast_plan,7,,,,100.0
Ficus nervosa,-5.39822,119.91972,-6.0,119.0,7329.0,35.599998474121094,,,,32.79999923706055,,31.60000228881836,fast_plan,7,,,,100.0
Ficus nervosa,9.700234,76.731026,9.0,76.0,7335.0,39.5,,,,31.200000762939453,,29.299999237060547,fast_plan,7,,,,100.0
Ficus nervosa,24.557237,121.499963,24.0,121.0,7342.0,24.600000381469727,,,,33.900001525878906,,41.49999809265137,fast_plan,7,,,,100.0
Ficus nervosa,-0.6723,119.7402,-1.0,119.0,7373.0,34.900001525878906,,,,32.0,,33.099998474121094,fast_plan,7,,,,100.0
Ficus nervosa,1.81667,127.8,1.0,127.0,7353.0,32.29999923706055,,,,32.900001525878906,,34.79999923706055,fast_plan,7,,,,100.0
Ficus nervosa,24.352678,92.344814,24.0,92.0,7332.0,36.599998474121094,,,,29.899999618530273,,33.50000190734863,fast_plan,7,,,,100.0
Ficus nervosa,18.408869,72.937493,18.0,72.0,7338.0,40.79999923706055,,,,34.099998474121094,,25.10000228881836,fast_plan,7,,,,100.0
Ficus nervosa,-8.62028,125.64528,-9.0,125.0,7340.0,36.900001525878906,,,,37.400001525878906,,25.699996948242188,fast_plan,7,,,,100.0
Ficus nervosa,22.5,92.25,22.0,92.0,7333.0,35.599998474121094,,,,28.799999237060547,,35.60000228881836,fast_plan,7,,,,100.0
Ficus nervosa,14.43333,101.36667,14.0,101.0,7378.0,27.799999237060547,,,,41.29999923706055,,30.900001525878906,fast_plan,7,,,,100.0
Ficus racemosa,-17.31559,143.64565,-18.0,143.0,7396.0,71.9000015258789,,,,17.799999237060547,,10.299999237060547,fast_plan,7,,,,100.0
Ficus racemosa,26.64879,92.79504,26.0,92.0,7434.0,33.20000076293945,,,,30.600000381469727,,36.19999885559082,fast_plan,7,,,,100.0
Ficus racemosa,14.15,99.16667,14.0,99.0,7387.0,43.099998474121094,,,,27.0,,29.900001525878906,fast_plan,7,,,,100.0
Ficus racemosa,21.275097,73.347321,21.0,73.0,7418.0,32.900001525878906,,,,36.29999923706055,,30.799999237060547,fast_plan,7,,,,100.0
Ficus racemosa,18.37202,83.352705,18.0,83.0,7428.0,37.29999923706055,,,,31.100000381469727,,31.600000381469727,fast_plan,7,,,,100.0
Ficus racemosa,21.983804,96.428784,21.0,96.0,7406.0,36.79999923706055,,,,30.399999618530273,,32.80000114440918,fast_plan,7,,,,100.0
Ficus racemosa,17.75,100.25,17.0,100.0,7419.0,39.099998474121094,,,,28.100000381469727,,32.80000114440918,fast_plan,7,,,,100.0
Ficus racemosa,5.41667,117.58333,5.0,117.0,7411.0,32.20000076293945,,,,37.400001525878906,,30.39999771118164,fast_plan,7,,,,100.0
Ficus racemosa,-15.666667,128.666667,-16.0,128.0,7394.0,74.9000015258789,,,,16.0,,9.099998474121094,fast_plan,7,,,,100.0
Ficus racemosa,-16.5,130.5,-17.0,130.0,7431.0,57.20000076293945,,,,28.899999618530273,,13.899999618530273,fast_plan,7,,,,100.0
Ficus racemosa,23.165996,80.023711,23.0,80.0,7393.0,13.199999809265137,,,,44.400001525878906,,42.39999866485596,fast_plan,7,,,,100.0
Ficus subulata,-5.25,144.42,-6.0,144.0,7461.0,29.299999237060547,,,,38.599998474121094,,32.10000228881836,fast_plan,7,,,,100.0
Ficus subulata,8.36667,99.75,8.0,99.0,7465.0,39.70000076293945,,,,31.299999237060547,,29.0,fast_plan,7,,,,100.0
Ficus subulata,5.889333,101.483333,5.0,101.0,7450.0,28.600000381469727,,,,35.20000076293945,,36.19999885559082,fast_plan,7,,,,100.0
Ficus subulata,11.96667,124.71667,11.0,124.0,7506.0,27.100000381469727,,,,39.79999923706055,,33.10000038146973,fast_plan,7,,,,100.0
Ficus subulata,-4.8,145.616667,-5.0,145.0,7481.0,26.5,,,,38.70000076293945,,34.79999923706055,fast_plan,7,,,,100.0
Ficus subulata,3.66667,113.68333,3.0,113.0,7493.0,33.099998474121094,,,,34.20000076293945,,32.70000076293945,fast_plan,7,,,,100.0
Ficus subulata,3.33639,97.60861,3.0,97.0,7482.0,36.20000076293945,,,,31.399999618530273,,32.39999961853027,fast_plan,7,,,,100.0
Ficus subulata,4.99583,116.2875,4.0,116.0,7454.0,29.899999618530273,,,,40.29999923706055,,29.80000114440918,fast_plan,7,,,,100.0
Ficus subulata,22.391288,106.817838,22.0,106.0,7458.0,23.600000381469727,,,,31.799999237060547,,44.60000038146973,fast_plan,7,,,,100.0
Ficus superba,0.5,124.0,0.0,124.0,7518.0,30.399999618530273,,,,39.599998474121094,,30.000001907348633,fast_plan,7,,,,100.0
Ficus superba,18.33333,99.86667,18.0,99.0,7527.0,37.599998474121094,,,,28.399999618530273,,34.00000190734863,fast_plan,7,,,,100.0
Ficus superba,11.734444,109.212222,11.0,109.0,7515.0,38.29999923706055,,,,31.0,,30.700000762939453,fast_plan,7,,,,100.0
Ficus superba,19.41667,99.26667,19.0,99.0,7538.0,40.70000076293945,,,,28.899999618530273,,30.399999618530273,fast_plan,7,,,,100.0
Ficus superba,11.13333,104.2,11.0,104.0,7523.0,34.099998474121094,,,,32.400001525878906,,33.5,fast_plan,7,,,,100.0
Ficus superba,-8.58333,114.21667,-9.0,114.0,7530.0,40.599998474121094,,,,33.79999923706055,,25.60000228881836,fast_plan,7,,,,100.0
Ficus superba,20.93269,96.64356,20.0,96.0,7540.0,31.5,,,,29.799999237060547,,38.70000076293945,fast_plan,7,,,,100.0
Ficus superba,-7.83333,114.33333,-8.0,114.0,7534.0,44.900001525878906,,,,33.20000076293945,,21.89999771118164,fast_plan,7,,,,100.0
Ficus superba,11.71667,108.5,11.0,108.0,7529.0,37.70000076293945,,,,32.79999923706055,,29.5,fast_plan,7,,,,100.0
Ficus superba,10.47877,76.83246,10.0,76.0,7541.0,37.900001525878906,,,,33.099998474121094,,29.0,fast_plan,7,,,,100.0
Ficus variegata,19.428426,109.607676,19.0,109.0,7571.0,39.29999923706055,,,,32.20000076293945,,28.5,fast_plan,7,,,,100.0
Ficus variegata,-1.85,102.65,-2.0,102.0,7587.0,29.5,,,,49.099998474121094,,21.400001525878906,fast_plan,7,,,,100.0
Ficus variegata,3.916667,113.833333,3.0,113.0,7593.0,28.200000762939453,,,,42.099998474121094,,29.700000762939453,fast_plan,7,,,,100.0
Ficus variegata,4.34667,126.80026,4.0,126.0,7557.0,29.899999618530273,,,,42.400001525878906,,27.69999885559082,fast_plan,7,,,,100.0
Ficus variegata,11.51502,92.711851,11.0,92.0,7549.0,42.5,,,,28.399999618530273,,29.100000381469727,fast_plan,7,,,,100.0
Ficus variegata,10.766666,106.71667,10.0,106.0,7582.0,24.899999618530273,,,,38.900001525878906,,36.19999885559082,fast_plan,7,,,,100.0
Ficus variegata,1.580848,99.220788,1.0,99.0,7580.0,32.400001525878906,,,,37.599998474121094,,30.0,fast_plan,7,,,,100.0
Ficus variegata,1.61667,111.71667,1.0,111.0,7590.0,31.799999237060547,,,,38.0,,30.200000762939453,fast_plan,7,,,,100.0
Ficus variegata,8.423142,124.338854,8.0,124.0,7598.0,31.700000762939453,,,,34.5,,33.79999923706055,fast_plan,7,,,,100.0
Filicium decipiens,12.795925,78.308292,12.0,78.0,7604.0,45.599998474121094,,,,30.100000381469727,,24.30000114440918,fast_plan,7,,,,100.0
Filicium decipiens,25.94483,80.166656,25.0,80.0,7619.0,33.0,,,,19.799999237060547,,47.20000076293945,fast_plan,7,,,,100.0
Filicium decipiens,11.842961,75.665031,11.0,75.0,7642.0,44.900001525878906,,,,27.700000762939453,,27.39999771118164,fast_plan,7,,,,100.0
Filicium decipiens,-12.76532,45.1834,-13.0,45.0,7616.0,40.29999923706055,,,,33.599998474121094,,26.10000228881836,fast_plan,7,,,,100.0
Filicium decipiens,-3.45,38.43,-4.0,38.0,7620.0,53.0,,,,27.600000381469727,,19.399999618530273,fast_plan,7,,,,100.0
Filicium decipiens,18.8777,81.9137,18.0,81.0,7655.0,41.900001525878906,,,,27.700000762939453,,30.39999771118164,fast_plan,7,,,,100.0
Filicium decipiens,9.555,77.42,9.0,77.0,7652.0,34.20000076293945,,,,36.20000076293945,,29.599998474121094,fast_plan,7,,,,100.0
Garcinia bancana,4.34,114.43,4.0,114.0,7672.0,32.0,,,,34.70000076293945,,33.29999923706055,fast_plan,7,,,,100.0
Garcinia bancana,1.66667,115.0,1.0,115.0,7680.0,33.70000076293945,,,,35.70000076293945,,30.599998474121094,fast_plan,7,,,,100.0
Garcinia bancana,3.23333,113.1,3.0,113.0,7670.0,34.29999923706055,,,,31.700000762939453,,34.0,fast_plan,7,,,,100.0
Garcinia bancana,0.26667,116.18333,0.0,116.0,7692.0,28.399999618530273,,,,36.900001525878906,,34.69999885559082,fast_plan,7,,,,100.0
Garcinia bancana,-4.73443,104.543058,-5.0,104.0,7675.0,22.399999618530273,,,,41.599998474121094,,36.00000190734863,fast_plan,7,,,,100.0
Garcinia bancana,-1.0,117.0,-1.0,117.0,7682.0,36.099998474121094,,,,26.5,,37.400001525878906,fast_plan,7,,,,100.0
Garcinia bancana,1.75,98.8,1.0,98.0,7669.0,27.200000762939453,,,,37.599998474121094,,35.20000076293945,fast_plan,7,,,,100.0
Garcinia bancana,1.88333,113.61667,1.0,113.0,7691.0,32.400001525878906,,,,34.900001525878906,,32.69999694824219,fast_plan,7,,,,100.0
Garcinia bancana,3.73333,115.48333,3.0,115.0,7695.0,34.599998474121094,,,,35.29999923706055,,30.10000228881836,fast_plan,7,,,,100.0
Garcinia bancana,1.9,112.85,1.0,112.0,7665.0,33.599998474121094,,,,36.0,,30.400001525878906,fast_plan,7,,,,100.0
Garcinia bancana,2.78333,112.93333,2.0,112.0,7667.0,30.399999618530273,,,,42.70000076293945,,26.899999618530273,fast_plan,7,,,,100.0
Garcinia gummi-gutta,15.4885,74.34842,15.0,74.0,7711.0,39.70000076293945,,,,28.200000762939453,,32.099998474121094,fast_plan,7,,,,100.0
Garcinia gummi-gutta,12.5667,75.575,12.0,75.0,7703.0,50.5,,,,31.399999618530273,,18.100000381469727,fast_plan,7,,,,100.0
Garcinia gummi-gutta,11.73353,75.93799,11.0,75.0,7712.0,42.400001525878906,,,,35.099998474121094,,22.5,fast_plan,7,,,,100.0
Garcinia gummi-gutta,23.10667,87.82778,23.0,87.0,7707.0,25.100000381469727,,,,36.599998474121094,,38.30000114440918,fast_plan,7,,,,100.0
Garcinia gummi-gutta,17.31323,73.68804,17.0,73.0,7706.0,32.79999923706055,,,,41.29999923706055,,25.900001525878906,fast_plan,7,,,,100.0
Garcinia gummi-gutta,9.575931,76.437167,9.0,76.0,7709.0,30.100000381469727,,,,32.900001525878906,,36.99999809265137,fast_plan,7,,,,100.0
Garcinia gummi-gutta,11.43911,76.38958,11.0,76.0,7701.0,43.5,,,,32.0,,24.5,fast_plan,7,,,,100.0
Garcinia gummi-gutta,8.504928,77.466446,8.0,77.0,7708.0,32.79999923706055,,,,33.5,,33.70000076293945,fast_plan,7,,,,100.0
Garcinia gummi-gutta,10.353698,77.224358,10.0,77.0,7700.0,44.099998474121094,,,,31.5,,24.400001525878906,fast_plan,7,,,,100.0
Garcinia gummi-gutta,12.5583,77.05,12.0,77.0,7702.0,34.20000076293945,,,,36.099998474121094,,29.700000762939453,fast_plan,7,,,,100.0
Garcinia gummi-gutta,13.4803,75.6611,13.0,75.0,7697.0,40.0,,,,33.29999923706055,,26.700000762939453,fast_plan,7,,,,100.0
Garcinia hombroniana,6.65388,100.43958,6.0,100.0,7719.0,41.5,,,,24.700000762939453,,33.79999923706055,fast_plan,7,,,,100.0
Garcinia hombroniana,4.5,101.56667,4.0,101.0,7714.0,40.900001525878906,,,,37.70000076293945,,21.39999771118164,fast_plan,7,,,,100.0
Garcinia hombroniana,8.36667,99.75,8.0,99.0,7722.0,39.70000076293945,,,,31.299999237060547,,29.0,fast_plan,7,,,,100.0
Garcinia hombroniana,6.320167,99.8685,6.0,99.0,7718.0,36.0,,,,30.100000381469727,,33.89999961853027,fast_plan,7,,,,100.0
Garcinia hombroniana,10.33,76.16,10.0,76.0,7725.0,35.20000076293945,,,,32.79999923706055,,32.0,fast_plan,7,,,,100.0
Garcinia hombroniana,7.85,99.23333,7.0,99.0,7727.0,41.5,,,,21.0,,37.5,fast_plan,7,,,,100.0
Garcinia hombroniana,4.03333,114.9,4.0,114.0,7716.0,29.399999618530273,,,,37.0,,33.60000038146973,fast_plan,7,,,,100.0
Garcinia hombroniana,3.41667,101.75,3.0,101.0,7724.0,33.29999923706055,,,,38.900001525878906,,27.799999237060547,fast_plan,7,,,,100.0
Garcinia hombroniana,3.632186,102.305925,3.0,102.0,7720.0,32.70000076293945,,,,37.0,,30.299999237060547,fast_plan,7,,,,100.0
Garcinia hombroniana,2.0,103.5,2.0,103.0,7721.0,40.79999923706055,,,,39.900001525878906,,19.299999237060547,fast_plan,7,,,,100.0
Garcinia hombroniana,5.4655,100.2019,5.0,100.0,7723.0,36.70000076293945,,,,33.599998474121094,,29.700000762939453,fast_plan,7,,,,100.0
Garcinia oblongifolia,29.15,112.5,29.0,112.0,7752.0,21.0,,,,30.299999237060547,,48.70000076293945,fast_plan,7,,,,100.0
Garcinia oblongifolia,22.4044,105.7206,22.0,105.0,7738.0,24.700000762939453,,,,31.299999237060547,,44.0,fast_plan,7,,,,100.0
Garcinia oblongifolia,24.175587,110.235565,24.0,110.0,7763.0,37.70000076293945,,,,28.200000762939453,,34.099998474121094,fast_plan,7,,,,100.0
Garcinia oblongifolia,23.226775,108.229301,23.0,108.0,7753.0,28.200000762939453,,,,35.79999923706055,,36.0,fast_plan,7,,,,100.0
Garcinia oblongifolia,20.444386,110.206057,20.0,110.0,7737.0,41.20000076293945,,,,29.899999618530273,,28.899999618530273,fast_plan,7,,,,100.0
Garcinia oblongifolia,23.43,111.5,23.0,111.0,7764.0,33.5,,,,28.299999237060547,,38.20000076293945,fast_plan,7,,,,100.0
Garcinia oblongifolia,22.392767,114.358583,22.0,114.0,7745.0,31.700000762939453,,,,28.5,,39.79999923706055,fast_plan,7,,,,100.0
Garuga floribunda,24.739522,99.880689,24.0,99.0,7811.0,31.200000762939453,,,,29.899999618530273,,38.89999961853027,fast_plan,7,,,,100.0
Garuga floribunda,-7.75,113.68333,-8.0,113.0,7812.0,43.20000076293945,,,,30.600000381469727,,26.19999885559082,fast_plan,7,,,,100.0
Garuga floribunda,-9.462639,159.975139,-10.0,159.0,7817.0,27.100000381469727,,,,40.20000076293945,,32.69999885559082,fast_plan,7,,,,100.0
Garuga floribunda,-5.0,122.5,-5.0,122.0,7785.0,35.79999923706055,,,,33.20000076293945,,31.0,fast_plan,7,,,,100.0
Garuga floribunda,-8.56606,125.50143,-9.0,125.0,7791.0,41.599998474121094,,,,33.099998474121094,,25.300003051757812,fast_plan,7,,,,100.0
Garuga floribunda,-9.55,150.616667,-10.0,150.0,7825.0,31.899999618530273,,,,38.0,,30.100000381469727,fast_plan,7,,,,100.0
Garuga floribunda,4.31667,126.83333,4.0,126.0,7813.0,33.400001525878906,,,,39.400001525878906,,27.199996948242188,fast_plan,7,,,,100.0
Garuga floribunda,-6.06667,120.5,-7.0,120.0,7814.0,40.79999923706055,,,,35.099998474121094,,24.10000228881836,fast_plan,7,,,,100.0
Glochidion kerrii,19.58333,98.83333,19.0,98.0,7829.0,42.5,,,,30.0,,27.5,fast_plan,7,,,,100.0
Glochidion kerrii,18.68333,98.58333,18.0,98.0,7833.0,50.70000076293945,,,,30.0,,19.299999237060547,fast_plan,7,,,,100.0
Glochidion kerrii,12.754,105.432,12.0,105.0,7831.0,30.600000381469727,,,,33.5,,35.89999961853027,fast_plan,7,,,,100.0
Glochidion kerrii,18.33333,99.21667,18.0,99.0,7832.0,51.70000076293945,,,,26.700000762939453,,21.599998474121094,fast_plan,7,,,,100.0
Glochidion kerrii,19.51667,97.95,19.0,97.0,7828.0,44.400001525878906,,,,27.899999618530273,,27.69999885559082,fast_plan,7,,,,100.0
Glochidion kerrii,17.68333,98.53333,17.0,98.0,7834.0,55.5,,,,22.5,,22.0,fast_plan,7,,,,100.0
Glochidion kerrii,18.26392,97.95467,18.0,97.0,7830.0,45.400001525878906,,,,29.700000762939453,,24.89999771118164,fast_plan,7,,,,100.0
Glochidion kerrii,15.127036,101.017361,15.0,101.0,7826.0,31.399999618530273,,,,28.600000381469727,,40.0,fast_plan,7,,,,100.0
Glochidion rubrum,1.83143,114.8672,1.0,114.0,7882.0,32.099998474121094,,,,34.599998474121094,,33.30000305175781,fast_plan,7,,,,100.0
Glochidion rubrum,-7.3638,108.2599,-8.0,108.0,7861.0,22.200000762939453,,,,45.20000076293945,,32.599998474121094,fast_plan,7,,,,100.0
Glochidion rubrum,-7.3925,112.62222,-8.0,112.0,7866.0,43.599998474121094,,,,31.5,,24.900001525878906,fast_plan,7,,,,100.0
Glochidion rubrum,26.073621,117.966104,26.0,117.0,7854.0,32.20000076293945,,,,32.29999923706055,,35.5,fast_plan,7,,,,100.0
Glochidion rubrum,18.1,120.6,18.0,120.0,7884.0,22.399999618530273,,,,32.0,,45.60000038146973,fast_plan,7,,,,100.0
Glochidion rubrum,-1.21667,110.1,-2.0,110.0,7883.0,27.0,,,,38.5,,34.5,fast_plan,7,,,,100.0
Glochidion sphaerogynum,22.46,107.83,22.0,107.0,7927.0,28.5,,,,35.0,,36.5,fast_plan,8,,,,100.0
Glochidion sphaerogynum,14.74345,98.63101,14.0,98.0,7950.0,38.0,,,,29.200000762939453,,32.79999923706055,fast_plan,8,,,,100.0
Glochidion sphaerogynum,16.391667,101.566667,16.0,101.0,7938.0,37.70000076293945,,,,28.299999237060547,,34.0,fast_plan,8,,,,100.0
Glochidion sphaerogynum,23.31445,106.16093,23.0,106.0,7933.0,14.899999618530273,,,,40.400001525878906,,44.69999885559082,fast_plan,8,,,,100.0
Glochidion sphaerogynum,18.669257,109.63378,18.0,109.0,7929.0,45.29999923706055,,,,25.600000381469727,,29.100000381469727,fast_plan,8,,,,100.0
Glochidion sphaerogynum,22.98333,94.01667,22.0,94.0,7931.0,32.900001525878906,,,,29.600000381469727,,37.49999809265137,fast_plan,8,,,,100.0
Glochidion sphaerogynum,18.5,110.03,18.0,110.0,7911.0,47.5,,,,23.299999237060547,,29.200000762939453,fast_plan,8,,,,100.0
Glochidion sphaerogynum,25.75,94.16666,25.0,94.0,7895.0,33.400001525878906,,,,31.399999618530273,,35.19999885559082,fast_plan,8,,,,100.0
Glochidion sphaerogynum,23.45,104.67,23.0,104.0,7937.0,24.700000762939453,,,,29.899999618530273,,45.39999961853027,fast_plan,8,,,,100.0
Gmelina arborea,29.351126,78.504482,29.0,78.0,8002.0,39.900001525878906,,,,24.100000381469727,,35.99999809265137,fast_plan,8,,,,100.0
Gmelina arborea,25.196491,75.79144,25.0,75.0,7963.0,44.79999923706055,,,,26.899999618530273,,28.30000114440918,fast_plan,8,,,,100.0
Gmelina arborea,24.615701,100.709787,24.0,100.0,7981.0,26.700000762939453,,,,25.100000381469727,,48.19999885559082,fast_plan,8,,,,100.0
Gmelina arborea,26.810178,75.797503,26.0,75.0,7989.0,64.9000015258789,,,,17.899999618530273,,17.19999885559082,fast_plan,8,,,,100.0
Gmelina arborea,17.173687,98.644234,17.0,98.0,8010.0,46.79999923706055,,,,25.799999237060547,,27.400001525878906,fast_plan,8,,,,100.0
Gmelina arborea,23.23995,72.63921,23.0,72.0,7978.0,29.5,,,,31.299999237060547,,39.20000076293945,fast_plan,8,,,,100.0
Gmelina arborea,19.763619,99.564032,19.0,99.0,7980.0,34.900001525878906,,,,35.0,,30.099998474121094,fast_plan,8,,,,100.0
Gmelina arborea,24.835401,93.937098,24.0,93.0,7979.0,33.20000076293945,,,,27.899999618530273,,38.89999961853027,fast_plan,8,,,,100.0
Gmelina arborea,23.34319,78.61434,23.0,78.0,7955.0,22.100000381469727,,,,43.29999923706055,,34.60000038146973,fast_plan,8,,,,100.0
Gmelina arborea,17.347242,81.254469,17.0,81.0,7986.0,39.79999923706055,,,,25.100000381469727,,35.10000038146973,fast_plan,8,,,,100.0
Gmelina arborea,14.449516,101.408661,14.0,101.0,7959.0,28.700000762939453,,,,39.900001525878906,,31.39999771118164,fast_plan,8,,,,100.0
Gmelina arborea,12.601148,75.32847,12.0,75.0,7970.0,50.70000076293945,,,,28.600000381469727,,20.69999885559082,fast_plan,8,,,,100.0
Gonystylus affinis,1.58333,114.53333,1.0,114.0,8015.0,30.899999618530273,,,,39.29999923706055,,29.80000114440918,fast_plan,8,,,,100.0
Gonystylus affinis,2.16667,113.11667,2.0,113.0,8023.0,25.5,,,,47.0,,27.5,fast_plan,8,,,,100.0
Gonystylus affinis,1.43333,109.45,1.0,109.0,8022.0,35.79999923706055,,,,35.79999923706055,,28.400001525878906,fast_plan,8,,,,100.0
Gonystylus affinis,-0.01667,109.38333,-1.0,109.0,8026.0,22.100000381469727,,,,34.79999923706055,,43.10000038146973,fast_plan,8,,,,100.0
Gonystylus affinis,1.98333,117.25,1.0,117.0,8020.0,31.200000762939453,,,,37.400001525878906,,31.39999771118164,fast_plan,8,,,,100.0
Gonystylus affinis,4.2,113.98333,4.0,113.0,8028.0,30.5,,,,38.79999923706055,,30.700000762939453,fast_plan,8,,,,100.0
Gonystylus affinis,-1.0,117.0,-1.0,117.0,8024.0,36.099998474121094,,,,26.5,,37.400001525878906,fast_plan,8,,,,100.0
Gonystylus affinis,5.25,115.83333,5.0,115.0,8019.0,34.900001525878906,,,,34.099998474121094,,31.0,fast_plan,8,,,,100.0
Gonystylus affinis,4.16667,114.71667,4.0,114.0,8025.0,34.900001525878906,,,,31.200000762939453,,33.89999771118164,fast_plan,8,,,,100.0
Gonystylus affinis,0.956845,114.565573,0.0,114.0,8021.0,32.900001525878906,,,,35.900001525878906,,31.199996948242188,fast_plan,8,,,,100.0
Gonystylus affinis,2.1,117.31667,2.0,117.0,8017.0,29.799999237060547,,,,36.599998474121094,,33.60000228881836,fast_plan,8,,,,100.0
Gonystylus bancanus,-0.41667,109.66667,-1.0,109.0,8058.0,31.100000381469727,,,,31.799999237060547,,37.10000038146973,fast_plan,8,,,,100.0
Gonystylus bancanus,4.8,115.16667,4.0,115.0,8041.0,31.200000762939453,,,,34.70000076293945,,34.099998474121094,fast_plan,8,,,,100.0
Gonystylus bancanus,2.2,100.2,2.0,100.0,8057.0,27.5,,,,36.400001525878906,,36.099998474121094,fast_plan,8,,,,100.0
Gonystylus bancanus,-2.25,106.0,-3.0,106.0,8054.0,25.5,,,,40.599998474121094,,33.900001525878906,fast_plan,8,,,,100.0
Gonystylus bancanus,1.13333,109.6,1.0,109.0,8031.0,29.5,,,,37.79999923706055,,32.70000076293945,fast_plan,8,,,,100.0
Gonystylus bancanus,4.13333,97.96667,4.0,97.0,8035.0,35.5,,,,34.099998474121094,,30.400001525878906,fast_plan,8,,,,100.0
Gonystylus bancanus,4.41667,114.08333,4.0,114.0,8039.0,25.200000762939453,,,,38.400001525878906,,36.39999771118164,fast_plan,8,,,,100.0
Gonystylus bancanus,0.15592,113.965385,0.0,113.0,8037.0,29.399999618530273,,,,37.79999923706055,,32.80000114440918,fast_plan,8,,,,100.0
Gonystylus bancanus,5.31667,117.28333,5.0,117.0,8038.0,32.900001525878906,,,,43.099998474121094,,24.0,fast_plan,8,,,,100.0
Gonystylus bancanus,0.95,110.75,0.0,110.0,8051.0,31.0,,,,35.900001525878906,,33.099998474121094,fast_plan,8,,,,100.0
Gonystylus bancanus,2.38333,111.58333,2.0,111.0,8055.0,30.799999237060547,,,,34.0,,35.20000076293945,fast_plan,8,,,,100.0
Gonystylus bancanus,1.809192,99.204235,1.0,99.0,8049.0,29.700000762939453,,,,42.29999923706055,,28.0,fast_plan,8,,,,100.0
Gymnacranthera farquhariana,-6.58333,146.41667,-7.0,146.0,8067.0,33.29999923706055,,,,34.70000076293945,,32.0,fast_plan,8,,,,100.0
Gymnacranthera farquhariana,-1.92639,112.47639,-2.0,112.0,8094.0,26.299999237060547,,,,42.70000076293945,,31.0,fast_plan,8,,,,100.0
Gymnacranthera farquhariana,-4.35,152.03333,-5.0,152.0,8117.0,27.0,,,,40.900001525878906,,32.099998474121094,fast_plan,8,,,,100.0
Gymnacranthera farquhariana,-1.33333,104.33333,-2.0,104.0,8076.0,25.600000381469727,,,,43.70000076293945,,30.69999885559082,fast_plan,8,,,,100.0
Gymnacranthera farquhariana,-0.58333,127.46667,-1.0,127.0,8102.0,35.400001525878906,,,,34.099998474121094,,30.5,fast_plan,8,,,,100.0
Gymnacranthera farquhariana,-8.333333,146.5,-9.0,146.0,8119.0,34.900001525878906,,,,37.29999923706055,,27.799999237060547,fast_plan,8,,,,100.0
Gymnacranthera farquhariana,-0.833333,134.0,-1.0,134.0,8069.0,29.5,,,,34.599998474121094,,35.900001525878906,fast_plan,8,,,,100.0
Gymnacranthera farquhariana,-2.55692,140.52195,-3.0,140.0,8105.0,29.799999237060547,,,,34.400001525878906,,35.79999923706055,fast_plan,8,,,,100.0
Gymnacranthera farquhariana,0.497778,127.905556,0.0,127.0,8116.0,32.900001525878906,,,,38.5,,28.599998474121094,fast_plan,8,,,,100.0
Helicia nilagirica,12.86111,99.36611,12.0,99.0,8127.0,39.20000076293945,,,,29.799999237060547,,31.0,fast_plan,8,,,,100.0
Helicia nilagirica,27.313204,90.583127,27.0,90.0,8158.0,33.5,,,,29.899999618530273,,36.60000038146973,fast_plan,8,,,,100.0
Helicia nilagirica,19.13333,99.41667,19.0,99.0,8126.0,41.900001525878906,,,,31.700000762939453,,26.39999771118164,fast_plan,8,,,,100.0
Helicia nilagirica,12.11666,108.6,12.0,108.0,8137.0,36.599998474121094,,,,33.5,,29.900001525878906,fast_plan,8,,,,100.0
Helicia nilagirica,14.6,98.0333,14.0,98.0,8159.0,35.29999923706055,,,,29.399999618530273,,35.30000114440918,fast_plan,8,,,,100.0
Helicia nilagirica,9.2,98.43333,9.0,98.0,8124.0,39.900001525878906,,,,30.799999237060547,,29.299999237060547,fast_plan,8,,,,100.0
Helicia nilagirica,24.83,99.6,24.0,99.0,8145.0,30.5,,,,30.799999237060547,,38.70000076293945,fast_plan,8,,,,100.0
Helicia nilagirica,14.41667,101.5,14.0,101.0,8123.0,34.20000076293945,,,,37.400001525878906,,28.39999771118164,fast_plan,8,,,,100.0
Helicia nilagirica,18.49067,99.30219,18.0,99.0,8138.0,42.400001525878906,,,,30.399999618530273,,27.19999885559082,fast_plan,8,,,,100.0
Helicia nilagirica,23.531078,99.411861,23.0,99.0,8153.0,32.79999923706055,,,,31.100000381469727,,36.10000038146973,fast_plan,8,,,,100.0
Helicia nilagirica,24.0,101.11,24.0,101.0,8161.0,29.299999237060547,,,,28.899999618530273,,41.80000114440918,fast_plan,8,,,,100.0
Heritiera javanica,12.5771,105.361,12.0,105.0,8180.0,34.400001525878906,,,,31.100000381469727,,34.49999809265137,fast_plan,8,,,,100.0
Heritiera javanica,3.756214,102.561084,3.0,102.0,8194.0,33.70000076293945,,,,35.70000076293945,,30.599998474121094,fast_plan,8,,,,100.0
Heritiera javanica,17.428357,104.916042,17.0,104.0,8178.0,41.79999923706055,,,,27.299999237060547,,30.900001525878906,fast_plan,8,,,,100.0
Heritiera javanica,8.233333,98.916667,8.0,98.0,8191.0,36.900001525878906,,,,30.399999618530273,,32.69999885559082,fast_plan,8,,,,100.0
Heritiera javanica,-3.8,114.75,-4.0,114.0,8167.0,25.399999618530273,,,,38.900001525878906,,35.69999885559082,fast_plan,8,,,,100.0
Heritiera javanica,11.6322,103.5713,11.0,103.0,8168.0,32.599998474121094,,,,31.5,,35.900001525878906,fast_plan,8,,,,100.0
Heritiera javanica,-0.6152,111.806,-1.0,111.0,8179.0,35.79999923706055,,,,37.400001525878906,,26.799999237060547,fast_plan,8,,,,100.0
Heritiera javanica,3.336824,101.772832,3.0,101.0,8171.0,37.099998474121094,,,,39.20000076293945,,23.700000762939453,fast_plan,8,,,,100.0
Heritiera javanica,0.9,118.2,0.0,118.0,8172.0,33.400001525878906,,,,33.0,,33.599998474121094,fast_plan,8,,,,100.0
Heritiera javanica,-0.78333,117.2,-1.0,117.0,8165.0,27.0,,,,28.399999618530273,,44.60000038146973,fast_plan,8,,,,100.0
Heritiera javanica,-5.6599,104.4058,-6.0,104.0,8166.0,23.899999618530273,,,,41.70000076293945,,34.39999961853027,fast_plan,8,,,,100.0
Heritiera littoralis,-16.25,45.733333,-17.0,45.0,8199.0,52.5,,,,27.600000381469727,,19.899999618530273,fast_plan,8,,,,100.0
Heritiera littoralis,-3.659,128.16976,-4.0,128.0,8245.0,25.799999237060547,,,,36.20000076293945,,38.0,fast_plan,8,,,,100.0
Heritiera littoralis,-10.583333,150.583333,-11.0,150.0,8227.0,27.100000381469727,,,,44.599998474121094,,28.30000114440918,fast_plan,8,,,,100.0
Heritiera littoralis,-8.49958,140.40613,-9.0,140.0,8196.0,40.79999923706055,,,,33.20000076293945,,26.0,fast_plan,8,,,,100.0
Heritiera littoralis,13.79667,123.66667,13.0,123.0,8207.0,29.5,,,,36.0,,34.5,fast_plan,8,,,,100.0
Heritiera littoralis,-14.962207,47.897652,-15.0,47.0,8214.0,52.70000076293945,,,,29.399999618530273,,17.899999618530273,fast_plan,8,,,,100.0
Heritiera littoralis,0.53333,123.1,0.0,123.0,8206.0,37.900001525878906,,,,32.79999923706055,,29.299999237060547,fast_plan,8,,,,100.0
Heritiera littoralis,1.75,98.8,1.0,98.0,8231.0,27.200000762939453,,,,37.599998474121094,,35.20000076293945,fast_plan,8,,,,100.0
Heritiera littoralis,-0.63656,127.37197,-1.0,127.0,8209.0,38.0,,,,35.0,,27.0,fast_plan,8,,,,100.0
Heritiera simplicifolia,1.43333,109.45,1.0,109.0,8261.0,35.79999923706055,,,,35.79999923706055,,28.400001525878906,fast_plan,8,,,,100.0
Heritiera simplicifolia,4.7,114.68333,4.0,114.0,8263.0,31.899999618530273,,,,32.29999923706055,,35.80000114440918,fast_plan,8,,,,100.0
Heritiera simplicifolia,5.33333,115.75,5.0,115.0,8264.0,34.5,,,,32.900001525878906,,32.599998474121094,fast_plan,8,,,,100.0
Heritiera simplicifolia,-0.2,104.61667,-1.0,104.0,8255.0,31.799999237060547,,,,39.0,,29.200000762939453,fast_plan,8,,,,100.0
Heritiera simplicifolia,6.5367,117.45,6.0,117.0,8259.0,28.399999618530273,,,,40.099998474121094,,31.500001907348633,fast_plan,8,,,,100.0
Heritiera simplicifolia,4.389693,102.400738,4.0,102.0,8271.0,32.0,,,,36.29999923706055,,31.700000762939453,fast_plan,8,,,,100.0
Heritiera simplicifolia,2.941111,102.263333,2.0,102.0,8269.0,33.099998474121094,,,,36.900001525878906,,30.0,fast_plan,8,,,,100.0
Heritiera simplicifolia,-0.91667,116.76667,-1.0,116.0,8265.0,32.20000076293945,,,,32.400001525878906,,35.39999771118164,fast_plan,8,,,,100.0
Heritiera simplicifolia,17.75,100.25,17.0,100.0,8273.0,39.099998474121094,,,,28.100000381469727,,32.80000114440918,fast_plan,8,,,,100.0
Heritiera simplicifolia,1.75,117.5,1.0,117.0,8266.0,35.5,,,,32.70000076293945,,31.799999237060547,fast_plan,8,,,,100.0
Heynea trijuga,6.38333,117.36667,6.0,117.0,8280.0,26.399999618530273,,,,43.099998474121094,,30.500001907348633,fast_plan,8,,,,100.0
Heynea trijuga,9.5375,77.3983,9.0,77.0,8332.0,32.0,,,,37.099998474121094,,30.900001525878906,fast_plan,8,,,,100.0
Heynea trijuga,24.3,106.23,24.0,106.0,8310.0,31.899999618530273,,,,29.399999618530273,,38.70000076293945,fast_plan,8,,,,100.0
Heynea trijuga,25.869611,102.593464,25.0,102.0,8333.0,26.600000381469727,,,,22.399999618530273,,51.0,fast_plan,8,,,,100.0
Heynea trijuga,25.416667,98.5,25.0,98.0,8308.0,32.70000076293945,,,,28.100000381469727,,39.19999885559082,fast_plan,8,,,,100.0
Heynea trijuga,22.446542,111.031652,22.0,111.0,8317.0,45.5,,,,24.700000762939453,,29.799999237060547,fast_plan,8,,,,100.0
Heynea trijuga,4.4,117.4,4.0,117.0,8322.0,33.400001525878906,,,,35.599998474121094,,31.0,fast_plan,8,,,,100.0
Heynea trijuga,23.531078,99.411861,23.0,99.0,8315.0,32.79999923706055,,,,31.100000381469727,,36.10000038146973,fast_plan,8,,,,100.0
Heynea trijuga,20.3,99.65,20.0,99.0,8279.0,32.70000076293945,,,,32.29999923706055,,35.0,fast_plan,8,,,,100.0
Heynea trijuga,18.7,100.0,18.0,100.0,8303.0,40.099998474121094,,,,23.5,,36.400001525878906,fast_plan,8,,,,100.0
Heynea trijuga,10.42069,76.83197,10.0,76.0,8316.0,39.20000076293945,,,,34.79999923706055,,26.0,fast_plan,8,,,,100.0
Heynea trijuga,25.46,105.28,25.0,105.0,8287.0,19.299999237060547,,,,37.599998474121094,,43.10000228881836,fast_plan,8,,,,100.0
Hibiscus tiliaceus,-3.248572,134.946603,-4.0,134.0,8352.0,29.600000381469727,,,,41.20000076293945,,29.19999885559082,fast_plan,8,,,,100.0
Hibiscus tiliaceus,0.744392,102.523306,0.0,102.0,8343.0,20.899999618530273,,,,42.400001525878906,,36.69999885559082,fast_plan,8,,,,100.0
Hibiscus tiliaceus,6.279559,-5.348817,6.0,-6.0,8375.0,48.0,,,,22.799999237060547,,29.200000762939453,fast_plan,8,,,,100.0
Hibiscus tiliaceus,-3.61667,39.83333,-4.0,39.0,8345.0,80.69999694824219,,,,14.199999809265137,,5.100003242492676,fast_plan,8,,,,100.0
Hibiscus tiliaceus,10.416667,-61.266667,10.0,-62.0,8385.0,27.799999237060547,,,,42.599998474121094,,29.60000228881836,fast_plan,8,,,,100.0
Hibiscus tiliaceus,10.89241,-84.79567,10.0,-85.0,8366.0,31.0,,,,40.0,,29.0,fast_plan,8,,,,100.0
Hibiscus tiliaceus,-14.4103,129.35992,-15.0,129.0,8342.0,53.599998474121094,,,,26.0,,20.400001525878906,fast_plan,8,,,,100.0
Holigarna nigra,10.34103,76.836,10.0,76.0,8397.0,35.0,,,,34.29999923706055,,30.700000762939453,fast_plan,8,,,,100.0
Holigarna nigra,9.94167,77.1833,9.0,77.0,8395.0,33.400001525878906,,,,33.099998474121094,,33.5,fast_plan,8,,,,100.0
Holigarna nigra,8.507944,77.446264,8.0,77.0,8398.0,35.70000076293945,,,,31.600000381469727,,32.69999885559082,fast_plan,8,,,,100.0
Holigarna nigra,13.224739,75.249138,13.0,75.0,8401.0,41.20000076293945,,,,33.5,,25.299999237060547,fast_plan,8,,,,100.0
Holigarna nigra,10.2667,77.5167,10.0,77.0,8394.0,35.099998474121094,,,,30.899999618530273,,34.00000190734863,fast_plan,8,,,,100.0
Holigarna nigra,12.401105,75.478113,12.0,75.0,8396.0,40.0,,,,32.79999923706055,,27.200000762939453,fast_plan,8,,,,100.0
Holigarna nigra,11.43911,76.38958,11.0,76.0,8402.0,43.5,,,,32.0,,24.5,fast_plan,8,,,,100.0
Holigarna nigra,9.75,76.9,9.0,76.0,8399.0,36.29999923706055,,,,31.700000762939453,,32.0,fast_plan,8,,,,100.0
Holigarna nigra,11.83664,75.80986,11.0,75.0,8400.0,41.29999923706055,,,,31.899999618530273,,26.80000114440918,fast_plan,8,,,,100.0
Holoptelea integrifolia,17.749514,81.3847,17.0,81.0,8413.0,35.29999923706055,,,,28.0,,36.70000076293945,fast_plan,8,,,,100.0
Holoptelea integrifolia,17.0,99.81667,17.0,99.0,8434.0,29.399999618530273,,,,31.100000381469727,,39.5,fast_plan,8,,,,100.0
Holoptelea integrifolia,21.573439,71.306909,21.0,71.0,8462.0,34.5,,,,28.5,,37.0,fast_plan,8,,,,100.0
Holoptelea integrifolia,26.06882,84.97248,26.0,84.0,8421.0,30.700000762939453,,,,27.299999237060547,,42.0,fast_plan,8,,,,100.0
Holoptelea integrifolia,14.3486,77.587822,14.0,77.0,8436.0,40.29999923706055,,,,30.799999237060547,,28.900001525878906,fast_plan,8,,,,100.0
Holoptelea integrifolia,23.757633,73.819153,23.0,73.0,8455.0,38.20000076293945,,,,27.200000762939453,,34.599998474121094,fast_plan,8,,,,100.0
Holoptelea integrifolia,22.7486,77.7372,22.0,77.0,8460.0,22.100000381469727,,,,40.5,,37.39999961853027,fast_plan,8,,,,100.0
Holoptelea integrifolia,11.96791,79.46682,11.0,79.0,8416.0,37.79999923706055,,,,31.899999618530273,,30.30000114440918,fast_plan,8,,,,100.0
Holoptelea integrifolia,16.616853,73.412128,16.0,73.0,8451.0,39.900001525878906,,,,29.200000762939453,,30.89999771118164,fast_plan,8,,,,100.0
Holoptelea integrifolia,23.28177,72.684533,23.0,72.0,8449.0,33.0,,,,29.399999618530273,,37.60000038146973,fast_plan,8,,,,100.0
Homalium caryophyllaceum,-5.43,105.17,-6.0,105.0,8496.0,27.299999237060547,,,,42.5,,30.200000762939453,fast_plan,8,,,,100.0
Homalium caryophyllaceum,5.36611,118.90222,5.0,118.0,8478.0,28.0,,,,35.0,,37.0,fast_plan,8,,,,100.0
Homalium caryophyllaceum,-0.41667,109.66667,-1.0,109.0,8463.0,31.100000381469727,,,,31.799999237060547,,37.10000038146973,fast_plan,8,,,,100.0
Homalium caryophyllaceum,1.83,113.67,1.0,113.0,8475.0,30.600000381469727,,,,39.099998474121094,,30.30000114440918,fast_plan,8,,,,100.0
Homalium caryophyllaceum,-1.483333,112.516667,-2.0,112.0,8484.0,34.79999923706055,,,,37.5,,27.700000762939453,fast_plan,8,,,,100.0
Homalium caryophyllaceum,0.73333,117.55,0.0,117.0,8477.0,32.599998474121094,,,,29.600000381469727,,37.80000114440918,fast_plan,8,,,,100.0
Homalium caryophyllaceum,1.7705,104.15467,1.0,104.0,8488.0,25.299999237060547,,,,43.900001525878906,,30.799999237060547,fast_plan,8,,,,100.0
Homalium caryophyllaceum,-0.15784,116.71958,-1.0,116.0,8473.0,31.700000762939453,,,,34.400001525878906,,33.89999771118164,fast_plan,8,,,,100.0
Homalium caryophyllaceum,-0.76667,102.53333,-1.0,102.0,8474.0,33.79999923706055,,,,37.5,,28.700000762939453,fast_plan,8,,,,100.0
Hopea beccariana,4.08333,101.01667,4.0,101.0,8535.0,30.100000381469727,,,,40.70000076293945,,29.19999885559082,fast_plan,8,,,,100.0
Hopea beccariana,0.43,116.68,0.0,116.0,8540.0,33.900001525878906,,,,33.599998474121094,,32.5,fast_plan,8,,,,100.0
Hopea beccariana,4.68333,103.0,4.0,103.0,8533.0,31.299999237060547,,,,35.79999923706055,,32.900001525878906,fast_plan,8,,,,100.0
Hopea beccariana,1.38333,110.43333,1.0,110.0,8518.0,20.0,,,,47.5,,32.5,fast_plan,8,,,,100.0
Hopea beccariana,0.06667,99.98333,0.0,99.0,8519.0,36.900001525878906,,,,28.0,,35.099998474121094,fast_plan,8,,,,100.0
Hopea beccariana,-3.26667,114.1,-4.0,114.0,8521.0,26.799999237060547,,,,36.5,,36.70000076293945,fast_plan,8,,,,100.0
Hopea beccariana,-0.78,117.2,-1.0,117.0,8512.0,26.0,,,,33.20000076293945,,40.79999923706055,fast_plan,8,,,,100.0
Hopea beccariana,-0.61389,112.61803,-1.0,112.0,8510.0,28.200000762939453,,,,39.29999923706055,,32.5,fast_plan,8,,,,100.0
Hopea beccariana,1.592893,99.187895,1.0,99.0,8504.0,32.400001525878906,,,,42.5,,25.099998474121094,fast_plan,8,,,,100.0
Hopea beccariana,4.36667,117.73333,4.0,117.0,8529.0,25.399999618530273,,,,41.0,,33.60000038146973,fast_plan,8,,,,100.0
Hopea beccariana,1.26667,111.08333,1.0,111.0,8507.0,27.600000381469727,,,,40.20000076293945,,32.19999885559082,fast_plan,8,,,,100.0
Hopea ferrea,16.41667,102.08333,16.0,102.0,8543.0,38.900001525878906,,,,25.700000762939453,,35.39999771118164,fast_plan,8,,,,100.0
Hopea ferrea,12.576111,105.387222,12.0,105.0,8562.0,32.70000076293945,,,,31.600000381469727,,35.69999885559082,fast_plan,8,,,,100.0
Hopea ferrea,6.3667,99.8,6.0,99.0,8556.0,36.599998474121094,,,,28.0,,35.400001525878906,fast_plan,8,,,,100.0
Hopea ferrea,6.94639,100.22928,6.0,100.0,8561.0,36.5,,,,31.5,,32.0,fast_plan,8,,,,100.0
Hopea ferrea,18.52,102.55,18.0,102.0,8553.0,35.29999923706055,,,,28.799999237060547,,35.900001525878906,fast_plan,8,,,,100.0
Hopea ferrea,11.093226,99.271645,11.0,99.0,8558.0,42.900001525878906,,,,28.0,,29.099998474121094,fast_plan,8,,,,100.0
Hopea ferrea,14.5,104.0,14.0,104.0,8557.0,46.599998474121094,,,,25.399999618530273,,28.000001907348633,fast_plan,8,,,,100.0
Hopea ferrea,17.9795,104.13914,17.0,104.0,8547.0,34.900001525878906,,,,24.899999618530273,,40.19999885559082,fast_plan,8,,,,100.0
Hopea ferrea,10.53333,107.13333,10.0,107.0,8545.0,35.099998474121094,,,,32.5,,32.400001525878906,fast_plan,8,,,,100.0
Hopea ferrea,8.51667,98.51667,8.0,98.0,8551.0,45.900001525878906,,,,22.299999237060547,,31.799999237060547,fast_plan,8,,,,100.0
Hopea ferrea,17.696944,105.194167,17.0,105.0,8542.0,35.0,,,,27.600000381469727,,37.39999961853027,fast_plan,8,,,,100.0
Hopea ferruginea,1.58,110.33,1.0,110.0,8591.0,25.600000381469727,,,,45.70000076293945,,28.69999885559082,fast_plan,8,,,,100.0
Hopea ferruginea,0.5,117.0,0.0,117.0,8578.0,35.20000076293945,,,,31.299999237060547,,33.5,fast_plan,8,,,,100.0
Hopea ferruginea,2.58333,98.83333,2.0,98.0,8585.0,34.900001525878906,,,,35.5,,29.599998474121094,fast_plan,8,,,,100.0
Hopea ferruginea,5.41667,117.3,5.0,117.0,8581.0,27.200000762939453,,,,42.900001525878906,,29.89999771118164,fast_plan,8,,,,100.0
Hopea ferruginea,-1.0,117.0,-1.0,117.0,8563.0,36.099998474121094,,,,26.5,,37.400001525878906,fast_plan,8,,,,100.0
Hopea ferruginea,0.36667,109.16667,0.0,109.0,8571.0,33.5,,,,39.099998474121094,,27.400001525878906,fast_plan,8,,,,100.0
Hopea ferruginea,0.859344,114.540296,0.0,114.0,8565.0,29.600000381469727,,,,39.79999923706055,,30.600000381469727,fast_plan,8,,,,100.0
Hopea ferruginea,-0.75,112.78333,-1.0,112.0,8588.0,30.5,,,,38.70000076293945,,30.799999237060547,fast_plan,8,,,,100.0
Hopea ferruginea,4.95,116.9,4.0,116.0,8586.0,30.299999237060547,,,,44.400001525878906,,25.299999237060547,fast_plan,8,,,,100.0
Hopea ferruginea,-3.45,116.0,-4.0,116.0,8582.0,30.600000381469727,,,,35.0,,34.39999961853027,fast_plan,8,,,,100.0
Hopea kerangasensis,1.73333,109.76667,1.0,109.0,8595.0,46.0,,,,29.799999237060547,,24.200000762939453,fast_plan,8,,,,100.0
Hopea kerangasensis,2.66667,103.61667,2.0,103.0,8599.0,29.399999618530273,,,,38.20000076293945,,32.39999961853027,fast_plan,8,,,,100.0
Hopea kerangasensis,1.333,112.166,1.0,112.0,8593.0,30.200000762939453,,,,39.900001525878906,,29.89999771118164,fast_plan,8,,,,100.0
Hopea kerangasensis,0.26667,116.18333,0.0,116.0,8594.0,28.399999618530273,,,,36.900001525878906,,34.69999885559082,fast_plan,8,,,,100.0
Hopea kerangasensis,1.48333,110.33333,1.0,110.0,8597.0,23.299999237060547,,,,44.599998474121094,,32.10000228881836,fast_plan,8,,,,100.0
Hopea kerangasensis,0.35,101.03333,0.0,101.0,8598.0,34.599998474121094,,,,41.599998474121094,,23.800003051757812,fast_plan,8,,,,100.0
Hopea kerangasensis,-1.483333,112.516667,-2.0,112.0,8596.0,34.79999923706055,,,,37.5,,27.700000762939453,fast_plan,8,,,,100.0
Hopea kerangasensis,4.7,103.4167,4.0,103.0,8600.0,32.79999923706055,,,,38.29999923706055,,28.900001525878906,fast_plan,8,,,,100.0
Hopea mengarawan,-1.25,116.75,-2.0,116.0,8631.0,22.700000762939453,,,,41.0,,36.29999923706055,fast_plan,8,,,,100.0
Hopea mengarawan,1.05,110.88333,1.0,110.0,8608.0,30.700000762939453,,,,38.20000076293945,,31.099998474121094,fast_plan,8,,,,100.0
Hopea mengarawan,-0.58333,114.58333,-1.0,114.0,8617.0,33.400001525878906,,,,41.400001525878906,,25.199996948242188,fast_plan,8,,,,100.0
Hopea mengarawan,-1.477707,102.441969,-2.0,102.0,8604.0,36.79999923706055,,,,39.70000076293945,,23.5,fast_plan,8,,,,100.0
Hopea mengarawan,4.01667,108.21667,4.0,108.0,8615.0,33.599998474121094,,,,34.5,,31.900001525878906,fast_plan,8,,,,100.0
Hopea mengarawan,1.15,111.51667,1.0,111.0,8603.0,27.700000762939453,,,,37.599998474121094,,34.70000076293945,fast_plan,8,,,,100.0
Hopea mengarawan,1.527821,99.136287,1.0,99.0,8618.0,35.5,,,,36.400001525878906,,28.099998474121094,fast_plan,8,,,,100.0
Hopea mengarawan,2.85,98.27,2.0,98.0,8619.0,38.29999923706055,,,,34.5,,27.200000762939453,fast_plan,8,,,,100.0
Hopea mengarawan,-5.6,104.8,-6.0,104.0,8626.0,22.600000381469727,,,,45.599998474121094,,31.80000114440918,fast_plan,8,,,,100.0
Hopea nervosa,-1.06667,117.08333,-2.0,117.0,8635.0,29.899999618530273,,,,32.400001525878906,,37.69999885559082,fast_plan,8,,,,100.0
Hopea nervosa,2.114444,113.584722,2.0,113.0,8638.0,33.79999923706055,,,,39.400001525878906,,26.799999237060547,fast_plan,8,,,,100.0
Hopea nervosa,2.6,102.95,2.0,102.0,8645.0,29.799999237060547,,,,38.20000076293945,,32.0,fast_plan,8,,,,100.0
Hopea nervosa,3.48333,114.4,3.0,114.0,8649.0,38.099998474121094,,,,30.299999237060547,,31.60000228881836,fast_plan,8,,,,100.0
Hopea nervosa,4.95,116.9,4.0,116.0,8646.0,30.299999237060547,,,,44.400001525878906,,25.299999237060547,fast_plan,8,,,,100.0
Hopea nervosa,1.73333,109.73333,1.0,109.0,8644.0,43.70000076293945,,,,31.399999618530273,,24.899999618530273,fast_plan,8,,,,100.0
Hopea nervosa,3.46667,101.61667,3.0,101.0,8637.0,44.900001525878906,,,,37.29999923706055,,17.799999237060547,fast_plan,8,,,,100.0
Hopea nervosa,2.447777,112.661666,2.0,112.0,8651.0,32.20000076293945,,,,35.29999923706055,,32.5,fast_plan,8,,,,100.0
Hopea nervosa,-1.25,112.66667,-2.0,112.0,8634.0,30.0,,,,39.29999923706055,,30.700000762939453,fast_plan,8,,,,100.0
Hopea nervosa,6.93333,116.8,6.0,116.0,8641.0,36.5,,,,34.29999923706055,,29.200000762939453,fast_plan,8,,,,100.0
Hopea nervosa,1.16667,110.93333,1.0,110.0,8643.0,28.299999237060547,,,,40.0,,31.700000762939453,fast_plan,8,,,,100.0
Hopea odorata,21.933333,92.033333,21.0,92.0,8681.0,36.900001525878906,,,,27.5,,35.599998474121094,fast_plan,8,,,,100.0
Hopea odorata,14.43,101.37,14.0,101.0,8687.0,29.899999618530273,,,,40.400001525878906,,29.69999885559082,fast_plan,8,,,,100.0
Hopea odorata,6.61667,101.65,6.0,101.0,8658.0,40.5,,,,25.700000762939453,,33.79999923706055,fast_plan,8,,,,100.0
Hopea odorata,11.2,107.916667,11.0,107.0,8662.0,33.29999923706055,,,,35.400001525878906,,31.299999237060547,fast_plan,8,,,,100.0
Hopea odorata,10.48444,104.29611,10.0,104.0,8675.0,40.20000076293945,,,,26.5,,33.29999923706055,fast_plan,8,,,,100.0
Hopea odorata,20.3,99.83333,20.0,99.0,8696.0,26.0,,,,37.099998474121094,,36.900001525878906,fast_plan,8,,,,100.0
Hopea odorata,19.0,98.95,19.0,98.0,8671.0,42.400001525878906,,,,22.100000381469727,,35.49999809265137,fast_plan,8,,,,100.0
Hopea odorata,10.66667,99.03333,10.0,99.0,8679.0,40.099998474121094,,,,30.5,,29.400001525878906,fast_plan,8,,,,100.0
Hopea odorata,5.76686,101.497587,5.0,101.0,8654.0,34.79999923706055,,,,35.5,,29.700000762939453,fast_plan,8,,,,100.0
Hopea parviflora,11.1167,77.1083,11.0,77.0,8703.0,47.5,,,,26.899999618530273,,25.600000381469727,fast_plan,8,,,,100.0
Hopea parviflora,12.80566,77.582001,12.0,77.0,8712.0,53.900001525878906,,,,24.299999237060547,,21.799999237060547,fast_plan,8,,,,100.0
Hopea parviflora,13.27522,75.13281,13.0,75.0,8705.0,45.20000076293945,,,,28.299999237060547,,26.5,fast_plan,8,,,,100.0
Hopea parviflora,9.954167,76.845833,9.0,76.0,8709.0,37.79999923706055,,,,32.0,,30.200000762939453,fast_plan,8,,,,100.0
Hopea parviflora,11.1167,76.425,11.0,76.0,8711.0,39.900001525878906,,,,30.600000381469727,,29.499998092651367,fast_plan,8,,,,100.0
Hopea parviflora,9.40944,77.06536,9.0,77.0,8706.0,38.099998474121094,,,,32.599998474121094,,29.300003051757812,fast_plan,8,,,,100.0
Hopea parviflora,12.63384,75.64914,12.0,75.0,8710.0,49.20000076293945,,,,29.100000381469727,,21.69999885559082,fast_plan,8,,,,100.0
Hopea parviflora,14.427548,74.419093,14.0,74.0,8713.0,46.400001525878906,,,,27.5,,26.099998474121094,fast_plan,8,,,,100.0
Hopea parviflora,11.916494,75.731163,11.0,75.0,8702.0,43.599998474121094,,,,31.399999618530273,,25.000001907348633,fast_plan,8,,,,100.0
Hopea parviflora,10.5833,76.3167,10.0,76.0,8707.0,42.599998474121094,,,,29.799999237060547,,27.60000228881836,fast_plan,8,,,,100.0
Hopea parviflora,8.504928,77.466446,8.0,77.0,8704.0,32.79999923706055,,,,33.5,,33.70000076293945,fast_plan,8,,,,100.0
Hopea parviflora,22.883478,79.616202,22.0,79.0,8708.0,15.699999809265137,,,,37.70000076293945,,46.59999942779541,fast_plan,8,,,,100.0
Hopea pubescens,3.36667,102.28333,3.0,102.0,8715.0,31.799999237060547,,,,41.0,,27.200000762939453,fast_plan,8,,,,100.0
Hopea pubescens,5.06667,103.01667,5.0,103.0,8716.0,25.5,,,,43.20000076293945,,31.299999237060547,fast_plan,8,,,,100.0
Hopea pubescens,3.23,101.63,3.0,101.0,8714.0,34.70000076293945,,,,39.20000076293945,,26.099998474121094,fast_plan,8,,,,100.0
Hopea sangal,7.28333,117.2,7.0,117.0,8773.0,34.099998474121094,,,,37.79999923706055,,28.10000228881836,fast_plan,8,,,,100.0
Hopea sangal,2.031388,113.517222,2.0,113.0,8770.0,31.899999618530273,,,,42.400001525878906,,25.69999885559082,fast_plan,8,,,,100.0
Hopea sangal,3.23,101.63,3.0,101.0,8726.0,34.70000076293945,,,,39.20000076293945,,26.099998474121094,fast_plan,8,,,,100.0
Hopea sangal,0.13333,100.16667,0.0,100.0,8762.0,33.099998474121094,,,,39.099998474121094,,27.800003051757812,fast_plan,8,,,,100.0
Hopea sangal,-3.8,114.75,-4.0,114.0,8753.0,25.399999618530273,,,,38.900001525878906,,35.69999885559082,fast_plan,8,,,,100.0
Hopea sangal,4.58333,118.38333,4.0,118.0,8745.0,29.5,,,,37.79999923706055,,32.70000076293945,fast_plan,8,,,,100.0
Hopea sangal,-0.47,102.68,-1.0,102.0,8751.0,23.899999618530273,,,,41.20000076293945,,34.89999961853027,fast_plan,8,,,,100.0
Hopea sangal,-1.25,109.95,-2.0,109.0,8759.0,19.799999237060547,,,,40.79999923706055,,39.400001525878906,fast_plan,8,,,,100.0
Hopea sangal,-6.71667,105.56667,-7.0,105.0,8742.0,22.700000762939453,,,,38.20000076293945,,39.099998474121094,fast_plan,8,,,,100.0
Hopea sangal,1.13333,109.6,1.0,109.0,8727.0,29.5,,,,37.79999923706055,,32.70000076293945,fast_plan,8,,,,100.0
Hopea sangal,-1.81667,115.73333,-2.0,115.0,8749.0,27.100000381469727,,,,36.599998474121094,,36.30000114440918,fast_plan,8,,,,100.0
Horsfieldia amygdalina,13.0,99.0,13.0,99.0,8796.0,36.29999923706055,,,,28.899999618530273,,34.80000114440918,fast_plan,8,,,,100.0
Horsfieldia amygdalina,13.95924,105.91885,13.0,105.0,8800.0,32.70000076293945,,,,35.29999923706055,,32.0,fast_plan,8,,,,100.0
Horsfieldia amygdalina,10.074415,105.812746,10.0,105.0,8785.0,23.799999237060547,,,,33.099998474121094,,43.10000228881836,fast_plan,8,,,,100.0
Horsfieldia amygdalina,11.55,107.83333,11.0,107.0,8801.0,35.29999923706055,,,,38.20000076293945,,26.5,fast_plan,8,,,,100.0
Horsfieldia amygdalina,20.3,99.83333,20.0,99.0,8791.0,26.0,,,,37.099998474121094,,36.900001525878906,fast_plan,8,,,,100.0
Horsfieldia amygdalina,14.41667,101.38333,14.0,101.0,8784.0,28.700000762939453,,,,38.79999923706055,,32.5,fast_plan,8,,,,100.0
Horsfieldia amygdalina,20.36056,105.50361,20.0,105.0,8777.0,27.5,,,,32.900001525878906,,39.599998474121094,fast_plan,8,,,,100.0
Horsfieldia amygdalina,11.21667,104.16667,11.0,104.0,8778.0,39.0,,,,28.799999237060547,,32.20000076293945,fast_plan,8,,,,100.0
Horsfieldia amygdalina,14.68333,107.86667,14.0,107.0,8802.0,33.79999923706055,,,,36.099998474121094,,30.10000228881836,fast_plan,8,,,,100.0
Horsfieldia amygdalina,19.566667,104.866667,19.0,104.0,8783.0,31.399999618530273,,,,34.900001525878906,,33.69999885559082,fast_plan,8,,,,100.0
Horsfieldia amygdalina,17.5667,104.6,17.0,104.0,8804.0,37.0,,,,28.899999618530273,,34.10000038146973,fast_plan,8,,,,100.0
Horsfieldia crassifolia,-1.42,100.92,-2.0,100.0,8817.0,33.900001525878906,,,,40.0,,26.099998474121094,fast_plan,9,,,,100.0
Horsfieldia crassifolia,3.5,101.5,3.0,101.0,8808.0,41.400001525878906,,,,36.20000076293945,,22.39999771118164,fast_plan,9,,,,100.0
Horsfieldia crassifolia,-2.2,114.6,-3.0,114.0,8818.0,23.600000381469727,,,,37.20000076293945,,39.19999885559082,fast_plan,9,,,,100.0
Horsfieldia crassifolia,-2.55,104.85,-3.0,104.0,8811.0,23.0,,,,38.70000076293945,,38.29999923706055,fast_plan,9,,,,100.0
Horsfieldia crassifolia,5.43333,115.63333,5.0,115.0,8828.0,28.799999237060547,,,,38.79999923706055,,32.400001525878906,fast_plan,9,,,,100.0
Horsfieldia crassifolia,-1.63333,105.76667,-2.0,105.0,8810.0,28.899999618530273,,,,37.70000076293945,,33.39999961853027,fast_plan,9,,,,100.0
Horsfieldia crassifolia,-0.03333,114.1,-1.0,114.0,8806.0,26.600000381469727,,,,37.599998474121094,,35.80000114440918,fast_plan,9,,,,100.0
Horsfieldia crassifolia,4.8,115.16667,4.0,115.0,8815.0,31.200000762939453,,,,34.70000076293945,,34.099998474121094,fast_plan,9,,,,100.0
Horsfieldia crassifolia,4.8,100.75,4.0,100.0,8826.0,30.799999237060547,,,,41.5,,27.700000762939453,fast_plan,9,,,,100.0
Horsfieldia irya,-4.18333,142.73333,-5.0,142.0,8876.0,34.70000076293945,,,,35.79999923706055,,29.5,fast_plan,9,,,,100.0
Horsfieldia irya,8.41667,99.25,8.0,99.0,8875.0,38.599998474121094,,,,30.700000762939453,,30.700000762939453,fast_plan,9,,,,100.0
Horsfieldia irya,-0.75,102.86667,-1.0,102.0,8862.0,22.200000762939453,,,,47.70000076293945,,30.099998474121094,fast_plan,9,,,,100.0
Horsfieldia irya,-9.65,149.61667,-10.0,149.0,8833.0,33.79999923706055,,,,41.400001525878906,,24.799999237060547,fast_plan,9,,,,100.0
Horsfieldia irya,-0.46667,113.73333,-1.0,113.0,8841.0,32.0,,,,39.20000076293945,,28.799999237060547,fast_plan,9,,,,100.0
Horsfieldia irya,-0.41667,109.66667,-1.0,109.0,8877.0,31.100000381469727,,,,31.799999237060547,,37.10000038146973,fast_plan,9,,,,100.0
Horsfieldia irya,0.670833,127.971667,0.0,127.0,8882.0,31.100000381469727,,,,34.400001525878906,,34.49999809265137,fast_plan,9,,,,100.0
Horsfieldia irya,7.16667,81.21667,7.0,81.0,8855.0,38.900001525878906,,,,28.700000762939453,,32.39999771118164,fast_plan,9,,,,100.0
Horsfieldia irya,-8.49958,140.40613,-9.0,140.0,8834.0,40.79999923706055,,,,33.20000076293945,,26.0,fast_plan,9,,,,100.0
Horsfieldia megacarpa,6.74528,126.17361,6.0,126.0,8901.0,29.399999618530273,,,,41.20000076293945,,29.399999618530273,fast_plan,9,,,,100.0
Horsfieldia megacarpa,-3.816667,121.666667,-4.0,121.0,8894.0,35.5,,,,35.5,,29.0,fast_plan,9,,,,100.0
Horsfieldia megacarpa,0.75,124.38333,0.0,124.0,8893.0,30.600000381469727,,,,39.5,,29.899999618530273,fast_plan,9,,,,100.0
Horsfieldia megacarpa,-0.852583,123.285917,-1.0,123.0,8906.0,33.29999923706055,,,,36.400001525878906,,30.299999237060547,fast_plan,9,,,,100.0
Horsfieldia megacarpa,15.45,121.41667,15.0,121.0,8896.0,25.799999237060547,,,,34.400001525878906,,39.79999923706055,fast_plan,9,,,,100.0
Horsfieldia megacarpa,14.1971,121.507,14.0,121.0,8904.0,29.899999618530273,,,,33.70000076293945,,36.39999961853027,fast_plan,9,,,,100.0
Horsfieldia megacarpa,-1.41717,120.30317,-2.0,120.0,8908.0,31.0,,,,37.20000076293945,,31.799999237060547,fast_plan,9,,,,100.0
Horsfieldia megacarpa,14.927509,120.089632,14.0,120.0,8898.0,42.70000076293945,,,,22.100000381469727,,35.19999885559082,fast_plan,9,,,,100.0
Hovenia dulcis,30.07,102.75,30.0,102.0,8958.0,26.700000762939453,,,,26.899999618530273,,46.39999961853027,fast_plan,9,,,,100.0
Hovenia dulcis,26.141502,107.488271,26.0,107.0,8960.0,37.099998474121094,,,,28.100000381469727,,34.80000114440918,fast_plan,9,,,,100.0
Hovenia dulcis,37.362061,128.636022,37.0,128.0,8948.0,26.299999237060547,,,,31.899999618530273,,41.80000114440918,fast_plan,9,,,,100.0
Hovenia dulcis,26.33,114.52,26.0,114.0,8964.0,35.599998474121094,,,,26.0,,38.400001525878906,fast_plan,9,,,,100.0
Hovenia dulcis,35.56125,137.625,35.0,137.0,8953.0,37.0,,,,29.799999237060547,,33.20000076293945,fast_plan,9,,,,100.0
Hovenia dulcis,39.671028,141.250583,39.0,141.0,8923.0,39.20000076293945,,,,25.0,,35.79999923706055,fast_plan,9,,,,100.0
Hovenia dulcis,35.50377,135.476547,35.0,135.0,8933.0,24.899999618530273,,,,32.79999923706055,,42.30000114440918,fast_plan,9,,,,100.0
Ilex polyneura,23.17,108.27,23.0,108.0,9015.0,33.20000076293945,,,,39.70000076293945,,27.099998474121094,fast_plan,9,,,,100.0
Ilex polyneura,27.95,107.18,27.0,107.0,8996.0,24.200000762939453,,,,37.599998474121094,,38.20000076293945,fast_plan,9,,,,100.0
Ilex polyneura,31.9986,130.3097,31.0,130.0,8984.0,28.399999618530273,,,,34.29999923706055,,37.30000114440918,fast_plan,9,,,,100.0
Ilex polyneura,24.63,110.63,24.0,110.0,9022.0,35.70000076293945,,,,31.600000381469727,,32.69999885559082,fast_plan,9,,,,100.0
Ilex polyneura,23.43,111.5,23.0,111.0,9023.0,33.5,,,,28.299999237060547,,38.20000076293945,fast_plan,9,,,,100.0
Ilex polyneura,24.347602,120.998541,24.0,120.0,8983.0,32.900001525878906,,,,29.899999618530273,,37.19999885559082,fast_plan,9,,,,100.0
Ilex polyneura,23.869209,116.94221,23.0,116.0,9002.0,32.5,,,,24.100000381469727,,43.39999961853027,fast_plan,9,,,,100.0
Ilex rotunda,29.48,119.33,29.0,119.0,9076.0,24.0,,,,30.700000762939453,,45.29999923706055,fast_plan,9,,,,100.0
Ilex rotunda,33.533333,134.233333,33.0,134.0,9037.0,26.399999618530273,,,,36.099998474121094,,37.50000190734863,fast_plan,9,,,,100.0
Ilex rotunda,23.55,110.38,23.0,110.0,9064.0,35.099998474121094,,,,29.399999618530273,,35.50000190734863,fast_plan,9,,,,100.0
Ilex rotunda,24.6002,124.3251,24.0,124.0,9070.0,19.600000381469727,,,,41.29999923706055,,39.10000038146973,fast_plan,9,,,,100.0
Ilex rotunda,23.17,112.51,23.0,112.0,9041.0,45.20000076293945,,,,24.200000762939453,,30.599998474121094,fast_plan,9,,,,100.0
Ilex rotunda,25.60168,110.585686,25.0,110.0,9048.0,39.79999923706055,,,,27.700000762939453,,32.5,fast_plan,9,,,,100.0
Ilex rotunda,31.378509,130.43524,31.0,130.0,9038.0,27.799999237060547,,,,33.599998474121094,,38.60000228881836,fast_plan,9,,,,100.0
Ilex rotunda,33.7507,129.69131,33.0,129.0,9063.0,32.20000076293945,,,,33.099998474121094,,34.70000076293945,fast_plan,9,,,,100.0
Ilex rotunda,30.7,118.4,30.0,118.0,9036.0,18.799999237060547,,,,26.0,,55.20000076293945,fast_plan,9,,,,100.0
Ilex rotunda,23.376591,114.269636,23.0,114.0,9035.0,49.900001525878906,,,,24.399999618530273,,25.69999885559082,fast_plan,9,,,,100.0
Intsia palembanica,-0.56231,127.45872,-1.0,127.0,9111.0,35.900001525878906,,,,34.79999923706055,,29.299999237060547,fast_plan,9,,,,100.0
Intsia palembanica,-5.086,122.4438,-6.0,122.0,9130.0,40.099998474121094,,,,32.70000076293945,,27.200000762939453,fast_plan,9,,,,100.0
Intsia palembanica,5.702,101.326833,5.0,101.0,9132.0,37.70000076293945,,,,33.5,,28.799999237060547,fast_plan,9,,,,100.0
Intsia palembanica,0.0,116.5,0.0,116.0,9127.0,33.29999923706055,,,,31.399999618530273,,35.30000114440918,fast_plan,9,,,,100.0
Intsia palembanica,2.48161,128.67425,2.0,128.0,9113.0,31.700000762939453,,,,33.900001525878906,,34.39999771118164,fast_plan,9,,,,100.0
Intsia palembanica,-7.87958,131.28419,-8.0,131.0,9097.0,43.29999923706055,,,,31.399999618530273,,25.30000114440918,fast_plan,9,,,,100.0
Intsia palembanica,-5.79112,134.21741,-6.0,134.0,9115.0,36.5,,,,36.599998474121094,,26.900001525878906,fast_plan,9,,,,100.0
Intsia palembanica,-6.71287,146.80747,-7.0,146.0,9135.0,34.400001525878906,,,,36.400001525878906,,29.199996948242188,fast_plan,9,,,,100.0
Irvingia malayana,18.459194,100.038605,18.0,100.0,9158.0,43.20000076293945,,,,29.299999237060547,,27.5,fast_plan,9,,,,100.0
Irvingia malayana,16.605358,104.658529,16.0,104.0,9177.0,50.0,,,,22.100000381469727,,27.899999618530273,fast_plan,9,,,,100.0
Irvingia malayana,16.567181,102.161614,16.0,102.0,9154.0,36.20000076293945,,,,33.099998474121094,,30.700000762939453,fast_plan,9,,,,100.0
Irvingia malayana,2.972545,102.299258,2.0,102.0,9194.0,34.29999923706055,,,,38.79999923706055,,26.900001525878906,fast_plan,9,,,,100.0
Irvingia malayana,8.3833,98.7167,8.0,98.0,9152.0,37.79999923706055,,,,22.799999237060547,,39.400001525878906,fast_plan,9,,,,100.0
Irvingia malayana,16.850145,103.236229,16.0,103.0,9159.0,43.5,,,,29.0,,27.5,fast_plan,9,,,,100.0
Irvingia malayana,17.188292,100.830406,17.0,100.0,9151.0,39.400001525878906,,,,25.399999618530273,,35.19999885559082,fast_plan,9,,,,100.0
Irvingia malayana,6.88333,117.21667,6.0,117.0,9191.0,35.5,,,,37.5,,27.0,fast_plan,9,,,,100.0
Irvingia malayana,5.83333,117.93333,5.0,117.0,9173.0,30.799999237060547,,,,37.70000076293945,,31.5,fast_plan,9,,,,100.0
Irvingia malayana,17.9795,104.13914,17.0,104.0,9166.0,34.900001525878906,,,,24.899999618530273,,40.19999885559082,fast_plan,9,,,,100.0
Ixora grandifolia,7.25,117.15,7.0,117.0,9215.0,34.900001525878906,,,,33.099998474121094,,32.0,fast_plan,9,,,,100.0
Ixora grandifolia,6.41667,117.50417,6.0,117.0,9235.0,25.899999618530273,,,,45.099998474121094,,29.000001907348633,fast_plan,9,,,,100.0
Ixora grandifolia,2.492984,114.458725,2.0,114.0,9230.0,29.200000762939453,,,,38.099998474121094,,32.70000076293945,fast_plan,9,,,,100.0
Ixora grandifolia,5.48333,118.56667,5.0,118.0,9248.0,29.0,,,,40.099998474121094,,30.900001525878906,fast_plan,9,,,,100.0
Ixora grandifolia,1.7705,104.15467,1.0,104.0,9224.0,25.299999237060547,,,,43.900001525878906,,30.799999237060547,fast_plan,9,,,,100.0
Ixora grandifolia,5.51667,115.68333,5.0,115.0,9257.0,30.600000381469727,,,,33.79999923706055,,35.60000038146973,fast_plan,9,,,,100.0
Ixora grandifolia,1.66667,115.0,1.0,115.0,9234.0,33.70000076293945,,,,35.70000076293945,,30.599998474121094,fast_plan,9,,,,100.0
Ixora grandifolia,-0.96667,115.31667,-1.0,115.0,9214.0,28.899999618530273,,,,37.5,,33.60000038146973,fast_plan,9,,,,100.0
Khaya ivorensis,6.879224,-7.033827,6.0,-8.0,9307.0,52.79999923706055,,,,22.299999237060547,,24.900001525878906,fast_plan,9,,,,100.0
Khaya ivorensis,7.01667,12.66806,7.0,12.0,9293.0,28.200000762939453,,,,42.599998474121094,,29.200000762939453,fast_plan,9,,,,100.0
Khaya ivorensis,-3.360503,11.347917,-4.0,11.0,9276.0,38.29999923706055,,,,37.20000076293945,,24.5,fast_plan,9,,,,100.0
Khaya ivorensis,9.60542,-3.658043,9.0,-4.0,9305.0,52.5,,,,20.100000381469727,,27.399999618530273,fast_plan,9,,,,100.0
Khaya ivorensis,4.842,-2.028,4.0,-3.0,9308.0,59.900001525878906,,,,20.700000762939453,,19.39999771118164,fast_plan,9,,,,100.0
Khaya ivorensis,7.906669,-1.819846,7.0,-2.0,9279.0,54.099998474121094,,,,25.200000762939453,,20.700000762939453,fast_plan,9,,,,100.0
Khaya ivorensis,1.606944,10.141388,1.0,10.0,9284.0,41.5,,,,37.20000076293945,,21.299999237060547,fast_plan,9,,,,100.0
Khaya ivorensis,6.361969,-2.482832,6.0,-3.0,9301.0,43.5,,,,27.5,,29.0,fast_plan,9,,,,100.0
Khaya ivorensis,5.317087,-1.854438,5.0,-2.0,9280.0,39.599998474121094,,,,37.0,,23.400001525878906,fast_plan,9,,,,100.0
Khaya ivorensis,7.71645,-8.3606,7.0,-9.0,9295.0,55.099998474121094,,,,20.799999237060547,,24.10000228881836,fast_plan,9,,,,100.0
Khaya ivorensis,1.886,9.91,1.0,9.0,9298.0,58.099998474121094,,,,24.399999618530273,,17.500001907348633,fast_plan,9,,,,100.0
Koelreuteria bipinnata,23.160603,106.288701,23.0,106.0,9321.0,15.399999618530273,,,,36.70000076293945,,47.89999961853027,fast_plan,9,,,,100.0
Koelreuteria bipinnata,31.637839,105.170219,31.0,105.0,9362.0,21.200000762939453,,,,24.200000762939453,,54.599998474121094,fast_plan,9,,,,100.0
Koelreuteria bipinnata,31.442583,104.561817,31.0,104.0,9323.0,30.799999237060547,,,,26.899999618530273,,42.30000114440918,fast_plan,9,,,,100.0
Koelreuteria bipinnata,25.684869,100.146182,25.0,100.0,9343.0,34.79999923706055,,,,23.600000381469727,,41.60000038146973,fast_plan,9,,,,100.0
Koelreuteria bipinnata,34.884353,113.524155,34.0,113.0,9372.0,34.900001525878906,,,,19.0,,46.099998474121094,fast_plan,9,,,,100.0
Koelreuteria bipinnata,32.244709,119.450281,32.0,119.0,9322.0,19.0,,,,35.20000076293945,,45.79999923706055,fast_plan,9,,,,100.0
Koelreuteria bipinnata,23.376591,114.269636,23.0,114.0,9335.0,49.900001525878906,,,,24.399999618530273,,25.69999885559082,fast_plan,9,,,,100.0
Kokoona ochracea,9.79872,118.60567,9.0,118.0,9379.0,31.899999618530273,,,,34.400001525878906,,33.69999885559082,fast_plan,9,,,,100.0
Kokoona ochracea,10.4849,119.3271,10.0,119.0,9381.0,33.70000076293945,,,,29.600000381469727,,36.69999885559082,fast_plan,9,,,,100.0
Kokoona ochracea,4.40833,117.48333,4.0,117.0,9390.0,27.899999618530273,,,,39.0,,33.10000038146973,fast_plan,9,,,,100.0
Kokoona ochracea,0.16667,115.03333,0.0,115.0,9375.0,27.399999618530273,,,,40.5,,32.10000038146973,fast_plan,9,,,,100.0
Kokoona ochracea,1.75,117.5,1.0,117.0,9377.0,35.5,,,,32.70000076293945,,31.799999237060547,fast_plan,9,,,,100.0
Kokoona ochracea,1.08333,118.41667,1.0,118.0,9378.0,31.700000762939453,,,,35.400001525878906,,32.89999771118164,fast_plan,9,,,,100.0
Kokoona ochracea,-0.91667,116.76667,-1.0,116.0,9386.0,32.20000076293945,,,,32.400001525878906,,35.39999771118164,fast_plan,9,,,,100.0
Kokoona ochracea,4.0,114.83333,4.0,114.0,9376.0,33.79999923706055,,,,37.20000076293945,,29.0,fast_plan,9,,,,100.0
Kokoona ochracea,-0.58333,117.08333,-1.0,117.0,9385.0,26.299999237060547,,,,36.099998474121094,,37.60000228881836,fast_plan,9,,,,100.0
Koompassia excelsa,3.31667,98.58333,3.0,98.0,9411.0,31.5,,,,35.20000076293945,,33.29999923706055,fast_plan,9,,,,100.0
Koompassia excelsa,1.03333,117.88333,1.0,117.0,9402.0,27.600000381469727,,,,33.79999923706055,,38.60000038146973,fast_plan,9,,,,100.0
Koompassia excelsa,5.166667,118.75,5.0,118.0,9398.0,32.599998474121094,,,,35.70000076293945,,31.700000762939453,fast_plan,9,,,,100.0
Koompassia excelsa,3.0,99.5,3.0,99.0,9414.0,38.5,,,,32.0,,29.5,fast_plan,9,,,,100.0
Koompassia excelsa,3.36667,102.28333,3.0,102.0,9409.0,31.799999237060547,,,,41.0,,27.200000762939453,fast_plan,9,,,,100.0
Koompassia excelsa,3.891658,114.77417,3.0,114.0,9404.0,35.400001525878906,,,,33.099998474121094,,31.5,fast_plan,9,,,,100.0
Koompassia excelsa,5.14167,115.86667,5.0,115.0,9392.0,33.70000076293945,,,,38.0,,28.299999237060547,fast_plan,9,,,,100.0
Koompassia excelsa,5.8,101.8,5.0,101.0,9400.0,31.0,,,,33.599998474121094,,35.400001525878906,fast_plan,9,,,,100.0
Koompassia excelsa,0.0,116.5,0.0,116.0,9397.0,33.29999923706055,,,,31.399999618530273,,35.30000114440918,fast_plan,9,,,,100.0
Koompassia excelsa,1.333333,112.166667,1.0,112.0,9401.0,30.200000762939453,,,,39.900001525878906,,29.89999771118164,fast_plan,9,,,,100.0
Koompassia excelsa,2.16667,99.7,2.0,99.0,9408.0,41.29999923706055,,,,32.099998474121094,,26.60000228881836,fast_plan,9,,,,100.0
Koompassia malaccensis,2.62,103.33,2.0,103.0,9417.0,31.899999618530273,,,,37.0,,31.100000381469727,fast_plan,9,,,,100.0
Koompassia malaccensis,4.85,102.07,4.0,102.0,9441.0,32.099998474121094,,,,37.0,,30.900001525878906,fast_plan,9,,,,100.0
Koompassia malaccensis,-1.0,112.0,-1.0,112.0,9461.0,28.399999618530273,,,,49.099998474121094,,22.500001907348633,fast_plan,9,,,,100.0
Koompassia malaccensis,5.49672,118.33186,5.0,118.0,9458.0,28.799999237060547,,,,42.0,,29.200000762939453,fast_plan,9,,,,100.0
Koompassia malaccensis,4.2,113.98333,4.0,113.0,9460.0,30.5,,,,38.79999923706055,,30.700000762939453,fast_plan,9,,,,100.0
Koompassia malaccensis,4.3,118.02083,4.0,118.0,9453.0,32.400001525878906,,,,35.400001525878906,,32.19999694824219,fast_plan,9,,,,100.0
Koompassia malaccensis,4.40833,117.48333,4.0,117.0,9424.0,27.899999618530273,,,,39.0,,33.10000038146973,fast_plan,9,,,,100.0
Koompassia malaccensis,2.7,101.58,2.0,101.0,9425.0,25.899999618530273,,,,39.900001525878906,,34.19999885559082,fast_plan,9,,,,100.0
Koompassia malaccensis,-1.92639,112.47639,-2.0,112.0,9438.0,26.299999237060547,,,,42.70000076293945,,31.0,fast_plan,9,,,,100.0
Koompassia malaccensis,4.22,100.55,4.0,100.0,9431.0,32.5,,,,36.79999923706055,,30.700000762939453,fast_plan,9,,,,100.0
Koompassia malaccensis,0.81667,111.48333,0.0,111.0,9415.0,30.899999618530273,,,,38.29999923706055,,30.80000114440918,fast_plan,9,,,,100.0
Lagerstroemia speciosa,13.381,123.64,13.0,123.0,9474.0,34.0,,,,33.099998474121094,,32.900001525878906,fast_plan,9,,,,100.0
Lagerstroemia speciosa,30.834447,111.019519,30.0,111.0,9508.0,34.29999923706055,,,,24.899999618530273,,40.80000114440918,fast_plan,9,,,,100.0
Lagerstroemia speciosa,27.457767,78.026672,27.0,78.0,9489.0,41.70000076293945,,,,26.799999237060547,,31.5,fast_plan,9,,,,100.0
Lagerstroemia speciosa,22.306725,80.489913,22.0,80.0,9485.0,15.0,,,,47.5,,37.5,fast_plan,9,,,,100.0
Lagerstroemia speciosa,10.259,123.729,10.0,123.0,9503.0,31.899999618530273,,,,34.70000076293945,,33.39999961853027,fast_plan,9,,,,100.0
Lagerstroemia speciosa,15.413459,74.265434,15.0,74.0,9469.0,39.70000076293945,,,,29.399999618530273,,30.899999618530273,fast_plan,9,,,,100.0
Lagerstroemia speciosa,7.57692,99.597717,7.0,99.0,9510.0,40.599998474121094,,,,17.700000762939453,,41.70000076293945,fast_plan,9,,,,100.0
Lagerstroemia speciosa,20.60586,79.1534,20.0,79.0,9511.0,25.399999618530273,,,,41.70000076293945,,32.89999961853027,fast_plan,9,,,,100.0
Lagerstroemia speciosa,11.529783,108.924956,11.0,108.0,9475.0,33.29999923706055,,,,33.900001525878906,,32.79999923706055,fast_plan,9,,,,100.0
Ligustrum lucidum,30.353794,119.436458,30.0,119.0,9558.0,39.0,,,,25.899999618530273,,35.10000038146973,fast_plan,9,,,,100.0
Ligustrum lucidum,33.33,105.6,33.0,105.0,9537.0,42.599998474121094,,,,20.100000381469727,,37.30000114440918,fast_plan,9,,,,100.0
Ligustrum lucidum,33.244457,120.561326,33.0,120.0,9573.0,16.799999237060547,,,,25.600000381469727,,57.60000038146973,fast_plan,9,,,,100.0
Ligustrum lucidum,25.678797,103.106271,25.0,103.0,9580.0,22.100000381469727,,,,38.599998474121094,,39.30000114440918,fast_plan,9,,,,100.0
Ligustrum lucidum,33.78,104.37,33.0,104.0,9525.0,41.70000076293945,,,,19.799999237060547,,38.5,fast_plan,9,,,,100.0
Ligustrum lucidum,23.43,111.5,23.0,111.0,9559.0,33.5,,,,28.299999237060547,,38.20000076293945,fast_plan,9,,,,100.0
Ligustrum lucidum,34.8,108.58,34.0,108.0,9526.0,28.600000381469727,,,,24.5,,46.89999961853027,fast_plan,9,,,,100.0
Lindera communis,22.391288,106.817838,22.0,106.0,9631.0,23.600000381469727,,,,31.799999237060547,,44.60000038146973,fast_plan,9,,,,100.0
Lindera communis,21.91306,106.72972,21.0,106.0,9601.0,22.700000762939453,,,,31.700000762939453,,45.599998474121094,fast_plan,9,,,,100.0
Lindera communis,24.52,117.37,24.0,117.0,9603.0,39.29999923706055,,,,21.100000381469727,,39.60000038146973,fast_plan,9,,,,100.0
Lindera communis,26.22,105.48,26.0,105.0,9595.0,15.300000190734863,,,,38.70000076293945,,45.999999046325684,fast_plan,9,,,,100.0
Lindera communis,28.56,108.5,28.0,108.0,9627.0,24.5,,,,28.899999618530273,,46.60000038146973,fast_plan,9,,,,100.0
Lindera communis,37.14,116.46,37.0,116.0,9621.0,36.099998474121094,,,,20.399999618530273,,43.50000190734863,fast_plan,9,,,,100.0
Lindera megaphylla,26.466667,111.316667,26.0,111.0,9664.0,37.79999923706055,,,,28.600000381469727,,33.60000038146973,fast_plan,9,,,,100.0
Lindera megaphylla,23.45,104.67,23.0,104.0,9652.0,24.700000762939453,,,,29.899999618530273,,45.39999961853027,fast_plan,9,,,,100.0
Lindera megaphylla,25.17,106.1,25.0,106.0,9694.0,23.299999237060547,,,,29.899999618530273,,46.80000114440918,fast_plan,9,,,,100.0
Lindera megaphylla,24.833333,102.5,24.0,102.0,9658.0,20.299999237060547,,,,37.599998474121094,,42.10000228881836,fast_plan,9,,,,100.0
Lindera megaphylla,27.361501,113.765671,27.0,113.0,9685.0,35.0,,,,30.899999618530273,,34.10000038146973,fast_plan,9,,,,100.0
Lindera megaphylla,30.25,120.1,30.0,120.0,9666.0,23.899999618530273,,,,35.79999923706055,,40.30000114440918,fast_plan,9,,,,100.0
Lindera megaphylla,24.32306,109.49222,24.0,109.0,9650.0,23.799999237060547,,,,35.70000076293945,,40.5,fast_plan,9,,,,100.0
Lindera megaphylla,22.7,100.86,22.0,100.0,9669.0,31.200000762939453,,,,35.900001525878906,,32.89999771118164,fast_plan,9,,,,100.0
Lindera thomsonii,25.6,110.58,25.0,110.0,9722.0,38.79999923706055,,,,27.100000381469727,,34.10000038146973,fast_plan,9,,,,100.0
Lindera thomsonii,28.02,102.85,28.0,102.0,9731.0,30.5,,,,27.799999237060547,,41.70000076293945,fast_plan,9,,,,100.0
Lindera thomsonii,23.45,104.67,23.0,104.0,9716.0,24.700000762939453,,,,29.899999618530273,,45.39999961853027,fast_plan,9,,,,100.0
Lindera thomsonii,23.61,102.02,23.0,102.0,9732.0,34.79999923706055,,,,34.099998474121094,,31.10000228881836,fast_plan,9,,,,100.0
Lindera thomsonii,22.25,99.46,22.0,99.0,9733.0,30.899999618530273,,,,34.599998474121094,,34.50000190734863,fast_plan,9,,,,100.0
Lindera thomsonii,24.7,101.63,24.0,101.0,9728.0,17.0,,,,43.099998474121094,,39.900001525878906,fast_plan,9,,,,100.0
Lindera thomsonii,24.392902,106.633387,24.0,106.0,9743.0,25.899999618530273,,,,27.700000762939453,,46.39999961853027,fast_plan,9,,,,100.0
Lindera thomsonii,27.75,88.5,27.0,88.0,9742.0,55.0,,,,13.300000190734863,,31.699999809265137,fast_plan,9,,,,100.0
Lindera thomsonii,21.91,95.96,21.0,95.0,9736.0,35.29999923706055,,,,31.0,,33.70000076293945,fast_plan,9,,,,100.0
Liquidambar formosana,31.82,108.62,31.0,108.0,9746.0,26.600000381469727,,,,30.299999237060547,,43.10000038146973,fast_plan,9,,,,100.0
Liquidambar formosana,21.73333,106.36666,21.0,106.0,9793.0,24.5,,,,31.100000381469727,,44.39999961853027,fast_plan,9,,,,100.0
Liquidambar formosana,32.536693,107.894969,32.0,107.0,9789.0,30.399999618530273,,,,27.700000762939453,,41.89999961853027,fast_plan,9,,,,100.0
Liquidambar formosana,22.199708,113.552887,22.0,113.0,9799.0,33.29999923706055,,,,27.5,,39.20000076293945,fast_plan,9,,,,100.0
Liquidambar formosana,28.07,109.56,28.0,109.0,9774.0,26.399999618530273,,,,27.700000762939453,,45.89999961853027,fast_plan,9,,,,100.0
Lithocarpus bennettii,6.68333,117.05,6.0,117.0,9834.0,29.200000762939453,,,,40.5,,30.299999237060547,fast_plan,9,,,,100.0
Lithocarpus bennettii,2.83333,115.83333,2.0,115.0,9841.0,34.29999923706055,,,,39.900001525878906,,25.799999237060547,fast_plan,9,,,,100.0
Lithocarpus bennettii,-3.1167,101.95,-4.0,101.0,9822.0,21.700000762939453,,,,47.20000076293945,,31.099998474121094,fast_plan,9,,,,100.0
Lithocarpus bennettii,1.65,113.63333,1.0,113.0,9825.0,25.200000762939453,,,,43.79999923706055,,31.0,fast_plan,9,,,,100.0
Lithocarpus bennettii,4.2,113.98333,4.0,113.0,9826.0,30.5,,,,38.79999923706055,,30.700000762939453,fast_plan,9,,,,100.0
Lithocarpus bennettii,3.23333,114.43333,3.0,114.0,9831.0,37.29999923706055,,,,34.70000076293945,,28.0,fast_plan,9,,,,100.0
Lithocarpus bennettii,4.95,116.9,4.0,116.0,9810.0,30.299999237060547,,,,44.400001525878906,,25.299999237060547,fast_plan,9,,,,100.0
Lithocarpus bennettii,1.71667,109.66667,1.0,109.0,9818.0,30.5,,,,32.29999923706055,,37.20000076293945,fast_plan,9,,,,100.0
Lithocarpus bennettii,-0.033333,114.1,-1.0,114.0,9832.0,26.600000381469727,,,,37.599998474121094,,35.80000114440918,fast_plan,9,,,,100.0
Lithocarpus bennettii,-0.5498,102.0052,-1.0,102.0,9828.0,29.5,,,,44.099998474121094,,26.400001525878906,fast_plan,9,,,,100.0
Lithocarpus dasystachyus,0.78333,115.85,0.0,115.0,9856.0,28.700000762939453,,,,44.0,,27.299999237060547,fast_plan,9,,,,100.0
Lithocarpus dasystachyus,4.75,115.18333,4.0,115.0,9860.0,33.79999923706055,,,,36.5,,29.700000762939453,fast_plan,9,,,,100.0
Lithocarpus dasystachyus,-2.26667,113.93333,-3.0,113.0,9844.0,23.899999618530273,,,,37.79999923706055,,38.30000114440918,fast_plan,9,,,,100.0
Lithocarpus dasystachyus,-1.2754,110.186,-2.0,110.0,9863.0,17.5,,,,51.599998474121094,,30.900001525878906,fast_plan,9,,,,100.0
Lithocarpus dasystachyus,2.58333,111.58333,2.0,111.0,9849.0,31.0,,,,34.0,,35.0,fast_plan,9,,,,100.0
Lithocarpus dasystachyus,1.33333,109.25,1.0,109.0,9852.0,34.20000076293945,,,,34.0,,31.799999237060547,fast_plan,9,,,,100.0
Lithocarpus dasystachyus,-2.53333,112.95,-3.0,112.0,9865.0,23.299999237060547,,,,42.70000076293945,,34.0,fast_plan,9,,,,100.0
Lithocarpus dasystachyus,0.83333,112.05,0.0,112.0,9848.0,30.700000762939453,,,,34.70000076293945,,34.599998474121094,fast_plan,9,,,,100.0
Lithocarpus dasystachyus,2.08333,117.28333,2.0,117.0,9845.0,24.100000381469727,,,,39.599998474121094,,36.30000114440918,fast_plan,9,,,,100.0
Lithocarpus fenestratus,18.50446,98.46389,18.0,98.0,9921.0,51.900001525878906,,,,27.399999618530273,,20.69999885559082,fast_plan,9,,,,100.0
Lithocarpus fenestratus,24.81,102.4,24.0,102.0,9891.0,19.899999618530273,,,,36.099998474121094,,44.00000190734863,fast_plan,9,,,,100.0
Lithocarpus fenestratus,20.12472,100.29611,20.0,100.0,9879.0,22.700000762939453,,,,33.599998474121094,,43.70000076293945,fast_plan,9,,,,100.0
Lithocarpus fenestratus,8.1,98.88,8.0,98.0,9920.0,37.79999923706055,,,,27.600000381469727,,34.60000038146973,fast_plan,9,,,,100.0
Lithocarpus fenestratus,14.88757,107.87427,14.0,107.0,9874.0,32.900001525878906,,,,34.0,,33.099998474121094,fast_plan,9,,,,100.0
Lithocarpus fenestratus,22.697654,100.860736,22.0,100.0,9877.0,32.0,,,,36.5,,31.5,fast_plan,9,,,,100.0
Lithocarpus glaber,29.48,119.33,29.0,119.0,9942.0,24.0,,,,30.700000762939453,,45.29999923706055,fast_plan,9,,,,100.0
Lithocarpus glaber,28.75,118.62,28.0,118.0,9967.0,36.099998474121094,,,,27.200000762939453,,36.70000076293945,fast_plan,9,,,,100.0
Lithocarpus glaber,29.52,109.4,29.0,109.0,9970.0,20.0,,,,33.5,,46.5,fast_plan,9,,,,100.0
Lithocarpus glaber,25.6,110.58,25.0,110.0,9964.0,38.79999923706055,,,,27.100000381469727,,34.10000038146973,fast_plan,9,,,,100.0
Lithocarpus glaber,27.95,107.18,27.0,107.0,9986.0,24.200000762939453,,,,37.599998474121094,,38.20000076293945,fast_plan,9,,,,100.0
Lithocarpus glaber,29.72,120.23,29.0,120.0,9946.0,28.0,,,,28.200000762939453,,43.79999923706055,fast_plan,9,,,,100.0
Lithocarpus glaber,25.37,112.18,25.0,112.0,9944.0,35.0,,,,29.700000762939453,,35.29999923706055,fast_plan,9,,,,100.0
Lithocarpus hancei,27.76,118.04,27.0,118.0,10026.0,41.29999923706055,,,,26.200000762939453,,32.5,fast_plan,9,,,,100.0
Lithocarpus hancei,28.27,103.57,28.0,103.0,10002.0,29.200000762939453,,,,27.700000762939453,,43.099998474121094,fast_plan,9,,,,100.0
Lithocarpus hancei,23.496251,108.623457,23.0,108.0,10035.0,22.100000381469727,,,,34.70000076293945,,43.19999885559082,fast_plan,9,,,,100.0
Lithocarpus hancei,27.0,111.27,27.0,111.0,10021.0,30.899999618530273,,,,28.200000762939453,,40.89999961853027,fast_plan,9,,,,100.0
Lithocarpus hancei,24.403562,111.566656,24.0,111.0,10033.0,27.0,,,,33.900001525878906,,39.099998474121094,fast_plan,9,,,,100.0
Lithocarpus hancei,26.82,100.23,26.0,100.0,10017.0,32.5,,,,21.5,,46.0,fast_plan,9,,,,100.0
Litsea costata,0.43333,116.68333,0.0,116.0,10060.0,33.900001525878906,,,,33.599998474121094,,32.5,fast_plan,10,,,,100.0
Litsea costata,-0.864889,112.224972,-1.0,112.0,10082.0,32.400001525878906,,,,45.099998474121094,,22.5,fast_plan,10,,,,100.0
Litsea costata,4.85,116.02917,4.0,116.0,10077.0,33.0,,,,37.79999923706055,,29.200000762939453,fast_plan,10,,,,100.0
Litsea costata,3.272,113.7972,3.0,113.0,10071.0,34.0,,,,35.79999923706055,,30.200000762939453,fast_plan,10,,,,100.0
Litsea costata,1.35711,116.52876,1.0,116.0,10076.0,32.099998474121094,,,,36.70000076293945,,31.200000762939453,fast_plan,10,,,,100.0
Litsea costata,6.40833,117.37917,6.0,117.0,10080.0,21.299999237060547,,,,45.0,,33.70000076293945,fast_plan,10,,,,100.0
Litsea costata,-2.83333,107.91667,-3.0,107.0,10055.0,26.5,,,,37.400001525878906,,36.099998474121094,fast_plan,10,,,,100.0
Litsea costata,9.68333,98.61667,9.0,98.0,10063.0,36.79999923706055,,,,33.20000076293945,,30.0,fast_plan,10,,,,100.0
Litsea costata,1.75,117.5,1.0,117.0,10078.0,35.5,,,,32.70000076293945,,31.799999237060547,fast_plan,10,,,,100.0
Litsea costata,1.58333,114.5,1.0,114.0,10087.0,33.400001525878906,,,,37.79999923706055,,28.799999237060547,fast_plan,10,,,,100.0
Litsea cubeba,24.7,101.63,24.0,101.0,10128.0,17.0,,,,43.099998474121094,,39.900001525878906,fast_plan,10,,,,100.0
Litsea cubeba,22.483333,106.466667,22.0,106.0,10138.0,25.299999237060547,,,,27.600000381469727,,47.10000038146973,fast_plan,10,,,,100.0
Litsea cubeba,16.633,106.767,16.0,106.0,10132.0,40.79999923706055,,,,34.29999923706055,,24.900001525878906,fast_plan,10,,,,100.0
Litsea cubeba,3.725,115.483333,3.0,115.0,10096.0,35.5,,,,34.79999923706055,,29.700000762939453,fast_plan,10,,,,100.0
Litsea cubeba,28.135016,112.671299,28.0,112.0,10145.0,25.399999618530273,,,,31.399999618530273,,43.20000076293945,fast_plan,10,,,,100.0
Litsea cubeba,5.9,117.18333,5.0,117.0,10115.0,32.599998474121094,,,,39.20000076293945,,28.200000762939453,fast_plan,10,,,,100.0
Litsea cubeba,14.38639,107.95417,14.0,107.0,10147.0,35.400001525878906,,,,33.5,,31.099998474121094,fast_plan,10,,,,100.0
Litsea cubeba,25.22845,113.217309,25.0,113.0,10113.0,48.900001525878906,,,,22.700000762939453,,28.39999771118164,fast_plan,10,,,,100.0
Litsea cubeba,15.818611,107.664167,15.0,107.0,10142.0,38.400001525878906,,,,32.900001525878906,,28.699996948242188,fast_plan,10,,,,100.0
Litsea cubeba,1.38333,110.13333,1.0,110.0,10150.0,25.700000762939453,,,,45.900001525878906,,28.39999771118164,fast_plan,10,,,,100.0
Litsea glutinosa,8.8,117.75,8.0,117.0,10180.0,37.79999923706055,,,,34.900001525878906,,27.299999237060547,fast_plan,10,,,,100.0
Litsea glutinosa,-8.275,142.875,-9.0,142.0,10169.0,30.5,,,,36.20000076293945,,33.29999923706055,fast_plan,10,,,,100.0
Litsea glutinosa,23.531078,99.411861,23.0,99.0,10192.0,32.79999923706055,,,,31.100000381469727,,36.10000038146973,fast_plan,10,,,,100.0
Litsea glutinosa,13.60306,103.41278,13.0,103.0,10173.0,13.899999618530273,,,,49.400001525878906,,36.69999885559082,fast_plan,10,,,,100.0
Litsea glutinosa,-8.5181,116.1007,-9.0,116.0,10171.0,44.29999923706055,,,,32.70000076293945,,23.0,fast_plan,10,,,,100.0
Litsea glutinosa,-17.8667,146.1,-18.0,146.0,10212.0,11.100000381469727,,,,45.400001525878906,,43.49999809265137,fast_plan,10,,,,100.0
Litsea glutinosa,-14.42209,129.35931,-15.0,129.0,10154.0,54.900001525878906,,,,25.399999618530273,,19.69999885559082,fast_plan,10,,,,100.0
Litsea glutinosa,-6.75,105.33333,-7.0,105.0,10182.0,23.899999618530273,,,,35.099998474121094,,41.00000190734863,fast_plan,10,,,,100.0
Litsea glutinosa,8.389,123.169,8.0,123.0,10184.0,31.799999237060547,,,,29.200000762939453,,39.0,fast_plan,10,,,,100.0
Litsea insignis,4.41,97.67,4.0,97.0,10233.0,34.20000076293945,,,,33.20000076293945,,32.599998474121094,fast_plan,10,,,,100.0
Litsea insignis,-1.42,100.92,-2.0,100.0,10221.0,33.900001525878906,,,,40.0,,26.099998474121094,fast_plan,10,,,,100.0
Litsea insignis,2.58,96.08,2.0,96.0,10223.0,21.5,,,,39.5,,39.0,fast_plan,10,,,,100.0
Litsea insignis,-4.36667,121.9,-5.0,121.0,10222.0,35.20000076293945,,,,38.70000076293945,,26.099998474121094,fast_plan,10,,,,100.0
Litsea insignis,1.83,113.67,1.0,113.0,10224.0,30.600000381469727,,,,39.099998474121094,,30.30000114440918,fast_plan,10,,,,100.0
Litsea insignis,4.75,115.67,4.0,115.0,10238.0,31.700000762939453,,,,38.70000076293945,,29.599998474121094,fast_plan,10,,,,100.0
Litsea insignis,5.25,115.83333,5.0,115.0,10217.0,34.900001525878906,,,,34.099998474121094,,31.0,fast_plan,10,,,,100.0
Litsea insignis,-3.52019,114.94983,-4.0,114.0,10215.0,28.600000381469727,,,,37.79999923706055,,33.60000038146973,fast_plan,10,,,,100.0
Litsea insignis,-7.24139,109.21444,-8.0,109.0,10225.0,43.20000076293945,,,,24.100000381469727,,32.69999885559082,fast_plan,10,,,,100.0
Litsea insignis,0.0,116.5,0.0,116.0,10234.0,33.29999923706055,,,,31.399999618530273,,35.30000114440918,fast_plan,10,,,,100.0
Litsea mollis,22.98,103.68,22.0,103.0,10284.0,28.799999237060547,,,,30.600000381469727,,40.60000038146973,fast_plan,10,,,,100.0
Litsea mollis,31.95,108.67,31.0,108.0,10270.0,28.5,,,,23.5,,48.0,fast_plan,10,,,,100.0
Litsea mollis,29.42,111.13,29.0,111.0,10250.0,30.299999237060547,,,,25.299999237060547,,44.400001525878906,fast_plan,10,,,,100.0
Litsea mollis,26.7,101.85,26.0,101.0,10265.0,33.900001525878906,,,,34.599998474121094,,31.5,fast_plan,10,,,,100.0
Litsea mollis,28.95,117.58,28.0,117.0,10273.0,29.399999618530273,,,,29.799999237060547,,40.80000114440918,fast_plan,10,,,,100.0
Litsea oleoides,17.45386,73.71104,17.0,73.0,10306.0,33.5,,,,36.900001525878906,,29.599998474121094,fast_plan,10,,,,100.0
Litsea oleoides,11.83664,75.80986,11.0,75.0,10299.0,41.29999923706055,,,,31.899999618530273,,26.80000114440918,fast_plan,10,,,,100.0
Litsea oleoides,11.8917,77.175,11.0,77.0,10309.0,40.5,,,,31.899999618530273,,27.600000381469727,fast_plan,10,,,,100.0
Litsea oleoides,8.45278,77.3875,8.0,77.0,10301.0,38.599998474121094,,,,33.29999923706055,,28.10000228881836,fast_plan,10,,,,100.0
Litsea oleoides,15.47685,74.30104,15.0,74.0,10300.0,41.29999923706055,,,,28.899999618530273,,29.80000114440918,fast_plan,10,,,,100.0
Litsea oleoides,11.2974,76.607231,11.0,76.0,10307.0,35.20000076293945,,,,29.799999237060547,,35.0,fast_plan,10,,,,100.0
Litsea oleoides,10.53183,76.67492,10.0,76.0,10308.0,40.70000076293945,,,,31.5,,27.799999237060547,fast_plan,10,,,,100.0
Litsea oleoides,12.3565,75.48433,12.0,75.0,10302.0,42.400001525878906,,,,32.79999923706055,,24.799999237060547,fast_plan,10,,,,100.0
Litsea oleoides,13.21731,75.19339,13.0,75.0,10304.0,39.099998474121094,,,,33.099998474121094,,27.800003051757812,fast_plan,10,,,,100.0
Litsea oleoides,10.43966,77.520647,10.0,77.0,10311.0,45.20000076293945,,,,29.799999237060547,,25.0,fast_plan,10,,,,100.0
Litsea oleoides,11.3208,78.3589,11.0,78.0,10305.0,39.29999923706055,,,,31.0,,29.700000762939453,fast_plan,10,,,,100.0
Litsea oleoides,9.57647,77.33016,9.0,77.0,10310.0,33.400001525878906,,,,37.70000076293945,,28.89999771118164,fast_plan,10,,,,100.0
Litsea pierrei,21.81872,105.9581,21.0,105.0,10321.0,25.299999237060547,,,,34.400001525878906,,40.29999923706055,fast_plan,10,,,,100.0
Litsea pierrei,13.71667,101.36667,13.0,101.0,10327.0,20.5,,,,38.29999923706055,,41.20000076293945,fast_plan,10,,,,100.0
Litsea pierrei,14.73333,98.63333,14.0,98.0,10318.0,38.900001525878906,,,,29.5,,31.599998474121094,fast_plan,10,,,,100.0
Litsea pierrei,18.4,105.16667,18.0,105.0,10314.0,35.20000076293945,,,,32.20000076293945,,32.599998474121094,fast_plan,10,,,,100.0
Litsea pierrei,11.52872,107.80212,11.0,107.0,10315.0,35.70000076293945,,,,35.400001525878906,,28.89999771118164,fast_plan,10,,,,100.0
Litsea pierrei,12.84301,104.62567,12.0,104.0,10319.0,25.399999618530273,,,,35.0,,39.60000038146973,fast_plan,10,,,,100.0
Litsea pierrei,10.23083,103.96111,10.0,103.0,10316.0,34.5,,,,32.20000076293945,,33.29999923706055,fast_plan,10,,,,100.0
Litsea pierrei,12.11556,108.97778,12.0,108.0,10317.0,43.70000076293945,,,,34.29999923706055,,22.0,fast_plan,10,,,,100.0
Litsea pierrei,11.38333,106.16667,11.0,106.0,10325.0,32.400001525878906,,,,31.600000381469727,,35.99999809265137,fast_plan,10,,,,100.0
Litsea stocksii,10.33731,76.8416,10.0,76.0,10337.0,35.79999923706055,,,,33.5,,30.700000762939453,fast_plan,10,,,,100.0
Litsea stocksii,8.533334,77.458334,8.0,77.0,10338.0,33.29999923706055,,,,37.29999923706055,,29.400001525878906,fast_plan,10,,,,100.0
Litsea stocksii,11.8417,77.1917,11.0,77.0,10335.0,41.400001525878906,,,,30.299999237060547,,28.299999237060547,fast_plan,10,,,,100.0
Litsea stocksii,16.44301,73.88187,16.0,73.0,10342.0,33.400001525878906,,,,38.900001525878906,,27.699996948242188,fast_plan,10,,,,100.0
Litsea stocksii,9.94167,77.1833,9.0,77.0,10332.0,33.400001525878906,,,,33.099998474121094,,33.5,fast_plan,10,,,,100.0
Litsea stocksii,11.276616,76.731061,11.0,76.0,10341.0,36.70000076293945,,,,31.100000381469727,,32.19999885559082,fast_plan,10,,,,100.0
Litsea stocksii,17.43856,73.70547,17.0,73.0,10340.0,34.599998474121094,,,,37.5,,27.900001525878906,fast_plan,10,,,,100.0
Litsea stocksii,19.06706,73.54011,19.0,73.0,10336.0,28.799999237060547,,,,41.79999923706055,,29.400001525878906,fast_plan,10,,,,100.0
Litsea stocksii,13.25,75.1625,13.0,75.0,10334.0,35.5,,,,29.600000381469727,,34.89999961853027,fast_plan,10,,,,100.0
Litsea stocksii,15.84616,73.96561,15.0,73.0,10343.0,37.0,,,,34.79999923706055,,28.200000762939453,fast_plan,10,,,,100.0
Litsea stocksii,12.66372,75.69792,12.0,75.0,10333.0,36.900001525878906,,,,30.100000381469727,,32.99999809265137,fast_plan,10,,,,100.0
Litsea stocksii,10.43966,77.520647,10.0,77.0,10339.0,45.20000076293945,,,,29.799999237060547,,25.0,fast_plan,10,,,,100.0
Lophopetalum rigidum,1.76667,109.81944,1.0,109.0,10359.0,39.20000076293945,,,,35.5,,25.299999237060547,fast_plan,10,,,,100.0
Lophopetalum rigidum,2.51667,113.1,2.0,113.0,10349.0,29.600000381469727,,,,38.099998474121094,,32.30000114440918,fast_plan,10,,,,100.0
Lophopetalum rigidum,4.9625,118.19167,4.0,118.0,10357.0,33.599998474121094,,,,36.900001525878906,,29.5,fast_plan,10,,,,100.0
Lophopetalum rigidum,4.53333,114.58333,4.0,114.0,10358.0,28.700000762939453,,,,34.900001525878906,,36.39999771118164,fast_plan,10,,,,100.0
Lophopetalum rigidum,3.4689,114.5464,3.0,114.0,10350.0,30.899999618530273,,,,38.900001525878906,,30.19999885559082,fast_plan,10,,,,100.0
Lophopetalum rigidum,0.95,110.75,0.0,110.0,10351.0,31.0,,,,35.900001525878906,,33.099998474121094,fast_plan,10,,,,100.0
Lophopetalum rigidum,5.03333,117.675,5.0,117.0,10344.0,29.200000762939453,,,,39.900001525878906,,30.89999771118164,fast_plan,10,,,,100.0
Lophopetalum rigidum,4.533333,116.866667,4.0,116.0,10352.0,30.100000381469727,,,,42.79999923706055,,27.100000381469727,fast_plan,10,,,,100.0
Lophopetalum rigidum,5.86667,116.51667,5.0,116.0,10353.0,30.399999618530273,,,,41.599998474121094,,28.000001907348633,fast_plan,10,,,,100.0
Lophopetalum rigidum,6.43333,116.625,6.0,116.0,10345.0,34.0,,,,38.400001525878906,,27.599998474121094,fast_plan,10,,,,100.0
Lophopetalum wightianum,1.75,117.5,1.0,117.0,10369.0,35.5,,,,32.70000076293945,,31.799999237060547,fast_plan,10,,,,100.0
Lophopetalum wightianum,15.312931,74.30488,15.0,74.0,10392.0,42.099998474121094,,,,26.899999618530273,,31.000001907348633,fast_plan,10,,,,100.0
Lophopetalum wightianum,0.9,118.2,0.0,118.0,10391.0,33.400001525878906,,,,33.0,,33.599998474121094,fast_plan,10,,,,100.0
Lophopetalum wightianum,16.077222,107.486111,16.0,107.0,10373.0,37.400001525878906,,,,34.0,,28.599998474121094,fast_plan,10,,,,100.0
Lophopetalum wightianum,13.825,75.575,13.0,75.0,10374.0,43.5,,,,27.100000381469727,,29.399999618530273,fast_plan,10,,,,100.0
Lophopetalum wightianum,15.824307,73.879072,15.0,73.0,10384.0,37.0,,,,34.20000076293945,,28.799999237060547,fast_plan,10,,,,100.0
Lophopetalum wightianum,9.681646,76.364498,9.0,76.0,10375.0,35.70000076293945,,,,34.70000076293945,,29.599998474121094,fast_plan,10,,,,100.0
Lophopetalum wightianum,16.057663,73.758835,16.0,73.0,10388.0,35.099998474121094,,,,36.599998474121094,,28.300003051757812,fast_plan,10,,,,100.0
Lophopetalum wightianum,9.2,98.43333,9.0,98.0,10361.0,39.900001525878906,,,,30.799999237060547,,29.299999237060547,fast_plan,10,,,,100.0
Macaranga denticulata,9.6,98.55,9.0,98.0,10401.0,42.0,,,,30.600000381469727,,27.399999618530273,fast_plan,10,,,,100.0
Macaranga denticulata,22.25,99.46,22.0,99.0,10448.0,30.899999618530273,,,,34.599998474121094,,34.50000190734863,fast_plan,10,,,,100.0
Macaranga denticulata,20.3,99.83333,20.0,99.0,10429.0,26.0,,,,37.099998474121094,,36.900001525878906,fast_plan,10,,,,100.0
Macaranga denticulata,8.8667,98.35,8.0,98.0,10440.0,42.70000076293945,,,,23.100000381469727,,34.19999885559082,fast_plan,10,,,,100.0
Macaranga denticulata,22.203051,112.265328,22.0,112.0,10406.0,38.099998474121094,,,,26.600000381469727,,35.30000114440918,fast_plan,10,,,,100.0
Macaranga denticulata,21.15444,96.50694,21.0,96.0,10407.0,34.29999923706055,,,,28.600000381469727,,37.10000038146973,fast_plan,10,,,,100.0
Macaranga denticulata,25.12,105.47,25.0,105.0,10397.0,21.799999237060547,,,,34.400001525878906,,43.79999923706055,fast_plan,10,,,,100.0
Macaranga gigantea,1.333,112.166,1.0,112.0,10485.0,30.200000762939453,,,,39.900001525878906,,29.89999771118164,fast_plan,10,,,,100.0
Macaranga gigantea,18.41667,99.21667,18.0,99.0,10460.0,44.79999923706055,,,,26.899999618530273,,28.30000114440918,fast_plan,10,,,,100.0
Macaranga gigantea,0.420283,101.86316,0.0,101.0,10454.0,36.5,,,,34.099998474121094,,29.400001525878906,fast_plan,10,,,,100.0
Macaranga gigantea,5.291191,115.630563,5.0,115.0,10461.0,34.0,,,,32.900001525878906,,33.099998474121094,fast_plan,10,,,,100.0
Macaranga gigantea,2.356624,111.826235,2.0,111.0,10474.0,30.200000762939453,,,,35.20000076293945,,34.599998474121094,fast_plan,10,,,,100.0
Macaranga gigantea,3.66667,113.68333,3.0,113.0,10499.0,33.099998474121094,,,,34.20000076293945,,32.70000076293945,fast_plan,10,,,,100.0
Macaranga gigantea,5.440734,116.449908,5.0,116.0,10500.0,29.700000762939453,,,,41.599998474121094,,28.700000762939453,fast_plan,10,,,,100.0
Macaranga gigantea,-2.66667,116.06667,-3.0,116.0,10476.0,33.0,,,,35.099998474121094,,31.900001525878906,fast_plan,10,,,,100.0
Macaranga gigantea,2.57,116.33,2.0,116.0,10462.0,32.20000076293945,,,,38.70000076293945,,29.099998474121094,fast_plan,10,,,,100.0
Macaranga gigantea,-1.35,110.21667,-2.0,110.0,10501.0,19.600000381469727,,,,47.79999923706055,,32.60000038146973,fast_plan,10,,,,100.0
Macaranga gigantea,2.936121,101.640645,2.0,101.0,10513.0,27.799999237060547,,,,39.5,,32.70000076293945,fast_plan,10,,,,100.0
Macaranga indica,16.23111,107.85556,16.0,107.0,10519.0,39.900001525878906,,,,34.20000076293945,,25.89999771118164,fast_plan,10,,,,100.0
Macaranga indica,18.5,98.3667,18.0,98.0,10566.0,49.5,,,,25.600000381469727,,24.899999618530273,fast_plan,10,,,,100.0
Macaranga indica,8.52686,77.44576,8.0,77.0,10544.0,34.099998474121094,,,,36.20000076293945,,29.700000762939453,fast_plan,10,,,,100.0
Macaranga indica,4.5,101.56667,4.0,101.0,10568.0,40.900001525878906,,,,37.70000076293945,,21.39999771118164,fast_plan,10,,,,100.0
Macaranga indica,22.529465,103.939279,22.0,103.0,10570.0,35.099998474121094,,,,37.20000076293945,,27.700000762939453,fast_plan,10,,,,100.0
Macaranga indica,18.33333,99.21667,18.0,99.0,10560.0,51.70000076293945,,,,26.700000762939453,,21.599998474121094,fast_plan,10,,,,100.0
Macaranga indica,26.901731,98.869207,26.0,98.0,10522.0,35.79999923706055,,,,27.399999618530273,,36.80000114440918,fast_plan,10,,,,100.0
Macaranga indica,11.213966,76.617368,11.0,76.0,10554.0,36.900001525878906,,,,31.799999237060547,,31.299999237060547,fast_plan,10,,,,100.0
Macaranga indica,22.35,110.95,22.0,110.0,10549.0,43.400001525878906,,,,28.299999237060547,,28.299999237060547,fast_plan,10,,,,100.0
Macaranga indica,14.63806,98.21334,14.0,98.0,10542.0,36.29999923706055,,,,29.700000762939453,,34.0,fast_plan,10,,,,100.0
Macaranga indica,29.33,95.33,29.0,95.0,10565.0,51.099998474121094,,,,19.399999618530273,,29.500001907348633,fast_plan,10,,,,100.0
Macaranga motleyana,1.41667,115.88333,1.0,115.0,10583.0,31.299999237060547,,,,40.5,,28.200000762939453,fast_plan,10,,,,100.0
Macaranga motleyana,3.671661,114.6333,3.0,114.0,10595.0,33.70000076293945,,,,36.099998474121094,,30.200000762939453,fast_plan,10,,,,100.0
Macaranga motleyana,1.05,111.83333,1.0,111.0,10576.0,31.399999618530273,,,,36.79999923706055,,31.80000114440918,fast_plan,10,,,,100.0
Macaranga motleyana,0.83333,117.66667,0.0,117.0,10592.0,30.700000762939453,,,,31.600000381469727,,37.69999885559082,fast_plan,10,,,,100.0
Macaranga motleyana,5.63333,117.2,5.0,117.0,10593.0,27.200000762939453,,,,39.5,,33.29999923706055,fast_plan,10,,,,100.0
Macaranga motleyana,-3.51667,114.76667,-4.0,114.0,10579.0,23.799999237060547,,,,38.70000076293945,,37.5,fast_plan,10,,,,100.0
Macaranga motleyana,1.342574,116.543087,1.0,116.0,10599.0,30.899999618530273,,,,39.599998474121094,,29.500001907348633,fast_plan,10,,,,100.0
Macaranga motleyana,-2.75,115.66667,-3.0,115.0,10594.0,27.600000381469727,,,,37.70000076293945,,34.69999885559082,fast_plan,10,,,,100.0
Macaranga motleyana,-0.75,116.63333,-1.0,116.0,10596.0,37.79999923706055,,,,26.600000381469727,,35.60000038146973,fast_plan,10,,,,100.0
Macaranga motleyana,1.8,109.7,1.0,109.0,10589.0,35.70000076293945,,,,37.0,,27.299999237060547,fast_plan,10,,,,100.0
Macaranga pearsonii,4.41667,117.48333,4.0,117.0,10611.0,30.799999237060547,,,,34.099998474121094,,35.10000228881836,fast_plan,10,,,,100.0
Macaranga pearsonii,5.36667,117.41667,5.0,117.0,10600.0,30.899999618530273,,,,36.79999923706055,,32.30000114440918,fast_plan,10,,,,100.0
Macaranga pearsonii,2.57,116.33,2.0,116.0,10605.0,32.20000076293945,,,,38.70000076293945,,29.099998474121094,fast_plan,10,,,,100.0
Macaranga pearsonii,-1.483333,112.516667,-2.0,112.0,10616.0,34.79999923706055,,,,37.5,,27.700000762939453,fast_plan,10,,,,100.0
Macaranga pearsonii,-2.1833,115.3833,-3.0,115.0,10604.0,23.200000762939453,,,,42.79999923706055,,34.0,fast_plan,10,,,,100.0
Macaranga pearsonii,-1.01667,117.0,-2.0,117.0,10621.0,29.799999237060547,,,,29.200000762939453,,41.0,fast_plan,10,,,,100.0
Macaranga pearsonii,5.183,118.55,5.0,118.0,10603.0,32.20000076293945,,,,37.900001525878906,,29.89999771118164,fast_plan,10,,,,100.0
Macaranga pearsonii,4.75,115.56667,4.0,115.0,10614.0,30.899999618530273,,,,39.29999923706055,,29.80000114440918,fast_plan,10,,,,100.0
Macaranga pearsonii,-3.6,114.7,-4.0,114.0,10607.0,27.399999618530273,,,,35.400001525878906,,37.19999885559082,fast_plan,10,,,,100.0
Macaranga pearsonii,1.341975,116.542541,1.0,116.0,10606.0,30.899999618530273,,,,39.599998474121094,,29.500001907348633,fast_plan,10,,,,100.0
Macaranga pearsonii,5.716667,116.4,5.0,116.0,10608.0,29.799999237060547,,,,44.29999923706055,,25.900001525878906,fast_plan,10,,,,100.0
Macaranga pearsonii,-0.721846,114.233475,-1.0,114.0,10609.0,32.20000076293945,,,,36.900001525878906,,30.89999771118164,fast_plan,10,,,,100.0
Macaranga pruinosa,1.2075,111.46806,1.0,111.0,10622.0,27.799999237060547,,,,36.0,,36.20000076293945,fast_plan,10,,,,100.0
Macaranga pruinosa,1.517639,110.387703,1.0,110.0,10654.0,18.799999237060547,,,,49.70000076293945,,31.5,fast_plan,10,,,,100.0
Macaranga pruinosa,0.06667,99.98333,0.0,99.0,10638.0,36.900001525878906,,,,28.0,,35.099998474121094,fast_plan,10,,,,100.0
Macaranga pruinosa,3.18333,98.03333,3.0,98.0,10630.0,27.899999618530273,,,,39.599998474121094,,32.50000190734863,fast_plan,10,,,,100.0
Macaranga pruinosa,3.31056,115.68222,3.0,115.0,10650.0,30.799999237060547,,,,38.70000076293945,,30.5,fast_plan,10,,,,100.0
Macaranga pruinosa,0.334752,102.720587,0.0,102.0,10624.0,30.100000381469727,,,,35.70000076293945,,34.19999885559082,fast_plan,10,,,,100.0
Macaranga pruinosa,1.83333,104.15,1.0,104.0,10644.0,27.399999618530273,,,,41.400001525878906,,31.19999885559082,fast_plan,10,,,,100.0
Macaranga pruinosa,-0.48333,109.38333,-1.0,109.0,10634.0,26.899999618530273,,,,35.400001525878906,,37.69999885559082,fast_plan,10,,,,100.0
Macaranga pruinosa,-4.538,105.7306,-5.0,105.0,10628.0,28.0,,,,38.79999923706055,,33.20000076293945,fast_plan,10,,,,100.0
Macaranga pruinosa,4.8,100.75,4.0,100.0,10647.0,30.799999237060547,,,,41.5,,27.700000762939453,fast_plan,10,,,,100.0
Machilus chinensis,23.37,114.26,23.0,114.0,10665.0,49.70000076293945,,,,23.600000381469727,,26.69999885559082,fast_plan,10,,,,100.0
Machilus chinensis,25.5,118.23,25.0,118.0,10663.0,28.600000381469727,,,,28.399999618530273,,43.0,fast_plan,10,,,,100.0
Machilus chinensis,24.52,117.37,24.0,117.0,10696.0,39.29999923706055,,,,21.100000381469727,,39.60000038146973,fast_plan,10,,,,100.0
Machilus chinensis,19.2,109.6,19.0,109.0,10668.0,48.400001525878906,,,,25.5,,26.099998474121094,fast_plan,10,,,,100.0
Machilus chinensis,29.15,112.5,29.0,112.0,10657.0,21.0,,,,30.299999237060547,,48.70000076293945,fast_plan,10,,,,100.0
Machilus gamblei,24.615701,100.709787,24.0,100.0,10740.0,26.700000762939453,,,,25.100000381469727,,48.19999885559082,fast_plan,10,,,,100.0
Machilus gamblei,28.262715,103.571742,28.0,103.0,10737.0,29.799999237060547,,,,24.600000381469727,,45.60000038146973,fast_plan,10,,,,100.0
Machilus gamblei,16.88,101.81,16.0,101.0,10752.0,43.400001525878906,,,,28.299999237060547,,28.299999237060547,fast_plan,10,,,,100.0
Machilus gamblei,23.25013,111.266023,23.0,111.0,10734.0,39.099998474121094,,,,28.799999237060547,,32.10000228881836,fast_plan,10,,,,100.0
Machilus gamblei,26.38,108.07,26.0,108.0,10706.0,27.5,,,,24.600000381469727,,47.89999961853027,fast_plan,10,,,,100.0
Machilus gamblei,22.46,107.83,22.0,107.0,10728.0,28.5,,,,35.0,,36.5,fast_plan,10,,,,100.0
Machilus gamblei,22.446542,111.031652,22.0,111.0,10744.0,45.5,,,,24.700000762939453,,29.799999237060547,fast_plan,10,,,,100.0
Machilus rufipes,29.33,95.33,29.0,95.0,10760.0,51.099998474121094,,,,19.399999618530273,,29.500001907348633,fast_plan,10,,,,100.0
Machilus rufipes,23.45,104.67,23.0,104.0,10755.0,24.700000762939453,,,,29.899999618530273,,45.39999961853027,fast_plan,10,,,,100.0
Machilus rufipes,22.79,103.09,22.0,103.0,10757.0,28.700000762939453,,,,28.899999618530273,,42.39999961853027,fast_plan,10,,,,100.0
Machilus rufipes,26.9,98.87,26.0,98.0,10758.0,36.099998474121094,,,,26.200000762939453,,37.70000076293945,fast_plan,10,,,,100.0
Machilus rufipes,21.48,101.57,21.0,101.0,10759.0,28.799999237060547,,,,34.70000076293945,,36.5,fast_plan,10,,,,100.0
Machilus rufipes,21.97,100.45,21.0,100.0,10753.0,30.700000762939453,,,,38.20000076293945,,31.099998474121094,fast_plan,10,,,,100.0
Machilus yunnanensis,28.672732,104.010884,28.0,104.0,10775.0,31.600000381469727,,,,29.299999237060547,,39.10000038146973,fast_plan,10,,,,100.0
Machilus yunnanensis,29.603333,102.073333,29.0,102.0,10763.0,36.20000076293945,,,,22.100000381469727,,41.69999885559082,fast_plan,10,,,,100.0
Machilus yunnanensis,29.496119,103.398589,29.0,103.0,10768.0,32.0,,,,26.799999237060547,,41.20000076293945,fast_plan,10,,,,100.0
Machilus yunnanensis,24.72,97.93,24.0,97.0,10787.0,37.099998474121094,,,,32.599998474121094,,30.300003051757812,fast_plan,10,,,,100.0
Machilus yunnanensis,24.580446,99.92854,24.0,99.0,10785.0,32.5,,,,28.5,,39.0,fast_plan,10,,,,100.0
Machilus yunnanensis,28.85,85.3,28.0,85.0,10762.0,40.5,,,,18.700000762939453,,40.79999923706055,fast_plan,10,,,,100.0
Machilus yunnanensis,24.68123,105.334672,24.0,105.0,10792.0,20.0,,,,36.400001525878906,,43.599998474121094,fast_plan,10,,,,100.0
Machilus yunnanensis,27.928607,101.279419,27.0,101.0,10765.0,31.899999618530273,,,,32.79999923706055,,35.30000114440918,fast_plan,10,,,,100.0
Machilus yunnanensis,30.08,103.74,30.0,103.0,10779.0,24.899999618530273,,,,29.700000762939453,,45.39999961853027,fast_plan,10,,,,100.0
Machilus yunnanensis,24.615701,100.709787,24.0,100.0,10766.0,26.700000762939453,,,,25.100000381469727,,48.19999885559082,fast_plan,10,,,,100.0
Machilus yunnanensis,26.63,102.58,26.0,102.0,10798.0,22.200000762939453,,,,35.599998474121094,,42.20000076293945,fast_plan,10,,,,100.0
Madhuca motleyana,0.15686,116.36286,0.0,116.0,10817.0,25.100000381469727,,,,41.0,,33.89999961853027,fast_plan,10,,,,100.0
Madhuca motleyana,-2.69503,106.28208,-3.0,106.0,10828.0,33.0,,,,31.799999237060547,,35.20000076293945,fast_plan,10,,,,100.0
Madhuca motleyana,-2.84023,114.84077,-3.0,114.0,10814.0,21.0,,,,37.099998474121094,,41.900001525878906,fast_plan,10,,,,100.0
Madhuca motleyana,2.46667,111.53333,2.0,111.0,10810.0,28.5,,,,36.79999923706055,,34.70000076293945,fast_plan,10,,,,100.0
Madhuca motleyana,-0.59417,115.51556,-1.0,115.0,10827.0,33.0,,,,34.79999923706055,,32.20000076293945,fast_plan,10,,,,100.0
Madhuca motleyana,0.73366,112.79852,0.0,112.0,10825.0,28.799999237060547,,,,37.5,,33.70000076293945,fast_plan,10,,,,100.0
Madhuca motleyana,-1.09916,110.09049,-2.0,110.0,10818.0,25.600000381469727,,,,39.599998474121094,,34.80000114440918,fast_plan,10,,,,100.0
Madhuca motleyana,-0.926,114.86733,-1.0,114.0,10822.0,29.5,,,,38.900001525878906,,31.599998474121094,fast_plan,10,,,,100.0
Madhuca motleyana,-0.41667,109.66667,-1.0,109.0,10823.0,31.100000381469727,,,,31.799999237060547,,37.10000038146973,fast_plan,10,,,,100.0
Maesa indica,22.529465,103.939279,22.0,103.0,10861.0,35.099998474121094,,,,37.20000076293945,,27.700000762939453,fast_plan,10,,,,100.0
Maesa indica,21.45638,105.64416,21.0,105.0,10841.0,28.700000762939453,,,,28.600000381469727,,42.69999885559082,fast_plan,10,,,,100.0
Maesa indica,18.44583,120.96055,18.0,120.0,10862.0,27.200000762939453,,,,35.5,,37.29999923706055,fast_plan,10,,,,100.0
Maesa indica,22.485992,91.773289,22.0,91.0,10879.0,36.900001525878906,,,,26.799999237060547,,36.29999923706055,fast_plan,10,,,,100.0
Maesa indica,25.297281,91.69992,25.0,91.0,10884.0,35.20000076293945,,,,34.900001525878906,,29.89999771118164,fast_plan,10,,,,100.0
Maesa indica,19.5,98.5,19.0,98.0,10885.0,45.79999923706055,,,,28.200000762939453,,26.0,fast_plan,10,,,,100.0
Maesa indica,27.740736,98.66582,27.0,98.0,10891.0,37.599998474121094,,,,19.700000762939453,,42.70000076293945,fast_plan,10,,,,100.0
Maesa indica,11.480168,76.544333,11.0,76.0,10871.0,35.70000076293945,,,,30.399999618530273,,33.89999961853027,fast_plan,10,,,,100.0
Magnolia cathcartii,29.32,95.33,29.0,95.0,10900.0,67.69999694824219,,,,15.600000381469727,,16.700002670288086,fast_plan,10,,,,100.0
Magnolia cathcartii,25.600116,94.085597,25.0,94.0,10901.0,34.79999923706055,,,,30.600000381469727,,34.60000038146973,fast_plan,10,,,,100.0
Magnolia cathcartii,26.943933,90.215874,26.0,90.0,10906.0,30.700000762939453,,,,28.899999618530273,,40.39999961853027,fast_plan,10,,,,100.0
Magnolia cathcartii,26.91652,89.526004,26.0,89.0,10908.0,34.5,,,,26.5,,39.0,fast_plan,10,,,,100.0
Magnolia cathcartii,27.5544,88.4517,27.0,88.0,10903.0,37.099998474121094,,,,25.899999618530273,,37.00000190734863,fast_plan,10,,,,100.0
Magnolia cathcartii,14.06,108.28,14.0,108.0,10902.0,31.200000762939453,,,,31.700000762939453,,37.099998474121094,fast_plan,10,,,,100.0
Magnolia cathcartii,27.51,90.43,27.0,90.0,10904.0,28.5,,,,33.5,,38.0,fast_plan,10,,,,100.0
Magnolia cathcartii,22.309029,103.733856,22.0,103.0,10905.0,30.100000381469727,,,,32.900001525878906,,36.99999809265137,fast_plan,10,,,,100.0
Magnolia cathcartii,15.13109,107.85763,15.0,107.0,10907.0,34.400001525878906,,,,32.5,,33.099998474121094,fast_plan,10,,,,100.0
Magnolia garrettii,18.26392,97.95467,18.0,97.0,10909.0,45.400001525878906,,,,29.700000762939453,,24.89999771118164,fast_plan,10,,,,100.0
Magnolia garrettii,18.52922,98.5495,18.0,98.0,10911.0,45.29999923706055,,,,30.399999618530273,,24.30000114440918,fast_plan,10,,,,100.0
Magnolia garrettii,20.0,99.16667,20.0,99.0,10910.0,33.79999923706055,,,,31.100000381469727,,35.10000038146973,fast_plan,10,,,,100.0
Magnolia odora,22.391288,106.817838,22.0,106.0,10916.0,23.600000381469727,,,,31.799999237060547,,44.60000038146973,fast_plan,10,,,,100.0
Magnolia odora,19.03,109.83,19.0,109.0,10931.0,46.20000076293945,,,,25.299999237060547,,28.5,fast_plan,10,,,,100.0
Magnolia odora,25.22845,113.217309,25.0,113.0,10922.0,48.900001525878906,,,,22.700000762939453,,28.39999771118164,fast_plan,10,,,,100.0
Magnolia odora,25.6,110.58,25.0,110.0,10942.0,38.79999923706055,,,,27.100000381469727,,34.10000038146973,fast_plan,10,,,,100.0
Magnolia odora,25.78,109.6,25.0,109.0,10930.0,32.099998474121094,,,,27.100000381469727,,40.80000114440918,fast_plan,10,,,,100.0
Magnolia odora,23.395774,106.626638,23.0,106.0,10925.0,20.200000762939453,,,,28.399999618530273,,51.39999961853027,fast_plan,10,,,,100.0
Magnolia odora,24.52,117.37,24.0,117.0,10929.0,39.29999923706055,,,,21.100000381469727,,39.60000038146973,fast_plan,10,,,,100.0
Magnolia sumatrana,-1.7,101.26667,-2.0,101.0,10946.0,40.400001525878906,,,,23.700000762939453,,35.89999771118164,fast_plan,11,,,,100.0
Magnolia sumatrana,-7.7535,112.5078,-8.0,112.0,10961.0,41.900001525878906,,,,32.29999923706055,,25.799999237060547,fast_plan,11,,,,100.0
Magnolia sumatrana,3.6831,97.6486,3.0,97.0,10947.0,40.0,,,,31.700000762939453,,28.299999237060547,fast_plan,11,,,,100.0
Magnolia sumatrana,-7.75,109.66667,-8.0,109.0,10966.0,32.099998474121094,,,,31.700000762939453,,36.20000076293945,fast_plan,11,,,,100.0
Magnolia sumatrana,-0.38333,100.46667,-1.0,100.0,10958.0,35.29999923706055,,,,34.70000076293945,,30.0,fast_plan,11,,,,100.0
Magnolia sumatrana,-5.43333,104.68333,-6.0,104.0,10965.0,30.100000381469727,,,,37.5,,32.39999961853027,fast_plan,11,,,,100.0
Magnolia sumatrana,-6.72917,106.51444,-7.0,106.0,10959.0,24.799999237060547,,,,31.899999618530273,,43.30000114440918,fast_plan,11,,,,100.0
Magnolia sumatrana,-8.48333,120.55,-9.0,120.0,10960.0,40.29999923706055,,,,30.299999237060547,,29.400001525878906,fast_plan,11,,,,100.0
Magnolia sumatrana,-5.3951,119.8838,-6.0,119.0,10957.0,33.599998474121094,,,,37.5,,28.900001525878906,fast_plan,11,,,,100.0
Magnolia sumatrana,3.31667,98.58333,3.0,98.0,10956.0,31.5,,,,35.20000076293945,,33.29999923706055,fast_plan,11,,,,100.0
Magnolia sumatrana,-7.96667,113.33333,-8.0,113.0,10962.0,29.600000381469727,,,,35.70000076293945,,34.69999885559082,fast_plan,11,,,,100.0
Mallotus paniculatus,-3.1167,101.95,-4.0,101.0,10989.0,21.700000762939453,,,,47.20000076293945,,31.099998474121094,fast_plan,11,,,,100.0
Mallotus paniculatus,10.123333,118.986667,10.0,118.0,11013.0,31.600000381469727,,,,31.399999618530273,,37.0,fast_plan,11,,,,100.0
Mallotus paniculatus,4.55,116.31667,4.0,116.0,10970.0,31.899999618530273,,,,38.5,,29.600000381469727,fast_plan,11,,,,100.0
Mallotus paniculatus,1.395035,99.694736,1.0,99.0,11020.0,31.700000762939453,,,,42.099998474121094,,26.200000762939453,fast_plan,11,,,,100.0
Mallotus paniculatus,-8.98333,148.38333,-9.0,148.0,10968.0,30.0,,,,39.29999923706055,,30.700000762939453,fast_plan,11,,,,100.0
Mallotus paniculatus,23.531078,99.411861,23.0,99.0,10973.0,32.79999923706055,,,,31.100000381469727,,36.10000038146973,fast_plan,11,,,,100.0
Mallotus paniculatus,-1.26436,109.964,-2.0,109.0,11018.0,21.5,,,,39.79999923706055,,38.70000076293945,fast_plan,11,,,,100.0
Mallotus paniculatus,-3.416667,142.25,-4.0,142.0,11022.0,29.299999237060547,,,,39.29999923706055,,31.400001525878906,fast_plan,11,,,,100.0
Mangifera griffithii,1.333333,112.166667,1.0,112.0,11051.0,30.200000762939453,,,,39.900001525878906,,29.89999771118164,fast_plan,11,,,,100.0
Mangifera griffithii,4.9575,118.188333,4.0,118.0,11039.0,34.70000076293945,,,,39.20000076293945,,26.099998474121094,fast_plan,11,,,,100.0
Mangifera griffithii,4.75,116.98333,4.0,116.0,11053.0,32.900001525878906,,,,35.900001525878906,,31.199996948242188,fast_plan,11,,,,100.0
Mangifera griffithii,-2.48,115.29,-3.0,115.0,11056.0,23.899999618530273,,,,36.400001525878906,,39.69999885559082,fast_plan,11,,,,100.0
Mangifera griffithii,0.08,111.48,0.0,111.0,11036.0,27.200000762939453,,,,35.29999923706055,,37.5,fast_plan,11,,,,100.0
Mangifera griffithii,-3.75,103.75,-4.0,103.0,11043.0,24.100000381469727,,,,44.70000076293945,,31.19999885559082,fast_plan,11,,,,100.0
Mangifera griffithii,-2.6,106.55,-3.0,106.0,11054.0,27.899999618530273,,,,38.599998474121094,,33.50000190734863,fast_plan,11,,,,100.0
Mangifera griffithii,1.05,110.88333,1.0,110.0,11037.0,30.700000762939453,,,,38.20000076293945,,31.099998474121094,fast_plan,11,,,,100.0
Mangifera griffithii,10.383333,98.866667,10.0,98.0,11049.0,41.0,,,,30.100000381469727,,28.899999618530273,fast_plan,11,,,,100.0
Mangifera griffithii,-1.26667,102.53333,-2.0,102.0,11028.0,28.200000762939453,,,,46.5,,25.299999237060547,fast_plan,11,,,,100.0
Mangifera indica,25.528148,90.227251,25.0,90.0,11104.0,39.0,,,,27.299999237060547,,33.70000076293945,fast_plan,11,,,,100.0
Mangifera indica,22.047731,100.746589,22.0,100.0,11092.0,28.299999237060547,,,,42.099998474121094,,29.60000228881836,fast_plan,11,,,,100.0
Mangifera indica,17.68949,103.728212,17.0,103.0,11076.0,35.900001525878906,,,,28.399999618530273,,35.69999885559082,fast_plan,11,,,,100.0
Mangifera indica,16.904463,97.625366,16.0,97.0,11080.0,31.100000381469727,,,,30.5,,38.39999961853027,fast_plan,11,,,,100.0
Mangifera indica,26.849782,89.393949,26.0,89.0,11077.0,44.29999923706055,,,,28.5,,27.200000762939453,fast_plan,11,,,,100.0
Mangifera indica,17.020861,99.703621,17.0,99.0,11099.0,40.29999923706055,,,,29.399999618530273,,30.30000114440918,fast_plan,11,,,,100.0
Mangifera indica,22.529465,103.939279,22.0,103.0,11061.0,35.099998474121094,,,,37.20000076293945,,27.700000762939453,fast_plan,11,,,,100.0
Mangifera indica,12.708054,100.893744,12.0,100.0,11059.0,35.900001525878906,,,,18.299999237060547,,45.79999923706055,fast_plan,11,,,,100.0
Mangifera indica,26.88,102.12,26.0,102.0,11101.0,34.20000076293945,,,,28.5,,37.29999923706055,fast_plan,11,,,,100.0
Mangifera indica,22.41784,92.74462,22.0,92.0,11100.0,38.599998474121094,,,,30.0,,31.400001525878906,fast_plan,11,,,,100.0
Mangifera pajang,-0.38,115.33,-1.0,115.0,11132.0,25.700000762939453,,,,45.29999923706055,,29.0,fast_plan,11,,,,100.0
Mangifera pajang,-3.00699,115.718679,-4.0,115.0,11121.0,29.799999237060547,,,,38.400001525878906,,31.799999237060547,fast_plan,11,,,,100.0
Mangifera pajang,-1.21667,110.13333,-2.0,110.0,11133.0,27.200000762939453,,,,42.599998474121094,,30.200000762939453,fast_plan,11,,,,100.0
Mangifera pajang,5.75,118.0,5.0,118.0,11123.0,29.200000762939453,,,,38.79999923706055,,32.0,fast_plan,11,,,,100.0
Mangifera pajang,-1.666667,115.0,-2.0,115.0,11130.0,32.5,,,,31.299999237060547,,36.20000076293945,fast_plan,11,,,,100.0
Mangifera pajang,-0.58333,117.08333,-1.0,117.0,11125.0,26.299999237060547,,,,36.099998474121094,,37.60000228881836,fast_plan,11,,,,100.0
Mangifera pajang,1.333,112.166,1.0,112.0,11124.0,30.200000762939453,,,,39.900001525878906,,29.89999771118164,fast_plan,11,,,,100.0
Mangifera pajang,5.33333,115.75,5.0,115.0,11129.0,34.5,,,,32.900001525878906,,32.599998474121094,fast_plan,11,,,,100.0
Mangifera pajang,4.56794,115.14749,4.0,115.0,11127.0,25.799999237060547,,,,40.70000076293945,,33.5,fast_plan,11,,,,100.0
Mangifera pajang,0.0,116.5,0.0,116.0,11119.0,33.29999923706055,,,,31.399999618530273,,35.30000114440918,fast_plan,11,,,,100.0
Mangifera pajang,2.1,117.31667,2.0,117.0,11131.0,29.799999237060547,,,,36.599998474121094,,33.60000228881836,fast_plan,11,,,,100.0
Mangifera pajang,-2.1833,115.3833,-3.0,115.0,11122.0,23.200000762939453,,,,42.79999923706055,,34.0,fast_plan,11,,,,100.0
Manglietia hookeri,26.9,98.87,26.0,98.0,11139.0,36.099998474121094,,,,26.200000762939453,,37.70000076293945,fast_plan,11,,,,100.0
Manglietia hookeri,24.615701,100.709787,24.0,100.0,11135.0,26.700000762939453,,,,25.100000381469727,,48.19999885559082,fast_plan,11,,,,100.0
Manglietia hookeri,21.97,100.45,21.0,100.0,11140.0,30.700000762939453,,,,38.20000076293945,,31.099998474121094,fast_plan,11,,,,100.0
Manglietia hookeri,25.17,106.1,25.0,106.0,11147.0,23.299999237060547,,,,29.899999618530273,,46.80000114440918,fast_plan,11,,,,100.0
Manglietia hookeri,19.90697,99.04603,19.0,99.0,11146.0,42.5,,,,28.5,,29.0,fast_plan,11,,,,100.0
Manglietia hookeri,27.7306,98.4078,27.0,98.0,11138.0,38.70000076293945,,,,17.399999618530273,,43.89999961853027,fast_plan,11,,,,100.0
Manglietia longipedunculata,31.32,120.98,31.0,120.0,11148.0,14.399999618530273,,,,30.399999618530273,,55.20000076293945,fast_plan,11,,,,100.0
Markhamia stipulata,21.15444,96.50694,21.0,96.0,11197.0,34.29999923706055,,,,28.600000381469727,,37.10000038146973,fast_plan,11,,,,100.0
Markhamia stipulata,34.22,119.8,34.0,119.0,11157.0,17.100000381469727,,,,39.20000076293945,,43.69999885559082,fast_plan,11,,,,100.0
Markhamia stipulata,14.7,106.1,14.0,106.0,11206.0,42.29999923706055,,,,27.200000762939453,,30.5,fast_plan,11,,,,100.0
Markhamia stipulata,17.370695,103.239195,17.0,103.0,11160.0,42.20000076293945,,,,25.700000762939453,,32.099998474121094,fast_plan,11,,,,100.0
Markhamia stipulata,20.34,102.2,20.0,102.0,11181.0,34.20000076293945,,,,34.79999923706055,,31.0,fast_plan,11,,,,100.0
Markhamia stipulata,22.25,99.46,22.0,99.0,11202.0,30.899999618530273,,,,34.599998474121094,,34.50000190734863,fast_plan,11,,,,100.0
Markhamia stipulata,13.0,102.25,13.0,102.0,11166.0,28.700000762939453,,,,30.200000762939453,,41.099998474121094,fast_plan,11,,,,100.0
Markhamia stipulata,19.41667,99.26667,19.0,99.0,11205.0,40.70000076293945,,,,28.899999618530273,,30.399999618530273,fast_plan,11,,,,100.0
Markhamia stipulata,12.08,107.03,12.0,107.0,11167.0,33.599998474121094,,,,32.70000076293945,,33.70000076293945,fast_plan,11,,,,100.0
Melaleuca cajuputi,-15.11937,133.1762,-16.0,133.0,11222.0,80.69999694824219,,,,14.699999809265137,,4.600003242492676,fast_plan,11,,,,100.0
Melaleuca cajuputi,-16.658333,125.928889,-17.0,125.0,11234.0,59.099998474121094,,,,25.399999618530273,,15.500001907348633,fast_plan,11,,,,100.0
Melaleuca cajuputi,-5.33333,143.0,-6.0,143.0,11268.0,31.399999618530273,,,,34.599998474121094,,34.00000190734863,fast_plan,11,,,,100.0
Melaleuca cajuputi,3.47362,117.867041,3.0,117.0,11216.0,23.899999618530273,,,,39.5,,36.60000038146973,fast_plan,11,,,,100.0
Melaleuca cajuputi,-13.440778,131.486079,-14.0,131.0,11225.0,64.5999984741211,,,,15.899999618530273,,19.500001907348633,fast_plan,11,,,,100.0
Melaleuca cajuputi,6.29633,99.69633,6.0,99.0,11257.0,40.400001525878906,,,,29.5,,30.099998474121094,fast_plan,11,,,,100.0
Melaleuca cajuputi,-13.06,132.31,-14.0,132.0,11264.0,56.79999923706055,,,,23.0,,20.200000762939453,fast_plan,11,,,,100.0
Melaleuca cajuputi,-11.583333,131.166667,-12.0,131.0,11265.0,64.0,,,,21.399999618530273,,14.600000381469727,fast_plan,11,,,,100.0
Melia azedarach,-30.083333,145.933333,-31.0,145.0,11271.0,55.400001525878906,,,,32.0,,12.599998474121094,fast_plan,11,,,,100.0
Melia azedarach,25.83,107.53,25.0,107.0,11274.0,36.099998474121094,,,,27.200000762939453,,36.70000076293945,fast_plan,11,,,,100.0
Melia azedarach,18.648464,105.696463,18.0,105.0,11328.0,35.20000076293945,,,,33.5,,31.299999237060547,fast_plan,11,,,,100.0
Melia azedarach,22.25,99.46,22.0,99.0,11310.0,30.899999618530273,,,,34.599998474121094,,34.50000190734863,fast_plan,11,,,,100.0
Melia azedarach,29.498346,79.466309,29.0,79.0,11297.0,31.200000762939453,,,,23.0,,45.79999923706055,fast_plan,11,,,,100.0
Melia azedarach,16.120697,108.296532,16.0,108.0,11280.0,37.29999923706055,,,,34.20000076293945,,28.5,fast_plan,11,,,,100.0
Melia azedarach,-33.482396,149.555168,-34.0,149.0,11322.0,62.599998474121094,,,,14.0,,23.400001525878906,fast_plan,11,,,,100.0
Melia azedarach,-6.72064,146.99639,-7.0,146.0,11301.0,31.600000381469727,,,,37.70000076293945,,30.69999885559082,fast_plan,11,,,,100.0
Melia azedarach,28.434755,98.829689,28.0,98.0,11315.0,48.5,,,,23.700000762939453,,27.799999237060547,fast_plan,11,,,,100.0
Mesua ferrea,15.127036,101.017361,15.0,101.0,11355.0,31.399999618530273,,,,28.600000381469727,,40.0,fast_plan,11,,,,100.0
Mesua ferrea,14.9392,75.6611,14.0,75.0,11363.0,33.20000076293945,,,,33.5,,33.29999923706055,fast_plan,11,,,,100.0
Mesua ferrea,9.56382,76.55855,9.0,76.0,11385.0,29.299999237060547,,,,32.900001525878906,,37.79999923706055,fast_plan,11,,,,100.0
Mesua ferrea,7.60275,99.37169,7.0,99.0,11388.0,37.29999923706055,,,,26.299999237060547,,36.400001525878906,fast_plan,11,,,,100.0
Mesua ferrea,5.417231,100.213498,5.0,100.0,11352.0,36.400001525878906,,,,36.20000076293945,,27.39999771118164,fast_plan,11,,,,100.0
Mesua ferrea,8.537547,99.723892,8.0,99.0,11386.0,32.79999923706055,,,,35.29999923706055,,31.900001525878906,fast_plan,11,,,,100.0
Mesua ferrea,27.417801,94.190093,27.0,94.0,11330.0,49.0,,,,26.600000381469727,,24.399999618530273,fast_plan,11,,,,100.0
Mesua ferrea,23.73775,92.66176,23.0,92.0,11336.0,30.200000762939453,,,,28.700000762939453,,41.099998474121094,fast_plan,11,,,,100.0
Mesua ferrea,7.9906,98.3381,7.0,98.0,11372.0,48.29999923706055,,,,19.600000381469727,,32.10000038146973,fast_plan,11,,,,100.0
Mesua ferrea,26.5408,94.2078,26.0,94.0,11367.0,42.20000076293945,,,,26.5,,31.299999237060547,fast_plan,11,,,,100.0
Metroxylon sagu,-7.735,146.496,-8.0,146.0,11409.0,35.29999923706055,,,,37.599998474121094,,27.10000228881836,fast_plan,11,,,,100.0
Metroxylon sagu,-4.083333,144.083333,-5.0,144.0,11408.0,28.200000762939453,,,,33.0,,38.79999923706055,fast_plan,11,,,,100.0
Metroxylon sagu,-3.581451,143.645683,-4.0,143.0,11413.0,34.29999923706055,,,,34.599998474121094,,31.10000228881836,fast_plan,11,,,,100.0
Metroxylon sagu,-1.961424,124.392799,-2.0,124.0,11407.0,34.20000076293945,,,,33.0,,32.79999923706055,fast_plan,11,,,,100.0
Metroxylon sagu,-3.39278,126.78195,-4.0,126.0,11395.0,43.099998474121094,,,,28.299999237060547,,28.60000228881836,fast_plan,11,,,,100.0
Metroxylon sagu,-0.816302,131.811274,-1.0,131.0,11398.0,29.799999237060547,,,,39.70000076293945,,30.5,fast_plan,11,,,,100.0
Metroxylon sagu,-5.940042,141.133047,-6.0,141.0,11405.0,38.20000076293945,,,,32.099998474121094,,29.700000762939453,fast_plan,11,,,,100.0
Michelia baillonii,15.666667,102.0,15.0,102.0,11414.0,39.70000076293945,,,,30.0,,30.299999237060547,fast_plan,11,,,,100.0
Michelia baillonii,21.21519,94.03133,21.0,94.0,11433.0,34.20000076293945,,,,31.299999237060547,,34.5,fast_plan,11,,,,100.0
Michelia baillonii,22.697654,100.860736,22.0,100.0,11425.0,32.0,,,,36.5,,31.5,fast_plan,11,,,,100.0
Michelia baillonii,20.3,99.65,20.0,99.0,11429.0,32.70000076293945,,,,32.29999923706055,,35.0,fast_plan,11,,,,100.0
Michelia baillonii,18.14472,99.52167,18.0,99.0,11428.0,34.0,,,,30.200000762939453,,35.79999923706055,fast_plan,11,,,,100.0
Michelia baillonii,22.792186,103.086573,22.0,103.0,11422.0,29.5,,,,28.399999618530273,,42.10000038146973,fast_plan,11,,,,100.0
Michelia baillonii,8.0,98.333333,8.0,98.0,11427.0,47.5,,,,22.5,,30.0,fast_plan,11,,,,100.0
Michelia baillonii,11.45639,104.59639,11.0,104.0,11432.0,29.299999237060547,,,,39.900001525878906,,30.799999237060547,fast_plan,11,,,,100.0
Michelia baillonii,23.531078,99.411861,23.0,99.0,11430.0,32.79999923706055,,,,31.100000381469727,,36.10000038146973,fast_plan,11,,,,100.0
Michelia baillonii,21.368946,93.974695,21.0,93.0,11434.0,41.099998474121094,,,,26.299999237060547,,32.60000228881836,fast_plan,11,,,,100.0
Michelia champaca,25.95601,91.07023,25.0,91.0,11450.0,37.400001525878906,,,,28.799999237060547,,33.79999923706055,fast_plan,11,,,,100.0
Michelia champaca,12.81254,77.575217,12.0,77.0,11441.0,52.099998474121094,,,,23.899999618530273,,24.000001907348633,fast_plan,11,,,,100.0
Michelia champaca,-7.03333,108.16667,-8.0,108.0,11480.0,30.899999618530273,,,,36.900001525878906,,32.19999885559082,fast_plan,11,,,,100.0
Michelia champaca,18.75,98.883333,18.0,98.0,11496.0,45.599998474121094,,,,23.200000762939453,,31.200000762939453,fast_plan,11,,,,100.0
Michelia champaca,13.446469,77.419969,13.0,77.0,11474.0,64.19999694824219,,,,20.700000762939453,,15.10000228881836,fast_plan,11,,,,100.0
Michelia champaca,10.3225,79.0642,10.0,79.0,11483.0,34.099998474121094,,,,38.599998474121094,,27.300003051757812,fast_plan,11,,,,100.0
Michelia champaca,14.35539,74.75901,14.0,74.0,11443.0,45.70000076293945,,,,22.799999237060547,,31.5,fast_plan,11,,,,100.0
Michelia champaca,-2.784086,107.715161,-3.0,107.0,11439.0,23.600000381469727,,,,36.099998474121094,,40.30000114440918,fast_plan,11,,,,100.0
Michelia chapensis,28.72,113.58,28.0,113.0,11537.0,25.600000381469727,,,,26.5,,47.89999961853027,fast_plan,11,,,,100.0
Michelia chapensis,24.7,101.63,24.0,101.0,11525.0,17.0,,,,43.099998474121094,,39.900001525878906,fast_plan,11,,,,100.0
Michelia chapensis,22.58,114.17,22.0,114.0,11517.0,47.400001525878906,,,,25.600000381469727,,26.999998092651367,fast_plan,11,,,,100.0
Michelia chapensis,29.42,111.13,29.0,111.0,11505.0,30.299999237060547,,,,25.299999237060547,,44.400001525878906,fast_plan,11,,,,100.0
Michelia chapensis,28.52075,114.37098,28.0,114.0,11541.0,38.400001525878906,,,,24.600000381469727,,36.99999809265137,fast_plan,11,,,,100.0
Michelia doltsopa,28.25306,83.93861,28.0,83.0,11569.0,35.20000076293945,,,,25.0,,39.79999923706055,fast_plan,11,,,,100.0
Michelia doltsopa,23.12,104.7,23.0,104.0,11562.0,26.200000762939453,,,,29.5,,44.29999923706055,fast_plan,11,,,,100.0
Michelia doltsopa,27.34348,88.632589,27.0,88.0,11551.0,40.599998474121094,,,,26.200000762939453,,33.20000076293945,fast_plan,11,,,,100.0
Michelia doltsopa,26.96731,88.274213,26.0,88.0,11547.0,39.0,,,,27.200000762939453,,33.79999923706055,fast_plan,11,,,,100.0
Michelia doltsopa,24.171389,99.645278,24.0,99.0,11557.0,27.799999237060547,,,,26.700000762939453,,45.5,fast_plan,11,,,,100.0
Michelia doltsopa,27.73,98.67,27.0,98.0,11564.0,39.70000076293945,,,,17.0,,43.29999923706055,fast_plan,11,,,,100.0
Michelia doltsopa,26.0777,98.6037,26.0,98.0,11568.0,35.79999923706055,,,,24.299999237060547,,39.900001525878906,fast_plan,11,,,,100.0
Michelia doltsopa,23.531078,99.411861,23.0,99.0,11566.0,32.79999923706055,,,,31.100000381469727,,36.10000038146973,fast_plan,11,,,,100.0
Michelia doltsopa,25.416667,98.5,25.0,98.0,11552.0,32.70000076293945,,,,28.100000381469727,,39.19999885559082,fast_plan,11,,,,100.0
Michelia doltsopa,28.66,97.46,28.0,97.0,11546.0,56.400001525878906,,,,11.699999809265137,,31.899998664855957,fast_plan,11,,,,100.0
Michelia doltsopa,29.33,95.33,29.0,95.0,11554.0,51.099998474121094,,,,19.399999618530273,,29.500001907348633,fast_plan,11,,,,100.0
Michelia macclurei,26.37,110.32,26.0,110.0,11576.0,30.100000381469727,,,,29.299999237060547,,40.60000038146973,fast_plan,11,,,,100.0
Michelia macclurei,22.76,107.11,22.0,107.0,11600.0,22.0,,,,29.5,,48.5,fast_plan,11,,,,100.0
Michelia macclurei,18.516726,110.029085,18.0,110.0,11582.0,53.099998474121094,,,,21.5,,25.400001525878906,fast_plan,11,,,,100.0
Michelia macclurei,23.43,111.5,23.0,111.0,11588.0,33.5,,,,28.299999237060547,,38.20000076293945,fast_plan,11,,,,100.0
Michelia macclurei,18.63,109.7,18.0,109.0,11609.0,55.0,,,,18.799999237060547,,26.200000762939453,fast_plan,11,,,,100.0
Michelia macclurei,21.741852,107.997805,21.0,107.0,11592.0,33.0,,,,31.899999618530273,,35.10000038146973,fast_plan,11,,,,100.0
Michelia maudiae,24.52,117.37,24.0,117.0,11618.0,39.29999923706055,,,,21.100000381469727,,39.60000038146973,fast_plan,11,,,,100.0
Michelia maudiae,22.575961,114.202438,22.0,114.0,11641.0,37.5,,,,30.200000762939453,,32.29999923706055,fast_plan,11,,,,100.0
Michelia maudiae,24.403562,111.566656,24.0,111.0,11639.0,27.0,,,,33.900001525878906,,39.099998474121094,fast_plan,11,,,,100.0
Michelia maudiae,29.69,111.02,29.0,111.0,11615.0,26.899999618530273,,,,26.200000762939453,,46.89999961853027,fast_plan,11,,,,100.0
Michelia maudiae,25.405097,110.440546,25.0,110.0,11614.0,34.70000076293945,,,,32.0,,33.29999923706055,fast_plan,11,,,,100.0
Michelia maudiae,28.97,103.9,28.0,103.0,11671.0,26.0,,,,28.700000762939453,,45.29999923706055,fast_plan,11,,,,100.0
Michelia maudiae,29.35,110.53,29.0,110.0,11638.0,24.799999237060547,,,,30.600000381469727,,44.60000038146973,fast_plan,11,,,,100.0
Myrica esculenta,23.43,111.5,23.0,111.0,11713.0,33.5,,,,28.299999237060547,,38.20000076293945,fast_plan,11,,,,100.0
Myrica esculenta,23.519195,110.462487,23.0,110.0,11723.0,38.70000076293945,,,,34.099998474121094,,27.200000762939453,fast_plan,11,,,,100.0
Myrica esculenta,-7.669794,110.5311,-8.0,110.0,11709.0,33.599998474121094,,,,34.20000076293945,,32.20000076293945,fast_plan,11,,,,100.0
Myrica esculenta,21.981682,108.653798,21.0,108.0,11707.0,38.29999923706055,,,,33.79999923706055,,27.900001525878906,fast_plan,11,,,,100.0
Myrica esculenta,29.416208,79.515553,29.0,79.0,11720.0,34.400001525878906,,,,23.600000381469727,,41.99999809265137,fast_plan,11,,,,100.0
Myrica esculenta,25.38,98.416389,25.0,98.0,11674.0,34.70000076293945,,,,28.600000381469727,,36.69999885559082,fast_plan,11,,,,100.0
Myrica esculenta,16.87129,101.71867,16.0,101.0,11692.0,41.599998474121094,,,,30.799999237060547,,27.60000228881836,fast_plan,11,,,,100.0
Myrica esculenta,24.615701,100.709787,24.0,100.0,11688.0,26.700000762939453,,,,25.100000381469727,,48.19999885559082,fast_plan,11,,,,100.0
Myrica esculenta,5.78333,117.15,5.0,117.0,11724.0,33.70000076293945,,,,37.70000076293945,,28.599998474121094,fast_plan,11,,,,100.0
Myrsine semiserrata,25.107246,108.315175,25.0,108.0,11792.0,19.700000762939453,,,,28.600000381469727,,51.69999885559082,fast_plan,11,,,,100.0
Myrsine semiserrata,29.63,94.4,29.0,94.0,11761.0,50.5,,,,14.699999809265137,,34.80000019073486,fast_plan,11,,,,100.0
Myrsine semiserrata,24.98,107.53,24.0,107.0,11738.0,25.200000762939453,,,,29.0,,45.79999923706055,fast_plan,11,,,,100.0
Myrsine semiserrata,21.398092,93.399894,21.0,93.0,11739.0,41.5,,,,26.100000381469727,,32.39999961853027,fast_plan,11,,,,100.0
Myrsine semiserrata,27.6,83.383333,27.0,83.0,11762.0,17.0,,,,23.0,,60.0,fast_plan,11,,,,100.0
Myrsine semiserrata,24.35,106.57,24.0,106.0,11769.0,27.5,,,,28.200000762939453,,44.29999923706055,fast_plan,11,,,,100.0
Myrsine semiserrata,22.697654,100.860736,22.0,100.0,11749.0,32.0,,,,36.5,,31.5,fast_plan,11,,,,100.0
Myrsine semiserrata,25.47,99.53,25.0,99.0,11743.0,37.599998474121094,,,,29.0,,33.400001525878906,fast_plan,11,,,,100.0
Myrsine semiserrata,28.416667,106.2,28.0,106.0,11753.0,30.700000762939453,,,,28.600000381469727,,40.69999885559082,fast_plan,11,,,,100.0
Nageia wallichiana,3.3167,98.5833,3.0,98.0,11830.0,31.5,,,,35.20000076293945,,33.29999923706055,fast_plan,11,,,,100.0
Nageia wallichiana,20.43,105.23694,20.0,105.0,11835.0,30.299999237060547,,,,33.5,,36.20000076293945,fast_plan,11,,,,100.0
Nageia wallichiana,6.61076,99.65159,6.0,99.0,11841.0,36.29999923706055,,,,35.400001525878906,,28.299999237060547,fast_plan,11,,,,100.0
Nageia wallichiana,4.483333,115.183333,4.0,115.0,11833.0,30.100000381469727,,,,37.0,,32.89999961853027,fast_plan,11,,,,100.0
Nageia wallichiana,4.23333,117.45,4.0,117.0,11798.0,32.0,,,,35.29999923706055,,32.70000076293945,fast_plan,11,,,,100.0
Nageia wallichiana,12.41667,122.56667,12.0,122.0,11804.0,33.5,,,,35.099998474121094,,31.400001525878906,fast_plan,11,,,,100.0
Nageia wallichiana,3.26667,113.95,3.0,113.0,11799.0,31.299999237060547,,,,37.900001525878906,,30.799999237060547,fast_plan,11,,,,100.0
Nageia wallichiana,8.216667,98.933333,8.0,98.0,11840.0,34.5,,,,32.79999923706055,,32.70000076293945,fast_plan,11,,,,100.0
Nageia wallichiana,16.00417,108.01611,16.0,108.0,11826.0,41.79999923706055,,,,27.700000762939453,,30.5,fast_plan,11,,,,100.0
Nageia wallichiana,22.883478,79.616202,22.0,79.0,11808.0,15.699999809265137,,,,37.70000076293945,,46.59999942779541,fast_plan,11,,,,100.0
Neesia malayana,-2.1166,103.6278,-3.0,103.0,11853.0,19.299999237060547,,,,47.29999923706055,,33.400001525878906,fast_plan,11,,,,100.0
Neesia malayana,-2.91667,104.75,-3.0,104.0,11855.0,20.5,,,,45.5,,34.0,fast_plan,11,,,,100.0
Neesia malayana,0.5,101.75,0.0,101.0,11856.0,32.5,,,,39.400001525878906,,28.099998474121094,fast_plan,11,,,,100.0
Neesia malayana,-5.505269,104.430406,-6.0,104.0,11857.0,31.799999237060547,,,,37.79999923706055,,30.400001525878906,fast_plan,11,,,,100.0
Neobalanocarpus heimii,4.85,102.06667,4.0,102.0,11864.0,31.100000381469727,,,,38.599998474121094,,30.30000114440918,fast_plan,11,,,,100.0
Neobalanocarpus heimii,1.91667,103.91667,1.0,103.0,11868.0,31.100000381469727,,,,38.599998474121094,,30.30000114440918,fast_plan,11,,,,100.0
Neobalanocarpus heimii,6.61667,101.65,6.0,101.0,11859.0,40.5,,,,25.700000762939453,,33.79999923706055,fast_plan,11,,,,100.0
Neobalanocarpus heimii,5.56667,102.61667,5.0,102.0,11863.0,31.200000762939453,,,,36.70000076293945,,32.099998474121094,fast_plan,11,,,,100.0
Neobalanocarpus heimii,3.2325,101.63139,3.0,101.0,11858.0,34.400001525878906,,,,39.400001525878906,,26.199996948242188,fast_plan,11,,,,100.0
Neobalanocarpus heimii,3.36853,102.05925,3.0,102.0,11865.0,36.70000076293945,,,,34.79999923706055,,28.5,fast_plan,11,,,,100.0
Neobalanocarpus heimii,5.75,100.5833,5.0,100.0,11862.0,39.70000076293945,,,,30.700000762939453,,29.599998474121094,fast_plan,11,,,,100.0
Neobalanocarpus heimii,3.78333,103.3,3.0,103.0,11866.0,21.299999237060547,,,,46.599998474121094,,32.10000228881836,fast_plan,11,,,,100.0
Neobalanocarpus heimii,2.972545,102.299258,2.0,102.0,11867.0,34.29999923706055,,,,38.79999923706055,,26.900001525878906,fast_plan,11,,,,100.0
Neobalanocarpus heimii,5.8,101.8,5.0,101.0,11860.0,31.0,,,,33.599998474121094,,35.400001525878906,fast_plan,11,,,,100.0
Neobalanocarpus heimii,4.38333,100.61667,4.0,100.0,11869.0,28.799999237060547,,,,39.79999923706055,,31.400001525878906,fast_plan,11,,,,100.0
Neocinnamomum caudatum,23.258134,105.822072,23.0,105.0,11875.0,16.899999618530273,,,,38.20000076293945,,44.89999961853027,fast_plan,11,,,,100.0
Neocinnamomum caudatum,21.613427,108.053037,21.0,108.0,11873.0,32.900001525878906,,,,32.5,,34.599998474121094,fast_plan,11,,,,100.0
Neocinnamomum caudatum,24.4,107.05,24.0,107.0,11871.0,21.899999618530273,,,,30.299999237060547,,47.80000114440918,fast_plan,11,,,,100.0
Neocinnamomum caudatum,21.36981,93.91942,21.0,93.0,11886.0,37.599998474121094,,,,29.5,,32.900001525878906,fast_plan,11,,,,100.0
Neocinnamomum caudatum,22.391288,106.817838,22.0,106.0,11885.0,23.600000381469727,,,,31.799999237060547,,44.60000038146973,fast_plan,11,,,,100.0
Neocinnamomum caudatum,18.78333,98.91667,18.0,98.0,11900.0,43.70000076293945,,,,29.899999618530273,,26.399999618530273,fast_plan,11,,,,100.0
Neocinnamomum caudatum,27.4914,98.8297,27.0,98.0,11899.0,36.400001525878906,,,,23.299999237060547,,40.29999923706055,fast_plan,11,,,,100.0
Neocinnamomum caudatum,24.72,97.93,24.0,97.0,11879.0,37.099998474121094,,,,32.599998474121094,,30.300003051757812,fast_plan,11,,,,100.0
Neolamarckia cadamba,21.582206,86.568885,21.0,86.0,11967.0,32.29999923706055,,,,36.20000076293945,,31.5,fast_plan,11,,,,100.0
Neolamarckia cadamba,23.80915,82.62643,23.0,82.0,11951.0,13.899999618530273,,,,39.70000076293945,,46.39999961853027,fast_plan,11,,,,100.0
Neolamarckia cadamba,16.704608,79.717563,16.0,79.0,11963.0,41.70000076293945,,,,28.600000381469727,,29.69999885559082,fast_plan,11,,,,100.0
Neolamarckia cadamba,26.737924,94.201334,26.0,94.0,11940.0,42.20000076293945,,,,28.600000381469727,,29.19999885559082,fast_plan,11,,,,100.0
Neolamarckia cadamba,22.412953,82.651266,22.0,82.0,11952.0,18.299999237060547,,,,46.29999923706055,,35.400001525878906,fast_plan,11,,,,100.0
Neolamarckia cadamba,25.833333,93.716667,25.0,93.0,11939.0,36.20000076293945,,,,28.200000762939453,,35.599998474121094,fast_plan,11,,,,100.0
Neolamarckia cadamba,19.4166,84.5011,19.0,84.0,11948.0,40.79999923706055,,,,30.600000381469727,,28.600000381469727,fast_plan,11,,,,100.0
Neolamarckia cadamba,9.46667,77.53037,9.0,77.0,11962.0,41.20000076293945,,,,29.899999618530273,,28.899999618530273,fast_plan,11,,,,100.0
Neolamarckia cadamba,4.509643,116.428561,4.0,116.0,11965.0,31.399999618530273,,,,36.400001525878906,,32.19999885559082,fast_plan,11,,,,100.0
Neonauclea longipedunculata,0.15592,113.965385,0.0,113.0,11977.0,29.399999618530273,,,True,37.79999923706055,True,32.80000114440918,fast_plan,12,,,,100.0
Neonauclea longipedunculata,4.58333,114.75,4.0,114.0,11975.0,31.799999237060547,,,True,35.900001525878906,True,32.29999923706055,fast_plan,12,,,,100.0
Neonauclea longipedunculata,6.03333,116.68333,6.0,116.0,11972.0,28.299999237060547,,,True,41.900001525878906,True,29.799999237060547,fast_plan,12,,,,100.0
Neonauclea longipedunculata,3.671661,114.6333,3.0,114.0,11974.0,33.70000076293945,,,True,36.099998474121094,True,30.200000762939453,fast_plan,12,,,,100.0
Neonauclea longipedunculata,5.3333,115.6667,5.0,115.0,11979.0,30.600000381469727,,,True,33.900001525878906,True,35.49999809265137,fast_plan,12,,,,100.0
Neonauclea longipedunculata,5.75,118.0,5.0,118.0,11968.0,29.200000762939453,,,True,38.79999923706055,True,32.0,fast_plan,12,,,,100.0
Neonauclea longipedunculata,-0.03333,114.1,-1.0,114.0,11978.0,26.600000381469727,,,True,37.599998474121094,True,35.80000114440918,fast_plan,12,,,,100.0
Neonauclea longipedunculata,4.61667,117.40833,4.0,117.0,11971.0,33.900001525878906,,,True,35.79999923706055,True,30.299999237060547,fast_plan,12,,,,100.0
Neonauclea longipedunculata,4.55,115.13333,4.0,115.0,11973.0,30.299999237060547,,,True,35.599998474121094,True,34.10000228881836,fast_plan,12,,,,100.0
Neonauclea longipedunculata,4.6667,116.4167,4.0,116.0,11969.0,32.20000076293945,,,True,37.79999923706055,True,30.0,fast_plan,12,,,,100.0
Neonauclea longipedunculata,5.83333,117.93333,5.0,117.0,11970.0,30.799999237060547,,,True,37.70000076293945,True,31.5,fast_plan,12,,,,100.0
Neonauclea longipedunculata,5.325,116.49583,5.0,116.0,11976.0,30.399999618530273,,,True,41.29999923706055,True,28.30000114440918,fast_plan,12,,,,100.0
Nephelium lappaceum,12.097082,108.550159,12.0,108.0,12026.0,36.70000076293945,,,True,35.20000076293945,True,28.099998474121094,fast_plan,12,,,,100.0
Nephelium lappaceum,18.5,110.03,18.0,110.0,12005.0,47.5,,,True,23.299999237060547,True,29.200000762939453,fast_plan,12,,,,100.0
Nephelium lappaceum,6.68333,117.05,6.0,117.0,11987.0,29.200000762939453,,,True,40.5,True,30.299999237060547,fast_plan,12,,,,100.0
Nephelium lappaceum,23.17,112.51,23.0,112.0,12022.0,45.20000076293945,,,True,24.200000762939453,True,30.599998474121094,fast_plan,12,,,,100.0
Nephelium lappaceum,-0.0333,115.6333,-1.0,115.0,12002.0,24.700000762939453,,,True,44.20000076293945,True,31.099998474121094,fast_plan,12,,,,100.0
Nephelium lappaceum,3.4689,114.5464,3.0,114.0,11996.0,30.899999618530273,,,True,38.900001525878906,True,30.19999885559082,fast_plan,12,,,,100.0
Nephelium maingayi,1.33333,100.43333,1.0,100.0,12057.0,32.79999923706055,,,True,39.20000076293945,True,28.0,fast_plan,12,,,,100.0
Nephelium maingayi,2.58,96.08,2.0,96.0,12062.0,21.5,,,True,39.5,True,39.0,fast_plan,12,,,,100.0
Nephelium maingayi,4.41667,117.58333,4.0,117.0,12068.0,25.899999618530273,,,True,38.599998474121094,True,35.50000190734863,fast_plan,12,,,,100.0
Nephelium maingayi,5.44167,116.25833,5.0,116.0,12097.0,35.099998474121094,,,True,32.900001525878906,True,32.0,fast_plan,12,,,,100.0
Nephelium maingayi,1.5833,109.75,1.0,109.0,12067.0,35.5,,,True,35.599998474121094,True,28.900001525878906,fast_plan,12,,,,100.0
Nephelium maingayi,5.33,115.67,5.0,115.0,12082.0,29.700000762939453,,,True,33.0,True,37.29999923706055,fast_plan,12,,,,100.0
Nephelium maingayi,2.4,111.56667,2.0,111.0,12050.0,30.899999618530273,,,True,37.400001525878906,True,31.69999885559082,fast_plan,12,,,,100.0
Nephelium maingayi,2.85,115.91667,2.0,115.0,12070.0,29.700000762939453,,,True,37.79999923706055,True,32.5,fast_plan,12,,,,100.0
Nephelium maingayi,-0.56833,102.40033,-1.0,102.0,12093.0,29.700000762939453,,,True,40.29999923706055,True,30.0,fast_plan,12,,,,100.0
Nothopegia castaneifolia,8.546982,77.388388,8.0,77.0,12104.0,34.20000076293945,,,True,31.100000381469727,True,34.69999885559082,fast_plan,12,,,,100.0
Nothopegia castaneifolia,15.72326,73.9821,15.0,73.0,12109.0,35.900001525878906,,,True,33.599998474121094,True,30.5,fast_plan,12,,,,100.0
Nothopegia castaneifolia,10.2667,77.5167,10.0,77.0,12101.0,35.099998474121094,,,True,30.899999618530273,True,34.00000190734863,fast_plan,12,,,,100.0
Nothopegia castaneifolia,10.4778,76.83084,10.0,76.0,12107.0,38.20000076293945,,,True,33.400001525878906,True,28.39999771118164,fast_plan,12,,,,100.0
Nothopegia castaneifolia,14.4778,74.4697,14.0,74.0,12100.0,47.79999923706055,,,True,27.600000381469727,True,24.600000381469727,fast_plan,12,,,,100.0
Nothopegia castaneifolia,15.4417,74.4917,15.0,74.0,12108.0,41.20000076293945,,,True,26.600000381469727,True,32.19999885559082,fast_plan,12,,,,100.0
Nothopegia castaneifolia,14.475,75.1083,14.0,75.0,12102.0,41.099998474121094,,,True,29.399999618530273,True,29.500001907348633,fast_plan,12,,,,100.0
Nothopegia castaneifolia,12.625,75.4583,12.0,75.0,12111.0,50.400001525878906,,,True,28.100000381469727,True,21.499998092651367,fast_plan,12,,,,100.0
Nothopegia castaneifolia,16.56946,73.58942,16.0,73.0,12113.0,35.5,,,True,36.400001525878906,True,28.099998474121094,fast_plan,12,,,,100.0
Nothopegia castaneifolia,11.43911,76.38958,11.0,76.0,12103.0,43.5,,,True,32.0,True,24.5,fast_plan,12,,,,100.0
Nothopegia castaneifolia,12.356004,78.677971,12.0,78.0,12106.0,41.79999923706055,,,True,27.600000381469727,True,30.600000381469727,fast_plan,12,,,,100.0
Nothopegia castaneifolia,17.40493,73.67578,17.0,73.0,12105.0,36.900001525878906,,,True,36.29999923706055,True,26.799999237060547,fast_plan,12,,,,100.0
Nyssa javanica,25.8,110.0,25.0,110.0,12124.0,36.79999923706055,,,True,23.799999237060547,True,39.400001525878906,fast_plan,12,,,,100.0
Nyssa javanica,-7.3333,107.7333,-8.0,107.0,12152.0,34.79999923706055,,,True,29.399999618530273,True,35.80000114440918,fast_plan,12,,,,100.0
Nyssa javanica,18.626309,109.700342,18.0,109.0,12159.0,54.0,,,True,18.5,True,27.5,fast_plan,12,,,,100.0
Nyssa javanica,11.97092,108.13447,11.0,108.0,12162.0,30.899999618530273,,,True,37.20000076293945,True,31.899999618530273,fast_plan,12,,,,100.0
Nyssa javanica,5.96667,116.58333,5.0,116.0,12135.0,32.099998474121094,,,True,39.0,True,28.900001525878906,fast_plan,12,,,,100.0
Nyssa javanica,-6.73809,107.00521,-7.0,107.0,12142.0,30.0,,,True,37.0,True,33.0,fast_plan,12,,,,100.0
Nyssa javanica,17.466667,101.3,17.0,101.0,12120.0,41.900001525878906,,,True,29.899999618530273,True,28.19999885559082,fast_plan,12,,,,100.0
Nyssa javanica,0.0,116.5,0.0,116.0,12154.0,33.29999923706055,,,True,31.399999618530273,True,35.30000114440918,fast_plan,12,,,,100.0
Nyssa javanica,-0.59,101.34,-1.0,101.0,12133.0,29.5,,,True,44.0,True,26.5,fast_plan,12,,,,100.0
Nyssa javanica,21.397689,93.838967,21.0,93.0,12134.0,33.900001525878906,,,True,32.599998474121094,True,33.5,fast_plan,12,,,,100.0
Nyssa sinensis,29.35,110.53,29.0,110.0,12216.0,24.799999237060547,,,True,30.600000381469727,True,44.60000038146973,fast_plan,12,,,,100.0
Nyssa sinensis,22.02,100.8,22.0,100.0,12203.0,30.700000762939453,,,True,41.70000076293945,True,27.599998474121094,fast_plan,12,,,,100.0
Nyssa sinensis,28.17,109.2,28.0,109.0,12223.0,20.399999618530273,,,True,30.899999618530273,True,48.70000076293945,fast_plan,12,,,,100.0
Nyssa sinensis,29.144543,120.976081,29.0,120.0,12185.0,19.100000381469727,,,True,34.20000076293945,True,46.69999885559082,fast_plan,12,,,,100.0
Nyssa sinensis,27.95,107.18,27.0,107.0,12208.0,24.200000762939453,,,True,37.599998474121094,True,38.20000076293945,fast_plan,12,,,,100.0
Nyssa sinensis,25.251896,106.174257,25.0,106.0,12175.0,18.5,,,True,38.70000076293945,True,42.79999923706055,fast_plan,12,,,,100.0
Nyssa sinensis,24.68123,105.334672,24.0,105.0,12213.0,20.0,,,True,36.400001525878906,True,43.599998474121094,fast_plan,12,,,,100.0
Nyssa sinensis,26.445,111.006,26.0,111.0,12226.0,40.29999923706055,,,True,22.200000762939453,True,37.5,fast_plan,12,,,,100.0
Octomeles sumatrana,-0.75,116.63333,-1.0,116.0,12273.0,37.79999923706055,,,True,26.600000381469727,True,35.60000038146973,fast_plan,12,,,,100.0
Octomeles sumatrana,-1.15,122.516667,-2.0,122.0,12279.0,37.29999923706055,,,True,35.400001525878906,True,27.299999237060547,fast_plan,12,,,,100.0
Octomeles sumatrana,4.85,117.61667,4.0,117.0,12270.0,30.799999237060547,,,True,39.20000076293945,True,30.0,fast_plan,12,,,,100.0
Octomeles sumatrana,-4.4,136.866667,-5.0,136.0,12230.0,41.79999923706055,,,True,29.799999237060547,True,28.400001525878906,fast_plan,12,,,,100.0
Octomeles sumatrana,-8.966667,146.95,-9.0,146.0,12281.0,30.600000381469727,,,True,40.70000076293945,True,28.69999885559082,fast_plan,12,,,,100.0
Octomeles sumatrana,-7.5,145.666667,-8.0,145.0,12267.0,30.899999618530273,,,True,34.5,True,34.60000038146973,fast_plan,12,,,,100.0
Octomeles sumatrana,2.30949,128.256,2.0,128.0,12244.0,34.5,,,True,33.29999923706055,True,32.20000076293945,fast_plan,12,,,,100.0
Octomeles sumatrana,1.75,117.5,1.0,117.0,12233.0,35.5,,,True,32.70000076293945,True,31.799999237060547,fast_plan,12,,,,100.0
Octomeles sumatrana,-2.5,140.5,-3.0,140.0,12237.0,31.200000762939453,,,True,33.099998474121094,True,35.70000076293945,fast_plan,12,,,,100.0
Octomeles sumatrana,-7.156913,144.8349,-8.0,144.0,12263.0,37.599998474121094,,,True,34.599998474121094,True,27.800003051757812,fast_plan,12,,,,100.0
Olea dioica,11.480168,76.544333,11.0,76.0,12289.0,35.70000076293945,,,True,30.399999618530273,True,33.89999961853027,fast_plan,12,,,,100.0
Olea dioica,9.751383,76.327073,9.0,76.0,12301.0,37.79999923706055,,,True,35.0,True,27.200000762939453,fast_plan,12,,,,100.0
Olea dioica,18.734961,72.914249,18.0,72.0,12296.0,35.29999923706055,,,True,37.20000076293945,True,27.5,fast_plan,12,,,,100.0
Olea dioica,24.5,91.66667,24.0,91.0,12304.0,40.0,,,True,27.399999618530273,True,32.60000038146973,fast_plan,12,,,,100.0
Olea dioica,13.453972,74.980236,13.0,74.0,12307.0,45.5,,,True,32.0,True,22.5,fast_plan,12,,,,100.0
Olea dioica,8.483917,77.490349,8.0,77.0,12300.0,34.900001525878906,,,True,34.5,True,30.599998474121094,fast_plan,12,,,,100.0
Olea dioica,10.421652,76.744542,10.0,76.0,12290.0,39.5,,,True,30.600000381469727,True,29.899999618530273,fast_plan,12,,,,100.0
Olea dioica,10.43966,77.520647,10.0,77.0,12306.0,45.20000076293945,,,True,29.799999237060547,True,25.0,fast_plan,12,,,,100.0
Olea dioica,16.56946,73.58942,16.0,73.0,12305.0,35.5,,,True,36.400001525878906,True,28.099998474121094,fast_plan,12,,,,100.0
Olea dioica,14.27586,74.7185,14.0,74.0,12293.0,46.400001525878906,,,True,23.100000381469727,True,30.499998092651367,fast_plan,12,,,,100.0
Olea dioica,20.754508,73.496483,20.0,73.0,12312.0,38.70000076293945,,,True,35.29999923706055,True,26.0,fast_plan,12,,,,100.0
Olea dioica,19.281789,73.684219,19.0,73.0,12294.0,27.399999618530273,,,True,42.900001525878906,True,29.69999885559082,fast_plan,12,,,,100.0
Ormosia travancorica,9.847164,76.956964,9.0,76.0,12314.0,37.20000076293945,,,True,32.79999923706055,True,30.0,fast_plan,12,,,,100.0
Ormosia travancorica,10.33338,77.01912,10.0,77.0,12315.0,32.0,,,True,34.0,True,34.0,fast_plan,12,,,,100.0
Ormosia travancorica,8.485616,77.492065,8.0,77.0,12313.0,35.20000076293945,,,True,34.0,True,30.799999237060547,fast_plan,12,,,,100.0
Ormosia travancorica,12.5372,75.6625,12.0,75.0,12317.0,43.0,,,True,37.79999923706055,True,19.200000762939453,fast_plan,12,,,,100.0
Ormosia travancorica,10.4008,76.6522,10.0,76.0,12316.0,39.400001525878906,,,True,34.599998474121094,True,26.0,fast_plan,12,,,,100.0
Ostodes paniculata,29.33,95.33,29.0,95.0,12364.0,51.099998474121094,,,True,19.399999618530273,True,29.500001907348633,fast_plan,12,,,,100.0
Ostodes paniculata,1.6,99.26667,1.0,99.0,12375.0,34.099998474121094,,,True,39.599998474121094,True,26.300003051757812,fast_plan,12,,,,100.0
Ostodes paniculata,22.7,100.86,22.0,100.0,12357.0,31.200000762939453,,,True,35.900001525878906,True,32.89999771118164,fast_plan,12,,,,100.0
Ostodes paniculata,-5.41667,104.7,-6.0,104.0,12348.0,28.399999618530273,,,True,41.900001525878906,True,29.69999885559082,fast_plan,12,,,,100.0
Ostodes paniculata,18.516,98.483,18.0,98.0,12359.0,41.79999923706055,,,True,35.0,True,23.200000762939453,fast_plan,12,,,,100.0
Ostodes paniculata,8.54658,99.73331,8.0,99.0,12324.0,34.099998474121094,,,True,33.29999923706055,True,32.60000228881836,fast_plan,12,,,,100.0
Ostodes paniculata,-7.0274,106.5509,-8.0,106.0,12354.0,24.5,,,True,39.20000076293945,True,36.29999923706055,fast_plan,12,,,,100.0
Palaquium burckii,1.46667,102.13333,1.0,102.0,12380.0,21.0,,,True,41.29999923706055,True,37.70000076293945,fast_plan,12,,,,100.0
Palaquium burckii,1.5,101.5,1.0,101.0,12379.0,35.599998474121094,,,True,32.70000076293945,True,31.700000762939453,fast_plan,12,,,,100.0
Palaquium ellipticum,12.5,75.575,12.0,75.0,12388.0,48.0,,,True,33.400001525878906,True,18.599998474121094,fast_plan,12,,,,100.0
Palaquium ellipticum,11.83664,75.80986,11.0,75.0,12387.0,41.29999923706055,,,True,31.899999618530273,True,26.80000114440918,fast_plan,12,,,,100.0
Palaquium ellipticum,11.875,77.1583,11.0,77.0,12390.0,38.599998474121094,,,True,34.099998474121094,True,27.300003051757812,fast_plan,12,,,,100.0
Palaquium ellipticum,13.50286,75.08631,13.0,75.0,12386.0,42.5,,,True,26.100000381469727,True,31.399999618530273,fast_plan,12,,,,100.0
Palaquium ellipticum,11.43911,76.38958,11.0,76.0,12389.0,43.5,,,True,32.0,True,24.5,fast_plan,12,,,,100.0
Palaquium ellipticum,10.42111,76.70522,10.0,76.0,12385.0,38.29999923706055,,,True,32.900001525878906,True,28.799999237060547,fast_plan,12,,,,100.0
Palaquium ellipticum,8.52208,77.4465,8.0,77.0,12382.0,36.400001525878906,,,True,33.29999923706055,True,30.299999237060547,fast_plan,12,,,,100.0
Palaquium ellipticum,14.27589,74.74642,14.0,74.0,12383.0,45.20000076293945,,,True,24.200000762939453,True,30.599998474121094,fast_plan,12,,,,100.0
Palaquium ellipticum,9.46128,77.16506,9.0,77.0,12381.0,35.0,,,True,33.599998474121094,True,31.400001525878906,fast_plan,12,,,,100.0
Palaquium gutta,-1.61667,101.66667,-2.0,101.0,12401.0,27.700000762939453,,,True,46.20000076293945,True,26.099998474121094,fast_plan,12,,,,100.0
Palaquium gutta,2.034353,113.756705,2.0,113.0,12422.0,32.599998474121094,,,True,38.29999923706055,True,29.10000228881836,fast_plan,12,,,,100.0
Palaquium gutta,4.3,115.31667,4.0,115.0,12403.0,31.700000762939453,,,True,36.400001525878906,True,31.89999771118164,fast_plan,12,,,,100.0
Palaquium gutta,-1.85,102.65,-2.0,102.0,12409.0,29.5,,,True,49.099998474121094,True,21.400001525878906,fast_plan,12,,,,100.0
Palaquium gutta,-2.25,106.0,-3.0,106.0,12398.0,25.5,,,True,40.599998474121094,True,33.900001525878906,fast_plan,12,,,,100.0
Palaquium gutta,2.63333,114.58333,2.0,114.0,12419.0,30.399999618530273,,,True,36.0,True,33.60000038146973,fast_plan,12,,,,100.0
Palaquium gutta,1.687554,98.993356,1.0,98.0,12417.0,33.900001525878906,,,True,40.20000076293945,True,25.89999771118164,fast_plan,12,,,,100.0
Palaquium gutta,-0.47869,116.16939,-1.0,116.0,12418.0,25.5,,,True,44.79999923706055,True,29.700000762939453,fast_plan,12,,,,100.0
Palaquium leiocarpum,3.820367,113.769908,3.0,113.0,12438.0,29.899999618530273,,,True,41.29999923706055,True,28.80000114440918,fast_plan,12,,,,100.0
Palaquium leiocarpum,-1.86667,109.98333,-2.0,109.0,12426.0,20.0,,,True,40.400001525878906,True,39.599998474121094,fast_plan,12,,,,100.0
Palaquium leiocarpum,-2.03333,113.76667,-3.0,113.0,12434.0,26.0,,,True,36.099998474121094,True,37.900001525878906,fast_plan,12,,,,100.0
Palaquium leiocarpum,4.96667,118.16667,4.0,118.0,12437.0,34.29999923706055,,,True,35.29999923706055,True,30.400001525878906,fast_plan,12,,,,100.0
Palaquium leiocarpum,2.63333,114.58333,2.0,114.0,12427.0,30.399999618530273,,,True,36.0,True,33.60000038146973,fast_plan,12,,,,100.0
Palaquium leiocarpum,1.66667,115.0,1.0,115.0,12432.0,33.70000076293945,,,True,35.70000076293945,True,30.599998474121094,fast_plan,12,,,,100.0
Palaquium leiocarpum,3.81667,115.4,3.0,115.0,12425.0,33.79999923706055,,,True,35.20000076293945,True,31.0,fast_plan,12,,,,100.0
Palaquium leiocarpum,3.4,114.15,3.0,114.0,12441.0,35.400001525878906,,,True,37.70000076293945,True,26.89999771118164,fast_plan,12,,,,100.0
Palaquium leiocarpum,-0.58333,114.58333,-1.0,114.0,12440.0,33.400001525878906,,,True,41.400001525878906,True,25.199996948242188,fast_plan,12,,,,100.0
Palaquium leiocarpum,0.43,116.68,0.0,116.0,12435.0,33.900001525878906,,,True,33.599998474121094,True,32.5,fast_plan,12,,,,100.0
Palaquium leiocarpum,-1.666667,114.516667,-2.0,114.0,12436.0,26.0,,,True,39.5,True,34.5,fast_plan,12,,,,100.0
Palaquium sumatranum,6.08333,116.55,6.0,116.0,12449.0,38.900001525878906,,,True,30.299999237060547,True,30.799999237060547,fast_plan,12,,,,100.0
Palaquium sumatranum,1.4,110.3,1.0,110.0,12443.0,24.899999618530273,,,True,40.70000076293945,True,34.39999961853027,fast_plan,12,,,,100.0
Palaquium sumatranum,1.75,117.5,1.0,117.0,12448.0,35.5,,,True,32.70000076293945,True,31.799999237060547,fast_plan,12,,,,100.0
Palaquium sumatranum,7.60275,99.37169,7.0,99.0,12447.0,37.29999923706055,,,True,26.299999237060547,True,36.400001525878906,fast_plan,12,,,,100.0
Palaquium sumatranum,4.08333,117.66667,4.0,117.0,12451.0,30.299999237060547,,,True,38.29999923706055,True,31.400001525878906,fast_plan,12,,,,100.0
Palaquium sumatranum,-2.18333,101.63333,-3.0,101.0,12452.0,27.200000762939453,,,True,44.599998474121094,True,28.200000762939453,fast_plan,12,,,,100.0
Palaquium sumatranum,0.59102,113.13373,0.0,113.0,12444.0,29.299999237060547,,,True,34.5,True,36.20000076293945,fast_plan,12,,,,100.0
Palaquium sumatranum,-2.23,103.32,-3.0,103.0,12446.0,28.200000762939453,,,True,41.400001525878906,True,30.39999771118164,fast_plan,12,,,,100.0
Palaquium sumatranum,-0.9,101.5,-1.0,101.0,12454.0,26.700000762939453,,,True,46.099998474121094,True,27.200000762939453,fast_plan,12,,,,100.0
Palaquium sumatranum,5.63333,117.2,5.0,117.0,12450.0,27.200000762939453,,,True,39.5,True,33.29999923706055,fast_plan,12,,,,100.0
Pangium edule,-8.75,148.25,-9.0,148.0,12507.0,34.099998474121094,,,True,37.29999923706055,True,28.60000228881836,fast_plan,12,,,,100.0
Pangium edule,-16.229005,167.421503,-17.0,167.0,12485.0,34.20000076293945,,,True,38.70000076293945,True,27.099998474121094,fast_plan,12,,,,100.0
Pangium edule,-2.1,133.71667,-3.0,133.0,12490.0,29.100000381469727,,,True,39.900001525878906,True,30.999998092651367,fast_plan,12,,,,100.0
Pangium edule,-1.98538,133.6322,-2.0,133.0,12493.0,30.299999237060547,,,True,37.5,True,32.20000076293945,fast_plan,12,,,,100.0
Pangium edule,-5.5,151.583333,-6.0,151.0,12515.0,31.899999618530273,,,True,33.900001525878906,True,34.19999885559082,fast_plan,12,,,,100.0
Pangium edule,5.3208,163.0042,5.0,163.0,12471.0,30.799999237060547,,,True,38.5,True,30.700000762939453,fast_plan,12,,,,100.0
Pangium edule,-1.15,132.48333,-2.0,132.0,12487.0,42.79999923706055,,,True,32.599998474121094,True,24.60000228881836,fast_plan,12,,,,100.0
Pangium edule,-2.71059,115.62582,-3.0,115.0,12480.0,24.899999618530273,,,True,42.400001525878906,True,32.69999885559082,fast_plan,12,,,,100.0
Pangium edule,-18.879494,169.150063,-19.0,169.0,12466.0,29.100000381469727,,,True,39.099998474121094,True,31.80000114440918,fast_plan,12,,,,100.0
Pangium edule,-6.96139,107.34278,-7.0,107.0,12469.0,27.799999237060547,,,True,33.70000076293945,True,38.5,fast_plan,12,,,,100.0
Parashorea densiflora,2.75,102.16667,2.0,102.0,12519.0,39.900001525878906,,,True,34.599998474121094,True,25.5,fast_plan,12,,,,100.0
Parashorea densiflora,17.25,103.96667,17.0,103.0,12520.0,43.900001525878906,,,True,23.5,True,32.599998474121094,fast_plan,12,,,,100.0
Parashorea densiflora,3.0,102.33333,3.0,102.0,12521.0,31.5,,,True,40.29999923706055,True,28.200000762939453,fast_plan,12,,,,100.0
Parashorea densiflora,3.23,101.63,3.0,101.0,12518.0,34.70000076293945,,,True,39.20000076293945,True,26.099998474121094,fast_plan,12,,,,100.0
Parashorea macrophylla,1.83,113.67,1.0,113.0,12529.0,30.600000381469727,,,True,39.099998474121094,True,30.30000114440918,fast_plan,12,,,,100.0
Parashorea macrophylla,4.543206,114.6431,4.0,114.0,12522.0,30.100000381469727,,,True,39.900001525878906,True,29.999998092651367,fast_plan,12,,,,100.0
Parashorea macrophylla,3.23333,114.45,3.0,114.0,12525.0,35.29999923706055,,,True,36.599998474121094,True,28.10000228881836,fast_plan,12,,,,100.0
Parashorea macrophylla,4.08333,117.66667,4.0,117.0,12526.0,30.299999237060547,,,True,38.29999923706055,True,31.400001525878906,fast_plan,12,,,,100.0
Parashorea macrophylla,2.438889,112.660555,2.0,112.0,12523.0,31.5,,,True,34.29999923706055,True,34.20000076293945,fast_plan,12,,,,100.0
Parashorea macrophylla,3.16667,113.7,3.0,113.0,12528.0,34.29999923706055,,,True,32.70000076293945,True,33.0,fast_plan,12,,,,100.0
Parashorea macrophylla,4.5,115.16667,4.0,115.0,12527.0,29.0,,,True,37.5,True,33.5,fast_plan,12,,,,100.0
Parashorea macrophylla,2.51667,113.1,2.0,113.0,12524.0,29.600000381469727,,,True,38.099998474121094,True,32.30000114440918,fast_plan,12,,,,100.0
Parashorea malaanonan,3.3,117.63333,3.0,117.0,12553.0,25.899999618530273,,,True,37.599998474121094,True,36.50000190734863,fast_plan,12,,,,100.0
Parashorea malaanonan,4.543206,114.6431,4.0,114.0,12540.0,30.100000381469727,,,True,39.900001525878906,True,29.999998092651367,fast_plan,12,,,,100.0
Parashorea malaanonan,12.244688,125.038563,12.0,125.0,12565.0,33.79999923706055,,,True,34.20000076293945,True,32.0,fast_plan,12,,,,100.0
Parashorea malaanonan,11.531986,122.189129,11.0,122.0,12557.0,31.5,,,True,31.600000381469727,True,36.89999961853027,fast_plan,12,,,,100.0
Parashorea malaanonan,13.073631,121.266099,13.0,121.0,12559.0,28.700000762939453,,,True,37.29999923706055,True,34.0,fast_plan,12,,,,100.0
Parashorea malaanonan,16.478576,121.261956,16.0,121.0,12563.0,35.79999923706055,,,True,30.299999237060547,True,33.900001525878906,fast_plan,12,,,,100.0
Parashorea malaanonan,1.75,117.5,1.0,117.0,12558.0,35.5,,,True,32.70000076293945,True,31.799999237060547,fast_plan,12,,,,100.0
Parashorea malaanonan,11.41615,125.232125,11.0,125.0,12561.0,35.400001525878906,,,True,35.400001525878906,True,29.199996948242188,fast_plan,12,,,,100.0
Parashorea malaanonan,13.745788,124.342152,13.0,124.0,12551.0,34.79999923706055,,,True,36.099998474121094,True,29.10000228881836,fast_plan,12,,,,100.0
Parashorea malaanonan,4.41667,117.48333,4.0,117.0,12533.0,30.799999237060547,,,True,34.099998474121094,True,35.10000228881836,fast_plan,12,,,,100.0
Parashorea smythiesii,1.65,113.63333,1.0,113.0,12570.0,25.200000762939453,,,True,43.79999923706055,True,31.0,fast_plan,12,,,,100.0
Parashorea smythiesii,2.9,117.1,2.0,117.0,12573.0,30.0,,,True,38.29999923706055,True,31.700000762939453,fast_plan,12,,,,100.0
Parashorea smythiesii,1.58333,114.53333,1.0,114.0,12574.0,30.899999618530273,,,True,39.29999923706055,True,29.80000114440918,fast_plan,12,,,,100.0
Parashorea smythiesii,4.5,115.16667,4.0,115.0,12568.0,29.0,,,True,37.5,True,33.5,fast_plan,12,,,,100.0
Parashorea smythiesii,5.4,115.75,5.0,115.0,12575.0,31.299999237060547,,,True,36.099998474121094,True,32.60000228881836,fast_plan,12,,,,100.0
Parashorea smythiesii,4.533771,114.725944,4.0,114.0,12572.0,34.29999923706055,,,True,34.099998474121094,True,31.60000228881836,fast_plan,12,,,,100.0
Parashorea smythiesii,3.36667,113.56667,3.0,113.0,12566.0,34.79999923706055,,,True,34.900001525878906,True,30.299999237060547,fast_plan,12,,,,100.0
Parashorea smythiesii,2.45,113.91667,2.0,113.0,12569.0,32.599998474121094,,,True,38.79999923706055,True,28.60000228881836,fast_plan,12,,,,100.0
Parashorea smythiesii,4.41667,117.48333,4.0,117.0,12571.0,30.799999237060547,,,True,34.099998474121094,True,35.10000228881836,fast_plan,12,,,,100.0
Parashorea stellata,9.147953,99.770584,9.0,99.0,12587.0,41.099998474121094,,,True,25.799999237060547,True,33.10000228881836,fast_plan,12,,,,100.0
Parashorea stellata,16.616667,104.833333,16.0,104.0,12581.0,52.79999923706055,,,True,17.399999618530273,True,29.80000114440918,fast_plan,12,,,,100.0
Parashorea stellata,15.33333,98.5,15.0,98.0,12578.0,37.20000076293945,,,True,29.799999237060547,True,33.0,fast_plan,12,,,,100.0
Parashorea stellata,7.60275,99.37169,7.0,99.0,12582.0,37.29999923706055,,,True,26.299999237060547,True,36.400001525878906,fast_plan,12,,,,100.0
Parashorea stellata,10.663712,98.836929,10.0,98.0,12576.0,41.70000076293945,,,True,27.299999237060547,True,31.0,fast_plan,12,,,,100.0
Parashorea stellata,17.84003,105.35723,17.0,105.0,12577.0,35.79999923706055,,,True,33.79999923706055,True,30.400001525878906,fast_plan,12,,,,100.0
Parashorea stellata,5.76686,101.497587,5.0,101.0,12580.0,34.79999923706055,,,True,35.5,True,29.700000762939453,fast_plan,12,,,,100.0
Parashorea stellata,10.957648,99.157112,10.0,99.0,12588.0,42.099998474121094,,,True,28.200000762939453,True,29.700000762939453,fast_plan,12,,,,100.0
Parashorea stellata,8.41667,98.5,8.0,98.0,12585.0,46.29999923706055,,,True,22.700000762939453,True,31.0,fast_plan,12,,,,100.0
Parashorea stellata,12.83333,99.36667,12.0,99.0,12591.0,40.099998474121094,,,True,28.100000381469727,True,31.80000114440918,fast_plan,12,,,,100.0
Parashorea stellata,16.204853,107.846775,16.0,107.0,12586.0,42.29999923706055,,,True,28.5,True,29.200000762939453,fast_plan,12,,,,100.0
Parashorea tomentella,6.88333,117.21667,6.0,117.0,12594.0,35.5,,,True,37.5,True,27.0,fast_plan,12,,,,100.0
Parashorea tomentella,1.33,110.17,1.0,110.0,12597.0,22.700000762939453,,,True,45.29999923706055,True,32.0,fast_plan,12,,,,100.0
Parashorea tomentella,6.51667,116.56667,6.0,116.0,12596.0,33.900001525878906,,,True,40.20000076293945,True,25.89999771118164,fast_plan,12,,,,100.0
Parashorea tomentella,4.543206,114.6431,4.0,114.0,12598.0,30.100000381469727,,,True,39.900001525878906,True,29.999998092651367,fast_plan,12,,,,100.0
Parashorea tomentella,0.5,117.0,0.0,117.0,12593.0,35.20000076293945,,,True,31.299999237060547,True,33.5,fast_plan,12,,,,100.0
Parashorea tomentella,5.48333,118.56667,5.0,118.0,12592.0,29.0,,,True,40.099998474121094,True,30.900001525878906,fast_plan,12,,,,100.0
Parashorea tomentella,4.41667,117.48333,4.0,117.0,12599.0,30.799999237060547,,,True,34.099998474121094,True,35.10000228881836,fast_plan,12,,,,100.0
Parashorea tomentella,1.75,117.5,1.0,117.0,12600.0,35.5,,,True,32.70000076293945,True,31.799999237060547,fast_plan,12,,,,100.0
Parashorea tomentella,2.0,117.0,2.0,117.0,12595.0,27.0,,,True,42.29999923706055,True,30.700000762939453,fast_plan,12,,,,100.0
Parashorea tomentella,5.25,116.25,5.0,116.0,12603.0,32.5,,,True,35.400001525878906,True,32.099998474121094,fast_plan,12,,,,100.0
Parashorea tomentella,4.7125,116.45833,4.0,116.0,12602.0,29.399999618530273,,,True,37.29999923706055,True,33.30000114440918,fast_plan,12,,,,100.0
Parashorea tomentella,5.32008,117.43419,5.0,117.0,12601.0,32.79999923706055,,,True,39.70000076293945,True,27.5,fast_plan,12,,,,100.0
Parkia speciosa,4.79,100.75,4.0,100.0,12609.0,29.600000381469727,,,True,47.0,True,23.399999618530273,fast_plan,12,,,,100.0
Parkia speciosa,9.52861,118.48546,9.0,118.0,12637.0,33.79999923706055,,,True,38.29999923706055,True,27.900001525878906,fast_plan,12,,,,100.0
Parkia speciosa,4.5,114.66667,4.0,114.0,12606.0,32.5,,,True,33.099998474121094,True,34.400001525878906,fast_plan,12,,,,100.0
Parkia speciosa,2.91667,114.66667,2.0,114.0,12654.0,27.600000381469727,,,True,39.79999923706055,True,32.60000038146973,fast_plan,12,,,,100.0
Parkia speciosa,9.283,98.433,9.0,98.0,12650.0,39.29999923706055,,,True,31.600000381469727,True,29.100000381469727,fast_plan,12,,,,100.0
Parkia speciosa,-0.55,102.0,-1.0,102.0,12618.0,28.899999618530273,,,True,43.599998474121094,True,27.500001907348633,fast_plan,12,,,,100.0
Parkia speciosa,7.216522,100.569527,7.0,100.0,12651.0,21.0,,,True,41.0,True,38.0,fast_plan,12,,,,100.0
Parkia speciosa,-7.6655,110.4619,-8.0,110.0,12608.0,33.0,,,True,33.79999923706055,True,33.20000076293945,fast_plan,12,,,,100.0
Parkia speciosa,-2.95,103.33333,-3.0,103.0,12627.0,29.5,,,True,42.5,True,28.0,fast_plan,12,,,,100.0
Parkia speciosa,6.083333,101.083333,6.0,101.0,12662.0,36.0,,,True,33.599998474121094,True,30.400001525878906,fast_plan,12,,,,100.0
Parkia speciosa,0.285296,102.180253,0.0,102.0,12607.0,32.5,,,True,35.70000076293945,True,31.799999237060547,fast_plan,12,,,,100.0
Parkia timoriana,0.13333,110.33333,0.0,110.0,12681.0,27.0,,,True,48.29999923706055,True,24.700000762939453,fast_plan,12,,,,100.0
Parkia timoriana,3.75,115.45,3.0,115.0,12669.0,32.70000076293945,,,True,35.599998474121094,True,31.700000762939453,fast_plan,12,,,,100.0
Parkia timoriana,23.737688,92.662863,23.0,92.0,12673.0,30.299999237060547,,,True,31.100000381469727,True,38.60000038146973,fast_plan,12,,,,100.0
Parkia timoriana,-7.16667,110.61667,-8.0,110.0,12688.0,28.799999237060547,,,True,35.599998474121094,True,35.60000228881836,fast_plan,12,,,,100.0
Parkia timoriana,-6.5991,106.8019,-7.0,106.0,12685.0,13.5,,,True,47.900001525878906,True,38.599998474121094,fast_plan,12,,,,100.0
Parkia timoriana,-1.43333,115.98333,-2.0,115.0,12680.0,32.29999923706055,,,True,36.900001525878906,True,30.799999237060547,fast_plan,12,,,,100.0
Parkia timoriana,1.56667,113.95,1.0,113.0,12678.0,31.200000762939453,,,True,38.099998474121094,True,30.700000762939453,fast_plan,12,,,,100.0
Parkia timoriana,5.0375,118.29583,5.0,118.0,12665.0,31.0,,,True,39.0,True,30.0,fast_plan,12,,,,100.0
Parkia timoriana,5.61667,116.31667,5.0,116.0,12689.0,31.700000762939453,,,True,41.099998474121094,True,27.200000762939453,fast_plan,12,,,,100.0
Parkia timoriana,-1.0,117.0,-1.0,117.0,12687.0,36.099998474121094,,,True,26.5,True,37.400001525878906,fast_plan,12,,,,100.0
Parkia timoriana,-6.73809,107.00521,-7.0,107.0,12684.0,30.0,,,True,37.0,True,33.0,fast_plan,12,,,,100.0
Pentace adenophora,-0.75,116.63333,-1.0,116.0,12693.0,37.79999923706055,,,True,26.600000381469727,True,35.60000038146973,fast_plan,13,,,,100.0
Pentace adenophora,4.35,114.633333,4.0,114.0,12696.0,32.0,,,True,34.29999923706055,True,33.70000076293945,fast_plan,13,,,,100.0
Pentace adenophora,1.035591,118.065287,1.0,118.0,12700.0,30.0,,,True,38.0,True,32.0,fast_plan,13,,,,100.0
Pentace adenophora,0.0,116.5,0.0,116.0,12694.0,33.29999923706055,,,True,31.399999618530273,True,35.30000114440918,fast_plan,13,,,,100.0
Pentace adenophora,1.21667,117.78333,1.0,117.0,12699.0,31.799999237060547,,,True,34.20000076293945,True,34.0,fast_plan,13,,,,100.0
Pentace adenophora,4.2,113.98333,4.0,113.0,12697.0,30.5,,,True,38.79999923706055,True,30.700000762939453,fast_plan,13,,,,100.0
Pentace adenophora,5.68333,117.65,5.0,117.0,12695.0,27.700000762939453,,,True,41.099998474121094,True,31.200000762939453,fast_plan,13,,,,100.0
Pentace laxiflora,5.3333,115.6667,5.0,115.0,12714.0,30.600000381469727,,,True,33.900001525878906,True,35.49999809265137,fast_plan,13,,,,100.0
Pentace laxiflora,3.333333,113.416667,3.0,113.0,12708.0,31.700000762939453,,,True,32.70000076293945,True,35.599998474121094,fast_plan,13,,,,100.0
Pentace laxiflora,1.01667,112.71667,1.0,112.0,12711.0,33.400001525878906,,,True,35.70000076293945,True,30.89999771118164,fast_plan,13,,,,100.0
Pentace laxiflora,5.46673,118.34481,5.0,118.0,12720.0,27.899999618530273,,,True,38.900001525878906,True,33.19999885559082,fast_plan,13,,,,100.0
Pentace laxiflora,4.53333,114.45,4.0,114.0,12710.0,30.899999618530273,,,True,36.79999923706055,True,32.30000114440918,fast_plan,13,,,,100.0
Pentace laxiflora,5.33221,117.44369,5.0,117.0,12705.0,31.5,,,True,41.0,True,27.5,fast_plan,13,,,,100.0
Pentace laxiflora,0.967419,114.562595,0.0,114.0,12716.0,32.5,,,True,35.5,True,32.0,fast_plan,13,,,,100.0
Pentace laxiflora,4.45833,117.57917,4.0,117.0,12713.0,26.299999237060547,,,True,38.599998474121094,True,35.10000228881836,fast_plan,13,,,,100.0
Pentace laxiflora,6.56667,116.58333,6.0,116.0,12701.0,31.299999237060547,,,True,39.900001525878906,True,28.799999237060547,fast_plan,13,,,,100.0
Pentace laxiflora,2.1,117.31667,2.0,117.0,12723.0,29.799999237060547,,,True,36.599998474121094,True,33.60000228881836,fast_plan,13,,,,100.0
Pentaspadon motleyi,-7.5,144.5,-8.0,144.0,12738.0,39.099998474121094,,,True,30.299999237060547,True,30.60000228881836,fast_plan,13,,,,100.0
Pentaspadon motleyi,-0.78,117.2,-1.0,117.0,12734.0,26.0,,,True,33.20000076293945,True,40.79999923706055,fast_plan,13,,,,100.0
Pentaspadon motleyi,-1.83333,115.66667,-2.0,115.0,12743.0,27.5,,,True,38.400001525878906,True,34.099998474121094,fast_plan,13,,,,100.0
Pentaspadon motleyi,1.281591,103.79307,1.0,103.0,12744.0,35.29999923706055,,,True,41.400001525878906,True,23.299999237060547,fast_plan,13,,,,100.0
Pentaspadon motleyi,2.6,102.95,2.0,102.0,12765.0,29.799999237060547,,,True,38.20000076293945,True,32.0,fast_plan,13,,,,100.0
Pentaspadon motleyi,0.7,110.66667,0.0,110.0,12781.0,26.100000381469727,,,True,42.0,True,31.899999618530273,fast_plan,13,,,,100.0
Pentaspadon motleyi,-3.75,103.75,-4.0,103.0,12741.0,24.100000381469727,,,True,44.70000076293945,True,31.19999885559082,fast_plan,13,,,,100.0
Pentaspadon motleyi,1.5,111.6,1.0,111.0,12769.0,30.899999618530273,,,True,33.79999923706055,True,35.30000114440918,fast_plan,13,,,,100.0
Pentaspadon motleyi,0.83333,117.58333,0.0,117.0,12755.0,31.700000762939453,,,True,28.600000381469727,True,39.69999885559082,fast_plan,13,,,,100.0
Pericopsis mooniana,-0.9576,135.9462,-1.0,135.0,12793.0,34.20000076293945,,,True,38.599998474121094,True,27.200000762939453,fast_plan,13,,,,100.0
Pericopsis mooniana,-1.25713,130.83813,-2.0,130.0,12799.0,45.5,,,True,23.399999618530273,True,31.100000381469727,fast_plan,13,,,,100.0
Pericopsis mooniana,-6.666667,147.0,-7.0,147.0,12796.0,30.600000381469727,,,True,36.900001525878906,True,32.49999809265137,fast_plan,13,,,,100.0
Pericopsis mooniana,4.5,114.66667,4.0,114.0,12801.0,32.5,,,True,33.099998474121094,True,34.400001525878906,fast_plan,13,,,,100.0
Pericopsis mooniana,6.01667,116.03333,6.0,116.0,12786.0,32.599998474121094,,,True,40.20000076293945,True,27.200000762939453,fast_plan,13,,,,100.0
Pericopsis mooniana,-3.368254,115.094636,-4.0,115.0,12797.0,27.700000762939453,,,True,33.29999923706055,True,39.0,fast_plan,13,,,,100.0
Pericopsis mooniana,-8.84,143.26,-9.0,143.0,12794.0,37.099998474121094,,,True,36.70000076293945,True,26.200000762939453,fast_plan,13,,,,100.0
Pericopsis mooniana,-7.41667,144.76667,-8.0,144.0,12795.0,34.400001525878906,,,True,31.200000762939453,True,34.39999771118164,fast_plan,13,,,,100.0
Peronema canescens,-0.15784,116.71958,-1.0,116.0,12826.0,31.700000762939453,,,True,34.400001525878906,True,33.89999771118164,fast_plan,13,,,,100.0
Peronema canescens,-2.02,102.75,-3.0,102.0,12825.0,30.299999237060547,,,True,45.79999923706055,True,23.900001525878906,fast_plan,13,,,,100.0
Peronema canescens,4.05,101.366667,4.0,101.0,12811.0,37.70000076293945,,,True,43.20000076293945,True,19.099998474121094,fast_plan,13,,,,100.0
Peronema canescens,3.916667,98.083333,3.0,98.0,12829.0,40.0,,,True,32.70000076293945,True,27.299999237060547,fast_plan,13,,,,100.0
Peronema canescens,2.833334,101.416667,2.0,101.0,12831.0,34.20000076293945,,,True,32.5,True,33.29999923706055,fast_plan,13,,,,100.0
Peronema canescens,1.450387,103.780209,1.0,103.0,12821.0,29.0,,,True,40.29999923706055,True,30.700000762939453,fast_plan,13,,,,100.0
Peronema canescens,-0.45,100.58,-1.0,100.0,12817.0,31.700000762939453,,,True,36.79999923706055,True,31.5,fast_plan,13,,,,100.0
Peronema canescens,0.047342,110.088813,0.0,110.0,12830.0,25.399999618530273,,,True,47.70000076293945,True,26.899999618530273,fast_plan,13,,,,100.0
Peronema canescens,9.28333,98.43333,9.0,98.0,12824.0,38.29999923706055,,,True,31.700000762939453,True,30.0,fast_plan,13,,,,100.0
Persea americana,9.43282,-83.658923,9.0,-84.0,12843.0,37.099998474121094,,,True,33.20000076293945,True,29.700000762939453,fast_plan,13,,,,100.0
Persea americana,12.18333,-84.26666,12.0,-85.0,12879.0,32.29999923706055,,,True,31.399999618530273,True,36.30000114440918,fast_plan,13,,,,100.0
Persea americana,21.22,-98.43,21.0,-99.0,12892.0,33.5,,,True,37.5,True,29.0,fast_plan,13,,,,100.0
Persea americana,19.35,-96.55,19.0,-97.0,12833.0,42.79999923706055,,,True,27.100000381469727,True,30.100000381469727,fast_plan,13,,,,100.0
Persea americana,13.43333,-86.56666,13.0,-87.0,12861.0,29.5,,,True,38.79999923706055,True,31.700000762939453,fast_plan,13,,,,100.0
Persea americana,20.743868,-102.703552,20.0,-103.0,12871.0,41.20000076293945,,,True,31.600000381469727,True,27.19999885559082,fast_plan,13,,,,100.0
Persea americana,18.601273,-101.321766,18.0,-102.0,12838.0,56.79999923706055,,,True,20.700000762939453,True,22.5,fast_plan,13,,,,100.0
Persea americana,20.163122,-96.724982,20.0,-97.0,12835.0,44.0,,,True,29.700000762939453,True,26.299999237060547,fast_plan,13,,,,100.0
Persea americana,20.457451,-87.393236,20.0,-88.0,12858.0,47.400001525878906,,,True,29.700000762939453,True,22.89999771118164,fast_plan,13,,,,100.0
Persea macrantha,26.75,87.833333,26.0,87.0,12912.0,37.79999923706055,,,True,23.200000762939453,True,39.0,fast_plan,13,,,,100.0
Persea macrantha,24.6583,91.7194,24.0,91.0,12910.0,47.599998474121094,,,True,25.700000762939453,True,26.700000762939453,fast_plan,13,,,,100.0
Persea macrantha,11.83783,75.81169,11.0,75.0,12906.0,41.0,,,True,32.79999923706055,True,26.200000762939453,fast_plan,13,,,,100.0
Persea macrantha,8.52208,77.4465,8.0,77.0,12897.0,36.400001525878906,,,True,33.29999923706055,True,30.299999237060547,fast_plan,13,,,,100.0
Persea macrantha,19.406062,73.812077,19.0,73.0,12914.0,25.700000762939453,,,True,41.79999923706055,True,32.5,fast_plan,13,,,,100.0
Persea macrantha,9.57647,77.33016,9.0,77.0,12902.0,33.400001525878906,,,True,37.70000076293945,True,28.89999771118164,fast_plan,13,,,,100.0
Persea macrantha,19.5,75.0,19.0,75.0,12893.0,27.299999237060547,,,True,46.099998474121094,True,26.60000228881836,fast_plan,13,,,,100.0
Persea macrantha,7.87305,80.7718,7.0,80.0,12903.0,41.20000076293945,,,True,34.29999923706055,True,24.5,fast_plan,13,,,,100.0
Persea macrantha,19.441326,72.925678,19.0,72.0,12913.0,33.5,,,True,39.20000076293945,True,27.299999237060547,fast_plan,13,,,,100.0
Persea macrantha,14.27586,74.7185,14.0,74.0,12900.0,46.400001525878906,,,True,23.100000381469727,True,30.499998092651367,fast_plan,13,,,,100.0
Persea macrantha,18.57321,73.34965,18.0,73.0,12898.0,31.5,,,True,42.20000076293945,True,26.299999237060547,fast_plan,13,,,,100.0
Persea macrantha,28.253008,83.938548,28.0,83.0,12899.0,35.20000076293945,,,True,25.0,True,39.79999923706055,fast_plan,13,,,,100.0
Persea membranacea,3.927237,-74.507004,3.0,-75.0,12951.0,34.70000076293945,,,True,32.599998474121094,True,32.70000076293945,fast_plan,13,,,,100.0
Persea membranacea,6.53,-76.32,6.0,-77.0,12965.0,31.600000381469727,,,True,33.5,True,34.89999961853027,fast_plan,13,,,,100.0
Persea membranacea,8.41,-80.260278,8.0,-81.0,12973.0,27.399999618530273,,,True,39.29999923706055,True,33.30000114440918,fast_plan,13,,,,100.0
Persea membranacea,15.9025,-91.191111,15.0,-92.0,12923.0,34.79999923706055,,,True,37.20000076293945,True,28.0,fast_plan,13,,,,100.0
Persea membranacea,10.23333,-66.41666,10.0,-67.0,12963.0,41.599998474121094,,,True,25.799999237060547,True,32.60000228881836,fast_plan,13,,,,100.0
Persea membranacea,-5.66666,-77.66666,-6.0,-78.0,12939.0,39.20000076293945,,,True,32.400001525878906,True,28.39999771118164,fast_plan,13,,,,100.0
Persea membranacea,-18.0,-44.0,-18.0,-44.0,12967.0,27.899999618530273,,,True,36.70000076293945,True,35.39999961853027,fast_plan,13,,,,100.0
Persea membranacea,22.75112,-83.136095,22.0,-84.0,12941.0,25.799999237060547,,,True,40.599998474121094,True,33.60000228881836,fast_plan,13,,,,100.0
Persea membranacea,16.923044,-92.994683,16.0,-93.0,12960.0,45.400001525878906,,,True,29.799999237060547,True,24.799999237060547,fast_plan,13,,,,100.0
Persea membranacea,1.25,-78.666667,1.0,-79.0,12946.0,38.400001525878906,,,True,27.299999237060547,True,34.29999923706055,fast_plan,13,,,,100.0
Persea membranacea,-1.65,-79.333333,-2.0,-80.0,12935.0,29.399999618530273,,,True,28.100000381469727,True,42.5,fast_plan,13,,,,100.0
Persea membranacea,18.55,-95.1,18.0,-96.0,12959.0,45.20000076293945,,,True,26.200000762939453,True,28.599998474121094,fast_plan,13,,,,100.0
Petersianthus quadrialatus,9.515,125.697,9.0,125.0,12976.0,35.900001525878906,,,True,34.5,True,29.599998474121094,fast_plan,13,,,,100.0
Petersianthus quadrialatus,12.32667,123.61667,12.0,123.0,12975.0,30.799999237060547,,,True,34.20000076293945,True,35.0,fast_plan,13,,,,100.0
Petersianthus quadrialatus,10.3,125.58333,10.0,125.0,12977.0,30.0,,,True,39.5,True,30.5,fast_plan,13,,,,100.0
Petersianthus quadrialatus,8.946,125.532,8.0,125.0,12978.0,23.899999618530273,,,True,45.5,True,30.600000381469727,fast_plan,13,,,,100.0
Petersianthus quadrialatus,12.31337,124.68916,12.0,124.0,12979.0,30.700000762939453,,,True,33.900001525878906,True,35.39999771118164,fast_plan,13,,,,100.0
Phoebe cathia,20.251333,105.713833,20.0,105.0,13000.0,28.299999237060547,,,True,33.0,True,38.70000076293945,fast_plan,13,,,,100.0
Phoebe cathia,10.358025,76.890285,10.0,76.0,12992.0,37.79999923706055,,,True,30.700000762939453,True,31.5,fast_plan,13,,,,100.0
Phoebe cathia,20.3,99.65,20.0,99.0,12995.0,32.70000076293945,,,True,32.29999923706055,True,35.0,fast_plan,13,,,,100.0
Phoebe cathia,16.333333,101.75,16.0,101.0,12988.0,37.599998474121094,,,True,30.0,True,32.400001525878906,fast_plan,13,,,,100.0
Phoebe cathia,19.43333,99.56667,19.0,99.0,12984.0,41.400001525878906,,,True,30.200000762939453,True,28.39999771118164,fast_plan,13,,,,100.0
Phoebe cathia,14.67139,107.61667,14.0,107.0,12982.0,35.29999923706055,,,True,29.700000762939453,True,35.0,fast_plan,13,,,,100.0
Phoebe cathia,17.5,98.41667,17.0,98.0,12987.0,48.29999923706055,,,True,26.899999618530273,True,24.80000114440918,fast_plan,13,,,,100.0
Phoebe cathia,11.3208,78.3589,11.0,78.0,12997.0,39.29999923706055,,,True,31.0,True,29.700000762939453,fast_plan,13,,,,100.0
Phoebe cathia,19.533,98.216,19.0,98.0,12985.0,50.5,,,True,24.899999618530273,True,24.600000381469727,fast_plan,13,,,,100.0
Phoebe cathia,18.52451,98.51555,18.0,98.0,12983.0,42.0,,,True,34.599998474121094,True,23.400001525878906,fast_plan,13,,,,100.0
Phoebe cathia,28.15,85.416667,28.0,85.0,12986.0,47.70000076293945,,,True,15.800000190734863,True,36.499999046325684,fast_plan,13,,,,100.0
Phoebe cathia,14.43333,101.36667,14.0,101.0,13002.0,27.799999237060547,,,True,41.29999923706055,True,30.900001525878906,fast_plan,13,,,,100.0
Phyllanthus emblica,28.80453,78.165375,28.0,78.0,13041.0,42.400001525878906,,,True,21.299999237060547,True,36.29999923706055,fast_plan,13,,,,100.0
Phyllanthus emblica,12.638373,101.492627,12.0,101.0,13049.0,29.100000381469727,,,True,32.20000076293945,True,38.69999885559082,fast_plan,13,,,,100.0
Phyllanthus emblica,25.148838,73.464693,25.0,73.0,13057.0,33.0,,,True,27.899999618530273,True,39.10000038146973,fast_plan,13,,,,100.0
Phyllanthus emblica,3.23333,101.61667,3.0,101.0,13016.0,36.20000076293945,,,True,33.900001525878906,True,29.89999771118164,fast_plan,13,,,,100.0
Phyllanthus emblica,17.786093,79.310847,17.0,79.0,13026.0,38.70000076293945,,,True,33.900001525878906,True,27.39999771118164,fast_plan,13,,,,100.0
Phyllanthus emblica,17.5,96.5,17.0,96.0,13004.0,32.099998474121094,,,True,27.600000381469727,True,40.30000114440918,fast_plan,13,,,,100.0
Phyllanthus emblica,16.41667,100.13333,16.0,100.0,13042.0,19.200000762939453,,,True,40.29999923706055,True,40.5,fast_plan,13,,,,100.0
Phyllanthus emblica,21.042976,75.533512,21.0,75.0,13015.0,28.200000762939453,,,True,35.29999923706055,True,36.5,fast_plan,13,,,,100.0
Phyllanthus emblica,14.53,102.93,14.0,102.0,13059.0,35.400001525878906,,,True,28.200000762939453,True,36.39999771118164,fast_plan,13,,,,100.0
Phyllanthus emblica,32.606396,75.785657,32.0,75.0,13055.0,43.599998474121094,,,True,27.5,True,28.900001525878906,fast_plan,13,,,,100.0
Phyllanthus emblica,21.933333,92.033333,21.0,92.0,13010.0,36.900001525878906,,,True,27.5,True,35.599998474121094,fast_plan,13,,,,100.0
Pinus thunbergii,35.616667,134.433333,35.0,134.0,13066.0,28.700000762939453,,,True,28.100000381469727,True,43.19999885559082,fast_plan,13,,,,100.0
Pinus thunbergii,37.565556,140.082222,37.0,140.0,13100.0,43.29999923706055,,,True,22.600000381469727,True,34.10000038146973,fast_plan,13,,,,100.0
Pinus thunbergii,36.733333,137.3,36.0,137.0,13068.0,24.5,,,True,31.899999618530273,True,43.60000038146973,fast_plan,13,,,,100.0
Pinus thunbergii,34.410655,133.197525,34.0,133.0,13110.0,36.5,,,True,24.899999618530273,True,38.60000038146973,fast_plan,13,,,,100.0
Pinus thunbergii,35.6683,140.5169,35.0,140.0,13079.0,34.5,,,True,29.0,True,36.5,fast_plan,13,,,,100.0
Planchonella malaccensis,-0.2,104.61667,-1.0,104.0,13126.0,31.799999237060547,,,True,39.0,True,29.200000762939453,fast_plan,13,,,,100.0
Planchonella malaccensis,-1.2754,110.186,-2.0,110.0,13142.0,17.5,,,True,51.599998474121094,True,30.900001525878906,fast_plan,13,,,,100.0
Planchonella malaccensis,6.16667,116.48333,6.0,116.0,13135.0,30.100000381469727,,,True,41.0,True,28.899999618530273,fast_plan,13,,,,100.0
Planchonella malaccensis,3.790702,101.546306,3.0,101.0,13134.0,40.70000076293945,,,True,33.5,True,25.799999237060547,fast_plan,13,,,,100.0
Planchonella malaccensis,-1.753778,121.653778,-2.0,121.0,13128.0,40.20000076293945,,,True,33.0,True,26.799999237060547,fast_plan,13,,,,100.0
Planchonella malaccensis,5.45,100.21667,5.0,100.0,13154.0,36.099998474121094,,,True,36.900001525878906,True,27.0,fast_plan,13,,,,100.0
Planchonella malaccensis,2.91667,114.66667,2.0,114.0,13131.0,27.600000381469727,,,True,39.79999923706055,True,32.60000038146973,fast_plan,13,,,,100.0
Planchonella malaccensis,5.85,116.3,5.0,116.0,13140.0,32.79999923706055,,,True,37.400001525878906,True,29.799999237060547,fast_plan,13,,,,100.0
Planchonella malaccensis,-2.23,103.32,-3.0,103.0,13139.0,28.200000762939453,,,True,41.400001525878906,True,30.39999771118164,fast_plan,13,,,,100.0
Planchonella malaccensis,1.687554,98.993356,1.0,98.0,13158.0,33.900001525878906,,,True,40.20000076293945,True,25.89999771118164,fast_plan,13,,,,100.0
Planchonella malaccensis,1.568297,99.151285,1.0,99.0,13144.0,34.599998474121094,,,True,35.900001525878906,True,29.5,fast_plan,13,,,,100.0
Podocarpus polystachyus,16.683333,120.783333,16.0,120.0,13160.0,36.099998474121094,,,True,32.5,True,31.400001525878906,fast_plan,13,,,,100.0
Podocarpus polystachyus,-1.25,109.966667,-2.0,109.0,13178.0,21.899999618530273,,,True,42.5,True,35.60000038146973,fast_plan,13,,,,100.0
Podocarpus polystachyus,-2.8,112.533333,-3.0,112.0,13186.0,27.899999618530273,,,True,35.5,True,36.60000038146973,fast_plan,13,,,,100.0
Podocarpus polystachyus,8.298056,99.661944,8.0,99.0,13190.0,33.20000076293945,,,True,37.0,True,29.799999237060547,fast_plan,13,,,,100.0
Podocarpus polystachyus,3.0,112.583333,3.0,112.0,13162.0,26.399999618530273,,,True,37.29999923706055,True,36.30000114440918,fast_plan,13,,,,100.0
Podocarpus polystachyus,9.61852,118.55925,9.0,118.0,13194.0,33.900001525878906,,,True,36.70000076293945,True,29.39999771118164,fast_plan,13,,,,100.0
Podocarpus polystachyus,-1.66,108.84,-2.0,108.0,13167.0,23.100000381469727,,,True,41.099998474121094,True,35.80000114440918,fast_plan,13,,,,100.0
Podocarpus polystachyus,3.23333,113.1,3.0,113.0,13171.0,34.29999923706055,,,True,31.700000762939453,True,34.0,fast_plan,13,,,,100.0
Podocarpus polystachyus,13.433333,121.016667,13.0,121.0,13161.0,31.100000381469727,,,True,36.29999923706055,True,32.60000038146973,fast_plan,13,,,,100.0
Podocarpus polystachyus,0.1833,109.8333,0.0,109.0,13182.0,28.200000762939453,,,True,42.599998474121094,True,29.200000762939453,fast_plan,13,,,,100.0
Polyalthia glauca,1.4,111.51667,1.0,111.0,13245.0,26.100000381469727,,,True,38.099998474121094,True,35.80000114440918,fast_plan,13,,,,100.0
Polyalthia glauca,1.31667,117.71667,1.0,117.0,13205.0,29.600000381469727,,,True,35.900001525878906,True,34.49999809265137,fast_plan,13,,,,100.0
Polyalthia glauca,-1.86667,109.98333,-2.0,109.0,13223.0,20.0,,,True,40.400001525878906,True,39.599998474121094,fast_plan,13,,,,100.0
Polyalthia glauca,-2.5267,140.7143,-3.0,140.0,13212.0,32.900001525878906,,,True,37.900001525878906,True,29.199996948242188,fast_plan,13,,,,100.0
Polyalthia glauca,0.521056,127.906278,0.0,127.0,13226.0,34.599998474121094,,,True,31.600000381469727,True,33.80000114440918,fast_plan,13,,,,100.0
Polyalthia glauca,0.5,124.0,0.0,124.0,13213.0,30.399999618530273,,,True,39.599998474121094,True,30.000001907348633,fast_plan,13,,,,100.0
Polyalthia glauca,6.74528,126.17361,6.0,126.0,13251.0,29.399999618530273,,,True,41.20000076293945,True,29.399999618530273,fast_plan,13,,,,100.0
Polyalthia glauca,-6.683333,146.95,-7.0,146.0,13198.0,32.900001525878906,,,True,35.599998474121094,True,31.5,fast_plan,13,,,,100.0
Polyalthia glauca,-0.85,112.21667,-1.0,112.0,13202.0,30.899999618530273,,,True,48.29999923706055,True,20.80000114440918,fast_plan,13,,,,100.0
Polyalthia lateriflora,5.4667,117.21671,5.0,117.0,13307.0,31.899999618530273,,,True,41.900001525878906,True,26.19999885559082,fast_plan,13,,,,100.0
Polyalthia lateriflora,8.4333,99.7833,8.0,99.0,13278.0,39.599998474121094,,,True,29.299999237060547,True,31.10000228881836,fast_plan,13,,,,100.0
Polyalthia lateriflora,5.4,115.75,5.0,115.0,13306.0,31.299999237060547,,,True,36.099998474121094,True,32.60000228881836,fast_plan,13,,,,100.0
Polyalthia lateriflora,3.08333,97.41667,3.0,97.0,13302.0,31.0,,,True,46.099998474121094,True,22.900001525878906,fast_plan,13,,,,100.0
Polyalthia lateriflora,0.56667,123.75,0.0,123.0,13294.0,31.100000381469727,,,True,39.099998474121094,True,29.80000114440918,fast_plan,13,,,,100.0
Polyalthia lateriflora,6.0,100.96667,6.0,100.0,13271.0,33.0,,,True,33.900001525878906,True,33.099998474121094,fast_plan,13,,,,100.0
Polyalthia lateriflora,-1.92639,112.47639,-2.0,112.0,13289.0,26.299999237060547,,,True,42.70000076293945,True,31.0,fast_plan,13,,,,100.0
Polyalthia lateriflora,0.43,116.68,0.0,116.0,13286.0,33.900001525878906,,,True,33.599998474121094,True,32.5,fast_plan,13,,,,100.0
Polyalthia lateriflora,-7.57917,109.50611,-8.0,109.0,13312.0,26.299999237060547,,,True,42.5,True,31.200000762939453,fast_plan,13,,,,100.0
Polyalthia lateriflora,2.46667,111.53333,2.0,111.0,13310.0,28.5,,,True,36.79999923706055,True,34.70000076293945,fast_plan,13,,,,100.0
Polyalthia lateriflora,6.0,117.25,6.0,117.0,13273.0,30.0,,,True,38.5,True,31.5,fast_plan,13,,,,100.0
Polyspora longicarpa,26.0367,98.6197,26.0,98.0,13318.0,35.099998474121094,,,True,24.100000381469727,True,40.80000114440918,fast_plan,13,,,,100.0
Polyspora longicarpa,25.5,98.75,25.0,98.0,13324.0,30.700000762939453,,,True,26.600000381469727,True,42.69999885559082,fast_plan,13,,,,100.0
Polyspora longicarpa,22.353889,103.778889,22.0,103.0,13315.0,33.20000076293945,,,True,28.799999237060547,True,38.0,fast_plan,13,,,,100.0
Pongamia pinnata,-13.25306,166.60056,-14.0,166.0,13332.0,34.0,,,True,39.79999923706055,True,26.200000762939453,fast_plan,13,,,,100.0
Pongamia pinnata,-13.05,132.17,-14.0,132.0,13348.0,59.400001525878906,,,True,18.600000381469727,True,21.999998092651367,fast_plan,13,,,,100.0
Pongamia pinnata,-14.96,166.66,-15.0,166.0,13344.0,27.5,,,True,45.099998474121094,True,27.400001525878906,fast_plan,13,,,,100.0
Pongamia pinnata,6.731431,79.965714,6.0,79.0,13342.0,30.100000381469727,,,True,33.79999923706055,True,36.10000038146973,fast_plan,13,,,,100.0
Pongamia pinnata,17.42987,76.671528,17.0,76.0,13346.0,43.900001525878906,,,True,27.700000762939453,True,28.39999771118164,fast_plan,13,,,,100.0
Pongamia pinnata,22.74,77.7342,22.0,77.0,13384.0,22.700000762939453,,,True,41.0,True,36.29999923706055,fast_plan,13,,,,100.0
Pouteria macrantha,12.453,121.4107,12.0,121.0,13392.0,25.299999237060547,,,True,37.900001525878906,True,36.79999923706055,fast_plan,13,,,,100.0
Pouteria macrantha,12.491032,122.513512,12.0,122.0,13386.0,34.0,,,True,32.79999923706055,True,33.20000076293945,fast_plan,13,,,,100.0
Pouteria macrantha,9.78333,118.7,9.0,118.0,13391.0,29.5,,,True,34.400001525878906,True,36.099998474121094,fast_plan,13,,,,100.0
Pouteria macrantha,-3.0,129.0,-3.0,129.0,13387.0,38.099998474121094,,,True,35.79999923706055,True,26.10000228881836,fast_plan,13,,,,100.0
Pouteria macrantha,13.975,121.69194,13.0,121.0,13393.0,29.200000762939453,,,True,38.0,True,32.79999923706055,fast_plan,13,,,,100.0
Pouteria macrantha,14.508489,120.591756,14.0,120.0,13396.0,32.5,,,True,27.399999618530273,True,40.10000038146973,fast_plan,13,,,,100.0
Pouteria macrantha,6.73069,126.1795,6.0,126.0,13394.0,30.600000381469727,,,True,38.900001525878906,True,30.499998092651367,fast_plan,13,,,,100.0
Pouteria macrantha,14.855,121.168333,14.0,121.0,13389.0,31.299999237060547,,,True,33.29999923706055,True,35.400001525878906,fast_plan,13,,,,100.0
Prunus campanulata,24.392902,106.633387,24.0,106.0,13451.0,25.899999618530273,,,True,27.700000762939453,True,46.39999961853027,fast_plan,13,,,,100.0
Prunus campanulata,28.25,96.0,28.0,96.0,13453.0,33.70000076293945,,,True,28.200000762939453,True,38.099998474121094,fast_plan,13,,,,100.0
Prunus campanulata,23.226775,108.229301,23.0,108.0,13403.0,28.200000762939453,,,True,35.79999923706055,True,36.0,fast_plan,13,,,,100.0
Prunus campanulata,23.503697,121.383004,23.0,121.0,13449.0,32.20000076293945,,,True,31.899999618530273,True,35.89999961853027,fast_plan,13,,,,100.0
Prunus campanulata,26.43,110.85,26.0,110.0,13401.0,27.100000381469727,,,True,33.599998474121094,True,39.30000114440918,fast_plan,13,,,,100.0
Prunus campanulata,27.14985,92.226834,27.0,92.0,13423.0,26.600000381469727,,,True,30.600000381469727,True,42.79999923706055,fast_plan,13,,,,100.0
Prunus campanulata,25.60168,110.585686,25.0,110.0,13398.0,39.79999923706055,,,True,27.700000762939453,True,32.5,fast_plan,13,,,,100.0
Prunus campanulata,23.530286,120.426711,23.0,120.0,13422.0,21.899999618530273,,,True,32.0,True,46.10000038146973,fast_plan,13,,,,100.0
Prunus campanulata,25.57783,115.78612,25.0,115.0,13431.0,32.099998474121094,,,True,35.400001525878906,True,32.5,fast_plan,13,,,,100.0
Prunus campanulata,22.35,110.95,22.0,110.0,13435.0,43.400001525878906,,,True,28.299999237060547,True,28.299999237060547,fast_plan,13,,,,100.0
Prunus campanulata,24.68123,105.334672,24.0,105.0,13442.0,20.0,,,True,36.400001525878906,True,43.599998474121094,fast_plan,13,,,,100.0
Prunus cerasoides,21.658759,102.084291,21.0,102.0,13504.0,32.20000076293945,,,True,32.79999923706055,True,35.0,fast_plan,13,,,,100.0
Prunus cerasoides,26.983333,87.333333,26.0,87.0,13485.0,34.400001525878906,,,True,27.5,True,38.099998474121094,fast_plan,13,,,,100.0
Prunus cerasoides,11.906713,108.421485,11.0,108.0,13509.0,35.0,,,True,34.70000076293945,True,30.299999237060547,fast_plan,13,,,,100.0
Prunus cerasoides,28.324239,84.274172,28.0,84.0,13481.0,35.0,,,True,24.899999618530273,True,40.10000038146973,fast_plan,13,,,,100.0
Prunus cerasoides,28.33,97.67,28.0,97.0,13495.0,43.20000076293945,,,True,21.600000381469727,True,35.19999885559082,fast_plan,13,,,,100.0
Prunus cerasoides,25.938295,98.377347,25.0,98.0,13475.0,33.0,,,True,29.399999618530273,True,37.60000038146973,fast_plan,13,,,,100.0
Prunus cerasoides,16.739552,101.574109,16.0,101.0,13461.0,33.5,,,True,30.700000762939453,True,35.79999923706055,fast_plan,13,,,,100.0
Prunus cerasoides,27.203527,98.713753,27.0,98.0,13474.0,44.70000076293945,,,True,20.5,True,34.79999923706055,fast_plan,13,,,,100.0
Prunus cerasoides,30.35391,78.447446,30.0,78.0,13466.0,33.400001525878906,,,True,25.700000762939453,True,40.89999771118164,fast_plan,13,,,,100.0
Prunus cerasoides,21.3367,93.7722,21.0,93.0,13499.0,31.799999237060547,,,True,28.700000762939453,True,39.5,fast_plan,13,,,,100.0
Prunus cerasoides,28.74558,81.89689,28.0,81.0,13479.0,32.900001525878906,,,True,27.200000762939453,True,39.89999771118164,fast_plan,13,,,,100.0
Prunus cerasoides,19.200487,101.080794,19.0,101.0,13469.0,35.20000076293945,,,True,31.200000762939453,True,33.599998474121094,fast_plan,13,,,,100.0
Prunus ceylanica,12.66372,75.69792,12.0,75.0,13519.0,36.900001525878906,,,True,30.100000381469727,True,32.99999809265137,fast_plan,13,,,,100.0
Prunus ceylanica,8.52686,77.44576,8.0,77.0,13513.0,34.099998474121094,,,True,36.20000076293945,True,29.700000762939453,fast_plan,13,,,,100.0
Prunus ceylanica,17.9075,73.6553,17.0,73.0,13533.0,32.900001525878906,,,True,39.599998474121094,True,27.5,fast_plan,13,,,,100.0
Prunus ceylanica,21.461111,105.641667,21.0,105.0,13526.0,27.399999618530273,,,True,29.299999237060547,True,43.30000114440918,fast_plan,13,,,,100.0
Prunus ceylanica,26.95902,92.92504,26.0,92.0,13535.0,36.5,,,True,25.5,True,38.0,fast_plan,13,,,,100.0
Prunus ceylanica,26.8,87.9,26.0,87.0,13518.0,35.900001525878906,,,True,23.200000762939453,True,40.89999771118164,fast_plan,13,,,,100.0
Prunus ceylanica,16.364444,107.16,16.0,107.0,13521.0,36.900001525878906,,,True,30.399999618530273,True,32.69999885559082,fast_plan,13,,,,100.0
Prunus ceylanica,9.46128,77.16506,9.0,77.0,13514.0,35.0,,,True,33.599998474121094,True,31.400001525878906,fast_plan,13,,,,100.0
Prunus ceylanica,12.61667,102.21667,12.0,102.0,13528.0,37.599998474121094,,,True,24.700000762939453,True,37.70000076293945,fast_plan,13,,,,100.0
Prunus ceylanica,27.421638,90.46716,27.0,90.0,13520.0,35.599998474121094,,,True,31.0,True,33.400001525878906,fast_plan,13,,,,100.0
Prunus ceylanica,11.43547,76.38928,11.0,76.0,13532.0,43.099998474121094,,,True,31.799999237060547,True,25.10000228881836,fast_plan,13,,,,100.0
Prunus serrulata,35.65,127.67,35.0,127.0,13553.0,31.700000762939453,,,True,27.0,True,41.29999923706055,fast_plan,13,,,,100.0
Prunus serrulata,30.62,119.56,30.0,119.0,13588.0,14.600000381469727,,,True,32.79999923706055,True,52.60000038146973,fast_plan,13,,,,100.0
Prunus serrulata,37.517322,127.117824,37.0,127.0,13552.0,38.400001525878906,,,True,27.799999237060547,True,33.79999923706055,fast_plan,13,,,,100.0
Prunus serrulata,31.9,102.22,31.0,102.0,13562.0,32.5,,,True,19.799999237060547,True,47.70000076293945,fast_plan,13,,,,100.0
Prunus serrulata,25.60168,110.585686,25.0,110.0,13590.0,39.79999923706055,,,True,27.700000762939453,True,32.5,fast_plan,13,,,,100.0
Prunus serrulata,24.95,115.65,24.0,115.0,13546.0,40.29999923706055,,,True,27.0,True,32.70000076293945,fast_plan,13,,,,100.0
Prunus wilsonii,24.175587,110.235565,24.0,110.0,13629.0,37.70000076293945,,,True,28.200000762939453,True,34.099998474121094,fast_plan,13,,,,100.0
Prunus wilsonii,29.32,114.96,29.0,114.0,13635.0,37.29999923706055,,,True,27.399999618530273,True,35.30000114440918,fast_plan,13,,,,100.0
Prunus wilsonii,27.99,108.4,27.0,108.0,13611.0,24.700000762939453,,,True,30.799999237060547,True,44.5,fast_plan,13,,,,100.0
Prunus wilsonii,27.76,118.04,27.0,118.0,13649.0,41.29999923706055,,,True,26.200000762939453,True,32.5,fast_plan,13,,,,100.0
Prunus wilsonii,26.910982,104.201975,26.0,104.0,13632.0,20.799999237060547,,,True,36.20000076293945,True,43.0,fast_plan,13,,,,100.0
Prunus wilsonii,27.71,102.8,27.0,102.0,13602.0,26.0,,,True,27.700000762939453,True,46.29999923706055,fast_plan,13,,,,100.0
Prunus wilsonii,22.99417,102.392353,22.0,102.0,13622.0,27.600000381469727,,,True,30.600000381469727,True,41.79999923706055,fast_plan,13,,,,100.0
Prunus wilsonii,30.966552,111.261345,30.0,111.0,13625.0,39.79999923706055,,,True,23.5,True,36.70000076293945,fast_plan,13,,,,100.0
Prunus wilsonii,28.62,109.95,28.0,109.0,13631.0,25.100000381469727,,,True,27.5,True,47.39999961853027,fast_plan,13,,,,100.0
Prunus wilsonii,25.17,106.1,25.0,106.0,13610.0,23.299999237060547,,,True,29.899999618530273,True,46.80000114440918,fast_plan,13,,,,100.0
Psychotria asiatica,10.75819,103.82163,10.0,103.0,13697.0,31.200000762939453,,,True,34.099998474121094,True,34.70000076293945,fast_plan,13,,,,100.0
Psychotria asiatica,26.38,108.07,26.0,108.0,13657.0,27.5,,,True,24.600000381469727,True,47.89999961853027,fast_plan,13,,,,100.0
Psychotria asiatica,14.5,101.41667,14.0,101.0,13710.0,35.29999923706055,,,True,33.70000076293945,True,31.0,fast_plan,13,,,,100.0
Psychotria asiatica,20.806757,107.037458,20.0,107.0,13669.0,30.200000762939453,,,True,29.700000762939453,True,40.099998474121094,fast_plan,13,,,,100.0
Psychotria asiatica,11.68333,103.48333,11.0,103.0,13672.0,36.099998474121094,,,True,28.700000762939453,True,35.20000076293945,fast_plan,13,,,,100.0
Pterocarpus dalbergioides,11.506461,92.704134,11.0,92.0,13719.0,42.099998474121094,,,True,26.5,True,31.400001525878906,fast_plan,14,,,,100.0
Pterocarpus dalbergioides,10.682322,92.523855,10.0,92.0,13717.0,43.29999923706055,,,True,28.899999618530273,True,27.80000114440918,fast_plan,14,,,,100.0
Pterocarpus dalbergioides,12.36819,92.779627,12.0,92.0,13718.0,41.5,,,True,32.599998474121094,True,25.900001525878906,fast_plan,14,,,,100.0
Pterocarpus macrocarpus,15.4,105.483333,15.0,105.0,13757.0,48.599998474121094,,,True,23.700000762939453,True,27.700000762939453,fast_plan,14,,,,100.0
Pterocarpus macrocarpus,17.280884,103.420288,17.0,103.0,13759.0,46.29999923706055,,,True,26.0,True,27.700000762939453,fast_plan,14,,,,100.0
Pterocarpus macrocarpus,14.63422,98.68564,14.0,98.0,13728.0,38.599998474121094,,,True,27.899999618530273,True,33.50000190734863,fast_plan,14,,,,100.0
Pterocarpus macrocarpus,13.398881,99.504921,13.0,99.0,13747.0,44.599998474121094,,,True,21.200000762939453,True,34.20000076293945,fast_plan,14,,,,100.0
Pterocarpus macrocarpus,13.386654,101.536102,13.0,101.0,13751.0,33.599998474121094,,,True,26.5,True,39.900001525878906,fast_plan,14,,,,100.0
Pterocarpus macrocarpus,15.749568,104.436043,15.0,104.0,13731.0,52.20000076293945,,,True,24.799999237060547,True,23.0,fast_plan,14,,,,100.0
Pterocarpus macrocarpus,18.52469,98.51587,18.0,98.0,13734.0,42.0,,,True,34.599998474121094,True,23.400001525878906,fast_plan,14,,,,100.0
Pterocarpus macrocarpus,18.285056,102.444389,18.0,102.0,13752.0,32.29999923706055,,,True,29.700000762939453,True,38.0,fast_plan,14,,,,100.0
Pterocarpus macrocarpus,17.361288,102.455292,17.0,102.0,13773.0,41.20000076293945,,,True,25.299999237060547,True,33.5,fast_plan,14,,,,100.0
Pterocarpus macrocarpus,11.38333,106.16667,11.0,106.0,13723.0,32.400001525878906,,,True,31.600000381469727,True,35.99999809265137,fast_plan,14,,,,100.0
Pterocarpus marsupium,8.504928,77.466446,8.0,77.0,13804.0,32.79999923706055,,,True,33.5,True,33.70000076293945,fast_plan,14,,,,100.0
Pterocarpus marsupium,11.71698,78.07095,11.0,78.0,13799.0,35.20000076293945,,,True,36.0,True,28.799999237060547,fast_plan,14,,,,100.0
Pterocarpus marsupium,15.72258,74.4828,15.0,74.0,13795.0,45.599998474121094,,,True,30.0,True,24.400001525878906,fast_plan,14,,,,100.0
Pterocarpus marsupium,13.43799,75.63263,13.0,75.0,13785.0,40.29999923706055,,,True,31.399999618530273,True,28.30000114440918,fast_plan,14,,,,100.0
Pterocarpus marsupium,11.98704,79.80675,11.0,79.0,13813.0,36.400001525878906,,,True,33.400001525878906,True,30.199996948242188,fast_plan,14,,,,100.0
Pterocarpus marsupium,12.06869,75.29523,12.0,75.0,13803.0,47.0,,,True,33.70000076293945,True,19.299999237060547,fast_plan,14,,,,100.0
Quercus acutissima,30.42,103.82,30.0,103.0,13831.0,22.0,,,True,32.900001525878906,True,45.099998474121094,fast_plan,14,,,,100.0
Quercus acutissima,31.4,109.63,31.0,109.0,13848.0,33.70000076293945,,,True,25.600000381469727,True,40.69999885559082,fast_plan,14,,,,100.0
Quercus acutissima,39.062756,121.964737,39.0,121.0,13833.0,51.099998474121094,,,True,19.200000762939453,True,29.700000762939453,fast_plan,14,,,,100.0
Quercus acutissima,35.248738,137.531018,35.0,137.0,13837.0,43.400001525878906,,,True,28.799999237060547,True,27.799999237060547,fast_plan,14,,,,100.0
Quercus acutissima,34.46,136.51,34.0,136.0,13860.0,33.599998474121094,,,True,28.399999618530273,True,38.00000190734863,fast_plan,14,,,,100.0
Quercus acutissima,34.21267,129.25381,34.0,129.0,13872.0,33.099998474121094,,,True,30.200000762939453,True,36.70000076293945,fast_plan,14,,,,100.0
Quercus edithiae,18.62,109.7,18.0,109.0,13876.0,51.79999923706055,,,True,19.5,True,28.700000762939453,fast_plan,14,,,,100.0
Quercus edithiae,24.52,117.37,24.0,117.0,13880.0,39.29999923706055,,,True,21.100000381469727,True,39.60000038146973,fast_plan,14,,,,100.0
Quercus edithiae,21.45,107.7,21.0,107.0,13884.0,33.900001525878906,,,True,31.5,True,34.599998474121094,fast_plan,14,,,,100.0
Quercus edithiae,24.3808,116.649,24.0,116.0,13878.0,31.399999618530273,,,True,27.600000381469727,True,41.0,fast_plan,14,,,,100.0
Quercus edithiae,19.03,109.83,19.0,109.0,13881.0,46.20000076293945,,,True,25.299999237060547,True,28.5,fast_plan,14,,,,100.0
Quercus fabrei,25.53,111.58,25.0,111.0,13939.0,40.5,,,True,24.399999618530273,True,35.10000038146973,fast_plan,14,,,,100.0
Quercus fabrei,31.48,103.58,31.0,103.0,13911.0,39.599998474121094,,,True,17.799999237060547,True,42.60000228881836,fast_plan,14,,,,100.0
Quercus fabrei,25.57,103.25,25.0,103.0,13929.0,21.200000762939453,,,True,40.5,True,38.29999923706055,fast_plan,14,,,,100.0
Quercus fabrei,19.88,110.33,19.0,110.0,13944.0,38.599998474121094,,,True,26.600000381469727,True,34.80000114440918,fast_plan,14,,,,100.0
Quercus fabrei,27.51,108.23,27.0,108.0,13940.0,28.799999237060547,,,True,25.899999618530273,True,45.30000114440918,fast_plan,14,,,,100.0
Quercus glauca,26.38,108.07,26.0,108.0,13965.0,27.5,,,True,24.600000381469727,True,47.89999961853027,fast_plan,14,,,,100.0
Quercus glauca,32.35,106.83,32.0,106.0,13992.0,29.399999618530273,,,True,27.0,True,43.60000038146973,fast_plan,14,,,,100.0
Quercus glauca,29.98,105.35,29.0,105.0,13946.0,27.200000762939453,,,True,31.100000381469727,True,41.69999885559082,fast_plan,14,,,,100.0
Quercus glauca,27.8,98.55,27.0,98.0,13978.0,41.099998474121094,,,True,19.0,True,39.900001525878906,fast_plan,14,,,,100.0
Quercus glauca,37.8161,138.8742,37.0,138.0,13981.0,25.200000762939453,,,True,30.700000762939453,True,44.099998474121094,fast_plan,14,,,,100.0
Quercus glauca,27.57,119.72,27.0,119.0,14000.0,19.200000762939453,,,True,32.29999923706055,True,48.5,fast_plan,14,,,,100.0
Quercus glauca,34.401478,132.459565,34.0,132.0,13949.0,31.399999618530273,,,True,33.70000076293945,True,34.89999961853027,fast_plan,14,,,,100.0
Quercus glauca,31.511,130.479996,31.0,130.0,13955.0,27.600000381469727,,,True,33.20000076293945,True,39.19999885559082,fast_plan,14,,,,100.0
Quercus glauca,25.405097,110.440546,25.0,110.0,13959.0,34.70000076293945,,,True,32.0,True,33.29999923706055,fast_plan,14,,,,100.0
Quercus lamellosa,21.91,95.96,21.0,95.0,14021.0,35.29999923706055,,,True,31.0,True,33.70000076293945,fast_plan,14,,,,100.0
Quercus lamellosa,28.27,108.12,28.0,108.0,14020.0,28.100000381469727,,,True,29.0,True,42.89999961853027,fast_plan,14,,,,100.0
Quercus lamellosa,29.33,95.33,29.0,95.0,14022.0,51.099998474121094,,,True,19.399999618530273,True,29.500001907348633,fast_plan,14,,,,100.0
Quercus lamellosa,29.25,83.833333,29.0,83.0,14014.0,58.400001525878906,,,True,13.899999618530273,True,27.69999885559082,fast_plan,14,,,,100.0
Quercus lamellosa,27.275373,91.239777,27.0,91.0,14008.0,30.799999237060547,,,True,37.29999923706055,True,31.900001525878906,fast_plan,14,,,,100.0
Quercus lamellosa,28.39,84.12,28.0,84.0,14016.0,36.900001525878906,,,True,21.0,True,42.099998474121094,fast_plan,14,,,,100.0
Quercus lamellosa,26.83,98.25,26.0,98.0,14011.0,36.29999923706055,,,True,25.700000762939453,True,38.0,fast_plan,14,,,,100.0
Quercus lamellosa,27.487761,90.48941,27.0,90.0,14015.0,35.5,,,True,29.200000762939453,True,35.29999923706055,fast_plan,14,,,,100.0
Quercus lamellosa,25.605887,98.392454,25.0,98.0,14012.0,32.79999923706055,,,True,26.600000381469727,True,40.60000038146973,fast_plan,14,,,,100.0
Quercus lamellosa,28.01667,85.51667,28.0,85.0,14009.0,45.099998474121094,,,True,15.0,True,39.900001525878906,fast_plan,14,,,,100.0
Quercus lamellosa,28.3,83.833333,28.0,83.0,14006.0,43.900001525878906,,,True,17.399999618530273,True,38.69999885559082,fast_plan,14,,,,100.0
Quercus myrsinifolia,25.68,114.3,25.0,114.0,14050.0,45.70000076293945,,,True,25.299999237060547,True,29.0,fast_plan,14,,,,100.0
Quercus myrsinifolia,25.6,110.58,25.0,110.0,14055.0,38.79999923706055,,,True,27.100000381469727,True,34.10000038146973,fast_plan,14,,,,100.0
Quercus myrsinifolia,22.34,103.84389,22.0,103.0,14047.0,32.79999923706055,,,True,29.100000381469727,True,38.10000038146973,fast_plan,14,,,,100.0
Quercus myrsinifolia,34.19746,129.2401,34.0,129.0,14071.0,32.70000076293945,,,True,29.299999237060547,True,38.0,fast_plan,14,,,,100.0
Quercus myrsinifolia,28.23,103.63,28.0,103.0,14082.0,26.5,,,True,27.899999618530273,True,45.60000038146973,fast_plan,14,,,,100.0
Quercus myrsinifolia,27.57,119.72,27.0,119.0,14053.0,19.200000762939453,,,True,32.29999923706055,True,48.5,fast_plan,14,,,,100.0
Quercus myrsinifolia,30.353794,119.436458,30.0,119.0,14036.0,39.0,,,True,25.899999618530273,True,35.10000038146973,fast_plan,14,,,,100.0
Quercus myrsinifolia,33.775405,135.50363,33.0,135.0,14043.0,32.70000076293945,,,True,32.0,True,35.29999923706055,fast_plan,14,,,,100.0
Quercus myrsinifolia,14.06,108.28,14.0,108.0,14076.0,31.200000762939453,,,True,31.700000762939453,True,37.099998474121094,fast_plan,14,,,,100.0
Quercus semiserrata,21.05276,105.37836,21.0,105.0,14095.0,27.899999618530273,,,True,35.29999923706055,True,36.80000114440918,fast_plan,14,,,,100.0
Quercus semiserrata,18.26392,97.95467,18.0,97.0,14087.0,45.400001525878906,,,True,29.700000762939453,True,24.89999771118164,fast_plan,14,,,,100.0
Quercus semiserrata,22.529465,103.939279,22.0,103.0,14096.0,35.099998474121094,,,True,37.20000076293945,True,27.700000762939453,fast_plan,14,,,,100.0
Quercus semiserrata,18.53407,98.52005,18.0,98.0,14099.0,41.5,,,True,36.70000076293945,True,21.799999237060547,fast_plan,14,,,,100.0
Quercus semiserrata,27.28961,88.56223,27.0,88.0,14092.0,33.099998474121094,,,True,27.600000381469727,True,39.30000114440918,fast_plan,14,,,,100.0
Quercus semiserrata,19.44241,98.87854,19.0,98.0,14097.0,42.599998474121094,,,True,29.899999618530273,True,27.500001907348633,fast_plan,14,,,,100.0
Quercus semiserrata,11.97329,108.42393,11.0,108.0,14100.0,32.70000076293945,,,True,33.29999923706055,True,34.0,fast_plan,14,,,,100.0
Quercus semiserrata,27.442541,95.45598,27.0,95.0,14090.0,44.29999923706055,,,True,25.799999237060547,True,29.900001525878906,fast_plan,14,,,,100.0
Quercus semiserrata,20.0,100.1666,20.0,100.0,14101.0,26.700000762939453,,,True,33.70000076293945,True,39.599998474121094,fast_plan,14,,,,100.0
Quercus semiserrata,16.27065,107.99174,16.0,107.0,14091.0,41.29999923706055,,,True,28.5,True,30.200000762939453,fast_plan,14,,,,100.0
Quercus semiserrata,20.3,99.65,20.0,99.0,14086.0,32.70000076293945,,,True,32.29999923706055,True,35.0,fast_plan,14,,,,100.0
Rhus chinensis,40.43,117.52,40.0,117.0,14122.0,50.0,,,True,16.200000762939453,True,33.79999923706055,fast_plan,14,,,,100.0
Rhus chinensis,40.485794,116.636663,40.0,116.0,14120.0,40.79999923706055,,,True,17.200000762939453,True,42.0,fast_plan,14,,,,100.0
Rhus chinensis,37.534882,128.447036,37.0,128.0,14117.0,38.20000076293945,,,True,26.299999237060547,True,35.5,fast_plan,14,,,,100.0
Rhus chinensis,28.873395,120.687885,28.0,120.0,14110.0,30.5,,,True,26.399999618530273,True,43.10000038146973,fast_plan,14,,,,100.0
Rhus chinensis,23.37,114.26,23.0,114.0,14112.0,49.70000076293945,,,True,23.600000381469727,True,26.69999885559082,fast_plan,14,,,,100.0
Rhus chinensis,32.65,131.39,32.0,131.0,14137.0,30.5,,,True,34.900001525878906,True,34.599998474121094,fast_plan,14,,,,100.0
Rhus chinensis,36.651028,118.243708,36.0,118.0,14148.0,34.099998474121094,,,True,20.200000762939453,True,45.70000076293945,fast_plan,14,,,,100.0
Rhus chinensis,37.666667,140.466667,37.0,140.0,14155.0,43.900001525878906,,,True,23.399999618530273,True,32.69999885559082,fast_plan,14,,,,100.0
Rhus chinensis,26.7,101.85,26.0,101.0,14124.0,33.900001525878906,,,True,34.599998474121094,True,31.5,fast_plan,14,,,,100.0
Rhus chinensis,40.427053,127.061261,40.0,127.0,14115.0,32.20000076293945,,,True,21.200000762939453,True,46.599998474121094,fast_plan,14,,,,100.0
Rhus chinensis,35.514729,139.516164,35.0,139.0,14138.0,32.70000076293945,,,True,32.400001525878906,True,34.89999771118164,fast_plan,14,,,,100.0
Sandoricum beccarianum,-0.41667,109.3,-1.0,109.0,14167.0,19.600000381469727,,,True,51.79999923706055,True,28.600000381469727,fast_plan,14,,,,100.0
Sandoricum beccarianum,0.384287,102.73958,0.0,102.0,14162.0,28.0,,,True,39.900001525878906,True,32.099998474121094,fast_plan,14,,,,100.0
Sandoricum beccarianum,-2.53333,112.95,-3.0,112.0,14180.0,23.299999237060547,,,True,42.70000076293945,True,34.0,fast_plan,14,,,,100.0
Sandoricum beccarianum,6.20228,101.99158,6.0,101.0,14165.0,31.899999618530273,,,True,34.70000076293945,True,33.39999961853027,fast_plan,14,,,,100.0
Sandoricum beccarianum,1.5,101.5,1.0,101.0,14168.0,35.599998474121094,,,True,32.70000076293945,True,31.700000762939453,fast_plan,14,,,,100.0
Sandoricum beccarianum,0.26667,116.18333,0.0,116.0,14173.0,28.399999618530273,,,True,36.900001525878906,True,34.69999885559082,fast_plan,14,,,,100.0
Sandoricum beccarianum,1.0,102.91667,1.0,102.0,14166.0,35.5,,,True,38.400001525878906,True,26.099998474121094,fast_plan,14,,,,100.0
Sandoricum beccarianum,2.58333,111.58333,2.0,111.0,14175.0,31.0,,,True,34.0,True,35.0,fast_plan,14,,,,100.0
Sandoricum beccarianum,1.65,109.85,1.0,109.0,14178.0,42.79999923706055,,,True,30.799999237060547,True,26.400001525878906,fast_plan,14,,,,100.0
Sapindus mukorossi,24.443862,118.231438,24.0,118.0,14193.0,29.600000381469727,,,True,28.5,True,41.89999961853027,fast_plan,14,,,,100.0
Sapindus mukorossi,25.08,104.89,25.0,104.0,14199.0,15.100000381469727,,,True,40.099998474121094,True,44.80000114440918,fast_plan,14,,,,100.0
Sapindus mukorossi,31.114073,109.87945,31.0,109.0,14232.0,32.70000076293945,,,True,25.5,True,41.79999923706055,fast_plan,14,,,,100.0
Sapindus mukorossi,31.475292,120.37249,31.0,120.0,14215.0,18.399999618530273,,,True,31.299999237060547,True,50.30000114440918,fast_plan,14,,,,100.0
Sapindus mukorossi,34.57698,119.16357,34.0,119.0,14195.0,20.100000381469727,,,True,31.700000762939453,True,48.19999885559082,fast_plan,14,,,,100.0
Sapindus mukorossi,30.876141,110.717361,30.0,110.0,14222.0,33.400001525878906,,,True,27.200000762939453,True,39.39999771118164,fast_plan,14,,,,100.0
Sapindus mukorossi,29.037008,100.298406,29.0,100.0,14191.0,42.400001525878906,,,True,17.600000381469727,True,39.99999809265137,fast_plan,14,,,,100.0
Sapindus rarak,15.33333,106.33333,15.0,106.0,14248.0,37.29999923706055,,,True,30.600000381469727,True,32.10000038146973,fast_plan,14,,,,100.0
Sapindus rarak,-2.18333,101.5,-3.0,101.0,14246.0,27.100000381469727,,,True,42.5,True,30.399999618530273,fast_plan,14,,,,100.0
Sapindus rarak,-3.1167,101.95,-4.0,101.0,14262.0,21.700000762939453,,,True,47.20000076293945,True,31.099998474121094,fast_plan,14,,,,100.0
Sapindus rarak,17.8,98.36667,17.0,98.0,14264.0,51.599998474121094,,,True,25.799999237060547,True,22.60000228881836,fast_plan,14,,,,100.0
Sapindus rarak,-7.7,114.0,-8.0,114.0,14245.0,46.400001525878906,,,True,32.599998474121094,True,21.0,fast_plan,14,,,,100.0
Sapindus rarak,20.33532,100.70375,20.0,100.0,14251.0,30.5,,,True,29.0,True,40.5,fast_plan,14,,,,100.0
Sapindus rarak,19.15,99.45,19.0,99.0,14250.0,44.400001525878906,,,True,27.5,True,28.099998474121094,fast_plan,14,,,,100.0
Sapindus rarak,19.45286,97.901238,19.0,97.0,14249.0,45.0,,,True,25.700000762939453,True,29.299999237060547,fast_plan,14,,,,100.0
Sapindus rarak,-7.669794,110.5311,-8.0,110.0,14257.0,33.599998474121094,,,True,34.20000076293945,True,32.20000076293945,fast_plan,14,,,,100.0
Sapindus rarak,-6.6,110.8833,-7.0,110.0,14241.0,31.100000381469727,,,True,34.29999923706055,True,34.60000038146973,fast_plan,14,,,,100.0
Sapindus rarak,14.19941,105.82623,14.0,105.0,14258.0,34.900001525878906,,,True,33.70000076293945,True,31.39999771118164,fast_plan,14,,,,100.0
Sapindus rarak,-7.75,113.67,-8.0,113.0,14263.0,39.79999923706055,,,True,32.70000076293945,True,27.5,fast_plan,14,,,,100.0
Saraca declinata,6.61667,101.65,6.0,101.0,14301.0,40.5,,,True,25.700000762939453,True,33.79999923706055,fast_plan,14,,,,100.0
Saraca declinata,-0.741547,100.815915,-1.0,100.0,14302.0,37.0,,,True,40.5,True,22.5,fast_plan,14,,,,100.0
Saraca declinata,-3.53333,114.71667,-4.0,114.0,14273.0,26.600000381469727,,,True,35.400001525878906,True,37.99999809265137,fast_plan,14,,,,100.0
Saraca declinata,0.7,111.71667,0.0,111.0,14317.0,29.700000762939453,,,True,41.5,True,28.799999237060547,fast_plan,14,,,,100.0
Saraca declinata,13.0,102.25,13.0,102.0,14271.0,28.700000762939453,,,True,30.200000762939453,True,41.099998474121094,fast_plan,14,,,,100.0
Saraca declinata,6.5167,117.45,6.0,117.0,14267.0,29.0,,,True,40.0,True,31.0,fast_plan,14,,,,100.0
Saraca declinata,-1.85,102.65,-2.0,102.0,14276.0,29.5,,,True,49.099998474121094,True,21.400001525878906,fast_plan,14,,,,100.0
Saraca declinata,5.8,102.33333,5.0,102.0,14312.0,31.799999237060547,,,True,42.5,True,25.700000762939453,fast_plan,14,,,,100.0
Saraca declinata,-0.51608,112.60197,-1.0,112.0,14290.0,27.299999237060547,,,True,44.099998474121094,True,28.60000228881836,fast_plan,14,,,,100.0
Saraca declinata,11.44333,99.415,11.0,99.0,14313.0,48.599998474121094,,,True,24.799999237060547,True,26.60000228881836,fast_plan,14,,,,100.0
Saraca declinata,0.93333,110.43333,0.0,110.0,14320.0,24.5,,,True,44.599998474121094,True,30.900001525878906,fast_plan,14,,,,100.0
Saraca declinata,2.944915,101.695414,2.0,101.0,14319.0,34.70000076293945,,,True,39.5,True,25.799999237060547,fast_plan,14,,,,100.0
Sarcosperma arboreum,21.48,101.57,21.0,101.0,14330.0,28.799999237060547,,,True,34.70000076293945,True,36.5,fast_plan,14,,,,100.0
Sarcosperma arboreum,20.9815,96.63397,20.0,96.0,14344.0,33.79999923706055,,,True,31.399999618530273,True,34.80000114440918,fast_plan,14,,,,100.0
Sarcosperma arboreum,19.43333,99.56667,19.0,99.0,14358.0,41.400001525878906,,,True,30.200000762939453,True,28.39999771118164,fast_plan,14,,,,100.0
Sarcosperma arboreum,24.709264,117.31493,24.0,117.0,14326.0,33.0,,,True,25.700000762939453,True,41.29999923706055,fast_plan,14,,,,100.0
Sarcosperma arboreum,14.43333,101.36667,14.0,101.0,14357.0,27.799999237060547,,,True,41.29999923706055,True,30.900001525878906,fast_plan,14,,,,100.0
Sarcosperma arboreum,24.68123,105.334672,24.0,105.0,14328.0,20.0,,,True,36.400001525878906,True,43.599998474121094,fast_plan,14,,,,100.0
Sarcosperma arboreum,24.72,97.93,24.0,97.0,14351.0,37.099998474121094,,,True,32.599998474121094,True,30.300003051757812,fast_plan,14,,,,100.0
Sarcosperma arboreum,25.42,95.0425,25.0,95.0,14338.0,36.900001525878906,,,True,32.599998474121094,True,30.5,fast_plan,14,,,,100.0
Sarcosperma arboreum,18.26392,97.95467,18.0,97.0,14347.0,45.400001525878906,,,True,29.700000762939453,True,24.89999771118164,fast_plan,14,,,,100.0
Sarcosperma arboreum,22.248464,99.456155,22.0,99.0,14354.0,31.200000762939453,,,True,34.5,True,34.29999923706055,fast_plan,14,,,,100.0
Sarcosperma arboreum,20.3,99.65,20.0,99.0,14341.0,32.70000076293945,,,True,32.29999923706055,True,35.0,fast_plan,14,,,,100.0
Scaphium macropodum,-1.85,102.65,-2.0,102.0,14383.0,29.5,,,True,49.099998474121094,True,21.400001525878906,fast_plan,14,,,,100.0
Scaphium macropodum,0.15686,116.36286,0.0,116.0,14371.0,25.100000381469727,,,True,41.0,True,33.89999961853027,fast_plan,14,,,,100.0
Scaphium macropodum,2.941111,102.263333,2.0,102.0,14375.0,33.099998474121094,,,True,36.900001525878906,True,30.0,fast_plan,14,,,,100.0
Scaphium macropodum,1.354067,103.776945,1.0,103.0,14365.0,31.600000381469727,,,True,43.400001525878906,True,24.999998092651367,fast_plan,14,,,,100.0
Scaphium macropodum,4.625,115.158333,4.0,115.0,14372.0,33.79999923706055,,,True,34.599998474121094,True,31.60000228881836,fast_plan,14,,,,100.0
Scaphium macropodum,4.910601,101.293476,4.0,101.0,14381.0,37.20000076293945,,,True,37.29999923706055,True,25.5,fast_plan,14,,,,100.0
Scaphium macropodum,-0.41667,109.66667,-1.0,109.0,14395.0,31.100000381469727,,,True,31.799999237060547,True,37.10000038146973,fast_plan,14,,,,100.0
Scaphium macropodum,5.86667,117.21667,5.0,117.0,14393.0,30.700000762939453,,,True,38.400001525878906,True,30.89999771118164,fast_plan,14,,,,100.0
Scaphium macropodum,-0.983333,116.95,-1.0,116.0,14366.0,37.70000076293945,,,True,30.5,True,31.799999237060547,fast_plan,14,,,,100.0
Scaphium macropodum,-2.532831,115.900297,-3.0,115.0,14378.0,29.200000762939453,,,True,37.099998474121094,True,33.70000076293945,fast_plan,14,,,,100.0
Schefflera heptaphylla,31.0891,130.6948,31.0,130.0,14453.0,27.600000381469727,,,True,29.0,True,43.39999961853027,fast_plan,14,,,,100.0
Schefflera heptaphylla,21.4548,105.644,21.0,105.0,14455.0,29.700000762939453,,,True,28.799999237060547,True,41.5,fast_plan,14,,,,100.0
Schefflera heptaphylla,22.320354,109.124837,22.0,109.0,14419.0,33.900001525878906,,,True,32.5,True,33.599998474121094,fast_plan,14,,,,100.0
Schefflera heptaphylla,12.401111,108.354722,12.0,108.0,14452.0,31.399999618530273,,,True,35.70000076293945,True,32.89999961853027,fast_plan,14,,,,100.0
Schefflera heptaphylla,27.77,118.03,27.0,118.0,14440.0,41.5,,,True,27.0,True,31.5,fast_plan,14,,,,100.0
Schefflera heptaphylla,22.351317,113.578454,22.0,113.0,14433.0,42.70000076293945,,,True,29.299999237060547,True,28.0,fast_plan,14,,,,100.0
Schefflera heptaphylla,18.313264,105.358991,18.0,105.0,14442.0,37.70000076293945,,,True,36.0,True,26.299999237060547,fast_plan,14,,,,100.0
Schefflera heptaphylla,25.815828,119.559747,25.0,119.0,14445.0,29.700000762939453,,,True,30.799999237060547,True,39.5,fast_plan,14,,,,100.0
Schima superba,25.594607,107.543621,25.0,107.0,14487.0,39.599998474121094,,,True,23.899999618530273,True,36.50000190734863,fast_plan,14,,,,100.0
Schima superba,28.538198,121.339697,28.0,121.0,14475.0,20.399999618530273,,,True,34.79999923706055,True,44.80000114440918,fast_plan,14,,,,100.0
Schima superba,25.60168,110.585686,25.0,110.0,14469.0,39.79999923706055,,,True,27.700000762939453,True,32.5,fast_plan,14,,,,100.0
Schima superba,24.34441,123.78248,24.0,123.0,14504.0,23.299999237060547,,,True,31.700000762939453,True,45.0,fast_plan,14,,,,100.0
Schima superba,23.519195,110.462487,23.0,110.0,14466.0,38.70000076293945,,,True,34.099998474121094,True,27.200000762939453,fast_plan,14,,,,100.0
Schima superba,27.614368,120.524315,27.0,120.0,14503.0,23.100000381469727,,,True,30.600000381469727,True,46.29999923706055,fast_plan,14,,,,100.0
Schima superba,24.403562,111.566656,24.0,111.0,14481.0,27.0,,,True,33.900001525878906,True,39.099998474121094,fast_plan,14,,,,100.0
Schima superba,27.478175,113.83261,27.0,113.0,14494.0,27.899999618530273,,,True,35.599998474121094,True,36.50000190734863,fast_plan,14,,,,100.0
Schima wallichii,28.41667,83.40833,28.0,83.0,14556.0,33.099998474121094,,,True,23.600000381469727,True,43.30000114440918,fast_plan,14,,,,100.0
Schima wallichii,28.52075,114.37098,28.0,114.0,14532.0,38.400001525878906,,,True,24.600000381469727,True,36.99999809265137,fast_plan,14,,,,100.0
Schima wallichii,27.497879,88.534778,27.0,88.0,14554.0,37.099998474121094,,,True,25.600000381469727,True,37.30000114440918,fast_plan,14,,,,100.0
Schima wallichii,22.46,107.83,22.0,107.0,14565.0,28.5,,,True,35.0,True,36.5,fast_plan,14,,,,100.0
Schima wallichii,24.175587,110.235565,24.0,110.0,14561.0,37.70000076293945,,,True,28.200000762939453,True,34.099998474121094,fast_plan,14,,,,100.0
Schima wallichii,25.88,99.37,25.0,99.0,14567.0,34.0,,,True,25.399999618530273,True,40.60000038146973,fast_plan,14,,,,100.0
Schima wallichii,7.429304,99.857872,7.0,99.0,14576.0,32.70000076293945,,,True,34.400001525878906,True,32.89999771118164,fast_plan,14,,,,100.0
Schima wallichii,27.529444,96.97075,27.0,96.0,14571.0,35.599998474121094,,,True,25.5,True,38.900001525878906,fast_plan,14,,,,100.0
Schima wallichii,19.28333,103.15,19.0,103.0,14526.0,31.399999618530273,,,True,33.400001525878906,True,35.19999885559082,fast_plan,14,,,,100.0
Schima wallichii,19.478321,98.59185,19.0,98.0,14552.0,41.900001525878906,,,True,31.700000762939453,True,26.39999771118164,fast_plan,14,,,,100.0
Schleichera oleosa,19.483562,73.259598,19.0,73.0,14627.0,33.099998474121094,,,True,37.79999923706055,True,29.10000228881836,fast_plan,14,,,,100.0
Schleichera oleosa,-8.46559,127.22496,-9.0,127.0,14629.0,43.79999923706055,,,True,32.599998474121094,True,23.60000228881836,fast_plan,14,,,,100.0
Schleichera oleosa,14.25378,104.51912,14.0,104.0,14613.0,34.0,,,True,36.70000076293945,True,29.299999237060547,fast_plan,14,,,,100.0
Schleichera oleosa,19.55475,98.22207,19.0,98.0,14625.0,48.599998474121094,,,True,29.799999237060547,True,21.60000228881836,fast_plan,14,,,,100.0
Schleichera oleosa,13.41299,75.121136,13.0,75.0,14633.0,42.70000076293945,,,True,31.0,True,26.299999237060547,fast_plan,14,,,,100.0
Schleichera oleosa,17.40657,105.70605,17.0,105.0,14611.0,35.0,,,True,29.299999237060547,True,35.70000076293945,fast_plan,14,,,,100.0
Schleichera oleosa,15.33333,98.5,15.0,98.0,14605.0,37.20000076293945,,,True,29.799999237060547,True,33.0,fast_plan,14,,,,100.0
Schleichera oleosa,19.419912,72.910456,19.0,72.0,14592.0,32.29999923706055,,,True,38.5,True,29.200000762939453,fast_plan,14,,,,100.0
Schleichera oleosa,-7.66336,111.56239,-8.0,111.0,14585.0,37.099998474121094,,,True,32.599998474121094,True,30.300003051757812,fast_plan,14,,,,100.0
Schleichera oleosa,-4.2254,120.1484,-5.0,120.0,14632.0,29.5,,,True,42.29999923706055,True,28.200000762939453,fast_plan,14,,,,100.0
Schleichera oleosa,12.417834,77.859227,12.0,77.0,14586.0,41.5,,,True,33.099998474121094,True,25.400001525878906,fast_plan,14,,,,100.0
Semecarpus travancoricus,9.75,76.9,9.0,76.0,14641.0,36.29999923706055,,,True,31.700000762939453,True,32.0,fast_plan,14,,,,100.0
Semecarpus travancoricus,10.28879,77.01048,10.0,77.0,14644.0,32.29999923706055,,,True,34.20000076293945,True,33.5,fast_plan,14,,,,100.0
Semecarpus travancoricus,9.525,77.1083,9.0,77.0,14642.0,36.5,,,True,34.400001525878906,True,29.099998474121094,fast_plan,14,,,,100.0
Semecarpus travancoricus,8.491667,77.4,8.0,77.0,14643.0,34.79999923706055,,,True,32.5,True,32.70000076293945,fast_plan,14,,,,100.0
Shorea acuminata,5.43333,100.26667,5.0,100.0,14659.0,36.29999923706055,,,True,34.099998474121094,True,29.60000228881836,fast_plan,14,,,,100.0
Shorea acuminata,-1.477707,102.441969,-2.0,102.0,14665.0,36.79999923706055,,,True,39.70000076293945,True,23.5,fast_plan,14,,,,100.0
Shorea acuminata,0.597121,100.54326,0.0,100.0,14656.0,32.5,,,True,43.29999923706055,True,24.200000762939453,fast_plan,14,,,,100.0
Shorea acuminata,-2.75,100.0,-3.0,100.0,14669.0,28.799999237060547,,,True,39.0,True,32.20000076293945,fast_plan,14,,,,100.0
Shorea acuminata,4.7,103.4167,4.0,103.0,14657.0,32.79999923706055,,,True,38.29999923706055,True,28.900001525878906,fast_plan,14,,,,100.0
Shorea acuminata,0.6725,101.42967,0.0,101.0,14646.0,38.400001525878906,,,True,37.900001525878906,True,23.699996948242188,fast_plan,14,,,,100.0
Shorea acuminata,-1.059705,100.507114,-2.0,100.0,14645.0,33.400001525878906,,,True,41.400001525878906,True,25.199996948242188,fast_plan,14,,,,100.0
Shorea acuminata,3.962,98.1267,3.0,98.0,14667.0,35.0,,,True,32.70000076293945,True,32.29999923706055,fast_plan,14,,,,100.0
Shorea acuminata,2.85,98.26667,2.0,98.0,14666.0,37.70000076293945,,,True,34.29999923706055,True,28.0,fast_plan,14,,,,100.0
Shorea acuminata,3.23333,101.61667,3.0,101.0,14670.0,36.20000076293945,,,True,33.900001525878906,True,29.89999771118164,fast_plan,14,,,,100.0
Shorea acuminatissima,4.53333,115.2,4.0,115.0,14675.0,30.600000381469727,,,True,38.599998474121094,True,30.80000114440918,fast_plan,14,,,,100.0
Shorea acuminatissima,5.68333,117.65,5.0,117.0,14674.0,27.700000762939453,,,True,41.099998474121094,True,31.200000762939453,fast_plan,14,,,,100.0
Shorea acuminatissima,1.73333,109.73333,1.0,109.0,14671.0,43.70000076293945,,,True,31.399999618530273,True,24.899999618530273,fast_plan,14,,,,100.0
Shorea acuminatissima,4.36667,114.46667,4.0,114.0,14673.0,29.299999237060547,,,True,41.29999923706055,True,29.400001525878906,fast_plan,14,,,,100.0
Shorea agamii,1.5,116.5,1.0,116.0,14693.0,31.299999237060547,,,True,42.900001525878906,True,25.799999237060547,fast_plan,15,,,,100.0
Shorea agamii,4.63333,114.53333,4.0,114.0,14698.0,30.299999237060547,,,True,35.5,True,34.20000076293945,fast_plan,15,,,,100.0
Shorea agamii,2.51667,113.1,2.0,113.0,14690.0,29.600000381469727,,,True,38.099998474121094,True,32.30000114440918,fast_plan,15,,,,100.0
Shorea agamii,6.43333,116.8,6.0,116.0,14701.0,31.899999618530273,,,True,37.5,True,30.600000381469727,fast_plan,15,,,,100.0
Shorea agamii,4.36667,117.73333,4.0,117.0,14699.0,25.399999618530273,,,True,41.0,True,33.60000038146973,fast_plan,15,,,,100.0
Shorea agamii,1.65,113.63333,1.0,113.0,14691.0,25.200000762939453,,,True,43.79999923706055,True,31.0,fast_plan,15,,,,100.0
Shorea agamii,6.88333,117.21667,6.0,117.0,14689.0,35.5,,,True,37.5,True,27.0,fast_plan,15,,,,100.0
Shorea agamii,4.53333,115.23333,4.0,115.0,14680.0,34.599998474121094,,,True,38.70000076293945,True,26.700000762939453,fast_plan,15,,,,100.0
Shorea agamii,1.58333,114.53333,1.0,114.0,14697.0,30.899999618530273,,,True,39.29999923706055,True,29.80000114440918,fast_plan,15,,,,100.0
Shorea agamii,3.891658,114.77417,3.0,114.0,14695.0,35.400001525878906,,,True,33.099998474121094,True,31.5,fast_plan,15,,,,100.0
Shorea argentifolia,2.431389,112.638056,2.0,112.0,14710.0,27.899999618530273,,,True,38.0,True,34.10000038146973,fast_plan,15,,,,100.0
Shorea argentifolia,4.71667,116.43333,4.0,116.0,14709.0,33.0,,,True,35.400001525878906,True,31.599998474121094,fast_plan,15,,,,100.0
Shorea argentifolia,4.4,117.4,4.0,117.0,14714.0,33.400001525878906,,,True,35.599998474121094,True,31.0,fast_plan,15,,,,100.0
Shorea argentifolia,2.67,113.83,2.0,113.0,14706.0,32.400001525878906,,,True,36.099998474121094,True,31.5,fast_plan,15,,,,100.0
Shorea argentifolia,5.33333,115.75,5.0,115.0,14712.0,34.5,,,True,32.900001525878906,True,32.599998474121094,fast_plan,15,,,,100.0
Shorea argentifolia,3.444722,113.526111,3.0,113.0,14708.0,31.799999237060547,,,True,35.70000076293945,True,32.5,fast_plan,15,,,,100.0
Shorea argentifolia,1.58333,114.53333,1.0,114.0,14711.0,30.899999618530273,,,True,39.29999923706055,True,29.80000114440918,fast_plan,15,,,,100.0
Shorea argentifolia,5.4667,117.21671,5.0,117.0,14704.0,31.899999618530273,,,True,41.900001525878906,True,26.19999885559082,fast_plan,15,,,,100.0
Shorea argentifolia,4.16667,114.71667,4.0,114.0,14715.0,34.900001525878906,,,True,31.200000762939453,True,33.89999771118164,fast_plan,15,,,,100.0
Shorea argentifolia,3.3,117.63333,3.0,117.0,14707.0,25.899999618530273,,,True,37.599998474121094,True,36.50000190734863,fast_plan,15,,,,100.0
Shorea argentifolia,5.03333,118.31667,5.0,118.0,14702.0,29.5,,,True,39.70000076293945,True,30.799999237060547,fast_plan,15,,,,100.0
Shorea assamica,1.62,99.27,1.0,99.0,14727.0,30.200000762939453,,,True,40.099998474121094,True,29.700000762939453,fast_plan,15,,,,100.0
Shorea assamica,-1.8131,124.81589,-2.0,124.0,14733.0,34.79999923706055,,,True,37.400001525878906,True,27.799999237060547,fast_plan,15,,,,100.0
Shorea assamica,6.16739,101.18008,6.0,101.0,14726.0,37.900001525878906,,,True,31.899999618530273,True,30.19999885559082,fast_plan,15,,,,100.0
Shorea assamica,2.28333,97.81667,2.0,97.0,14716.0,26.200000762939453,,,True,38.5,True,35.29999923706055,fast_plan,15,,,,100.0
Shorea assamica,3.23,101.63,3.0,101.0,14718.0,34.70000076293945,,,True,39.20000076293945,True,26.099998474121094,fast_plan,15,,,,100.0
Shorea assamica,18.0,121.83333,18.0,121.0,14742.0,40.0,,,True,28.799999237060547,True,31.200000762939453,fast_plan,15,,,,100.0
Shorea assamica,-1.88333,125.83333,-2.0,125.0,14734.0,36.900001525878906,,,True,35.70000076293945,True,27.39999771118164,fast_plan,15,,,,100.0
Shorea assamica,-2.5272,121.1145,-3.0,121.0,14740.0,31.299999237060547,,,True,37.400001525878906,True,31.299999237060547,fast_plan,15,,,,100.0
Shorea assamica,0.53333,123.1,0.0,123.0,14738.0,37.900001525878906,,,True,32.79999923706055,True,29.299999237060547,fast_plan,15,,,,100.0
Shorea assamica,3.0,99.5,3.0,99.0,14736.0,38.5,,,True,32.0,True,29.5,fast_plan,15,,,,100.0
Shorea astylosa,6.867614,125.404867,6.0,125.0,14743.0,33.20000076293945,,,True,35.400001525878906,True,31.39999771118164,fast_plan,15,,,,100.0
Shorea astylosa,8.389,123.169,8.0,123.0,14752.0,31.799999237060547,,,True,29.200000762939453,True,39.0,fast_plan,15,,,,100.0
Shorea astylosa,16.223261,121.9886,16.0,121.0,14749.0,41.099998474121094,,,True,29.700000762939453,True,29.200000762939453,fast_plan,15,,,,100.0
Shorea astylosa,14.672186,121.940026,14.0,121.0,14751.0,31.600000381469727,,,True,36.29999923706055,True,32.10000038146973,fast_plan,15,,,,100.0
Shorea astylosa,13.993943,121.813345,13.0,121.0,14746.0,32.29999923706055,,,True,36.5,True,31.200000762939453,fast_plan,15,,,,100.0
Shorea astylosa,7.13602,122.15361,7.0,122.0,14744.0,36.70000076293945,,,True,30.600000381469727,True,32.69999885559082,fast_plan,15,,,,100.0
Shorea astylosa,9.234506,125.58893,9.0,125.0,14747.0,31.200000762939453,,,True,40.5,True,28.299999237060547,fast_plan,15,,,,100.0
Shorea astylosa,10.754025,124.828159,10.0,124.0,14745.0,34.900001525878906,,,True,36.29999923706055,True,28.799999237060547,fast_plan,15,,,,100.0
Shorea astylosa,13.671355,123.426393,13.0,123.0,14750.0,33.5,,,True,32.70000076293945,True,33.79999923706055,fast_plan,15,,,,100.0
Shorea balangeran,1.53241,109.4269,1.0,109.0,14764.0,29.299999237060547,,,True,38.5,True,32.20000076293945,fast_plan,15,,,,100.0
Shorea balangeran,0.15686,116.36286,0.0,116.0,14760.0,25.100000381469727,,,True,41.0,True,33.89999961853027,fast_plan,15,,,,100.0
Shorea balangeran,-2.83333,107.91667,-3.0,107.0,14761.0,26.5,,,True,37.400001525878906,True,36.099998474121094,fast_plan,15,,,,100.0
Shorea balangeran,0.55,111.96667,0.0,111.0,14765.0,28.0,,,True,33.5,True,38.5,fast_plan,15,,,,100.0
Shorea balangeran,1.592893,99.187895,1.0,99.0,14768.0,32.400001525878906,,,True,42.5,True,25.099998474121094,fast_plan,15,,,,100.0
Shorea balangeran,-2.25,114.9,-3.0,114.0,14758.0,23.600000381469727,,,True,32.900001525878906,True,43.49999809265137,fast_plan,15,,,,100.0
Shorea balangeran,-2.03333,113.76667,-3.0,113.0,14756.0,26.0,,,True,36.099998474121094,True,37.900001525878906,fast_plan,15,,,,100.0
Shorea balangeran,-3.16667,115.08333,-4.0,115.0,14753.0,30.399999618530273,,,True,30.600000381469727,True,39.0,fast_plan,15,,,,100.0
Shorea balangeran,1.01667,117.1,1.0,117.0,14762.0,35.20000076293945,,,True,32.5,True,32.29999923706055,fast_plan,15,,,,100.0
Shorea balangeran,-2.53333,112.95,-3.0,112.0,14769.0,23.299999237060547,,,True,42.70000076293945,True,34.0,fast_plan,15,,,,100.0
Shorea balangeran,-1.668999,113.365368,-2.0,113.0,14759.0,23.600000381469727,,,True,45.099998474121094,True,31.30000114440918,fast_plan,15,,,,100.0
Shorea beccariana,-0.41667,109.66667,-1.0,109.0,14782.0,31.100000381469727,,,True,31.799999237060547,True,37.10000038146973,fast_plan,15,,,,100.0
Shorea beccariana,0.36667,108.96667,0.0,108.0,14771.0,24.200000762939453,,,True,38.900001525878906,True,36.89999771118164,fast_plan,15,,,,100.0
Shorea beccariana,4.2,113.98333,4.0,113.0,14780.0,30.5,,,True,38.79999923706055,True,30.700000762939453,fast_plan,15,,,,100.0
Shorea beccariana,4.53333,114.45,4.0,114.0,14794.0,30.899999618530273,,,True,36.79999923706055,True,32.30000114440918,fast_plan,15,,,,100.0
Shorea beccariana,-0.58333,114.58333,-1.0,114.0,14793.0,33.400001525878906,,,True,41.400001525878906,True,25.199996948242188,fast_plan,15,,,,100.0
Shorea beccariana,2.1,117.31667,2.0,117.0,14783.0,29.799999237060547,,,True,36.599998474121094,True,33.60000228881836,fast_plan,15,,,,100.0
Shorea beccariana,3.36667,113.56667,3.0,113.0,14787.0,34.79999923706055,,,True,34.900001525878906,True,30.299999237060547,fast_plan,15,,,,100.0
Shorea beccariana,4.55,115.13333,4.0,115.0,14778.0,30.299999237060547,,,True,35.599998474121094,True,34.10000228881836,fast_plan,15,,,,100.0
Shorea beccariana,-1.483333,112.516667,-2.0,112.0,14770.0,34.79999923706055,,,True,37.5,True,27.700000762939453,fast_plan,15,,,,100.0
Shorea beccariana,1.65,113.63333,1.0,113.0,14777.0,25.200000762939453,,,True,43.79999923706055,True,31.0,fast_plan,15,,,,100.0
Shorea beccariana,5.88333,116.98333,5.0,116.0,14786.0,30.399999618530273,,,True,40.099998474121094,True,29.500001907348633,fast_plan,15,,,,100.0
Shorea beccariana,6.42,116.75,6.0,116.0,14773.0,32.70000076293945,,,True,40.599998474121094,True,26.700000762939453,fast_plan,15,,,,100.0
Shorea blumutensis,2.53333,103.48333,2.0,103.0,14797.0,33.29999923706055,,,True,39.5,True,27.200000762939453,fast_plan,15,,,,100.0
Shorea blumutensis,3.774207,97.243711,3.0,97.0,14798.0,30.200000762939453,,,True,33.0,True,36.79999923706055,fast_plan,15,,,,100.0
Shorea blumutensis,1.05,103.36667,1.0,103.0,14799.0,29.200000762939453,,,True,44.29999923706055,True,26.5,fast_plan,15,,,,100.0
Shorea blumutensis,-1.477707,102.441969,-2.0,102.0,14800.0,36.79999923706055,,,True,39.70000076293945,True,23.5,fast_plan,15,,,,100.0
Shorea contorta,8.770028,117.586682,8.0,117.0,14832.0,34.29999923706055,,,True,32.5,True,33.20000076293945,fast_plan,15,,,,100.0
Shorea contorta,11.41615,125.232125,11.0,125.0,14816.0,35.400001525878906,,,True,35.400001525878906,True,29.199996948242188,fast_plan,15,,,,100.0
Shorea contorta,13.127656,121.454275,13.0,121.0,14808.0,27.799999237060547,,,True,36.400001525878906,True,35.79999923706055,fast_plan,15,,,,100.0
Shorea contorta,10.754025,124.828159,10.0,124.0,14802.0,34.900001525878906,,,True,36.29999923706055,True,28.799999237060547,fast_plan,15,,,,100.0
Shorea contorta,8.468423,123.646133,8.0,123.0,14819.0,32.400001525878906,,,True,31.299999237060547,True,36.29999923706055,fast_plan,15,,,,100.0
Shorea contorta,17.304718,120.587378,17.0,120.0,14814.0,28.0,,,True,29.899999618530273,True,42.10000038146973,fast_plan,15,,,,100.0
Shorea contorta,13.671355,123.426393,13.0,123.0,14801.0,33.5,,,True,32.70000076293945,True,33.79999923706055,fast_plan,15,,,,100.0
Shorea contorta,15.854111,120.674769,15.0,120.0,14815.0,22.100000381469727,,,True,31.299999237060547,True,46.60000038146973,fast_plan,15,,,,100.0
Shorea contorta,10.446667,123.353333,10.0,123.0,14807.0,27.700000762939453,,,True,38.79999923706055,True,33.5,fast_plan,15,,,,100.0
Shorea contorta,12.51667,121.4,12.0,121.0,14803.0,24.899999618530273,,,True,39.0,True,36.10000038146973,fast_plan,15,,,,100.0
Shorea contorta,16.977811,122.379,16.0,122.0,14827.0,36.29999923706055,,,True,31.700000762939453,True,32.0,fast_plan,15,,,,100.0
Shorea contorta,12.219514,123.66927,12.0,123.0,14817.0,30.600000381469727,,,True,33.29999923706055,True,36.10000038146973,fast_plan,15,,,,100.0
Shorea curtisii,-0.915422,100.45081,-1.0,100.0,14849.0,27.0,,,True,39.79999923706055,True,33.20000076293945,fast_plan,15,,,,100.0
Shorea curtisii,-0.2,104.61667,-1.0,104.0,14851.0,31.799999237060547,,,True,39.0,True,29.200000762939453,fast_plan,15,,,,100.0
Shorea curtisii,3.82976,103.36146,3.0,103.0,14836.0,26.799999237060547,,,True,41.79999923706055,True,31.400001525878906,fast_plan,15,,,,100.0
Shorea curtisii,1.15,111.51667,1.0,111.0,14837.0,27.700000762939453,,,True,37.599998474121094,True,34.70000076293945,fast_plan,15,,,,100.0
Shorea curtisii,2.58333,115.6,2.0,115.0,14855.0,30.299999237060547,,,True,40.70000076293945,True,29.0,fast_plan,15,,,,100.0
Shorea curtisii,5.53621,101.32483,5.0,101.0,14850.0,36.20000076293945,,,True,35.70000076293945,True,28.099998474121094,fast_plan,15,,,,100.0
Shorea curtisii,2.01667,113.88333,2.0,113.0,14835.0,31.5,,,True,36.900001525878906,True,31.599998474121094,fast_plan,15,,,,100.0
Shorea curtisii,1.8,109.68333,1.0,109.0,14842.0,38.099998474121094,,,True,34.29999923706055,True,27.60000228881836,fast_plan,15,,,,100.0
Shorea curtisii,4.2,113.98333,4.0,113.0,14844.0,30.5,,,True,38.79999923706055,True,30.700000762939453,fast_plan,15,,,,100.0
Shorea curtisii,3.78037,102.65908,3.0,102.0,14838.0,34.099998474121094,,,True,34.5,True,31.400001525878906,fast_plan,15,,,,100.0
Shorea curtisii,5.41318,100.26186,5.0,100.0,14841.0,33.79999923706055,,,True,36.400001525878906,True,29.799999237060547,fast_plan,15,,,,100.0
Shorea curtisii,4.63333,114.53333,4.0,114.0,14839.0,30.299999237060547,,,True,35.5,True,34.20000076293945,fast_plan,15,,,,100.0
Shorea dasyphylla,-2.71667,102.9,-3.0,102.0,14875.0,32.79999923706055,,,True,39.900001525878906,True,27.299999237060547,fast_plan,15,,,,100.0
Shorea dasyphylla,2.972545,102.299258,2.0,102.0,14867.0,34.29999923706055,,,True,38.79999923706055,True,26.900001525878906,fast_plan,15,,,,100.0
Shorea dasyphylla,4.45,100.83333,4.0,100.0,14865.0,34.20000076293945,,,True,39.70000076293945,True,26.099998474121094,fast_plan,15,,,,100.0
Shorea dasyphylla,-3.65,103.8,-4.0,103.0,14858.0,23.399999618530273,,,True,42.79999923706055,True,33.80000114440918,fast_plan,15,,,,100.0
Shorea dasyphylla,1.801389,113.026944,1.0,113.0,14863.0,31.399999618530273,,,True,37.20000076293945,True,31.399999618530273,fast_plan,15,,,,100.0
Shorea dasyphylla,3.962,98.1267,3.0,98.0,14872.0,35.0,,,True,32.70000076293945,True,32.29999923706055,fast_plan,15,,,,100.0
Shorea dasyphylla,1.48333,110.33333,1.0,110.0,14874.0,23.299999237060547,,,True,44.599998474121094,True,32.10000228881836,fast_plan,15,,,,100.0
Shorea dasyphylla,2.081388,113.548333,2.0,113.0,14861.0,32.20000076293945,,,True,40.70000076293945,True,27.099998474121094,fast_plan,15,,,,100.0
Shorea dasyphylla,-0.78333,100.31667,-1.0,100.0,14857.0,21.700000762939453,,,True,44.400001525878906,True,33.89999771118164,fast_plan,15,,,,100.0
Shorea disticha,6.53333,80.26667,6.0,80.0,14876.0,29.399999618530273,,,True,35.099998474121094,True,35.50000190734863,fast_plan,15,,,,100.0
Shorea faguetiana,5.33333,115.75,5.0,115.0,14878.0,34.5,,,True,32.900001525878906,True,32.599998474121094,fast_plan,15,,,,100.0
Shorea faguetiana,4.41667,117.48333,4.0,117.0,14883.0,30.799999237060547,,,True,34.099998474121094,True,35.10000228881836,fast_plan,15,,,,100.0
Shorea faguetiana,0.26667,116.18333,0.0,116.0,14881.0,28.399999618530273,,,True,36.900001525878906,True,34.69999885559082,fast_plan,15,,,,100.0
Shorea faguetiana,-2.53333,112.95,-3.0,112.0,14905.0,23.299999237060547,,,True,42.70000076293945,True,34.0,fast_plan,15,,,,100.0
Shorea faguetiana,2.429722,112.5775,2.0,112.0,14877.0,30.799999237060547,,,True,36.70000076293945,True,32.5,fast_plan,15,,,,100.0
Shorea faguetiana,1.65,113.63333,1.0,113.0,14897.0,25.200000762939453,,,True,43.79999923706055,True,31.0,fast_plan,15,,,,100.0
Shorea faguetiana,6.31667,116.73333,6.0,116.0,14893.0,31.200000762939453,,,True,40.79999923706055,True,28.0,fast_plan,15,,,,100.0
Shorea faguetiana,5.98333,100.65,5.0,100.0,14904.0,34.70000076293945,,,True,35.5,True,29.799999237060547,fast_plan,15,,,,100.0
Shorea faguetiana,4.28333,103.46667,4.0,103.0,14886.0,29.899999618530273,,,True,39.400001525878906,True,30.69999885559082,fast_plan,15,,,,100.0
Shorea faguetioides,4.543206,114.6431,4.0,114.0,14907.0,30.100000381469727,,,True,39.900001525878906,True,29.999998092651367,fast_plan,15,,,,100.0
Shorea faguetioides,1.15,111.51667,1.0,111.0,14911.0,27.700000762939453,,,True,37.599998474121094,True,34.70000076293945,fast_plan,15,,,,100.0
Shorea faguetioides,1.03333,110.9,1.0,110.0,14912.0,30.700000762939453,,,True,37.70000076293945,True,31.599998474121094,fast_plan,15,,,,100.0
Shorea faguetioides,1.79472,109.75494,1.0,109.0,14915.0,40.900001525878906,,,True,37.79999923706055,True,21.299999237060547,fast_plan,15,,,,100.0
Shorea faguetioides,1.65,113.63333,1.0,113.0,14917.0,25.200000762939453,,,True,43.79999923706055,True,31.0,fast_plan,15,,,,100.0
Shorea faguetioides,5.4,115.75,5.0,115.0,14913.0,31.299999237060547,,,True,36.099998474121094,True,32.60000228881836,fast_plan,15,,,,100.0
Shorea faguetioides,2.51667,113.1,2.0,113.0,14914.0,29.600000381469727,,,True,38.099998474121094,True,32.30000114440918,fast_plan,15,,,,100.0
Shorea faguetioides,1.58333,114.53333,1.0,114.0,14908.0,30.899999618530273,,,True,39.29999923706055,True,29.80000114440918,fast_plan,15,,,,100.0
Shorea faguetioides,0.25,110.25,0.0,110.0,14910.0,29.100000381469727,,,True,41.5,True,29.399999618530273,fast_plan,15,,,,100.0
Shorea faguetioides,4.5,115.5,4.0,115.0,14916.0,30.5,,,True,43.400001525878906,True,26.099998474121094,fast_plan,15,,,,100.0
Shorea faguetioides,0.26667,116.18333,0.0,116.0,14918.0,28.399999618530273,,,True,36.900001525878906,True,34.69999885559082,fast_plan,15,,,,100.0
Shorea faguetioides,4.2,113.98333,4.0,113.0,14909.0,30.5,,,True,38.79999923706055,True,30.700000762939453,fast_plan,15,,,,100.0
Shorea falciferoides,5.83333,117.93333,5.0,117.0,14929.0,30.799999237060547,,,True,37.70000076293945,True,31.5,fast_plan,15,,,,100.0
Shorea falciferoides,1.65,113.63333,1.0,113.0,14923.0,25.200000762939453,,,True,43.79999923706055,True,31.0,fast_plan,15,,,,100.0
Shorea falciferoides,13.21667,123.55,13.0,123.0,14919.0,34.70000076293945,,,True,34.400001525878906,True,30.89999771118164,fast_plan,15,,,,100.0
Shorea falciferoides,-1.55,114.46667,-2.0,114.0,14924.0,31.0,,,True,32.20000076293945,True,36.79999923706055,fast_plan,15,,,,100.0
Shorea falciferoides,2.051944,113.452778,2.0,113.0,14930.0,32.79999923706055,,,True,36.599998474121094,True,30.60000228881836,fast_plan,15,,,,100.0
Shorea falciferoides,4.55,115.13333,4.0,115.0,14921.0,30.299999237060547,,,True,35.599998474121094,True,34.10000228881836,fast_plan,15,,,,100.0
Shorea falciferoides,4.08333,117.66667,4.0,117.0,14922.0,30.299999237060547,,,True,38.29999923706055,True,31.400001525878906,fast_plan,15,,,,100.0
Shorea falciferoides,4.36667,114.36667,4.0,114.0,14933.0,31.600000381469727,,,True,39.20000076293945,True,29.19999885559082,fast_plan,15,,,,100.0
Shorea falciferoides,0.5,117.0,0.0,117.0,14928.0,35.20000076293945,,,True,31.299999237060547,True,33.5,fast_plan,15,,,,100.0
Shorea falciferoides,5.33333,115.75,5.0,115.0,14920.0,34.5,,,True,32.900001525878906,True,32.599998474121094,fast_plan,15,,,,100.0
Shorea falciferoides,0.36667,109.16667,0.0,109.0,14934.0,33.5,,,True,39.099998474121094,True,27.400001525878906,fast_plan,15,,,,100.0
Shorea fallax,4.543206,114.6431,4.0,114.0,14955.0,30.100000381469727,,,True,39.900001525878906,True,29.999998092651367,fast_plan,15,,,,100.0
Shorea fallax,5.84583,118.09583,5.0,118.0,14958.0,32.79999923706055,,,True,39.20000076293945,True,28.0,fast_plan,15,,,,100.0
Shorea fallax,4.71667,116.43333,4.0,116.0,14938.0,33.0,,,True,35.400001525878906,True,31.599998474121094,fast_plan,15,,,,100.0
Shorea fallax,-0.75,116.63333,-1.0,116.0,14939.0,37.79999923706055,,,True,26.600000381469727,True,35.60000038146973,fast_plan,15,,,,100.0
Shorea fallax,1.96667,117.33333,1.0,117.0,14954.0,29.100000381469727,,,True,35.599998474121094,True,35.30000114440918,fast_plan,15,,,,100.0
Shorea fallax,2.0,117.3,2.0,117.0,14952.0,33.0,,,True,35.900001525878906,True,31.099998474121094,fast_plan,15,,,,100.0
Shorea fallax,3.3,117.63333,3.0,117.0,14957.0,25.899999618530273,,,True,37.599998474121094,True,36.50000190734863,fast_plan,15,,,,100.0
Shorea fallax,2.63,114.58,2.0,114.0,14950.0,32.0,,,True,35.599998474121094,True,32.400001525878906,fast_plan,15,,,,100.0
Shorea fallax,3.25,114.25,3.0,114.0,14941.0,29.399999618530273,,,True,40.20000076293945,True,30.399999618530273,fast_plan,15,,,,100.0
Shorea gibbosa,1.75,117.5,1.0,117.0,14981.0,35.5,,,True,32.70000076293945,True,31.799999237060547,fast_plan,15,,,,100.0
Shorea gibbosa,2.8,116.83333,2.0,116.0,15004.0,28.899999618530273,,,True,39.099998474121094,True,32.00000190734863,fast_plan,15,,,,100.0
Shorea gibbosa,-3.16667,102.5,-4.0,102.0,14994.0,31.700000762939453,,,True,32.099998474121094,True,36.20000076293945,fast_plan,15,,,,100.0
Shorea gibbosa,0.88333,117.8,0.0,117.0,14968.0,31.200000762939453,,,True,30.200000762939453,True,38.599998474121094,fast_plan,15,,,,100.0
Shorea gibbosa,1.8,109.68333,1.0,109.0,15000.0,38.099998474121094,,,True,34.29999923706055,True,27.60000228881836,fast_plan,15,,,,100.0
Shorea gibbosa,0.7,116.65,0.0,116.0,14998.0,35.099998474121094,,,True,32.29999923706055,True,32.60000228881836,fast_plan,15,,,,100.0
Shorea gibbosa,2.428055,112.577222,2.0,112.0,14967.0,30.799999237060547,,,True,36.70000076293945,True,32.5,fast_plan,15,,,,100.0
Shorea gibbosa,3.5,116.38333,3.0,116.0,14995.0,29.5,,,True,31.799999237060547,True,38.70000076293945,fast_plan,15,,,,100.0
Shorea gibbosa,5.33333,115.75,5.0,115.0,14985.0,34.5,,,True,32.900001525878906,True,32.599998474121094,fast_plan,15,,,,100.0
Shorea gibbosa,3.71667,101.6,3.0,101.0,14975.0,38.400001525878906,,,True,36.900001525878906,True,24.699996948242188,fast_plan,15,,,,100.0
Shorea gibbosa,1.628876,99.170987,1.0,99.0,14969.0,33.70000076293945,,,True,38.900001525878906,True,27.39999771118164,fast_plan,15,,,,100.0
Shorea glauca,2.58,96.08,2.0,96.0,15008.0,21.5,,,True,39.5,True,39.0,fast_plan,15,,,,100.0
Shorea glauca,2.28333,97.81667,2.0,97.0,15011.0,26.200000762939453,,,True,38.5,True,35.29999923706055,fast_plan,15,,,,100.0
Shorea glauca,3.0,102.33333,3.0,102.0,15012.0,31.5,,,True,40.29999923706055,True,28.200000762939453,fast_plan,15,,,,100.0
Shorea glauca,1.527821,99.136287,1.0,99.0,15006.0,35.5,,,True,36.400001525878906,True,28.099998474121094,fast_plan,15,,,,100.0
Shorea glauca,2.85,98.26667,2.0,98.0,15005.0,37.70000076293945,,,True,34.29999923706055,True,28.0,fast_plan,15,,,,100.0
Shorea glauca,4.95,97.76667,4.0,97.0,15010.0,31.200000762939453,,,True,29.200000762939453,True,39.599998474121094,fast_plan,15,,,,100.0
Shorea glauca,1.75,98.8,1.0,98.0,15015.0,27.200000762939453,,,True,37.599998474121094,True,35.20000076293945,fast_plan,15,,,,100.0
Shorea glauca,4.31667,100.56667,4.0,100.0,15013.0,29.100000381469727,,,True,40.0,True,30.899999618530273,fast_plan,15,,,,100.0
Shorea glauca,-0.63333,100.13333,-1.0,100.0,15007.0,22.899999618530273,,,True,39.099998474121094,True,38.00000190734863,fast_plan,15,,,,100.0
Shorea glauca,3.23,101.63,3.0,101.0,15014.0,34.70000076293945,,,True,39.20000076293945,True,26.099998474121094,fast_plan,15,,,,100.0
Shorea gratissima,1.75,117.5,1.0,117.0,15030.0,35.5,,,True,32.70000076293945,True,31.799999237060547,fast_plan,15,,,,100.0
Shorea gratissima,-1.2754,110.186,-2.0,110.0,15018.0,17.5,,,True,51.599998474121094,True,30.900001525878906,fast_plan,15,,,,100.0
Shorea gratissima,5.03333,118.31667,5.0,118.0,15028.0,29.5,,,True,39.70000076293945,True,30.799999237060547,fast_plan,15,,,,100.0
Shorea gratissima,7.60275,99.37169,7.0,99.0,15019.0,37.29999923706055,,,True,26.299999237060547,True,36.400001525878906,fast_plan,15,,,,100.0
Shorea gratissima,7.83333,98.38333,7.0,98.0,15020.0,38.5,,,True,28.299999237060547,True,33.20000076293945,fast_plan,15,,,,100.0
Shorea gratissima,-2.06667,101.03333,-3.0,101.0,15031.0,28.100000381469727,,,True,40.79999923706055,True,31.100000381469727,fast_plan,15,,,,100.0
Shorea gratissima,2.83333,101.41667,2.0,101.0,15024.0,34.20000076293945,,,True,32.5,True,33.29999923706055,fast_plan,15,,,,100.0
Shorea gratissima,9.16667,98.88333,9.0,98.0,15032.0,38.400001525878906,,,True,28.799999237060547,True,32.79999923706055,fast_plan,15,,,,100.0
Shorea gratissima,12.43333,98.61667,12.0,98.0,15025.0,34.0,,,True,31.100000381469727,True,34.89999961853027,fast_plan,15,,,,100.0
Shorea gratissima,6.5,116.67,6.0,116.0,15016.0,33.599998474121094,,,True,36.79999923706055,True,29.60000228881836,fast_plan,15,,,,100.0
Shorea guiso,14.6432,121.243,14.0,121.0,15034.0,24.700000762939453,,,True,37.5,True,37.79999923706055,fast_plan,15,,,,100.0
Shorea guiso,17.7575,105.337222,17.0,105.0,15066.0,33.79999923706055,,,True,31.100000381469727,True,35.10000038146973,fast_plan,15,,,,100.0
Shorea guiso,2.9,117.10028,2.0,117.0,15037.0,30.0,,,True,38.29999923706055,True,31.700000762939453,fast_plan,15,,,,100.0
Shorea guiso,12.77056,124.05222,12.0,124.0,15055.0,32.599998474121094,,,True,33.099998474121094,True,34.30000305175781,fast_plan,15,,,,100.0
Shorea guiso,16.32468,121.12425,16.0,121.0,15091.0,36.0,,,True,31.399999618530273,True,32.60000038146973,fast_plan,15,,,,100.0
Shorea guiso,12.46667,122.53333,12.0,122.0,15075.0,34.79999923706055,,,True,38.79999923706055,True,26.400001525878906,fast_plan,15,,,,100.0
Shorea guiso,1.33333,109.25,1.0,109.0,15059.0,34.20000076293945,,,True,34.0,True,31.799999237060547,fast_plan,15,,,,100.0
Shorea guiso,1.5,117.33333,1.0,117.0,15077.0,33.099998474121094,,,True,29.5,True,37.400001525878906,fast_plan,15,,,,100.0
Shorea guiso,1.36667,110.38333,1.0,110.0,15067.0,21.899999618530273,,,True,49.400001525878906,True,28.69999885559082,fast_plan,15,,,,100.0
Shorea guiso,18.520944,120.922966,18.0,120.0,15046.0,37.5,,,True,36.400001525878906,True,26.099998474121094,fast_plan,15,,,,100.0
Shorea guiso,14.516821,120.512099,14.0,120.0,15071.0,50.20000076293945,,,True,24.700000762939453,True,25.099998474121094,fast_plan,15,,,,100.0
Shorea guiso,17.464806,120.441934,17.0,120.0,15062.0,29.700000762939453,,,True,25.0,True,45.29999923706055,fast_plan,15,,,,100.0
Shorea henryana,17.96667,104.96667,17.0,104.0,15100.0,38.5,,,True,25.5,True,36.0,fast_plan,15,,,,100.0
Shorea henryana,9.61667,98.48333,9.0,98.0,15102.0,42.79999923706055,,,True,30.600000381469727,True,26.600000381469727,fast_plan,15,,,,100.0
Shorea henryana,13.95114,101.71769,13.0,101.0,15095.0,34.5,,,True,28.200000762939453,True,37.29999923706055,fast_plan,15,,,,100.0
Shorea henryana,11.612979,99.478531,11.0,99.0,15101.0,46.0,,,True,27.5,True,26.5,fast_plan,15,,,,100.0
Shorea henryana,3.23,101.63,3.0,101.0,15094.0,34.70000076293945,,,True,39.20000076293945,True,26.099998474121094,fast_plan,15,,,,100.0
Shorea henryana,11.08333,106.16667,11.0,106.0,15099.0,27.0,,,True,34.599998474121094,True,38.400001525878906,fast_plan,15,,,,100.0
Shorea henryana,12.9728,105.421,12.0,105.0,15097.0,38.5,,,True,26.200000762939453,True,35.29999923706055,fast_plan,15,,,,100.0
Shorea henryana,14.5,101.25,14.0,101.0,15096.0,30.299999237060547,,,True,39.29999923706055,True,30.400001525878906,fast_plan,15,,,,100.0
Shorea henryana,14.71667,102.01667,14.0,102.0,15093.0,40.900001525878906,,,True,29.299999237060547,True,29.799999237060547,fast_plan,15,,,,100.0
Shorea henryana,6.3667,99.8,6.0,99.0,15098.0,36.599998474121094,,,True,28.0,True,35.400001525878906,fast_plan,15,,,,100.0
Shorea hopeifolia,3.34722,101.77333,3.0,101.0,15144.0,35.900001525878906,,,True,38.29999923706055,True,25.799999237060547,fast_plan,15,,,,100.0
Shorea hopeifolia,-4.83333,104.9,-5.0,104.0,15141.0,24.5,,,True,46.29999923706055,True,29.200000762939453,fast_plan,15,,,,100.0
Shorea hopeifolia,2.51667,113.1,2.0,113.0,15107.0,29.600000381469727,,,True,38.099998474121094,True,32.30000114440918,fast_plan,15,,,,100.0
Shorea hopeifolia,-2.95,103.33333,-3.0,103.0,15130.0,29.5,,,True,42.5,True,28.0,fast_plan,15,,,,100.0
Shorea hopeifolia,1.75,98.8,1.0,98.0,15132.0,27.200000762939453,,,True,37.599998474121094,True,35.20000076293945,fast_plan,15,,,,100.0
Shorea hopeifolia,-1.3,112.53333,-2.0,112.0,15109.0,29.799999237060547,,,True,40.099998474121094,True,30.10000228881836,fast_plan,15,,,,100.0
Shorea hopeifolia,4.41667,117.48333,4.0,117.0,15133.0,30.799999237060547,,,True,34.099998474121094,True,35.10000228881836,fast_plan,15,,,,100.0
Shorea hopeifolia,-2.96667,111.51667,-3.0,111.0,15126.0,23.5,,,True,38.29999923706055,True,38.20000076293945,fast_plan,15,,,,100.0
Shorea hopeifolia,-1.25,109.95,-2.0,109.0,15106.0,19.799999237060547,,,True,40.79999923706055,True,39.400001525878906,fast_plan,15,,,,100.0
Shorea javanica,-5.38333,104.41667,-6.0,104.0,15150.0,34.20000076293945,,,True,35.20000076293945,True,30.599998474121094,fast_plan,15,,,,100.0
Shorea javanica,-2.91667,104.75,-3.0,104.0,15148.0,20.5,,,True,45.5,True,34.0,fast_plan,15,,,,100.0
Shorea javanica,-0.47,102.68,-1.0,102.0,15147.0,23.899999618530273,,,True,41.20000076293945,True,34.89999961853027,fast_plan,15,,,,100.0
Shorea javanica,-4.15,102.53,-5.0,102.0,15157.0,21.5,,,True,42.400001525878906,True,36.099998474121094,fast_plan,15,,,,100.0
Shorea javanica,-2.18333,99.65,-3.0,99.0,15155.0,32.29999923706055,,,True,40.599998474121094,True,27.10000228881836,fast_plan,15,,,,100.0
Shorea johorensis,-1.42383,115.95983,-2.0,115.0,15183.0,30.100000381469727,,,True,34.099998474121094,True,35.80000114440918,fast_plan,15,,,,100.0
Shorea johorensis,1.82,103.88633,1.0,103.0,15169.0,34.599998474121094,,,True,42.099998474121094,True,23.300003051757812,fast_plan,15,,,,100.0
Shorea johorensis,1.65,113.63333,1.0,113.0,15194.0,25.200000762939453,,,True,43.79999923706055,True,31.0,fast_plan,15,,,,100.0
Shorea johorensis,-1.46667,102.11667,-2.0,102.0,15188.0,39.79999923706055,,,True,41.900001525878906,True,18.299999237060547,fast_plan,15,,,,100.0
Shorea johorensis,4.41667,117.48333,4.0,117.0,15173.0,30.799999237060547,,,True,34.099998474121094,True,35.10000228881836,fast_plan,15,,,,100.0
Shorea johorensis,6.57,116.75,6.0,116.0,15171.0,33.70000076293945,,,True,38.599998474121094,True,27.700000762939453,fast_plan,15,,,,100.0
Shorea johorensis,-0.91667,116.76667,-1.0,116.0,15193.0,32.20000076293945,,,True,32.400001525878906,True,35.39999771118164,fast_plan,15,,,,100.0
Shorea johorensis,-0.926,114.86733,-1.0,114.0,15164.0,29.5,,,True,38.900001525878906,True,31.599998474121094,fast_plan,15,,,,100.0
Shorea laevis,1.13333,109.6,1.0,109.0,15222.0,29.5,,,True,37.79999923706055,True,32.70000076293945,fast_plan,15,,,,100.0
Shorea laevis,0.45,112.26667,0.0,112.0,15237.0,30.899999618530273,,,True,36.599998474121094,True,32.50000190734863,fast_plan,15,,,,100.0
Shorea laevis,4.18333,100.8,4.0,100.0,15198.0,19.200000762939453,,,True,43.099998474121094,True,37.70000076293945,fast_plan,15,,,,100.0
Shorea laevis,-1.55,114.46667,-2.0,114.0,15235.0,31.0,,,True,32.20000076293945,True,36.79999923706055,fast_plan,15,,,,100.0
Shorea laevis,2.096389,113.570278,2.0,113.0,15211.0,32.29999923706055,,,True,38.400001525878906,True,29.299999237060547,fast_plan,15,,,,100.0
Shorea laevis,-1.325,116.48333,-2.0,116.0,15199.0,33.400001525878906,,,True,33.20000076293945,True,33.39999771118164,fast_plan,15,,,,100.0
Shorea laevis,2.1,117.31667,2.0,117.0,15239.0,29.799999237060547,,,True,36.599998474121094,True,33.60000228881836,fast_plan,15,,,,100.0
Shorea laevis,3.23,101.63,3.0,101.0,15216.0,34.70000076293945,,,True,39.20000076293945,True,26.099998474121094,fast_plan,15,,,,100.0
Shorea laevis,-0.75,112.78333,-1.0,112.0,15224.0,30.5,,,True,38.70000076293945,True,30.799999237060547,fast_plan,15,,,,100.0
Shorea laevis,-0.61667,116.73333,-1.0,116.0,15240.0,32.79999923706055,,,True,29.5,True,37.70000076293945,fast_plan,15,,,,100.0
Shorea laevis,1.31667,112.18333,1.0,112.0,15226.0,31.399999618530273,,,True,38.70000076293945,True,29.899999618530273,fast_plan,15,,,,100.0
Shorea laevis,-0.58333,114.58333,-1.0,114.0,15208.0,33.400001525878906,,,True,41.400001525878906,True,25.199996948242188,fast_plan,15,,,,100.0
Shorea lamellata,0.53333,109.13333,0.0,109.0,15262.0,34.20000076293945,,,True,41.099998474121094,True,24.700000762939453,fast_plan,15,,,,100.0
Shorea lamellata,-0.59417,115.51556,-1.0,115.0,15251.0,33.0,,,True,34.79999923706055,True,32.20000076293945,fast_plan,15,,,,100.0
Shorea lamellata,0.98333,113.25,0.0,113.0,15244.0,32.79999923706055,,,True,36.70000076293945,True,30.5,fast_plan,15,,,,100.0
Shorea lamellata,-0.2,104.61667,-1.0,104.0,15266.0,31.799999237060547,,,True,39.0,True,29.200000762939453,fast_plan,15,,,,100.0
Shorea lamellata,-0.58333,114.58333,-1.0,114.0,15248.0,33.400001525878906,,,True,41.400001525878906,True,25.199996948242188,fast_plan,15,,,,100.0
Shorea lamellata,-2.48,111.42,-3.0,111.0,15253.0,24.299999237060547,,,True,44.5,True,31.200000762939453,fast_plan,15,,,,100.0
Shorea lamellata,-1.98333,112.43333,-2.0,112.0,15243.0,27.700000762939453,,,True,41.20000076293945,True,31.099998474121094,fast_plan,15,,,,100.0
Shorea lamellata,3.3,117.63333,3.0,117.0,15250.0,25.899999618530273,,,True,37.599998474121094,True,36.50000190734863,fast_plan,15,,,,100.0
Shorea lamellata,1.31667,117.71667,1.0,117.0,15258.0,29.600000381469727,,,True,35.900001525878906,True,34.49999809265137,fast_plan,15,,,,100.0
Shorea lamellata,0.56667,116.03333,0.0,116.0,15259.0,28.700000762939453,,,True,40.29999923706055,True,31.0,fast_plan,15,,,,100.0
Shorea lamellata,-0.98333,116.93333,-1.0,116.0,15255.0,38.20000076293945,,,True,30.200000762939453,True,31.599998474121094,fast_plan,15,,,,100.0
Shorea lamellata,1.05,110.88333,1.0,110.0,15242.0,30.700000762939453,,,True,38.20000076293945,True,31.099998474121094,fast_plan,15,,,,100.0
Shorea leprosula,-2.06667,115.61667,-3.0,115.0,15276.0,30.0,,,True,37.20000076293945,True,32.79999923706055,fast_plan,16,,,,100.0
Shorea leprosula,-5.034722,105.778889,-6.0,105.0,15308.0,31.299999237060547,,,True,32.79999923706055,True,35.900001525878906,fast_plan,16,,,,100.0
Shorea leprosula,6.43333,101.83333,6.0,101.0,15317.0,54.70000076293945,,,True,25.299999237060547,True,20.0,fast_plan,16,,,,100.0
Shorea leprosula,6.35,116.43333,6.0,116.0,15278.0,31.0,,,True,37.0,True,32.0,fast_plan,16,,,,100.0
Shorea leprosula,0.7,110.66667,0.0,110.0,15275.0,26.100000381469727,,,True,42.0,True,31.899999618530273,fast_plan,16,,,,100.0
Shorea leprosula,-2.6,106.55,-3.0,106.0,15295.0,27.899999618530273,,,True,38.599998474121094,True,33.50000190734863,fast_plan,16,,,,100.0
Shorea leprosula,-0.075833,101.514444,-1.0,101.0,15291.0,35.5,,,True,39.099998474121094,True,25.400001525878906,fast_plan,16,,,,100.0
Shorea leprosula,0.67,115.83,0.0,115.0,15304.0,32.20000076293945,,,True,40.79999923706055,True,27.0,fast_plan,16,,,,100.0
Shorea leprosula,4.35,100.666667,4.0,100.0,15292.0,24.399999618530273,,,True,37.29999923706055,True,38.30000114440918,fast_plan,16,,,,100.0
Shorea leprosula,1.53333,99.38333,1.0,99.0,15312.0,33.20000076293945,,,True,37.400001525878906,True,29.39999771118164,fast_plan,16,,,,100.0
Shorea macrophylla,3.06667,113.05,3.0,113.0,15351.0,31.600000381469727,,,True,32.20000076293945,True,36.19999885559082,fast_plan,16,,,,100.0
Shorea macrophylla,-1.483333,112.516667,-2.0,112.0,15341.0,34.79999923706055,,,True,37.5,True,27.700000762939453,fast_plan,16,,,,100.0
Shorea macrophylla,0.09293,111.492802,0.0,111.0,15327.0,31.0,,,True,38.20000076293945,True,30.799999237060547,fast_plan,16,,,,100.0
Shorea macrophylla,4.033333,113.833333,4.0,113.0,15358.0,31.600000381469727,,,True,35.900001525878906,True,32.49999809265137,fast_plan,16,,,,100.0
Shorea macrophylla,4.58333,114.63333,4.0,114.0,15336.0,29.899999618530273,,,True,37.20000076293945,True,32.89999961853027,fast_plan,16,,,,100.0
Shorea macrophylla,5.08333,116.41667,5.0,116.0,15332.0,30.299999237060547,,,True,38.29999923706055,True,31.400001525878906,fast_plan,16,,,,100.0
Shorea macrophylla,0.517508,116.390448,0.0,116.0,15330.0,35.599998474121094,,,True,32.099998474121094,True,32.30000305175781,fast_plan,16,,,,100.0
Shorea macrophylla,2.531408,113.104385,2.0,113.0,15337.0,30.700000762939453,,,True,39.20000076293945,True,30.099998474121094,fast_plan,16,,,,100.0
Shorea macrophylla,2.037458,117.35183,2.0,117.0,15349.0,32.20000076293945,,,True,36.099998474121094,True,31.700000762939453,fast_plan,16,,,,100.0
Shorea macrophylla,3.884277,114.041692,3.0,114.0,15331.0,36.70000076293945,,,True,34.79999923706055,True,28.5,fast_plan,16,,,,100.0
Shorea macroptera,-0.6,100.98333,-1.0,100.0,15394.0,31.200000762939453,,,True,44.0,True,24.799999237060547,fast_plan,16,,,,100.0
Shorea macroptera,1.15,111.51667,1.0,111.0,15365.0,27.700000762939453,,,True,37.599998474121094,True,34.70000076293945,fast_plan,16,,,,100.0
Shorea macroptera,-1.06667,116.65,-2.0,116.0,15382.0,28.299999237060547,,,True,38.099998474121094,True,33.60000228881836,fast_plan,16,,,,100.0
Shorea macroptera,2.67,113.83,2.0,113.0,15384.0,32.400001525878906,,,True,36.099998474121094,True,31.5,fast_plan,16,,,,100.0
Shorea macroptera,-0.58333,114.58333,-1.0,114.0,15401.0,33.400001525878906,,,True,41.400001525878906,True,25.199996948242188,fast_plan,16,,,,100.0
Shorea macroptera,2.1,117.31667,2.0,117.0,15402.0,29.799999237060547,,,True,36.599998474121094,True,33.60000228881836,fast_plan,16,,,,100.0
Shorea macroptera,2.0,114.16667,2.0,114.0,15405.0,32.099998474121094,,,True,38.5,True,29.400001525878906,fast_plan,16,,,,100.0
Shorea macroptera,4.2,113.98333,4.0,113.0,15364.0,30.5,,,True,38.79999923706055,True,30.700000762939453,fast_plan,16,,,,100.0
Shorea macroptera,1.355153,103.797202,1.0,103.0,15392.0,33.29999923706055,,,True,36.79999923706055,True,29.900001525878906,fast_plan,16,,,,100.0
Shorea materialis,3.23333,101.61667,3.0,101.0,15419.0,36.20000076293945,,,True,33.900001525878906,True,29.89999771118164,fast_plan,16,,,,100.0
Shorea materialis,4.68333,115.1,4.0,115.0,15414.0,26.200000762939453,,,True,39.70000076293945,True,34.099998474121094,fast_plan,16,,,,100.0
Shorea materialis,4.2,114.38333,4.0,114.0,15418.0,33.29999923706055,,,True,33.400001525878906,True,33.29999923706055,fast_plan,16,,,,100.0
Shorea materialis,1.58333,110.23333,1.0,110.0,15416.0,33.599998474121094,,,True,34.29999923706055,True,32.10000228881836,fast_plan,16,,,,100.0
Shorea materialis,3.66,98.17,3.0,98.0,15415.0,36.099998474121094,,,True,33.900001525878906,True,30.0,fast_plan,16,,,,100.0
Shorea materialis,2.88333,103.43333,2.0,103.0,15420.0,29.299999237060547,,,True,39.400001525878906,True,31.299999237060547,fast_plan,16,,,,100.0
Shorea mecistopteryx,5.46043,118.3417,5.0,118.0,15439.0,29.700000762939453,,,True,39.29999923706055,True,31.0,fast_plan,16,,,,100.0
Shorea mecistopteryx,2.01667,112.93333,2.0,112.0,15428.0,31.399999618530273,,,True,33.20000076293945,True,35.39999961853027,fast_plan,16,,,,100.0
Shorea mecistopteryx,5.52,117.54,5.0,117.0,15437.0,29.799999237060547,,,True,36.70000076293945,True,33.5,fast_plan,16,,,,100.0
Shorea mecistopteryx,4.71667,116.43333,4.0,116.0,15431.0,33.0,,,True,35.400001525878906,True,31.599998474121094,fast_plan,16,,,,100.0
Shorea mecistopteryx,2.9,117.10028,2.0,117.0,15427.0,30.0,,,True,38.29999923706055,True,31.700000762939453,fast_plan,16,,,,100.0
Shorea mecistopteryx,-0.41667,113.78333,-1.0,113.0,15422.0,30.0,,,True,35.400001525878906,True,34.599998474121094,fast_plan,16,,,,100.0
Shorea mecistopteryx,4.63333,114.53333,4.0,114.0,15433.0,30.299999237060547,,,True,35.5,True,34.20000076293945,fast_plan,16,,,,100.0
Shorea mecistopteryx,-1.21667,110.1,-2.0,110.0,15426.0,27.0,,,True,38.5,True,34.5,fast_plan,16,,,,100.0
Shorea mecistopteryx,6.11667,116.7,6.0,116.0,15432.0,29.399999618530273,,,True,43.0,True,27.600000381469727,fast_plan,16,,,,100.0
Shorea mecistopteryx,0.36667,108.96667,0.0,108.0,15438.0,24.200000762939453,,,True,38.900001525878906,True,36.89999771118164,fast_plan,16,,,,100.0
Shorea mecistopteryx,0.9,109.0,0.0,109.0,15430.0,27.799999237060547,,,True,46.20000076293945,True,26.0,fast_plan,16,,,,100.0
Shorea megistophylla,7.27,80.6,7.0,80.0,15440.0,35.599998474121094,,,True,36.900001525878906,True,27.5,fast_plan,16,,,,100.0
Shorea megistophylla,6.73333,80.43333,6.0,80.0,15441.0,30.600000381469727,,,True,39.70000076293945,True,29.69999885559082,fast_plan,16,,,,100.0
Shorea multiflora,4.68333,100.78333,4.0,100.0,15468.0,33.70000076293945,,,True,36.099998474121094,True,30.200000762939453,fast_plan,16,,,,100.0
Shorea multiflora,4.41056,97.67083,4.0,97.0,15447.0,34.20000076293945,,,True,33.20000076293945,True,32.599998474121094,fast_plan,16,,,,100.0
Shorea multiflora,4.70825,101.068333,4.0,101.0,15479.0,39.0,,,True,38.599998474121094,True,22.400001525878906,fast_plan,16,,,,100.0
Shorea multiflora,5.15,116.33333,5.0,116.0,15481.0,31.0,,,True,37.900001525878906,True,31.099998474121094,fast_plan,16,,,,100.0
Shorea multiflora,-0.616667,112.25,-1.0,112.0,15489.0,32.29999923706055,,,True,38.400001525878906,True,29.299999237060547,fast_plan,16,,,,100.0
Shorea multiflora,3.21667,113.08333,3.0,113.0,15486.0,31.399999618530273,,,True,34.70000076293945,True,33.89999961853027,fast_plan,16,,,,100.0
Shorea multiflora,-1.26688,110.189,-2.0,110.0,15445.0,19.100000381469727,,,True,48.79999923706055,True,32.10000038146973,fast_plan,16,,,,100.0
Shorea multiflora,2.945914,101.692512,2.0,101.0,15451.0,35.29999923706055,,,True,36.5,True,28.200000762939453,fast_plan,16,,,,100.0
Shorea multiflora,1.518429,98.764799,1.0,98.0,15478.0,23.700000762939453,,,True,38.599998474121094,True,37.70000076293945,fast_plan,16,,,,100.0
Shorea multiflora,-0.78333,100.31667,-1.0,100.0,15488.0,21.700000762939453,,,True,44.400001525878906,True,33.89999771118164,fast_plan,16,,,,100.0
Shorea multiflora,4.5,118.33,4.0,118.0,15491.0,28.700000762939453,,,True,37.099998474121094,True,34.20000076293945,fast_plan,16,,,,100.0
Shorea ovalis,-3.66667,116.16667,-4.0,116.0,15532.0,33.400001525878906,,,True,34.0,True,32.599998474121094,fast_plan,16,,,,100.0
Shorea ovalis,5.76686,101.497587,5.0,101.0,15500.0,34.79999923706055,,,True,35.5,True,29.700000762939453,fast_plan,16,,,,100.0
Shorea ovalis,-2.91667,104.75,-3.0,104.0,15541.0,20.5,,,True,45.5,True,34.0,fast_plan,16,,,,100.0
Shorea ovalis,3.8,103.05,3.0,103.0,15520.0,36.900001525878906,,,True,32.599998474121094,True,30.5,fast_plan,16,,,,100.0
Shorea ovalis,2.0,117.3,2.0,117.0,15543.0,33.0,,,True,35.900001525878906,True,31.099998474121094,fast_plan,16,,,,100.0
Shorea ovalis,0.86,100.43,0.0,100.0,15498.0,36.79999923706055,,,True,36.900001525878906,True,26.299999237060547,fast_plan,16,,,,100.0
Shorea ovalis,-3.1,106.51667,-4.0,106.0,15496.0,24.700000762939453,,,True,41.099998474121094,True,34.20000076293945,fast_plan,16,,,,100.0
Shorea ovalis,-1.483333,112.516667,-2.0,112.0,15524.0,34.79999923706055,,,True,37.5,True,27.700000762939453,fast_plan,16,,,,100.0
Shorea ovata,4.53333,114.45,4.0,114.0,15574.0,30.899999618530273,,,True,36.79999923706055,True,32.30000114440918,fast_plan,16,,,,100.0
Shorea ovata,-5.659,104.4058,-6.0,104.0,15554.0,23.899999618530273,,,True,41.5,True,34.60000038146973,fast_plan,16,,,,100.0
Shorea ovata,-0.75,112.78333,-1.0,112.0,15568.0,30.5,,,True,38.70000076293945,True,30.799999237060547,fast_plan,16,,,,100.0
Shorea ovata,1.71667,109.3,1.0,109.0,15573.0,27.299999237060547,,,True,36.900001525878906,True,35.79999923706055,fast_plan,16,,,,100.0
Shorea ovata,2.763889,112.339722,2.0,112.0,15576.0,26.899999618530273,,,True,42.0,True,31.100000381469727,fast_plan,16,,,,100.0
Shorea ovata,2.85,98.27,2.0,98.0,15572.0,38.29999923706055,,,True,34.5,True,27.200000762939453,fast_plan,16,,,,100.0
Shorea ovata,0.68333,111.5,0.0,111.0,15557.0,26.299999237060547,,,True,44.29999923706055,True,29.400001525878906,fast_plan,16,,,,100.0
Shorea ovata,0.597121,100.54326,0.0,100.0,15564.0,32.5,,,True,43.29999923706055,True,24.200000762939453,fast_plan,16,,,,100.0
Shorea ovata,1.5,110.5,1.0,110.0,15563.0,13.300000190734863,,,True,47.20000076293945,True,39.499999046325684,fast_plan,16,,,,100.0
Shorea palembanica,3.23,101.63,3.0,101.0,15581.0,34.70000076293945,,,True,39.20000076293945,True,26.099998474121094,fast_plan,16,,,,100.0
Shorea palembanica,-2.53333,112.95,-3.0,112.0,15589.0,23.299999237060547,,,True,42.70000076293945,True,34.0,fast_plan,16,,,,100.0
Shorea palembanica,-0.75,112.78333,-1.0,112.0,15596.0,30.5,,,True,38.70000076293945,True,30.799999237060547,fast_plan,16,,,,100.0
Shorea palembanica,-0.54,114.2787,-1.0,114.0,15590.0,27.600000381469727,,,True,40.70000076293945,True,31.69999885559082,fast_plan,16,,,,100.0
Shorea palembanica,3.225833,113.152778,3.0,113.0,15602.0,30.899999618530273,,,True,35.5,True,33.60000038146973,fast_plan,16,,,,100.0
Shorea palembanica,1.4,110.3,1.0,110.0,15584.0,24.899999618530273,,,True,40.70000076293945,True,34.39999961853027,fast_plan,16,,,,100.0
Shorea palembanica,1.75,117.5,1.0,117.0,15582.0,35.5,,,True,32.70000076293945,True,31.799999237060547,fast_plan,16,,,,100.0
Shorea palembanica,0.43,116.68,0.0,116.0,15601.0,33.900001525878906,,,True,33.599998474121094,True,32.5,fast_plan,16,,,,100.0
Shorea palembanica,5.01667,102.38333,5.0,102.0,15592.0,34.70000076293945,,,True,34.0,True,31.299999237060547,fast_plan,16,,,,100.0
Shorea palosapis,13.322375,120.946775,13.0,120.0,15615.0,33.70000076293945,,,True,38.20000076293945,True,28.099998474121094,fast_plan,16,,,,100.0
Shorea palosapis,11.61667,125.41667,11.0,125.0,15605.0,30.5,,,True,39.0,True,30.5,fast_plan,16,,,,100.0
Shorea palosapis,13.671355,123.426393,13.0,123.0,15617.0,33.5,,,True,32.70000076293945,True,33.79999923706055,fast_plan,16,,,,100.0
Shorea palosapis,14.800071,121.258112,14.0,121.0,15612.0,30.299999237060547,,,True,30.799999237060547,True,38.900001525878906,fast_plan,16,,,,100.0
Shorea palosapis,10.792006,124.805166,10.0,124.0,15614.0,34.5,,,True,36.70000076293945,True,28.799999237060547,fast_plan,16,,,,100.0
Shorea palosapis,18.520944,120.922966,18.0,120.0,15609.0,37.5,,,True,36.400001525878906,True,26.099998474121094,fast_plan,16,,,,100.0
Shorea palosapis,7.764804,123.930584,7.0,123.0,15619.0,33.400001525878906,,,True,36.599998474121094,True,30.0,fast_plan,16,,,,100.0
Shorea palosapis,6.552301,121.958709,6.0,121.0,15618.0,36.400001525878906,,,True,36.70000076293945,True,26.89999771118164,fast_plan,16,,,,100.0
Shorea palosapis,16.761006,122.386595,16.0,122.0,15631.0,34.5,,,True,35.400001525878906,True,30.099998474121094,fast_plan,16,,,,100.0
Shorea palosapis,14.768904,122.222125,14.0,122.0,15629.0,33.29999923706055,,,True,34.20000076293945,True,32.5,fast_plan,16,,,,100.0
Shorea palosapis,8.74312,125.53465,8.0,125.0,15611.0,36.0,,,True,37.099998474121094,True,26.900001525878906,fast_plan,16,,,,100.0
Shorea parvifolia,5.53333,116.43333,5.0,116.0,15656.0,33.0,,,True,37.400001525878906,True,29.599998474121094,fast_plan,16,,,,100.0
Shorea parvifolia,4.93333,116.475,4.0,116.0,15661.0,30.600000381469727,,,True,41.0,True,28.399999618530273,fast_plan,16,,,,100.0
Shorea parvifolia,3.3,117.63,3.0,117.0,15664.0,26.200000762939453,,,True,38.599998474121094,True,35.20000076293945,fast_plan,16,,,,100.0
Shorea parvifolia,-1.7,114.8,-2.0,114.0,15671.0,31.700000762939453,,,True,30.5,True,37.79999923706055,fast_plan,16,,,,100.0
Shorea parvifolia,2.67,113.83,2.0,113.0,15658.0,32.400001525878906,,,True,36.099998474121094,True,31.5,fast_plan,16,,,,100.0
Shorea parvifolia,-0.58,114.58,-1.0,114.0,15673.0,35.400001525878906,,,True,36.099998474121094,True,28.5,fast_plan,16,,,,100.0
Shorea parvifolia,-0.112222,101.505556,-1.0,101.0,15679.0,38.400001525878906,,,True,37.099998474121094,True,24.5,fast_plan,16,,,,100.0
Shorea parvifolia,4.2,113.98333,4.0,113.0,15655.0,30.5,,,True,38.79999923706055,True,30.700000762939453,fast_plan,16,,,,100.0
Shorea parvifolia,4.7,103.4167,4.0,103.0,15691.0,32.79999923706055,,,True,38.29999923706055,True,28.900001525878906,fast_plan,16,,,,100.0
Shorea parvifolia,1.771944,109.710278,1.0,109.0,15680.0,41.70000076293945,,,True,35.099998474121094,True,23.200000762939453,fast_plan,16,,,,100.0
Shorea parvifolia,-1.25,116.75,-2.0,116.0,15662.0,22.700000762939453,,,True,41.0,True,36.29999923706055,fast_plan,16,,,,100.0
Shorea parvistipulata,-0.41667,113.78333,-1.0,113.0,15716.0,30.0,,,True,35.400001525878906,True,34.599998474121094,fast_plan,16,,,,100.0
Shorea parvistipulata,-1.483333,112.516667,-2.0,112.0,15715.0,34.79999923706055,,,True,37.5,True,27.700000762939453,fast_plan,16,,,,100.0
Shorea parvistipulata,0.08,111.48,0.0,111.0,15692.0,27.200000762939453,,,True,35.29999923706055,True,37.5,fast_plan,16,,,,100.0
Shorea parvistipulata,2.1,117.31667,2.0,117.0,15705.0,29.799999237060547,,,True,36.599998474121094,True,33.60000228881836,fast_plan,16,,,,100.0
Shorea parvistipulata,5.58483,116.44567,5.0,116.0,15697.0,30.200000762939453,,,True,41.79999923706055,True,28.0,fast_plan,16,,,,100.0
Shorea parvistipulata,4.55,115.13333,4.0,115.0,15708.0,30.299999237060547,,,True,35.599998474121094,True,34.10000228881836,fast_plan,16,,,,100.0
Shorea parvistipulata,5.31667,117.61667,5.0,117.0,15698.0,29.899999618530273,,,True,41.900001525878906,True,28.19999885559082,fast_plan,16,,,,100.0
Shorea parvistipulata,3.4833,116.65,3.0,116.0,15696.0,30.5,,,True,35.29999923706055,True,34.20000076293945,fast_plan,16,,,,100.0
Shorea parvistipulata,2.51667,113.1,2.0,113.0,15693.0,29.600000381469727,,,True,38.099998474121094,True,32.30000114440918,fast_plan,16,,,,100.0
Shorea parvistipulata,1.65,113.63333,1.0,113.0,15719.0,25.200000762939453,,,True,43.79999923706055,True,31.0,fast_plan,16,,,,100.0
Shorea parvistipulata,-1.03333,117.03333,-2.0,117.0,15720.0,32.70000076293945,,,True,33.70000076293945,True,33.599998474121094,fast_plan,16,,,,100.0
Shorea parvistipulata,-0.91667,116.76667,-1.0,116.0,15725.0,32.20000076293945,,,True,32.400001525878906,True,35.39999771118164,fast_plan,16,,,,100.0
Shorea pauciflora,4.7,103.4167,4.0,103.0,15736.0,32.79999923706055,,,True,38.29999923706055,True,28.900001525878906,fast_plan,16,,,,100.0
Shorea pauciflora,-1.06667,114.08333,-2.0,114.0,15760.0,24.899999618530273,,,True,42.400001525878906,True,32.69999885559082,fast_plan,16,,,,100.0
Shorea pauciflora,5.98333,100.65,5.0,100.0,15771.0,34.70000076293945,,,True,35.5,True,29.799999237060547,fast_plan,16,,,,100.0
Shorea pauciflora,-1.13333,110.31667,-2.0,110.0,15756.0,22.5,,,True,51.0,True,26.5,fast_plan,16,,,,100.0
Shorea pauciflora,-1.33,98.92,-2.0,98.0,15751.0,28.799999237060547,,,True,40.20000076293945,True,31.0,fast_plan,16,,,,100.0
Shorea pauciflora,-2.43333,101.23333,-3.0,101.0,15779.0,31.700000762939453,,,True,36.900001525878906,True,31.39999771118164,fast_plan,16,,,,100.0
Shorea pauciflora,-0.58,114.58,-1.0,114.0,15743.0,35.400001525878906,,,True,36.099998474121094,True,28.5,fast_plan,16,,,,100.0
Shorea pauciflora,-2.18333,99.65,-3.0,99.0,15774.0,32.29999923706055,,,True,40.599998474121094,True,27.10000228881836,fast_plan,16,,,,100.0
Shorea pauciflora,0.10708,112.81567,0.0,112.0,15747.0,32.400001525878906,,,True,33.20000076293945,True,34.39999771118164,fast_plan,16,,,,100.0
Shorea pinanga,1.31667,112.18333,1.0,112.0,15800.0,31.399999618530273,,,True,38.70000076293945,True,29.899999618530273,fast_plan,16,,,,100.0
Shorea pinanga,0.26667,116.18333,0.0,116.0,15788.0,28.399999618530273,,,True,36.900001525878906,True,34.69999885559082,fast_plan,16,,,,100.0
Shorea pinanga,-0.51,112.6,-1.0,112.0,15811.0,28.100000381469727,,,True,42.400001525878906,True,29.499998092651367,fast_plan,16,,,,100.0
Shorea pinanga,3.3,117.63333,3.0,117.0,15793.0,25.899999618530273,,,True,37.599998474121094,True,36.50000190734863,fast_plan,16,,,,100.0
Shorea pinanga,2.71667,117.21667,2.0,117.0,15817.0,31.399999618530273,,,True,35.29999923706055,True,33.30000114440918,fast_plan,16,,,,100.0
Shorea pinanga,0.4,112.81667,0.0,112.0,15823.0,24.0,,,True,45.70000076293945,True,30.299999237060547,fast_plan,16,,,,100.0
Shorea pinanga,2.7,113.78333,2.0,113.0,15791.0,38.70000076293945,,,True,35.29999923706055,True,26.0,fast_plan,16,,,,100.0
Shorea pinanga,-0.58333,114.58333,-1.0,114.0,15790.0,33.400001525878906,,,True,41.400001525878906,True,25.199996948242188,fast_plan,16,,,,100.0
Shorea pinanga,-1.96667,113.4,-2.0,113.0,15787.0,22.899999618530273,,,True,38.400001525878906,True,38.69999885559082,fast_plan,16,,,,100.0
Shorea pinanga,0.98,113.25,0.0,113.0,15806.0,32.20000076293945,,,True,37.70000076293945,True,30.099998474121094,fast_plan,16,,,,100.0
Shorea pinanga,1.75,117.5,1.0,117.0,15822.0,35.5,,,True,32.70000076293945,True,31.799999237060547,fast_plan,16,,,,100.0
Shorea platycarpa,-0.46667,113.73333,-1.0,113.0,15843.0,32.0,,,True,39.20000076293945,True,28.799999237060547,fast_plan,16,,,,100.0
Shorea platycarpa,-2.06667,100.93333,-3.0,100.0,15839.0,27.899999618530273,,,True,40.0,True,32.10000038146973,fast_plan,16,,,,100.0
Shorea platycarpa,-2.43333,104.08333,-3.0,104.0,15828.0,24.700000762939453,,,True,38.400001525878906,True,36.89999771118164,fast_plan,16,,,,100.0
Shorea platycarpa,2.943055,112.537778,2.0,112.0,15832.0,29.399999618530273,,,True,39.29999923706055,True,31.30000114440918,fast_plan,16,,,,100.0
Shorea platycarpa,0.06667,111.5,0.0,111.0,15826.0,26.799999237060547,,,True,37.20000076293945,True,36.0,fast_plan,16,,,,100.0
Shorea platycarpa,-0.7333,114.9,-1.0,114.0,15847.0,31.200000762939453,,,True,37.400001525878906,True,31.39999771118164,fast_plan,16,,,,100.0
Shorea platycarpa,1.35,111.16667,1.0,111.0,15824.0,23.5,,,True,38.5,True,38.0,fast_plan,16,,,,100.0
Shorea platycarpa,1.8,109.68333,1.0,109.0,15849.0,38.099998474121094,,,True,34.29999923706055,True,27.60000228881836,fast_plan,16,,,,100.0
Shorea platycarpa,1.51667,103.46667,1.0,103.0,15840.0,35.099998474121094,,,True,39.099998474121094,True,25.800003051757812,fast_plan,16,,,,100.0
Shorea platycarpa,1.761589,99.252214,1.0,99.0,15831.0,32.400001525878906,,,True,38.400001525878906,True,29.199996948242188,fast_plan,16,,,,100.0
Shorea platyclados,-0.875833,112.165833,-1.0,112.0,15861.0,29.600000381469727,,,True,38.29999923706055,True,32.10000038146973,fast_plan,16,,,,100.0
Shorea platyclados,0.10708,112.81567,0.0,112.0,15880.0,32.400001525878906,,,True,33.20000076293945,True,34.39999771118164,fast_plan,16,,,,100.0
Shorea platyclados,3.86667,115.38333,3.0,115.0,15862.0,30.600000381469727,,,True,39.79999923706055,True,29.600000381469727,fast_plan,16,,,,100.0
Shorea platyclados,-0.63333,100.13333,-1.0,100.0,15865.0,22.899999618530273,,,True,39.099998474121094,True,38.00000190734863,fast_plan,16,,,,100.0
Shorea platyclados,5.584,116.44717,5.0,116.0,15859.0,31.600000381469727,,,True,38.5,True,29.899999618530273,fast_plan,16,,,,100.0
Shorea platyclados,6.08333,116.54583,6.0,116.0,15863.0,36.20000076293945,,,True,29.899999618530273,True,33.89999961853027,fast_plan,16,,,,100.0
Shorea platyclados,3.212667,102.0075,3.0,102.0,15871.0,35.70000076293945,,,True,35.099998474121094,True,29.200000762939453,fast_plan,16,,,,100.0
Shorea platyclados,4.7125,116.45833,4.0,116.0,15883.0,29.399999618530273,,,True,37.29999923706055,True,33.30000114440918,fast_plan,16,,,,100.0
Shorea platyclados,3.32,98.58,3.0,98.0,15852.0,31.299999237060547,,,True,36.5,True,32.20000076293945,fast_plan,16,,,,100.0
Shorea platyclados,4.41,101.38,4.0,101.0,15855.0,32.0,,,True,33.29999923706055,True,34.70000076293945,fast_plan,16,,,,100.0
Shorea platyclados,2.83,102.05,2.0,102.0,15866.0,32.099998474121094,,,True,36.900001525878906,True,31.0,fast_plan,16,,,,100.0
Shorea polyandra,-0.6152,111.806,-1.0,111.0,15886.0,35.79999923706055,,,True,37.400001525878906,True,26.799999237060547,fast_plan,16,,,,100.0
Shorea polyandra,0.10708,112.81567,0.0,112.0,15890.0,32.400001525878906,,,True,33.20000076293945,True,34.39999771118164,fast_plan,16,,,,100.0
Shorea polyandra,-0.75,112.85,-1.0,112.0,15897.0,29.200000762939453,,,True,41.900001525878906,True,28.89999771118164,fast_plan,16,,,,100.0
Shorea polyandra,-1.16667,116.6,-2.0,116.0,15891.0,26.799999237060547,,,True,35.400001525878906,True,37.79999923706055,fast_plan,16,,,,100.0
Shorea polyandra,-0.26667,117.0,-1.0,117.0,15908.0,28.200000762939453,,,True,34.79999923706055,True,37.0,fast_plan,16,,,,100.0
Shorea polyandra,1.05,113.11667,1.0,113.0,15901.0,30.299999237060547,,,True,43.0,True,26.700000762939453,fast_plan,16,,,,100.0
Shorea polyandra,5.15,115.86667,5.0,115.0,15896.0,34.400001525878906,,,True,36.099998474121094,True,29.5,fast_plan,16,,,,100.0
Shorea polyandra,0.78333,115.85,0.0,115.0,15906.0,28.700000762939453,,,True,44.0,True,27.299999237060547,fast_plan,16,,,,100.0
Shorea polyandra,-3.652003,116.165268,-4.0,116.0,15888.0,30.799999237060547,,,True,33.70000076293945,True,35.5,fast_plan,16,,,,100.0
Shorea polyandra,3.28333,113.83333,3.0,113.0,15905.0,35.20000076293945,,,True,33.70000076293945,True,31.099998474121094,fast_plan,16,,,,100.0
Shorea polyandra,1.2,118.11667,1.0,118.0,15904.0,35.0,,,True,33.900001525878906,True,31.099998474121094,fast_plan,16,,,,100.0
Shorea polyandra,1.03333,117.88333,1.0,117.0,15887.0,27.600000381469727,,,True,33.79999923706055,True,38.60000038146973,fast_plan,16,,,,100.0
Shorea polysperma,13.43639,121.01722,13.0,121.0,15921.0,33.20000076293945,,,True,37.099998474121094,True,29.700000762939453,fast_plan,16,,,,100.0
Shorea polysperma,13.9256,120.6842,13.0,120.0,15916.0,42.79999923706055,,,True,25.299999237060547,True,31.900001525878906,fast_plan,16,,,,100.0
Shorea polysperma,14.44139,121.44528,14.0,121.0,15924.0,14.600000381469727,,,True,47.79999923706055,True,37.60000038146973,fast_plan,16,,,,100.0
Shorea polysperma,14.00637,122.96252,14.0,122.0,15912.0,30.799999237060547,,,True,40.20000076293945,True,29.0,fast_plan,16,,,,100.0
Shorea polysperma,15.76667,120.0,15.0,120.0,15918.0,30.5,,,True,27.200000762939453,True,42.29999923706055,fast_plan,16,,,,100.0
Shorea polysperma,8.74312,125.53465,8.0,125.0,15922.0,36.0,,,True,37.099998474121094,True,26.900001525878906,fast_plan,16,,,,100.0
Shorea polysperma,13.66667,123.33333,13.0,123.0,15923.0,31.100000381469727,,,True,32.20000076293945,True,36.69999885559082,fast_plan,16,,,,100.0
Shorea polysperma,13.96889,122.52944,13.0,122.0,15919.0,29.399999618530273,,,True,34.099998474121094,True,36.50000190734863,fast_plan,16,,,,100.0
Shorea polysperma,10.68333,123.18333,10.0,123.0,15913.0,46.0,,,True,25.799999237060547,True,28.200000762939453,fast_plan,16,,,,100.0
Shorea polysperma,14.5246,120.5301,14.0,120.0,15914.0,51.0,,,True,20.0,True,29.0,fast_plan,16,,,,100.0
Shorea roxburghii,18.266667,102.166667,18.0,102.0,15927.0,37.79999923706055,,,True,28.899999618530273,True,33.30000114440918,fast_plan,16,,,,100.0
Shorea roxburghii,3.23,101.63,3.0,101.0,15954.0,34.70000076293945,,,True,39.20000076293945,True,26.099998474121094,fast_plan,16,,,,100.0
Shorea roxburghii,6.3667,99.8,6.0,99.0,15962.0,36.599998474121094,,,True,28.0,True,35.400001525878906,fast_plan,16,,,,100.0
Shorea roxburghii,6.43333,100.43333,6.0,100.0,15951.0,41.099998474121094,,,True,29.0,True,29.900001525878906,fast_plan,16,,,,100.0
Shorea roxburghii,10.346,77.456,10.0,77.0,15929.0,39.400001525878906,,,True,30.0,True,30.599998474121094,fast_plan,16,,,,100.0
Shorea roxburghii,18.52466,98.51571,18.0,98.0,15933.0,42.0,,,True,34.599998474121094,True,23.400001525878906,fast_plan,16,,,,100.0
Shorea roxburghii,12.66667,102.2,12.0,102.0,15932.0,46.79999923706055,,,True,19.600000381469727,True,33.60000038146973,fast_plan,16,,,,100.0
Shorea roxburghii,11.5,104.91667,11.0,104.0,15937.0,23.899999618530273,,,True,35.29999923706055,True,40.80000114440918,fast_plan,16,,,,100.0
Shorea roxburghii,12.13,77.878,12.0,77.0,15942.0,37.400001525878906,,,True,34.099998474121094,True,28.5,fast_plan,16,,,,100.0
Shorea roxburghii,14.73333,98.63333,14.0,98.0,15949.0,38.900001525878906,,,True,29.5,True,31.599998474121094,fast_plan,16,,,,100.0
Shorea roxburghii,10.2,104.0,10.0,104.0,15934.0,43.099998474121094,,,True,28.399999618530273,True,28.500001907348633,fast_plan,16,,,,100.0
Shorea roxburghii,11.534667,105.8855,11.0,105.0,15945.0,28.100000381469727,,,True,35.29999923706055,True,36.60000038146973,fast_plan,16,,,,100.0
Shorea scaberrima,4.63333,114.53333,4.0,114.0,15976.0,30.299999237060547,,,True,35.5,True,34.20000076293945,fast_plan,16,,,,100.0
Shorea scaberrima,1.48333,110.33333,1.0,110.0,15967.0,23.299999237060547,,,True,44.599998474121094,True,32.10000228881836,fast_plan,16,,,,100.0
Shorea scaberrima,2.428889,112.628889,2.0,112.0,15968.0,27.799999237060547,,,True,38.70000076293945,True,33.5,fast_plan,16,,,,100.0
Shorea scaberrima,1.43333,109.45,1.0,109.0,15974.0,35.79999923706055,,,True,35.79999923706055,True,28.400001525878906,fast_plan,16,,,,100.0
Shorea scaberrima,4.75,115.67,4.0,115.0,15965.0,31.700000762939453,,,True,38.70000076293945,True,29.599998474121094,fast_plan,16,,,,100.0
Shorea scaberrima,0.7,110.21667,0.0,110.0,15969.0,31.600000381469727,,,True,38.400001525878906,True,29.999998092651367,fast_plan,16,,,,100.0
Shorea scaberrima,-0.58333,114.58333,-1.0,114.0,15970.0,33.400001525878906,,,True,41.400001525878906,True,25.199996948242188,fast_plan,16,,,,100.0
Shorea scaberrima,2.66667,113.83333,2.0,113.0,15977.0,34.0,,,True,36.79999923706055,True,29.200000762939453,fast_plan,16,,,,100.0
Shorea scaberrima,1.58333,114.53333,1.0,114.0,15966.0,30.899999618530273,,,True,39.29999923706055,True,29.80000114440918,fast_plan,16,,,,100.0
Shorea scaberrima,1.65,113.63333,1.0,113.0,15975.0,25.200000762939453,,,True,43.79999923706055,True,31.0,fast_plan,16,,,,100.0
Shorea scaberrima,3.333333,113.416667,3.0,113.0,15971.0,31.700000762939453,,,True,32.70000076293945,True,35.599998474121094,fast_plan,16,,,,100.0
Shorea selanica,-2.2,125.88333,-3.0,125.0,15981.0,40.0,,,True,31.0,True,29.0,fast_plan,16,,,,100.0
Shorea selanica,-1.8131,124.81589,-2.0,124.0,15983.0,34.79999923706055,,,True,37.400001525878906,True,27.799999237060547,fast_plan,16,,,,100.0
Shorea selanica,-3.4,126.66667,-4.0,126.0,15978.0,41.20000076293945,,,True,33.099998474121094,True,25.700000762939453,fast_plan,16,,,,100.0
Shorea seminis,-1.28,116.33,-2.0,116.0,15985.0,33.5,,,True,32.599998474121094,True,33.900001525878906,fast_plan,16,,,,100.0
Shorea seminis,-1.98,114.38,-2.0,114.0,16021.0,25.399999618530273,,,True,30.799999237060547,True,43.80000114440918,fast_plan,16,,,,100.0
Shorea seminis,-0.75,112.78333,-1.0,112.0,16010.0,30.5,,,True,38.70000076293945,True,30.799999237060547,fast_plan,16,,,,100.0
Shorea seminis,0.13,110.33,0.0,110.0,15999.0,27.100000381469727,,,True,47.099998474121094,True,25.80000114440918,fast_plan,16,,,,100.0
Shorea seminis,1.38333,109.25,1.0,109.0,16012.0,26.899999618530273,,,True,39.599998474121094,True,33.50000190734863,fast_plan,16,,,,100.0
Shorea seminis,3.3,117.63333,3.0,117.0,15988.0,25.899999618530273,,,True,37.599998474121094,True,36.50000190734863,fast_plan,16,,,,100.0
Shorea seminis,5.08,118.17,5.0,118.0,15984.0,30.700000762939453,,,True,39.099998474121094,True,30.200000762939453,fast_plan,16,,,,100.0
Shorea seminis,2.71667,117.21667,2.0,117.0,16002.0,31.399999618530273,,,True,35.29999923706055,True,33.30000114440918,fast_plan,16,,,,100.0
Shorea seminis,1.01667,112.71667,1.0,112.0,16019.0,33.400001525878906,,,True,35.70000076293945,True,30.89999771118164,fast_plan,16,,,,100.0
Shorea seminis,0.43,116.68,0.0,116.0,16018.0,33.900001525878906,,,True,33.599998474121094,True,32.5,fast_plan,16,,,,100.0
Shorea seminis,3.225,113.153889,3.0,113.0,15994.0,30.700000762939453,,,True,35.400001525878906,True,33.89999771118164,fast_plan,16,,,,100.0
Shorea seminis,0.8,109.6,0.0,109.0,16006.0,33.29999923706055,,,True,42.0,True,24.700000762939453,fast_plan,16,,,,100.0
Shorea singkawang,-0.63333,102.71667,-1.0,102.0,16031.0,26.799999237060547,,,True,44.79999923706055,True,28.400001525878906,fast_plan,16,,,,100.0
Shorea singkawang,5.31667,101.95,5.0,101.0,16027.0,32.900001525878906,,,True,35.099998474121094,True,32.0,fast_plan,16,,,,100.0
Shorea singkawang,1.320278,103.816111,1.0,103.0,16024.0,29.799999237060547,,,True,40.29999923706055,True,29.900001525878906,fast_plan,16,,,,100.0
Shorea singkawang,4.38333,100.61667,4.0,100.0,16029.0,28.799999237060547,,,True,39.79999923706055,True,31.400001525878906,fast_plan,16,,,,100.0
Shorea singkawang,4.7,103.4167,4.0,103.0,16025.0,32.79999923706055,,,True,38.29999923706055,True,28.900001525878906,fast_plan,16,,,,100.0
Shorea singkawang,-5.1,104.45,-6.0,104.0,16026.0,26.799999237060547,,,True,38.400001525878906,True,34.79999923706055,fast_plan,16,,,,100.0
Shorea singkawang,-2.91667,104.75,-3.0,104.0,16030.0,20.5,,,True,45.5,True,34.0,fast_plan,16,,,,100.0
Shorea singkawang,-1.477707,102.441969,-2.0,102.0,16035.0,36.79999923706055,,,True,39.70000076293945,True,23.5,fast_plan,16,,,,100.0
Shorea singkawang,2.66667,103.61667,2.0,103.0,16036.0,29.399999618530273,,,True,38.20000076293945,True,32.39999961853027,fast_plan,16,,,,100.0
Shorea singkawang,-2.631013,102.549087,-3.0,102.0,16032.0,27.200000762939453,,,True,44.5,True,28.299999237060547,fast_plan,16,,,,100.0
Shorea singkawang,5.358,102.754833,5.0,102.0,16037.0,31.100000381469727,,,True,35.099998474121094,True,33.80000114440918,fast_plan,16,,,,100.0
Shorea singkawang,-0.73994,100.800005,-1.0,100.0,16023.0,37.599998474121094,,,True,39.70000076293945,True,22.700000762939453,fast_plan,16,,,,100.0
Shorea smithiana,-0.10813,112.76281,-1.0,112.0,16052.0,25.899999618530273,,,True,40.70000076293945,True,33.39999961853027,fast_plan,16,,,,100.0
Shorea smithiana,1.95,109.6,1.0,109.0,16066.0,42.599998474121094,,,True,34.900001525878906,True,22.5,fast_plan,16,,,,100.0
Shorea smithiana,4.41667,117.48333,4.0,117.0,16063.0,30.799999237060547,,,True,34.099998474121094,True,35.10000228881836,fast_plan,16,,,,100.0
Shorea smithiana,5.86667,116.86667,5.0,116.0,16058.0,30.799999237060547,,,True,36.599998474121094,True,32.60000228881836,fast_plan,16,,,,100.0
Shorea smithiana,0.13333,117.5,0.0,117.0,16064.0,22.600000381469727,,,True,39.400001525878906,True,37.99999809265137,fast_plan,16,,,,100.0
Shorea smithiana,-1.81667,115.73333,-2.0,115.0,16065.0,27.100000381469727,,,True,36.599998474121094,True,36.30000114440918,fast_plan,16,,,,100.0
Shorea smithiana,5.5,117.83333,5.0,117.0,16060.0,29.600000381469727,,,True,40.29999923706055,True,30.100000381469727,fast_plan,16,,,,100.0
Shorea smithiana,-1.483333,112.516667,-2.0,112.0,16049.0,34.79999923706055,,,True,37.5,True,27.700000762939453,fast_plan,16,,,,100.0
Shorea smithiana,-1.16667,116.66667,-2.0,116.0,16061.0,32.0,,,True,33.70000076293945,True,34.29999923706055,fast_plan,16,,,,100.0
Shorea smithiana,1.75,117.5,1.0,117.0,16059.0,35.5,,,True,32.70000076293945,True,31.799999237060547,fast_plan,16,,,,100.0
Shorea smithiana,-0.03333,115.7,-1.0,115.0,16046.0,27.899999618530273,,,True,36.79999923706055,True,35.30000114440918,fast_plan,16,,,,100.0
Shorea stenoptera,0.10708,112.81567,0.0,112.0,16070.0,32.400001525878906,,,True,33.20000076293945,True,34.39999771118164,fast_plan,17,,,,100.0
Shorea stenoptera,0.38833,109.955,0.0,109.0,16071.0,29.200000762939453,,,True,37.29999923706055,True,33.5,fast_plan,17,,,,100.0
Shorea stenoptera,-0.875833,112.165833,-1.0,112.0,16068.0,29.600000381469727,,,True,38.29999923706055,True,32.10000038146973,fast_plan,17,,,,100.0
Shorea stenoptera,0.36667,108.96667,0.0,108.0,16075.0,24.200000762939453,,,True,38.900001525878906,True,36.89999771118164,fast_plan,17,,,,100.0
Shorea stenoptera,1.13333,109.6,1.0,109.0,16072.0,29.5,,,True,37.79999923706055,True,32.70000076293945,fast_plan,17,,,,100.0
Shorea stenoptera,0.13,110.33,0.0,110.0,16074.0,27.100000381469727,,,True,47.099998474121094,True,25.80000114440918,fast_plan,17,,,,100.0
Shorea stenoptera,0.83333,113.31667,0.0,113.0,16073.0,31.799999237060547,,,True,38.599998474121094,True,29.60000228881836,fast_plan,17,,,,100.0
Shorea stenoptera,0.859344,114.540296,0.0,114.0,16069.0,29.600000381469727,,,True,39.79999923706055,True,30.600000381469727,fast_plan,17,,,,100.0
Shorea stipularis,6.41186,80.455971,6.0,80.0,16076.0,35.79999923706055,,,True,36.900001525878906,True,27.299999237060547,fast_plan,17,,,,100.0
Shorea stipularis,7.25,80.6,7.0,80.0,16077.0,36.400001525878906,,,True,36.400001525878906,True,27.199996948242188,fast_plan,17,,,,100.0
Shorea thorelii,8.41667,99.5,8.0,99.0,16078.0,39.5,,,True,25.5,True,35.0,fast_plan,17,,,,100.0
Shorea thorelii,17.0,104.4,17.0,104.0,16079.0,48.099998474121094,,,True,20.299999237060547,True,31.60000228881836,fast_plan,17,,,,100.0
Shorea thorelii,12.34494,102.4536,12.0,102.0,16084.0,39.099998474121094,,,True,31.5,True,29.400001525878906,fast_plan,17,,,,100.0
Shorea thorelii,11.5,104.91667,11.0,104.0,16082.0,23.899999618530273,,,True,35.29999923706055,True,40.80000114440918,fast_plan,17,,,,100.0
Shorea thorelii,18.75,99.2,18.0,99.0,16081.0,45.599998474121094,,,True,26.5,True,27.900001525878906,fast_plan,17,,,,100.0
Shorea thorelii,16.4333,100.3667,16.0,100.0,16080.0,19.399999618530273,,,True,36.900001525878906,True,43.69999885559082,fast_plan,17,,,,100.0
Shorea trapezifolia,6.38333,80.41667,6.0,80.0,16086.0,31.200000762939453,,,True,40.599998474121094,True,28.200000762939453,fast_plan,17,,,,100.0
Shorea trapezifolia,7.9,80.4,7.0,80.0,16085.0,40.599998474121094,,,True,30.600000381469727,True,28.80000114440918,fast_plan,17,,,,100.0
Shorea uliginosa,-2.53,112.95,-3.0,112.0,16092.0,23.100000381469727,,,True,42.900001525878906,True,33.99999809265137,fast_plan,17,,,,100.0
Shorea uliginosa,1.05,103.36667,1.0,103.0,16095.0,29.200000762939453,,,True,44.29999923706055,True,26.5,fast_plan,17,,,,100.0
Shorea uliginosa,2.18417,111.83667,2.0,111.0,16094.0,27.299999237060547,,,True,35.29999923706055,True,37.400001525878906,fast_plan,17,,,,100.0
Shorea uliginosa,-1.25,109.95,-2.0,109.0,16097.0,19.799999237060547,,,True,40.79999923706055,True,39.400001525878906,fast_plan,17,,,,100.0
Shorea uliginosa,3.2,101.38333,3.0,101.0,16104.0,29.700000762939453,,,True,36.29999923706055,True,34.0,fast_plan,17,,,,100.0
Shorea uliginosa,2.2,100.2,2.0,100.0,16090.0,27.5,,,True,36.400001525878906,True,36.099998474121094,fast_plan,17,,,,100.0
Shorea uliginosa,0.25,110.25,0.0,110.0,16093.0,29.100000381469727,,,True,41.5,True,29.399999618530273,fast_plan,17,,,,100.0
Shorea uliginosa,2.821389,112.177222,2.0,112.0,16098.0,25.399999618530273,,,True,42.29999923706055,True,32.30000114440918,fast_plan,17,,,,100.0
Shorea uliginosa,-0.47,102.68,-1.0,102.0,16101.0,23.899999618530273,,,True,41.20000076293945,True,34.89999961853027,fast_plan,17,,,,100.0
Shorea uliginosa,-1.48333,112.51667,-2.0,112.0,16099.0,34.79999923706055,,,True,37.5,True,27.700000762939453,fast_plan,17,,,,100.0
Shorea uliginosa,-2.25,106.0,-3.0,106.0,16091.0,25.5,,,True,40.599998474121094,True,33.900001525878906,fast_plan,17,,,,100.0
Shorea uliginosa,1.46667,102.13333,1.0,102.0,16087.0,21.0,,,True,41.29999923706055,True,37.70000076293945,fast_plan,17,,,,100.0
Shorea virescens,-1.03333,112.9,-2.0,112.0,16116.0,30.299999237060547,,,True,45.5,True,24.200000762939453,fast_plan,17,,,,100.0
Shorea virescens,0.10708,112.81567,0.0,112.0,16110.0,32.400001525878906,,,True,33.20000076293945,True,34.39999771118164,fast_plan,17,,,,100.0
Shorea virescens,4.5,115.5,4.0,115.0,16115.0,30.5,,,True,43.400001525878906,True,26.099998474121094,fast_plan,17,,,,100.0
Shorea virescens,-0.75,112.78333,-1.0,112.0,16114.0,30.5,,,True,38.70000076293945,True,30.799999237060547,fast_plan,17,,,,100.0
Shorea virescens,1.63333,113.56667,1.0,113.0,16125.0,28.5,,,True,40.0,True,31.5,fast_plan,17,,,,100.0
Shorea virescens,-2.53333,112.95,-3.0,112.0,16113.0,23.299999237060547,,,True,42.70000076293945,True,34.0,fast_plan,17,,,,100.0
Shorea virescens,4.03333,114.78333,4.0,114.0,16109.0,32.79999923706055,,,True,33.0,True,34.20000076293945,fast_plan,17,,,,100.0
Shorea virescens,-1.21667,110.1,-2.0,110.0,16117.0,27.0,,,True,38.5,True,34.5,fast_plan,17,,,,100.0
Shorea virescens,1.13333,109.6,1.0,109.0,16111.0,29.5,,,True,37.79999923706055,True,32.70000076293945,fast_plan,17,,,,100.0
Shorea virescens,6.42,116.75,6.0,116.0,16106.0,32.70000076293945,,,True,40.599998474121094,True,26.700000762939453,fast_plan,17,,,,100.0
Shorea virescens,-0.282889,111.472992,-1.0,111.0,16124.0,35.099998474121094,,,True,40.20000076293945,True,24.700000762939453,fast_plan,17,,,,100.0
Shorea xanthophylla,4.53333,115.2,4.0,115.0,16136.0,30.600000381469727,,,True,38.599998474121094,True,30.80000114440918,fast_plan,17,,,,100.0
Shorea xanthophylla,2.51667,113.1,2.0,113.0,16140.0,29.600000381469727,,,True,38.099998474121094,True,32.30000114440918,fast_plan,17,,,,100.0
Shorea xanthophylla,4.75,114.61667,4.0,114.0,16139.0,24.600000381469727,,,True,37.400001525878906,True,37.99999809265137,fast_plan,17,,,,100.0
Shorea xanthophylla,1.63333,113.56667,1.0,113.0,16127.0,28.5,,,True,40.0,True,31.5,fast_plan,17,,,,100.0
Shorea xanthophylla,3.225833,113.096389,3.0,113.0,16134.0,34.29999923706055,,,True,31.399999618530273,True,34.30000114440918,fast_plan,17,,,,100.0
Shorea xanthophylla,-0.58,114.58,-1.0,114.0,16128.0,35.400001525878906,,,True,36.099998474121094,True,28.5,fast_plan,17,,,,100.0
Shorea xanthophylla,5.48333,118.56667,5.0,118.0,16142.0,29.0,,,True,40.099998474121094,True,30.900001525878906,fast_plan,17,,,,100.0
Shorea xanthophylla,5.61667,117.66667,5.0,117.0,16129.0,31.100000381469727,,,True,37.400001525878906,True,31.499998092651367,fast_plan,17,,,,100.0
Shorea xanthophylla,2.605556,112.660833,2.0,112.0,16132.0,35.400001525878906,,,True,37.099998474121094,True,27.5,fast_plan,17,,,,100.0
Shorea xanthophylla,4.96667,118.16667,4.0,118.0,16141.0,34.29999923706055,,,True,35.29999923706055,True,30.400001525878906,fast_plan,17,,,,100.0
Sindora beccariana,0.0,116.5,0.0,116.0,16143.0,33.29999923706055,,,True,31.399999618530273,True,35.30000114440918,fast_plan,17,,,,100.0
Sindora beccariana,4.81667,117.91667,4.0,117.0,16151.0,29.600000381469727,,,True,38.400001525878906,True,31.999998092651367,fast_plan,17,,,,100.0
Sindora beccariana,-0.78,117.2,-1.0,117.0,16155.0,26.0,,,True,33.20000076293945,True,40.79999923706055,fast_plan,17,,,,100.0
Sindora beccariana,1.56667,109.9,1.0,109.0,16145.0,48.70000076293945,,,True,27.5,True,23.799999237060547,fast_plan,17,,,,100.0
Sindora beccariana,5.08333,116.03333,5.0,116.0,16147.0,28.799999237060547,,,True,38.20000076293945,True,33.0,fast_plan,17,,,,100.0
Sindora beccariana,0.967137,114.55126,0.0,114.0,16150.0,32.099998474121094,,,True,37.0,True,30.900001525878906,fast_plan,17,,,,100.0
Sindora beccariana,5.35,115.75,5.0,115.0,16149.0,29.799999237060547,,,True,40.20000076293945,True,30.0,fast_plan,17,,,,100.0
Sindora beccariana,5.51667,118.56667,5.0,118.0,16157.0,30.0,,,True,37.70000076293945,True,32.29999923706055,fast_plan,17,,,,100.0
Sindora beccariana,3.4689,114.5464,3.0,114.0,16158.0,30.899999618530273,,,True,38.900001525878906,True,30.19999885559082,fast_plan,17,,,,100.0
Sindora beccariana,0.9,109.0,0.0,109.0,16146.0,27.799999237060547,,,True,46.20000076293945,True,26.0,fast_plan,17,,,,100.0
Sindora coriacea,0.5,117.33333,0.0,117.0,16177.0,37.29999923706055,,,True,30.100000381469727,True,32.60000038146973,fast_plan,17,,,,100.0
Sindora coriacea,-0.6152,111.806,-1.0,111.0,16165.0,35.79999923706055,,,True,37.400001525878906,True,26.799999237060547,fast_plan,17,,,,100.0
Sindora coriacea,-0.7,100.96667,-1.0,100.0,16168.0,28.799999237060547,,,True,43.900001525878906,True,27.299999237060547,fast_plan,17,,,,100.0
Sindora coriacea,3.71667,101.6,3.0,101.0,16181.0,38.400001525878906,,,True,36.900001525878906,True,24.699996948242188,fast_plan,17,,,,100.0
Sindora coriacea,3.88333,103.15,3.0,103.0,16180.0,27.299999237060547,,,True,43.20000076293945,True,29.5,fast_plan,17,,,,100.0
Sindora coriacea,2.48333,101.91667,2.0,101.0,16160.0,32.5,,,True,38.900001525878906,True,28.599998474121094,fast_plan,17,,,,100.0
Sindora coriacea,-1.85,102.65,-2.0,102.0,16166.0,29.5,,,True,49.099998474121094,True,21.400001525878906,fast_plan,17,,,,100.0
Sindora coriacea,0.0,116.5,0.0,116.0,16175.0,33.29999923706055,,,True,31.399999618530273,True,35.30000114440918,fast_plan,17,,,,100.0
Sindora coriacea,3.0,102.33333,3.0,102.0,16161.0,31.5,,,True,40.29999923706055,True,28.200000762939453,fast_plan,17,,,,100.0
Sindora coriacea,5.15,115.86667,5.0,115.0,16172.0,34.400001525878906,,,True,36.099998474121094,True,29.5,fast_plan,17,,,,100.0
Sindora coriacea,5.358,102.754833,5.0,102.0,16167.0,31.100000381469727,,,True,35.099998474121094,True,33.80000114440918,fast_plan,17,,,,100.0
Sindora leiocarpa,0.75,117.51667,0.0,117.0,16195.0,32.29999923706055,,,True,31.299999237060547,True,36.400001525878906,fast_plan,17,,,,100.0
Sindora leiocarpa,1.51667,110.48333,1.0,110.0,16204.0,11.600000381469727,,,True,51.900001525878906,True,36.49999809265137,fast_plan,17,,,,100.0
Sindora leiocarpa,-0.75,112.78,-1.0,112.0,16189.0,32.099998474121094,,,True,36.900001525878906,True,31.0,fast_plan,17,,,,100.0
Sindora leiocarpa,4.575537,114.511017,4.0,114.0,16187.0,31.399999618530273,,,True,33.400001525878906,True,35.19999885559082,fast_plan,17,,,,100.0
Sindora leiocarpa,4.73333,118.05,4.0,118.0,16207.0,30.299999237060547,,,True,37.099998474121094,True,32.60000228881836,fast_plan,17,,,,100.0
Sindora leiocarpa,4.74808,115.17688,4.0,115.0,16190.0,31.899999618530273,,,True,38.79999923706055,True,29.30000114440918,fast_plan,17,,,,100.0
Sindora leiocarpa,2.1,117.31667,2.0,117.0,16188.0,29.799999237060547,,,True,36.599998474121094,True,33.60000228881836,fast_plan,17,,,,100.0
Sindora leiocarpa,4.45833,117.57917,4.0,117.0,16197.0,26.299999237060547,,,True,38.599998474121094,True,35.10000228881836,fast_plan,17,,,,100.0
Sindora leiocarpa,2.16667,111.86667,2.0,111.0,16193.0,31.100000381469727,,,True,34.400001525878906,True,34.49999809265137,fast_plan,17,,,,100.0
Sindora leiocarpa,-1.2754,110.186,-2.0,110.0,16203.0,17.5,,,True,51.599998474121094,True,30.900001525878906,fast_plan,17,,,,100.0
Sindora leiocarpa,0.63952,109.57636,0.0,109.0,16205.0,41.70000076293945,,,True,31.700000762939453,True,26.599998474121094,fast_plan,17,,,,100.0
Sindora siamensis,17.8,98.95,17.0,98.0,16237.0,49.900001525878906,,,True,26.100000381469727,True,23.999998092651367,fast_plan,17,,,,100.0
Sindora siamensis,16.2256,107.817,16.0,107.0,16219.0,39.70000076293945,,,True,29.899999618530273,True,30.399999618530273,fast_plan,17,,,,100.0
Sindora siamensis,14.15,105.81667,14.0,105.0,16222.0,35.20000076293945,,,True,31.399999618530273,True,33.39999961853027,fast_plan,17,,,,100.0
Sindora siamensis,13.68333,102.58333,13.0,102.0,16234.0,37.5,,,True,29.299999237060547,True,33.20000076293945,fast_plan,17,,,,100.0
Sindora siamensis,10.934,99.491,10.0,99.0,16214.0,50.900001525878906,,,True,21.0,True,28.099998474121094,fast_plan,17,,,,100.0
Sindora siamensis,12.5769,105.361,12.0,105.0,16218.0,34.400001525878906,,,True,31.100000381469727,True,34.49999809265137,fast_plan,17,,,,100.0
Sindora siamensis,16.47253,102.820173,16.0,102.0,16232.0,62.0,,,True,14.5,True,23.5,fast_plan,17,,,,100.0
Sindora siamensis,6.99496,100.150818,6.0,100.0,16224.0,50.599998474121094,,,True,24.5,True,24.900001525878906,fast_plan,17,,,,100.0
Sindora siamensis,17.423056,104.813889,17.0,104.0,16229.0,42.5,,,True,26.299999237060547,True,31.200000762939453,fast_plan,17,,,,100.0
Sloanea sigun,-5.43333,104.68333,-6.0,104.0,16253.0,30.100000381469727,,,True,37.5,True,32.39999961853027,fast_plan,17,,,,100.0
Sloanea sigun,24.8269,98.7678,24.0,98.0,16257.0,32.79999923706055,,,True,25.700000762939453,True,41.5,fast_plan,17,,,,100.0
Sloanea sigun,14.82417,105.78278,14.0,105.0,16262.0,42.099998474121094,,,True,26.399999618530273,True,31.500001907348633,fast_plan,17,,,,100.0
Sloanea sigun,-6.72917,106.51444,-7.0,106.0,16255.0,24.799999237060547,,,True,31.899999618530273,True,43.30000114440918,fast_plan,17,,,,100.0
Sloanea sigun,-1.275,110.181,-2.0,110.0,16256.0,17.0,,,True,52.599998474121094,True,30.400001525878906,fast_plan,17,,,,100.0
Sloanea sigun,2.58333,115.58333,2.0,115.0,16264.0,30.799999237060547,,,True,37.0,True,32.20000076293945,fast_plan,17,,,,100.0
Sloanea sigun,6.08833,116.54083,6.0,116.0,16254.0,32.79999923706055,,,True,33.099998474121094,True,34.10000228881836,fast_plan,17,,,,100.0
Sloanea sigun,14.55564,98.73906,14.0,98.0,16258.0,40.099998474121094,,,True,26.799999237060547,True,33.10000228881836,fast_plan,17,,,,100.0
Sloanea sigun,13.0,102.25,13.0,102.0,16260.0,28.700000762939453,,,True,30.200000762939453,True,41.099998474121094,fast_plan,17,,,,100.0
Sloanea sigun,14.43333,101.36667,14.0,101.0,16259.0,27.799999237060547,,,True,41.29999923706055,True,30.900001525878906,fast_plan,17,,,,100.0
Sloanea sigun,4.25,97.08333,4.0,97.0,16252.0,38.099998474121094,,,True,32.70000076293945,True,29.200000762939453,fast_plan,17,,,,100.0
Sorbus corymbifera,9.686,98.62,9.0,98.0,16270.0,35.70000076293945,,,True,31.899999618530273,True,32.39999961853027,fast_plan,17,,,,100.0
Sorbus corymbifera,12.1,108.65,12.0,108.0,16275.0,36.70000076293945,,,True,32.0,True,31.299999237060547,fast_plan,17,,,,100.0
Sorbus corymbifera,24.615701,100.709787,24.0,100.0,16269.0,26.700000762939453,,,True,25.100000381469727,True,48.19999885559082,fast_plan,17,,,,100.0
Sorbus corymbifera,16.866667,101.866667,16.0,101.0,16272.0,34.20000076293945,,,True,24.200000762939453,True,41.599998474121094,fast_plan,17,,,,100.0
Sorbus corymbifera,22.792186,103.086573,22.0,103.0,16268.0,29.5,,,True,28.399999618530273,True,42.10000038146973,fast_plan,17,,,,100.0
Sorbus corymbifera,18.58783,98.48631,18.0,98.0,16267.0,35.400001525878906,,,True,33.599998474121094,True,31.0,fast_plan,17,,,,100.0
Sorbus corymbifera,21.3892,93.3982,21.0,93.0,16276.0,38.900001525878906,,,True,23.700000762939453,True,37.39999771118164,fast_plan,17,,,,100.0
Stemonurus scorpioides,-2.2,114.6,-3.0,114.0,16290.0,23.600000381469727,,,True,37.20000076293945,True,39.19999885559082,fast_plan,17,,,,100.0
Stemonurus scorpioides,2.48333,111.36667,2.0,111.0,16293.0,30.700000762939453,,,True,37.099998474121094,True,32.20000076293945,fast_plan,17,,,,100.0
Stemonurus scorpioides,2.85,98.26667,2.0,98.0,16296.0,37.70000076293945,,,True,34.29999923706055,True,28.0,fast_plan,17,,,,100.0
Stemonurus scorpioides,2.95,113.58333,2.0,113.0,16287.0,25.600000381469727,,,True,45.400001525878906,True,28.999998092651367,fast_plan,17,,,,100.0
Stemonurus scorpioides,5.41667,117.58333,5.0,117.0,16286.0,32.20000076293945,,,True,37.400001525878906,True,30.39999771118164,fast_plan,17,,,,100.0
Stemonurus scorpioides,3.81667,116.71667,3.0,116.0,16294.0,33.900001525878906,,,True,31.899999618530273,True,34.19999885559082,fast_plan,17,,,,100.0
Stemonurus scorpioides,5.43333,115.63333,5.0,115.0,16292.0,28.799999237060547,,,True,38.79999923706055,True,32.400001525878906,fast_plan,17,,,,100.0
Stemonurus scorpioides,-1.18618,110.10905,-2.0,110.0,16283.0,25.700000762939453,,,True,39.20000076293945,True,35.099998474121094,fast_plan,17,,,,100.0
Stemonurus scorpioides,6.00833,116.65861,6.0,116.0,16297.0,30.799999237060547,,,True,38.599998474121094,True,30.60000228881836,fast_plan,17,,,,100.0
Stemonurus scorpioides,3.16667,113.03333,3.0,113.0,16289.0,21.299999237060547,,,True,42.400001525878906,True,36.29999923706055,fast_plan,17,,,,100.0
Stemonurus scorpioides,4.8,115.16667,4.0,115.0,16295.0,31.200000762939453,,,True,34.70000076293945,True,34.099998474121094,fast_plan,17,,,,100.0
Stemonurus secundiflorus,2.293866,99.184779,2.0,99.0,16324.0,32.400001525878906,,,True,34.900001525878906,True,32.69999694824219,fast_plan,17,,,,100.0
Stemonurus secundiflorus,3.033333,101.266667,3.0,101.0,16312.0,27.299999237060547,,,True,39.099998474121094,True,33.60000228881836,fast_plan,17,,,,100.0
Stemonurus secundiflorus,-2.18333,99.65,-3.0,99.0,16313.0,32.29999923706055,,,True,40.599998474121094,True,27.10000228881836,fast_plan,17,,,,100.0
Stemonurus secundiflorus,4.216667,100.566667,4.0,100.0,16314.0,31.799999237060547,,,True,37.400001525878906,True,30.799999237060547,fast_plan,17,,,,100.0
Stemonurus secundiflorus,-0.6,100.15,-1.0,100.0,16319.0,25.899999618530273,,,True,42.0,True,32.10000038146973,fast_plan,17,,,,100.0
Stemonurus secundiflorus,3.5,103.25,3.0,103.0,16301.0,26.5,,,True,40.20000076293945,True,33.29999923706055,fast_plan,17,,,,100.0
Stemonurus secundiflorus,4.216667,101.116667,4.0,101.0,16308.0,44.29999923706055,,,True,34.29999923706055,True,21.400001525878906,fast_plan,17,,,,100.0
Stemonurus secundiflorus,3.883334,100.933334,3.0,100.0,16322.0,23.0,,,True,42.79999923706055,True,34.20000076293945,fast_plan,17,,,,100.0
Stemonurus secundiflorus,-1.21667,110.13333,-2.0,110.0,16320.0,27.200000762939453,,,True,42.599998474121094,True,30.200000762939453,fast_plan,17,,,,100.0
Stemonurus secundiflorus,2.08333,117.28333,2.0,117.0,16326.0,24.100000381469727,,,True,39.599998474121094,True,36.30000114440918,fast_plan,17,,,,100.0
Stemonurus secundiflorus,-1.0,117.0,-1.0,117.0,16317.0,36.099998474121094,,,True,26.5,True,37.400001525878906,fast_plan,17,,,,100.0
Sterculia gilva,3.23333,113.1,3.0,113.0,16338.0,34.29999923706055,,,True,31.700000762939453,True,34.0,fast_plan,17,,,,100.0
Sterculia gilva,1.26667,111.08333,1.0,111.0,16334.0,27.600000381469727,,,True,40.20000076293945,True,32.19999885559082,fast_plan,17,,,,100.0
Sterculia gilva,4.87167,117.58333,4.0,117.0,16341.0,32.5,,,True,37.20000076293945,True,30.299999237060547,fast_plan,17,,,,100.0
Sterculia gilva,6.08333,101.86667,6.0,101.0,16337.0,43.20000076293945,,,True,34.20000076293945,True,22.599998474121094,fast_plan,17,,,,100.0
Sterculia gilva,5.43333,115.63333,5.0,115.0,16335.0,28.799999237060547,,,True,38.79999923706055,True,32.400001525878906,fast_plan,17,,,,100.0
Sterculia guttata,9.41167,77.06358,9.0,77.0,16342.0,37.5,,,True,34.29999923706055,True,28.200000762939453,fast_plan,17,,,,100.0
Sterculia guttata,17.22127,73.54833,17.0,73.0,16368.0,33.20000076293945,,,True,35.900001525878906,True,30.89999771118164,fast_plan,17,,,,100.0
Sterculia guttata,18.404882,72.941044,18.0,72.0,16344.0,37.0,,,True,36.70000076293945,True,26.299999237060547,fast_plan,17,,,,100.0
Sterculia guttata,11.83664,75.80986,11.0,75.0,16365.0,41.29999923706055,,,True,31.899999618530273,True,26.80000114440918,fast_plan,17,,,,100.0
Sterculia guttata,18.5244,98.51564,18.0,98.0,16347.0,42.0,,,True,34.599998474121094,True,23.400001525878906,fast_plan,17,,,,100.0
Sterculia guttata,11.962834,77.15946,11.0,77.0,16358.0,37.70000076293945,,,True,33.400001525878906,True,28.89999771118164,fast_plan,17,,,,100.0
Sterculia guttata,15.4885,74.34842,15.0,74.0,16343.0,39.70000076293945,,,True,28.200000762939453,True,32.099998474121094,fast_plan,17,,,,100.0
Sterculia guttata,15.87176,73.83787,15.0,73.0,16366.0,36.400001525878906,,,True,35.099998474121094,True,28.5,fast_plan,17,,,,100.0
Sterculia guttata,16.466627,73.388553,16.0,73.0,16351.0,37.20000076293945,,,True,31.700000762939453,True,31.099998474121094,fast_plan,17,,,,100.0
Sterculia guttata,10.53183,76.67492,10.0,76.0,16363.0,40.70000076293945,,,True,31.5,True,27.799999237060547,fast_plan,17,,,,100.0
Sterculia oblongata,13.95,121.83333,13.0,121.0,16378.0,35.70000076293945,,,True,33.400001525878906,True,30.89999771118164,fast_plan,17,,,,100.0
Sterculia oblongata,-3.65,130.8,-4.0,130.0,16375.0,38.599998474121094,,,True,32.20000076293945,True,29.200000762939453,fast_plan,17,,,,100.0
Sterculia oblongata,1.568297,99.151285,1.0,99.0,16400.0,34.599998474121094,,,True,35.900001525878906,True,29.5,fast_plan,17,,,,100.0
Sterculia oblongata,2.83333,115.83333,2.0,115.0,16403.0,34.29999923706055,,,True,39.900001525878906,True,25.799999237060547,fast_plan,17,,,,100.0
Sterculia oblongata,6.51667,116.56667,6.0,116.0,16382.0,33.900001525878906,,,True,40.20000076293945,True,25.89999771118164,fast_plan,17,,,,100.0
Sterculia oblongata,4.8,100.8,4.0,100.0,16390.0,31.0,,,True,39.20000076293945,True,29.799999237060547,fast_plan,17,,,,100.0
Sterculia oblongata,4.83333,115.91667,4.0,115.0,16373.0,32.79999923706055,,,True,37.599998474121094,True,29.60000228881836,fast_plan,17,,,,100.0
Sterculia oblongata,-1.34908,110.15178,-2.0,110.0,16379.0,27.399999618530273,,,True,42.099998474121094,True,30.500001907348633,fast_plan,17,,,,100.0
Sterculia oblongata,10.3621,125.5986,10.0,125.0,16385.0,27.0,,,True,43.400001525878906,True,29.599998474121094,fast_plan,17,,,,100.0
Sterculia oblongata,5.55,116.51667,5.0,116.0,16380.0,36.5,,,True,34.400001525878906,True,29.099998474121094,fast_plan,17,,,,100.0
Streblus elongatus,-2.43333,101.23333,-3.0,101.0,16435.0,31.700000762939453,,,True,36.900001525878906,True,31.39999771118164,fast_plan,17,,,,100.0
Streblus elongatus,2.28333,97.81667,2.0,97.0,16420.0,26.200000762939453,,,True,38.5,True,35.29999923706055,fast_plan,17,,,,100.0
Streblus elongatus,1.43333,109.45,1.0,109.0,16438.0,35.79999923706055,,,True,35.79999923706055,True,28.400001525878906,fast_plan,17,,,,100.0
Streblus elongatus,-1.95,103.31667,-2.0,103.0,16431.0,32.70000076293945,,,True,35.900001525878906,True,31.39999771118164,fast_plan,17,,,,100.0
Streblus elongatus,-0.766667,102.533333,-1.0,102.0,16439.0,33.79999923706055,,,True,37.5,True,28.700000762939453,fast_plan,17,,,,100.0
Streblus elongatus,2.85,98.26667,2.0,98.0,16408.0,37.70000076293945,,,True,34.29999923706055,True,28.0,fast_plan,17,,,,100.0
Streblus elongatus,6.01249,102.0027,6.0,102.0,16418.0,33.70000076293945,,,True,38.400001525878906,True,27.89999771118164,fast_plan,17,,,,100.0
Streblus elongatus,5.41667,100.26667,5.0,100.0,16432.0,33.70000076293945,,,True,35.599998474121094,True,30.700000762939453,fast_plan,17,,,,100.0
Streblus elongatus,-0.5333,101.5833,-1.0,101.0,16409.0,33.099998474121094,,,True,37.20000076293945,True,29.700000762939453,fast_plan,17,,,,100.0
Streblus elongatus,2.5,100.13333,2.0,100.0,16405.0,23.899999618530273,,,True,39.599998474121094,True,36.50000190734863,fast_plan,17,,,,100.0
Streblus elongatus,3.35,101.55,3.0,101.0,16425.0,42.400001525878906,,,True,35.099998474121094,True,22.5,fast_plan,17,,,,100.0
Swietenia macrophylla,17.25327,-94.612988,17.0,-95.0,16459.0,42.099998474121094,,,True,31.799999237060547,True,26.10000228881836,fast_plan,17,,,,100.0
Swietenia macrophylla,20.5375,-90.420833,20.0,-91.0,16480.0,41.599998474121094,,,True,25.899999618530273,True,32.50000190734863,fast_plan,17,,,,100.0
Swietenia macrophylla,9.21307,-79.72756,9.0,-80.0,16470.0,34.20000076293945,,,True,36.20000076293945,True,29.599998474121094,fast_plan,17,,,,100.0
Swietenia macrophylla,18.110556,-96.149444,18.0,-97.0,16500.0,39.599998474121094,,,True,33.599998474121094,True,26.800003051757812,fast_plan,17,,,,100.0
Swietenia macrophylla,10.33,-85.35,10.0,-86.0,16460.0,18.600000381469727,,,True,47.29999923706055,True,34.10000038146973,fast_plan,17,,,,100.0
Swietenia macrophylla,19.15,-90.166667,19.0,-91.0,16451.0,31.700000762939453,,,True,52.79999923706055,True,15.5,fast_plan,17,,,,100.0
Swietenia macrophylla,9.507864,-75.356333,9.0,-76.0,16485.0,35.29999923706055,,,True,32.20000076293945,True,32.5,fast_plan,17,,,,100.0
Swietenia macrophylla,10.350811,-75.433142,10.0,-76.0,16456.0,34.79999923706055,,,True,36.0,True,29.200000762939453,fast_plan,17,,,,100.0
Swietenia macrophylla,21.108333,-89.608333,21.0,-90.0,16491.0,31.399999618530273,,,True,31.5,True,37.10000038146973,fast_plan,17,,,,100.0
Swietenia mahogani,19.90686,-75.575146,19.0,-76.0,16528.0,17.200000762939453,,,True,39.29999923706055,True,43.5,fast_plan,17,,,,100.0
Swietenia mahogani,19.5,-72.5,19.0,-73.0,16502.0,33.900001525878906,,,True,39.20000076293945,True,26.89999771118164,fast_plan,17,,,,100.0
Swietenia mahogani,18.15,-68.72,18.0,-69.0,16539.0,37.400001525878906,,,True,41.5,True,21.099998474121094,fast_plan,17,,,,100.0
Swietenia mahogani,27.66972,-81.50444,27.0,-82.0,16503.0,90.30000305175781,,,True,4.300000190734863,True,5.399996757507324,fast_plan,17,,,,100.0
Swietenia mahogani,18.53,-70.53,18.0,-71.0,16527.0,28.399999618530273,,,True,37.70000076293945,True,33.89999961853027,fast_plan,17,,,,100.0
Swietenia mahogani,24.4333,-77.95,24.0,-78.0,16512.0,20.5,,,True,41.599998474121094,True,37.900001525878906,fast_plan,17,,,,100.0
Swietenia mahogani,21.1997,-76.26743,21.0,-77.0,16521.0,25.700000762939453,,,True,42.900001525878906,True,31.39999771118164,fast_plan,17,,,,100.0
Symplocos cochinchinensis,10.258004,98.601139,10.0,98.0,16554.0,40.20000076293945,,,True,31.899999618530273,True,27.899999618530273,fast_plan,17,,,,100.0
Symplocos cochinchinensis,-5.83333,145.25,-6.0,145.0,16584.0,38.0,,,True,33.599998474121094,True,28.400001525878906,fast_plan,17,,,,100.0
Symplocos cochinchinensis,13.40222,123.66833,13.0,123.0,16561.0,32.400001525878906,,,True,31.200000762939453,True,36.39999771118164,fast_plan,17,,,,100.0
Symplocos cochinchinensis,4.25,97.08333,4.0,97.0,16567.0,38.099998474121094,,,True,32.70000076293945,True,29.200000762939453,fast_plan,17,,,,100.0
Symplocos cochinchinensis,-6.103596,144.754658,-7.0,144.0,16553.0,37.79999923706055,,,True,26.0,True,36.20000076293945,fast_plan,17,,,,100.0
Symplocos cochinchinensis,0.09307,111.51982,0.0,111.0,16562.0,29.200000762939453,,,True,37.099998474121094,True,33.70000076293945,fast_plan,17,,,,100.0
Symplocos cochinchinensis,24.518994,107.410176,24.0,107.0,16581.0,17.299999237060547,,,True,32.900001525878906,True,49.79999923706055,fast_plan,17,,,,100.0
Symplocos cochinchinensis,15.45,121.41667,15.0,121.0,16569.0,25.799999237060547,,,True,34.400001525878906,True,39.79999923706055,fast_plan,17,,,,100.0
Symplocos cochinchinensis,20.24333,105.73138,20.0,105.0,16570.0,31.0,,,True,31.0,True,38.0,fast_plan,17,,,,100.0
Symplocos cochinchinensis,-2.81667,115.3,-3.0,115.0,16602.0,20.799999237060547,,,True,41.0,True,38.20000076293945,fast_plan,17,,,,100.0
Symplocos paniculata,30.827937,77.950015,30.0,77.0,16621.0,42.400001525878906,,,True,24.200000762939453,True,33.39999771118164,fast_plan,17,,,,100.0
Symplocos paniculata,28.0,91.95,28.0,91.0,16660.0,50.400001525878906,,,True,11.199999809265137,True,38.39999866485596,fast_plan,17,,,,100.0
Symplocos paniculata,30.533333,114.416664,30.0,114.0,16617.0,28.0,,,True,26.899999618530273,True,45.10000038146973,fast_plan,17,,,,100.0
Symplocos paniculata,27.67,120.57,27.0,120.0,16642.0,22.100000381469727,,,True,28.0,True,49.89999961853027,fast_plan,17,,,,100.0
Symplocos paniculata,26.17,109.78,26.0,109.0,16625.0,33.400001525878906,,,True,27.700000762939453,True,38.89999771118164,fast_plan,17,,,,100.0
Syzygium cumini,26.14021,89.45789,26.0,89.0,16669.0,44.29999923706055,,,True,28.0,True,27.700000762939453,fast_plan,17,,,,100.0
Syzygium cumini,27.541667,84.475,27.0,84.0,16710.0,42.599998474121094,,,True,15.899999618530273,True,41.50000190734863,fast_plan,17,,,,100.0
Syzygium cumini,22.25,99.46,22.0,99.0,16724.0,30.899999618530273,,,True,34.599998474121094,True,34.50000190734863,fast_plan,17,,,,100.0
Syzygium cumini,21.74979,88.23732,21.0,88.0,16677.0,7.599999904632568,,,True,27.100000381469727,True,65.2999997138977,fast_plan,17,,,,100.0
Syzygium cumini,18.339132,79.67841,18.0,79.0,16717.0,31.299999237060547,,,True,31.5,True,37.20000076293945,fast_plan,17,,,,100.0
Syzygium cumini,-6.973493,110.833954,-7.0,110.0,16670.0,25.600000381469727,,,True,35.0,True,39.39999961853027,fast_plan,17,,,,100.0
Syzygium cumini,24.130423,92.693779,24.0,92.0,16704.0,30.5,,,True,30.700000762939453,True,38.79999923706055,fast_plan,17,,,,100.0
Syzygium cumini,30.080235,77.916069,30.0,77.0,16702.0,45.099998474121094,,,True,23.100000381469727,True,31.80000114440918,fast_plan,17,,,,100.0
Syzygium cumini,15.45,74.48333,15.0,74.0,16723.0,39.29999923706055,,,True,27.899999618530273,True,32.80000114440918,fast_plan,17,,,,100.0
Syzygium cumini,27.0789,95.1088,27.0,95.0,16694.0,44.79999923706055,,,True,25.700000762939453,True,29.5,fast_plan,17,,,,100.0
Syzygium gardneri,9.42222,77.3611,9.0,77.0,16730.0,38.5,,,True,34.900001525878906,True,26.599998474121094,fast_plan,17,,,,100.0
Syzygium gardneri,13.875,74.8333,13.0,74.0,16735.0,43.599998474121094,,,True,24.899999618530273,True,31.500001907348633,fast_plan,17,,,,100.0
Syzygium gardneri,11.97184,75.86956,11.0,75.0,16740.0,42.0,,,True,28.299999237060547,True,29.700000762939453,fast_plan,17,,,,100.0
Syzygium gardneri,14.569633,74.558045,14.0,74.0,16731.0,41.20000076293945,,,True,28.799999237060547,True,30.0,fast_plan,17,,,,100.0
Syzygium gardneri,10.32772,77.024,10.0,77.0,16732.0,30.100000381469727,,,True,36.5,True,33.39999961853027,fast_plan,17,,,,100.0
Syzygium gardneri,13.52483,75.08756,13.0,75.0,16728.0,40.79999923706055,,,True,29.0,True,30.200000762939453,fast_plan,17,,,,100.0
Syzygium gardneri,6.38333,80.41667,6.0,80.0,16733.0,31.200000762939453,,,True,40.599998474121094,True,28.200000762939453,fast_plan,17,,,,100.0
Syzygium gardneri,19.06706,73.54011,19.0,73.0,16736.0,28.799999237060547,,,True,41.79999923706055,True,29.400001525878906,fast_plan,17,,,,100.0
Syzygium gardneri,8.52208,77.4465,8.0,77.0,16737.0,36.400001525878906,,,True,33.29999923706055,True,30.299999237060547,fast_plan,17,,,,100.0
Syzygium gardneri,17.72731,73.62346,17.0,73.0,16734.0,31.200000762939453,,,True,40.400001525878906,True,28.39999771118164,fast_plan,17,,,,100.0
Syzygium gardneri,10.42111,76.70522,10.0,76.0,16739.0,38.29999923706055,,,True,32.900001525878906,True,28.799999237060547,fast_plan,17,,,,100.0
Syzygium gardneri,12.491667,75.591667,12.0,75.0,16729.0,51.20000076293945,,,True,31.0,True,17.799999237060547,fast_plan,17,,,,100.0
Syzygium grande,3.71667,101.75,3.0,101.0,16760.0,33.5,,,True,33.0,True,33.5,fast_plan,18,,,,100.0
Syzygium grande,17.083,101.116,17.0,101.0,16753.0,39.599998474121094,,,True,31.100000381469727,True,29.30000114440918,fast_plan,18,,,,100.0
Syzygium grande,6.32731,101.93,6.0,101.0,16754.0,54.29999923706055,,,True,27.600000381469727,True,18.100000381469727,fast_plan,18,,,,100.0
Syzygium grande,18.17655,104.48833,18.0,104.0,16770.0,36.099998474121094,,,True,26.899999618530273,True,37.00000190734863,fast_plan,18,,,,100.0
Syzygium grande,14.43,101.37,14.0,101.0,16758.0,29.899999618530273,,,True,40.400001525878906,True,29.69999885559082,fast_plan,18,,,,100.0
Syzygium grande,-2.433333,111.333333,-3.0,111.0,16742.0,27.799999237060547,,,True,41.5,True,30.700000762939453,fast_plan,18,,,,100.0
Syzygium grande,9.60193,98.4925,9.0,98.0,16767.0,40.79999923706055,,,True,28.0,True,31.200000762939453,fast_plan,18,,,,100.0
Syzygium grande,6.8833,100.1333,6.0,100.0,16764.0,42.70000076293945,,,True,27.799999237060547,True,29.5,fast_plan,18,,,,100.0
Syzygium grande,-1.2167,110.1,-2.0,110.0,16775.0,27.0,,,True,38.5,True,34.5,fast_plan,18,,,,100.0
Syzygium grande,8.41667,98.5,8.0,98.0,16757.0,46.29999923706055,,,True,22.700000762939453,True,31.0,fast_plan,18,,,,100.0
Syzygium hainanense,18.626309,109.700342,18.0,109.0,16777.0,54.0,,,True,18.5,True,27.5,fast_plan,18,,,,100.0
Syzygium hancei,21.488241,105.605211,21.0,105.0,16794.0,28.600000381469727,,,True,30.100000381469727,True,41.29999923706055,fast_plan,18,,,,100.0
Syzygium hancei,16.41667,101.86667,16.0,101.0,16799.0,38.099998474121094,,,True,24.100000381469727,True,37.80000114440918,fast_plan,18,,,,100.0
Syzygium hancei,22.391288,106.817838,22.0,106.0,16819.0,23.600000381469727,,,True,31.799999237060547,True,44.60000038146973,fast_plan,18,,,,100.0
Syzygium hancei,18.62,109.7,18.0,109.0,16822.0,51.79999923706055,,,True,19.5,True,28.700000762939453,fast_plan,18,,,,100.0
Syzygium hancei,24.07,114.2,24.0,114.0,16827.0,40.400001525878906,,,True,28.899999618530273,True,30.69999885559082,fast_plan,18,,,,100.0
Syzygium hancei,18.343333,105.238333,18.0,105.0,16789.0,37.0,,,True,32.79999923706055,True,30.200000762939453,fast_plan,18,,,,100.0
Syzygium kunstleri,3.25,114.25,3.0,114.0,16839.0,29.399999618530273,,,True,40.20000076293945,True,30.399999618530273,fast_plan,18,,,,100.0
Syzygium kunstleri,4.3625,118.125,4.0,118.0,16846.0,32.70000076293945,,,True,34.79999923706055,True,32.5,fast_plan,18,,,,100.0
Syzygium kunstleri,5.83333,117.75,5.0,117.0,16841.0,24.399999618530273,,,True,42.099998474121094,True,33.50000190734863,fast_plan,18,,,,100.0
Syzygium kunstleri,6.15,116.65,6.0,116.0,16847.0,30.600000381469727,,,True,38.29999923706055,True,31.100000381469727,fast_plan,18,,,,100.0
Syzygium kunstleri,1.06667,116.65,1.0,116.0,16848.0,33.5,,,True,37.5,True,29.0,fast_plan,18,,,,100.0
Syzygium kunstleri,-2.433333,111.333333,-3.0,111.0,16845.0,27.799999237060547,,,True,41.5,True,30.700000762939453,fast_plan,18,,,,100.0
Syzygium kunstleri,5.78,116.33,5.0,116.0,16840.0,33.599998474121094,,,True,33.900001525878906,True,32.5,fast_plan,18,,,,100.0
Syzygium kunstleri,-0.516111,112.601945,-1.0,112.0,16844.0,27.299999237060547,,,True,44.099998474121094,True,28.60000228881836,fast_plan,18,,,,100.0
Syzygium kunstleri,-1.0,117.0,-1.0,117.0,16843.0,36.099998474121094,,,True,26.5,True,37.400001525878906,fast_plan,18,,,,100.0
Syzygium kunstleri,5.12283,115.93817,5.0,115.0,16838.0,33.599998474121094,,,True,33.400001525878906,True,33.0,fast_plan,18,,,,100.0
Syzygium leptostemon,6.583333,100.583333,6.0,100.0,16854.0,31.799999237060547,,,True,34.599998474121094,True,33.60000228881836,fast_plan,18,,,,100.0
Syzygium leptostemon,5.25,115.83333,5.0,115.0,16869.0,34.900001525878906,,,True,34.099998474121094,True,31.0,fast_plan,18,,,,100.0
Syzygium leptostemon,2.1,117.31667,2.0,117.0,16866.0,29.799999237060547,,,True,36.599998474121094,True,33.60000228881836,fast_plan,18,,,,100.0
Syzygium leptostemon,-1.0,116.87447,-1.0,116.0,16861.0,38.400001525878906,,,True,28.100000381469727,True,33.49999809265137,fast_plan,18,,,,100.0
Syzygium leptostemon,5.09583,116.4125,5.0,116.0,16870.0,31.100000381469727,,,True,37.29999923706055,True,31.600000381469727,fast_plan,18,,,,100.0
Syzygium leptostemon,-2.23,103.32,-3.0,103.0,16853.0,28.200000762939453,,,True,41.400001525878906,True,30.39999771118164,fast_plan,18,,,,100.0
Syzygium leptostemon,2.972545,102.299258,2.0,102.0,16877.0,34.29999923706055,,,True,38.79999923706055,True,26.900001525878906,fast_plan,18,,,,100.0
Syzygium leptostemon,3.866667,115.383333,3.0,115.0,16875.0,30.600000381469727,,,True,39.79999923706055,True,29.600000381469727,fast_plan,18,,,,100.0
Syzygium leptostemon,1.656667,112.138889,1.0,112.0,16867.0,28.899999618530273,,,True,35.79999923706055,True,35.30000114440918,fast_plan,18,,,,100.0
Syzygium leptostemon,4.366667,115.283333,4.0,115.0,16859.0,33.29999923706055,,,True,32.70000076293945,True,34.0,fast_plan,18,,,,100.0
Syzygium leptostemon,4.483333,101.383333,4.0,101.0,16871.0,31.299999237060547,,,True,33.70000076293945,True,35.0,fast_plan,18,,,,100.0
Syzygium lineatum,1.416667,110.166667,1.0,110.0,16910.0,26.200000762939453,,,True,41.099998474121094,True,32.70000076293945,fast_plan,18,,,,100.0
Syzygium lineatum,19.41667,99.0,19.0,99.0,16898.0,43.400001525878906,,,True,29.200000762939453,True,27.39999771118164,fast_plan,18,,,,100.0
Syzygium lineatum,9.75,98.666667,9.0,98.0,16901.0,39.900001525878906,,,True,30.700000762939453,True,29.39999771118164,fast_plan,18,,,,100.0
Syzygium lineatum,-1.85,102.65,-2.0,102.0,16908.0,29.5,,,True,49.099998474121094,True,21.400001525878906,fast_plan,18,,,,100.0
Syzygium lineatum,0.0,116.5,0.0,116.0,16899.0,33.29999923706055,,,True,31.399999618530273,True,35.30000114440918,fast_plan,18,,,,100.0
Syzygium lineatum,-2.53333,115.5,-3.0,115.0,16919.0,26.100000381469727,,,True,36.900001525878906,True,36.99999809265137,fast_plan,18,,,,100.0
Syzygium lineatum,-0.33333,115.91667,-1.0,115.0,16923.0,20.100000381469727,,,True,49.900001525878906,True,29.999998092651367,fast_plan,18,,,,100.0
Syzygium lineatum,12.491032,122.513512,12.0,122.0,16933.0,34.0,,,True,32.79999923706055,True,33.20000076293945,fast_plan,18,,,,100.0
Syzygium lineatum,2.08333,117.28333,2.0,117.0,16882.0,24.100000381469727,,,True,39.599998474121094,True,36.30000114440918,fast_plan,18,,,,100.0
Syzygium lineatum,5.5,117.83333,5.0,117.0,16920.0,29.600000381469727,,,True,40.29999923706055,True,30.100000381469727,fast_plan,18,,,,100.0
Syzygium munroi,9.45694,77.1764,9.0,77.0,16941.0,34.20000076293945,,,True,37.70000076293945,True,28.099998474121094,fast_plan,18,,,,100.0
Syzygium munroi,10.325,76.775,10.0,76.0,16938.0,38.70000076293945,,,True,31.299999237060547,True,30.0,fast_plan,18,,,,100.0
Syzygium munroi,11.83664,75.80986,11.0,75.0,16943.0,41.29999923706055,,,True,31.899999618530273,True,26.80000114440918,fast_plan,18,,,,100.0
Syzygium munroi,10.29937,77.03062,10.0,77.0,16939.0,31.600000381469727,,,True,35.5,True,32.89999961853027,fast_plan,18,,,,100.0
Syzygium munroi,8.531641,77.45247,8.0,77.0,16940.0,36.20000076293945,,,True,35.70000076293945,True,28.099998474121094,fast_plan,18,,,,100.0
Syzygium munroi,12.3917,75.4833,12.0,75.0,16944.0,39.099998474121094,,,True,32.79999923706055,True,28.10000228881836,fast_plan,18,,,,100.0
Syzygium munroi,11.17683,76.41372,11.0,76.0,16942.0,41.20000076293945,,,True,29.600000381469727,True,29.19999885559082,fast_plan,18,,,,100.0
Syzygium nervosum,1.580848,99.220788,1.0,99.0,17000.0,32.400001525878906,,,True,37.599998474121094,True,30.0,fast_plan,18,,,,100.0
Syzygium nervosum,-12.60328,132.43036,-13.0,132.0,16954.0,47.5,,,True,29.200000762939453,True,23.299999237060547,fast_plan,18,,,,100.0
Syzygium nervosum,-12.271085,134.816372,-13.0,134.0,16965.0,45.20000076293945,,,True,32.20000076293945,True,22.599998474121094,fast_plan,18,,,,100.0
Syzygium nervosum,-14.37729,129.58551,-15.0,129.0,17003.0,54.599998474121094,,,True,24.799999237060547,True,20.60000228881836,fast_plan,18,,,,100.0
Syzygium nervosum,-14.14446,135.77017,-15.0,135.0,16996.0,67.69999694824219,,,True,19.399999618530273,True,12.900003433227539,fast_plan,18,,,,100.0
Syzygium nervosum,-14.41649,130.7942,-15.0,130.0,16982.0,64.19999694824219,,,True,18.600000381469727,True,17.200002670288086,fast_plan,18,,,,100.0
Syzygium nervosum,-11.048611,136.73124,-12.0,136.0,16986.0,49.0,,,True,29.399999618530273,True,21.600000381469727,fast_plan,18,,,,100.0
Syzygium nervosum,-12.49327,135.40606,-13.0,135.0,16955.0,56.900001525878906,,,True,24.700000762939453,True,18.39999771118164,fast_plan,18,,,,100.0
Syzygium nervosum,-14.2092,136.4578,-15.0,136.0,16988.0,54.400001525878906,,,True,27.700000762939453,True,17.89999771118164,fast_plan,18,,,,100.0
Syzygium nervosum,22.52,103.97,22.0,103.0,16981.0,33.400001525878906,,,True,32.20000076293945,True,34.39999771118164,fast_plan,18,,,,100.0
Syzygium oblatum,10.258004,98.601139,10.0,98.0,17005.0,40.20000076293945,,,True,31.899999618530273,True,27.899999618530273,fast_plan,18,,,,100.0
Syzygium oblatum,2.71667,114.7,2.0,114.0,17007.0,28.700000762939453,,,True,38.5,True,32.79999923706055,fast_plan,18,,,,100.0
Syzygium oblatum,12.5771,105.391,12.0,105.0,17008.0,36.0,,,True,29.799999237060547,True,34.20000076293945,fast_plan,18,,,,100.0
Syzygium oblatum,9.15416,105.20508,9.0,105.0,17011.0,29.5,,,True,39.20000076293945,True,31.299999237060547,fast_plan,18,,,,100.0
Syzygium oblatum,6.5,101.75,6.0,101.0,17031.0,43.599998474121094,,,True,26.899999618530273,True,29.500001907348633,fast_plan,18,,,,100.0
Syzygium oblatum,18.81625,98.89181,18.0,98.0,17027.0,41.0,,,True,33.099998474121094,True,25.900001525878906,fast_plan,18,,,,100.0
Syzygium oblatum,16.87129,101.71867,16.0,101.0,17009.0,41.599998474121094,,,True,30.799999237060547,True,27.60000228881836,fast_plan,18,,,,100.0
Syzygium oblatum,7.85,99.23333,7.0,99.0,17026.0,41.5,,,True,21.0,True,37.5,fast_plan,18,,,,100.0
Syzygium oblatum,7.0,100.2,7.0,100.0,17025.0,36.099998474121094,,,True,33.0,True,30.900001525878906,fast_plan,18,,,,100.0
Syzygium pycnanthum,0.98333,113.31667,0.0,113.0,17055.0,30.799999237060547,,,True,37.70000076293945,True,31.5,fast_plan,18,,,,100.0
Syzygium pycnanthum,-1.6,115.516667,-2.0,115.0,17052.0,31.100000381469727,,,True,34.79999923706055,True,34.10000038146973,fast_plan,18,,,,100.0
Syzygium pycnanthum,3.6831,97.6486,3.0,97.0,17039.0,40.0,,,True,31.700000762939453,True,28.299999237060547,fast_plan,18,,,,100.0
Syzygium pycnanthum,6.08333,116.54583,6.0,116.0,17048.0,36.20000076293945,,,True,29.899999618530273,True,33.89999961853027,fast_plan,18,,,,100.0
Syzygium pycnanthum,0.5,124.0,0.0,124.0,17062.0,30.399999618530273,,,True,39.599998474121094,True,30.000001907348633,fast_plan,18,,,,100.0
Syzygium pycnanthum,-0.76667,102.53333,-1.0,102.0,17056.0,33.79999923706055,,,True,37.5,True,28.700000762939453,fast_plan,18,,,,100.0
Syzygium pycnanthum,3.95,108.35,3.0,108.0,17045.0,36.20000076293945,,,True,35.5,True,28.299999237060547,fast_plan,18,,,,100.0
Syzygium pycnanthum,5.04722,118.75361,5.0,118.0,17073.0,31.799999237060547,,,True,38.29999923706055,True,29.900001525878906,fast_plan,18,,,,100.0
Syzygium pycnanthum,8.36667,99.75,8.0,99.0,17043.0,39.70000076293945,,,True,31.299999237060547,True,29.0,fast_plan,18,,,,100.0
Syzygium pycnanthum,6.033333,101.4,6.0,101.0,17053.0,35.79999923706055,,,True,33.29999923706055,True,30.900001525878906,fast_plan,18,,,,100.0
Syzygium racemosum,6.56,100.14,6.0,100.0,17085.0,37.79999923706055,,,True,28.299999237060547,True,33.900001525878906,fast_plan,18,,,,100.0
Syzygium racemosum,-0.28333,115.7,-1.0,115.0,17080.0,25.700000762939453,,,True,45.900001525878906,True,28.39999771118164,fast_plan,18,,,,100.0
Syzygium racemosum,-3.6,114.7,-4.0,114.0,17079.0,27.399999618530273,,,True,35.400001525878906,True,37.19999885559082,fast_plan,18,,,,100.0
Syzygium racemosum,-8.31011,116.41444,-9.0,116.0,17075.0,44.099998474121094,,,True,31.700000762939453,True,24.200000762939453,fast_plan,18,,,,100.0
Syzygium racemosum,7.60275,99.37169,7.0,99.0,17087.0,37.29999923706055,,,True,26.299999237060547,True,36.400001525878906,fast_plan,18,,,,100.0
Syzygium racemosum,-1.0,117.0,-1.0,117.0,17084.0,36.099998474121094,,,True,26.5,True,37.400001525878906,fast_plan,18,,,,100.0
Syzygium racemosum,0.45,116.68333,0.0,116.0,17078.0,31.0,,,True,35.400001525878906,True,33.599998474121094,fast_plan,18,,,,100.0
Syzygium racemosum,-7.16667,107.56667,-8.0,107.0,17081.0,30.600000381469727,,,True,29.700000762939453,True,39.69999885559082,fast_plan,18,,,,100.0
Syzygium racemosum,4.483333,101.383333,4.0,101.0,17076.0,31.299999237060547,,,True,33.70000076293945,True,35.0,fast_plan,18,,,,100.0
Syzygium racemosum,1.216667,110.35,1.0,110.0,17083.0,22.100000381469727,,,True,45.0,True,32.89999961853027,fast_plan,18,,,,100.0
Syzygium racemosum,2.972545,102.299258,2.0,102.0,17082.0,34.29999923706055,,,True,38.79999923706055,True,26.900001525878906,fast_plan,18,,,,100.0
Syzygium scortechinii,5.55,116.31667,5.0,116.0,17094.0,30.399999618530273,,,True,40.900001525878906,True,28.69999885559082,fast_plan,18,,,,100.0
Syzygium scortechinii,4.79951,100.74934,4.0,100.0,17091.0,30.0,,,True,42.0,True,28.0,fast_plan,18,,,,100.0
Syzygium scortechinii,2.972545,102.299258,2.0,102.0,17104.0,34.29999923706055,,,True,38.79999923706055,True,26.900001525878906,fast_plan,18,,,,100.0
Syzygium scortechinii,5.83333,117.75,5.0,117.0,17106.0,24.399999618530273,,,True,42.099998474121094,True,33.50000190734863,fast_plan,18,,,,100.0
Syzygium scortechinii,4.42,117.48,4.0,117.0,17093.0,34.599998474121094,,,True,33.0,True,32.400001525878906,fast_plan,18,,,,100.0
Syzygium scortechinii,-1.03333,117.03333,-2.0,117.0,17098.0,32.70000076293945,,,True,33.70000076293945,True,33.599998474121094,fast_plan,18,,,,100.0
Syzygium scortechinii,4.383333,116.95,4.0,116.0,17088.0,35.79999923706055,,,True,36.29999923706055,True,27.900001525878906,fast_plan,18,,,,100.0
Syzygium scortechinii,4.5,114.66667,4.0,114.0,17101.0,32.5,,,True,33.099998474121094,True,34.400001525878906,fast_plan,18,,,,100.0
Syzygium scortechinii,4.483333,115.183333,4.0,115.0,17107.0,30.100000381469727,,,True,37.0,True,32.89999961853027,fast_plan,18,,,,100.0
Syzygium scortechinii,5.4,118.55,5.0,118.0,17103.0,27.899999618530273,,,True,41.099998474121094,True,31.000001907348633,fast_plan,18,,,,100.0
Syzygium scortechinii,5.41667,100.26667,5.0,100.0,17097.0,33.70000076293945,,,True,35.599998474121094,True,30.700000762939453,fast_plan,18,,,,100.0
Syzygium scortechinii,3.76667,113.76667,3.0,113.0,17090.0,26.399999618530273,,,True,39.400001525878906,True,34.19999885559082,fast_plan,18,,,,100.0
Syzygium spathulatum,7.4,80.8,7.0,80.0,17108.0,31.899999618530273,,,True,40.20000076293945,True,27.899999618530273,fast_plan,18,,,,100.0
Tectona grandis,27.127777,80.84613,27.0,80.0,17151.0,40.29999923706055,,,True,27.0,True,32.70000076293945,fast_plan,18,,,,100.0
Tectona grandis,22.59588,79.60928,22.0,79.0,17145.0,19.0,,,True,33.70000076293945,True,47.29999923706055,fast_plan,18,,,,100.0
Tectona grandis,13.106711,102.196455,13.0,102.0,17157.0,27.0,,,True,29.399999618530273,True,43.60000038146973,fast_plan,18,,,,100.0
Tectona grandis,12.425345,76.656135,12.0,76.0,17147.0,29.100000381469727,,,True,40.0,True,30.899999618530273,fast_plan,18,,,,100.0
Tectona grandis,17.241238,98.52652,17.0,98.0,17167.0,46.400001525878906,,,True,28.600000381469727,True,24.999998092651367,fast_plan,18,,,,100.0
Tectona grandis,16.463136,102.813157,16.0,102.0,17137.0,42.5,,,True,29.299999237060547,True,28.200000762939453,fast_plan,18,,,,100.0
Tectona grandis,24.44,97.53,24.0,97.0,17128.0,33.29999923706055,,,True,30.899999618530273,True,35.80000114440918,fast_plan,18,,,,100.0
Tectona grandis,10.2667,77.5167,10.0,77.0,17121.0,35.099998474121094,,,True,30.899999618530273,True,34.00000190734863,fast_plan,18,,,,100.0
Tectona grandis,26.32,92.574,26.0,92.0,17109.0,33.70000076293945,,,True,30.399999618530273,True,35.89999961853027,fast_plan,18,,,,100.0
Terminalia bellirica,14.614154,78.955375,14.0,78.0,17172.0,46.20000076293945,,,True,28.5,True,25.299999237060547,fast_plan,18,,,,100.0
Terminalia bellirica,24.525714,81.170533,24.0,81.0,17205.0,24.0,,,True,37.0,True,39.0,fast_plan,18,,,,100.0
Terminalia bellirica,22.264587,70.71305,22.0,70.0,17220.0,43.599998474121094,,,True,29.5,True,26.900001525878906,fast_plan,18,,,,100.0
Terminalia bellirica,11.537383,76.577383,11.0,76.0,17221.0,36.20000076293945,,,True,32.0,True,31.799999237060547,fast_plan,18,,,,100.0
Terminalia bellirica,22.633858,74.097568,22.0,74.0,17192.0,32.099998474121094,,,True,35.099998474121094,True,32.80000305175781,fast_plan,18,,,,100.0
Terminalia bellirica,13.92851,78.48751,13.0,78.0,17182.0,38.5,,,True,34.79999923706055,True,26.700000762939453,fast_plan,18,,,,100.0
Terminalia bellirica,-5.6599,104.4058,-6.0,104.0,17190.0,23.899999618530273,,,True,41.70000076293945,True,34.39999961853027,fast_plan,18,,,,100.0
Terminalia bellirica,21.86042,73.5195,21.0,73.0,17193.0,34.0,,,True,37.400001525878906,True,28.599998474121094,fast_plan,18,,,,100.0
Terminalia bellirica,20.23245,74.70737,20.0,74.0,17228.0,31.100000381469727,,,True,42.5,True,26.399999618530273,fast_plan,18,,,,100.0
Terminalia bellirica,13.537687,77.65771,13.0,77.0,17207.0,59.79999923706055,,,True,22.299999237060547,True,17.900001525878906,fast_plan,18,,,,100.0
Terminalia bellirica,-6.96667,109.86667,-7.0,109.0,17219.0,28.100000381469727,,,True,35.5,True,36.39999961853027,fast_plan,18,,,,100.0
Terminalia foetidissima,7.75,99.5,7.0,99.0,17246.0,32.599998474121094,,,True,29.799999237060547,True,37.60000228881836,fast_plan,18,,,,100.0
Terminalia foetidissima,-3.96667,114.93333,-4.0,114.0,17249.0,25.899999618530273,,,True,33.099998474121094,True,41.00000190734863,fast_plan,18,,,,100.0
Terminalia foetidissima,1.4,110.3,1.0,110.0,17238.0,24.899999618530273,,,True,40.70000076293945,True,34.39999961853027,fast_plan,18,,,,100.0
Terminalia foetidissima,1.31667,117.71667,1.0,117.0,17242.0,29.600000381469727,,,True,35.900001525878906,True,34.49999809265137,fast_plan,18,,,,100.0
Terminalia foetidissima,3.76667,113.76667,3.0,113.0,17243.0,26.399999618530273,,,True,39.400001525878906,True,34.19999885559082,fast_plan,18,,,,100.0
Terminalia foetidissima,5.52167,118.06667,5.0,118.0,17234.0,32.400001525878906,,,True,40.70000076293945,True,26.89999771118164,fast_plan,18,,,,100.0
Terminalia foetidissima,-0.91667,116.76667,-1.0,116.0,17252.0,32.20000076293945,,,True,32.400001525878906,True,35.39999771118164,fast_plan,18,,,,100.0
Terminalia foetidissima,6.055,116.68583,6.0,116.0,17241.0,25.700000762939453,,,True,42.70000076293945,True,31.599998474121094,fast_plan,18,,,,100.0
Terminalia foetidissima,4.533333,115.183333,4.0,115.0,17251.0,30.5,,,True,38.400001525878906,True,31.099998474121094,fast_plan,18,,,,100.0
Terminalia foetidissima,14.1789,121.2256,14.0,121.0,17250.0,21.100000381469727,,,True,43.400001525878906,True,35.49999809265137,fast_plan,18,,,,100.0
Terminalia foetidissima,0.5,111.33333,0.0,111.0,17244.0,32.599998474121094,,,True,36.79999923706055,True,30.60000228881836,fast_plan,18,,,,100.0
Terminalia paniculata,13.32,74.73,13.0,74.0,17272.0,42.29999923706055,,,True,33.29999923706055,True,24.400001525878906,fast_plan,18,,,,100.0
Terminalia paniculata,12.49345,77.678092,12.0,77.0,17255.0,41.0,,,True,30.0,True,29.0,fast_plan,18,,,,100.0
Terminalia paniculata,9.513889,77.222222,9.0,77.0,17256.0,35.20000076293945,,,True,33.0,True,31.799999237060547,fast_plan,18,,,,100.0
Terminalia paniculata,19.283374,73.682832,19.0,73.0,17280.0,26.399999618530273,,,True,42.400001525878906,True,31.19999885559082,fast_plan,18,,,,100.0
Terminalia paniculata,11.98923,79.80553,11.0,79.0,17254.0,38.29999923706055,,,True,31.100000381469727,True,30.600000381469727,fast_plan,18,,,,100.0
Terminalia paniculata,18.456152,72.944228,18.0,72.0,17261.0,40.79999923706055,,,True,33.599998474121094,True,25.60000228881836,fast_plan,18,,,,100.0
Terminalia paniculata,11.822914,75.428586,11.0,75.0,17276.0,42.099998474121094,,,True,32.70000076293945,True,25.200000762939453,fast_plan,18,,,,100.0
Terminalia paniculata,12.025795,76.163054,12.0,76.0,17264.0,40.5,,,True,29.600000381469727,True,29.899999618530273,fast_plan,18,,,,100.0
Terminalia paniculata,16.428408,74.153908,16.0,74.0,17269.0,42.79999923706055,,,True,28.899999618530273,True,28.30000114440918,fast_plan,18,,,,100.0
Terminalia paniculata,18.400719,73.377068,18.0,73.0,17268.0,31.899999618530273,,,True,38.900001525878906,True,29.19999885559082,fast_plan,18,,,,100.0
Terminalia paniculata,17.4454,73.42201,17.0,73.0,17279.0,33.79999923706055,,,True,35.0,True,31.200000762939453,fast_plan,18,,,,100.0
Terminalia paniculata,20.58614,78.96985,20.0,78.0,17277.0,21.299999237060547,,,True,42.599998474121094,True,36.10000228881836,fast_plan,18,,,,100.0
Terminalia procera,1.31667,127.81667,1.0,127.0,17298.0,30.399999618530273,,,True,35.70000076293945,True,33.89999961853027,fast_plan,18,,,,100.0
Terminalia procera,-0.15,104.60944,-1.0,104.0,17287.0,38.099998474121094,,,True,41.5,True,20.400001525878906,fast_plan,18,,,,100.0
Terminalia procera,3.35,98.55,3.0,98.0,17293.0,30.299999237060547,,,True,35.70000076293945,True,34.0,fast_plan,18,,,,100.0
Terminalia procera,-4.35,103.96667,-5.0,103.0,17295.0,27.899999618530273,,,True,38.099998474121094,True,34.00000190734863,fast_plan,18,,,,100.0
Terminalia procera,-0.85,123.0,-1.0,123.0,17294.0,48.20000076293945,,,True,29.299999237060547,True,22.5,fast_plan,18,,,,100.0
Terminalia procera,12.36819,92.779627,12.0,92.0,17289.0,41.5,,,True,32.599998474121094,True,25.900001525878906,fast_plan,18,,,,100.0
Terminalia procera,-8.916667,147.0,-9.0,147.0,17292.0,33.900001525878906,,,True,35.0,True,31.099998474121094,fast_plan,18,,,,100.0
Terminalia procera,-2.0264,125.8786,-3.0,125.0,17291.0,36.400001525878906,,,True,29.399999618530273,True,34.19999885559082,fast_plan,18,,,,100.0
Terminalia procera,5.53333,118.27167,5.0,118.0,17290.0,26.100000381469727,,,True,40.29999923706055,True,33.60000038146973,fast_plan,18,,,,100.0
Terminalia procera,1.66667,109.85,1.0,109.0,17285.0,46.70000076293945,,,True,33.099998474121094,True,20.200000762939453,fast_plan,18,,,,100.0
Terminalia procera,4.29676,126.81707,4.0,126.0,17286.0,32.400001525878906,,,True,42.400001525878906,True,25.199996948242188,fast_plan,18,,,,100.0
Terminalia subspathulata,-6.33333,105.96667,-7.0,105.0,17301.0,28.0,,,True,40.20000076293945,True,31.799999237060547,fast_plan,18,,,,100.0
Terminalia subspathulata,1.73333,109.8,1.0,109.0,17303.0,45.599998474121094,,,True,31.899999618530273,True,22.500001907348633,fast_plan,18,,,,100.0
Terminalia subspathulata,-7.2579,106.6256,-8.0,106.0,17305.0,23.100000381469727,,,True,37.20000076293945,True,39.69999885559082,fast_plan,18,,,,100.0
Terminalia subspathulata,3.324662,101.752277,3.0,101.0,17317.0,37.5,,,True,38.20000076293945,True,24.299999237060547,fast_plan,18,,,,100.0
Terminalia subspathulata,-1.92639,112.47639,-2.0,112.0,17314.0,26.299999237060547,,,True,42.70000076293945,True,31.0,fast_plan,18,,,,100.0
Terminalia subspathulata,6.05,116.7,6.0,116.0,17308.0,32.5,,,True,39.5,True,28.0,fast_plan,18,,,,100.0
Terminalia subspathulata,-1.85,102.65,-2.0,102.0,17304.0,29.5,,,True,49.099998474121094,True,21.400001525878906,fast_plan,18,,,,100.0
Terminalia subspathulata,-7.7891,111.6167,-8.0,111.0,17312.0,33.0,,,True,33.29999923706055,True,33.70000076293945,fast_plan,18,,,,100.0
Terminalia subspathulata,5.75,118.0,5.0,118.0,17309.0,29.200000762939453,,,True,38.79999923706055,True,32.0,fast_plan,18,,,,100.0
Terminalia subspathulata,5.25,116.25,5.0,116.0,17310.0,32.5,,,True,35.400001525878906,True,32.099998474121094,fast_plan,18,,,,100.0
Terminalia subspathulata,-7.7,114.0,-8.0,114.0,17316.0,46.400001525878906,,,True,32.599998474121094,True,21.0,fast_plan,18,,,,100.0
Ternstroemia magnifica,3.23333,113.1,3.0,113.0,17325.0,34.29999923706055,,,True,31.700000762939453,True,34.0,fast_plan,18,,,,100.0
Ternstroemia magnifica,5.751111,117.31,5.0,117.0,17324.0,28.700000762939453,,,True,39.79999923706055,True,31.5,fast_plan,18,,,,100.0
Ternstroemia magnifica,1.73333,109.83333,1.0,109.0,17327.0,33.400001525878906,,,True,39.900001525878906,True,26.699996948242188,fast_plan,18,,,,100.0
Ternstroemia magnifica,1.51667,110.48333,1.0,110.0,17326.0,11.600000381469727,,,True,51.900001525878906,True,36.49999809265137,fast_plan,18,,,,100.0
Ternstroemia magnifica,-0.75,116.63333,-1.0,116.0,17320.0,37.79999923706055,,,True,26.600000381469727,True,35.60000038146973,fast_plan,18,,,,100.0
Ternstroemia magnifica,2.61667,111.45,2.0,111.0,17329.0,28.799999237060547,,,True,36.79999923706055,True,34.400001525878906,fast_plan,18,,,,100.0
Ternstroemia magnifica,6.15,116.65,6.0,116.0,17322.0,30.600000381469727,,,True,38.29999923706055,True,31.100000381469727,fast_plan,18,,,,100.0
Ternstroemia magnifica,4.5,114.66667,4.0,114.0,17321.0,32.5,,,True,33.099998474121094,True,34.400001525878906,fast_plan,18,,,,100.0
Ternstroemia magnifica,4.28333,115.3,4.0,115.0,17331.0,32.0,,,True,38.099998474121094,True,29.900001525878906,fast_plan,18,,,,100.0
Ternstroemia magnifica,5.86667,116.51667,5.0,116.0,17328.0,30.399999618530273,,,True,41.599998474121094,True,28.000001907348633,fast_plan,18,,,,100.0
Ternstroemia magnifica,3.35,114.18333,3.0,114.0,17330.0,29.5,,,True,38.79999923706055,True,31.700000762939453,fast_plan,18,,,,100.0
Tetradium glabrifolium,10.83333,99.33333,10.0,99.0,17362.0,60.20000076293945,,,True,19.700000762939453,True,20.099998474121094,fast_plan,18,,,,100.0
Tetradium glabrifolium,23.64,108.23,23.0,108.0,17382.0,20.0,,,True,30.799999237060547,True,49.20000076293945,fast_plan,18,,,,100.0
Tetradium glabrifolium,12.5803,105.362,12.0,105.0,17383.0,33.5,,,True,30.5,True,36.0,fast_plan,18,,,,100.0
Tetradium glabrifolium,22.509888,120.646347,22.0,120.0,17369.0,28.100000381469727,,,True,34.5,True,37.39999961853027,fast_plan,18,,,,100.0
Tetradium glabrifolium,18.53333,98.56667,18.0,98.0,17386.0,46.79999923706055,,,True,29.0,True,24.200000762939453,fast_plan,18,,,,100.0
Tetradium ruticarpum,29.35,102.65,29.0,102.0,17410.0,25.5,,,True,30.299999237060547,True,44.20000076293945,fast_plan,18,,,,100.0
Tetradium ruticarpum,22.79,103.09,22.0,103.0,17415.0,28.700000762939453,,,True,28.899999618530273,True,42.39999961853027,fast_plan,18,,,,100.0
Tetradium ruticarpum,29.351226,107.616845,29.0,107.0,17395.0,33.900001525878906,,,True,27.200000762939453,True,38.89999771118164,fast_plan,18,,,,100.0
Tetradium ruticarpum,23.78,98.83,23.0,98.0,17425.0,36.400001525878906,,,True,33.0,True,30.599998474121094,fast_plan,18,,,,100.0
Tetradium ruticarpum,25.4014,98.7233,25.0,98.0,17412.0,33.599998474121094,,,True,23.100000381469727,True,43.30000114440918,fast_plan,18,,,,100.0
Tetradium ruticarpum,27.51,108.23,27.0,108.0,17397.0,28.799999237060547,,,True,25.899999618530273,True,45.30000114440918,fast_plan,18,,,,100.0
Tetradium ruticarpum,33.32,108.32,33.0,108.0,17435.0,49.900001525878906,,,True,19.600000381469727,True,30.499998092651367,fast_plan,18,,,,100.0
Tetradium ruticarpum,28.32,106.22,28.0,106.0,17445.0,25.899999618530273,,,True,29.799999237060547,True,44.30000114440918,fast_plan,18,,,,100.0
Tetradium ruticarpum,39.81,116.74,39.0,116.0,17432.0,37.70000076293945,,,True,21.799999237060547,True,40.5,fast_plan,18,,,,100.0
Tetradium ruticarpum,31.230463,105.464973,31.0,105.0,17399.0,31.899999618530273,,,True,24.799999237060547,True,43.30000114440918,fast_plan,18,,,,100.0
Tetradium ruticarpum,26.37,110.32,26.0,110.0,17451.0,30.100000381469727,,,True,29.299999237060547,True,40.60000038146973,fast_plan,18,,,,100.0
Tetramerista glabra,0.06667,99.98333,0.0,99.0,17470.0,36.900001525878906,,,True,28.0,True,35.099998474121094,fast_plan,18,,,,100.0
Tetramerista glabra,1.0,117.0,1.0,117.0,17453.0,35.400001525878906,,,True,34.400001525878906,True,30.199996948242188,fast_plan,18,,,,100.0
Tetramerista glabra,-0.78,117.2,-1.0,117.0,17473.0,26.0,,,True,33.20000076293945,True,40.79999923706055,fast_plan,18,,,,100.0
Tetramerista glabra,0.36667,108.96667,0.0,108.0,17461.0,24.200000762939453,,,True,38.900001525878906,True,36.89999771118164,fast_plan,18,,,,100.0
Tetramerista glabra,4.08333,117.66667,4.0,117.0,17468.0,30.299999237060547,,,True,38.29999923706055,True,31.400001525878906,fast_plan,18,,,,100.0
Tetramerista glabra,0.7667,113.1667,0.0,113.0,17471.0,33.79999923706055,,,True,37.400001525878906,True,28.799999237060547,fast_plan,18,,,,100.0
Tetramerista glabra,1.05,103.36667,1.0,103.0,17479.0,29.200000762939453,,,True,44.29999923706055,True,26.5,fast_plan,18,,,,100.0
Tetramerista glabra,3.35,117.6,3.0,117.0,17464.0,32.79999923706055,,,True,34.5,True,32.70000076293945,fast_plan,18,,,,100.0
Tetramerista glabra,-2.53333,112.95,-3.0,112.0,17489.0,23.299999237060547,,,True,42.70000076293945,True,34.0,fast_plan,18,,,,100.0
Tetramerista glabra,-0.48333,109.38333,-1.0,109.0,17456.0,26.899999618530273,,,True,35.400001525878906,True,37.69999885559082,fast_plan,18,,,,100.0
Tetramerista glabra,-2.91667,104.75,-3.0,104.0,17467.0,20.5,,,True,45.5,True,34.0,fast_plan,18,,,,100.0
Toona hexandra,18.2572,82.0328,18.0,82.0,17503.0,43.599998474121094,,,True,23.0,True,33.400001525878906,fast_plan,18,,,,100.0
Toona hexandra,24.4728,93.81674,24.0,93.0,17541.0,31.5,,,True,32.70000076293945,True,35.79999923706055,fast_plan,18,,,,100.0
Toona hexandra,-9.425,147.508333,-10.0,147.0,17493.0,31.899999618530273,,,True,40.79999923706055,True,27.30000114440918,fast_plan,18,,,,100.0
Toona hexandra,-7.08333,108.7,-8.0,108.0,17501.0,29.899999618530273,,,True,35.099998474121094,True,35.00000190734863,fast_plan,18,,,,100.0
Toona hexandra,-20.356773,148.676082,-21.0,148.0,17542.0,40.0,,,True,34.0,True,26.0,fast_plan,18,,,,100.0
Toona hexandra,20.59,78.96,20.0,78.0,17518.0,19.399999618530273,,,True,42.099998474121094,True,38.50000190734863,fast_plan,18,,,,100.0
Toona hexandra,-29.417226,152.496366,-30.0,152.0,17535.0,55.70000076293945,,,True,21.5,True,22.799999237060547,fast_plan,18,,,,100.0
Toona hexandra,27.4,102.17,27.0,102.0,17528.0,28.0,,,True,26.600000381469727,True,45.39999961853027,fast_plan,18,,,,100.0
Toona hexandra,4.33333,101.33333,4.0,101.0,17507.0,37.400001525878906,,,True,36.099998474121094,True,26.5,fast_plan,18,,,,100.0
Toxicodendron rhetsoides,18.78333,98.91667,18.0,98.0,17559.0,43.70000076293945,,,True,29.899999618530273,True,26.399999618530273,fast_plan,18,,,,100.0
Toxicodendron rhetsoides,18.107167,106.017,18.0,106.0,17560.0,37.5,,,True,29.600000381469727,True,32.89999961853027,fast_plan,18,,,,100.0
Toxicodendron rhetsoides,19.43333,99.56667,19.0,99.0,17561.0,41.400001525878906,,,True,30.200000762939453,True,28.39999771118164,fast_plan,18,,,,100.0
Toxicodendron rhetsoides,15.127036,101.017361,15.0,101.0,17554.0,31.399999618530273,,,True,28.600000381469727,True,40.0,fast_plan,18,,,,100.0
Toxicodendron rhetsoides,20.746944,104.914722,20.0,104.0,17563.0,33.20000076293945,,,True,29.5,True,37.29999923706055,fast_plan,18,,,,100.0
Toxicodendron rhetsoides,20.3,99.65,20.0,99.0,17553.0,32.70000076293945,,,True,32.29999923706055,True,35.0,fast_plan,18,,,,100.0
Toxicodendron rhetsoides,16.333333,101.75,16.0,101.0,17555.0,37.599998474121094,,,True,30.0,True,32.400001525878906,fast_plan,18,,,,100.0
Toxicodendron rhetsoides,19.11667,98.7,19.0,98.0,17556.0,43.20000076293945,,,True,30.700000762939453,True,26.099998474121094,fast_plan,18,,,,100.0
Toxicodendron rhetsoides,14.43,101.37,14.0,101.0,17558.0,29.899999618530273,,,True,40.400001525878906,True,29.69999885559082,fast_plan,18,,,,100.0
Toxicodendron rhetsoides,18.33333,99.21667,18.0,99.0,17557.0,51.70000076293945,,,True,26.700000762939453,True,21.599998474121094,fast_plan,18,,,,100.0
Toxicodendron rhetsoides,17.6425,105.73611,17.0,105.0,17562.0,37.70000076293945,,,True,30.200000762939453,True,32.099998474121094,fast_plan,18,,,,100.0
Trema cannabina,29.33,115.77,29.0,115.0,17613.0,28.600000381469727,,,True,25.5,True,45.89999961853027,fast_plan,19,,,,100.0
Trema cannabina,-21.597661,167.935928,-22.0,167.0,17580.0,47.20000076293945,,,True,30.100000381469727,True,22.69999885559082,fast_plan,19,,,,100.0
Trema cannabina,0.7,111.71667,0.0,111.0,17574.0,29.700000762939453,,,True,41.5,True,28.799999237060547,fast_plan,19,,,,100.0
Trema cannabina,-3.1175,127.9485,-4.0,127.0,17593.0,39.400001525878906,,,True,27.200000762939453,True,33.39999771118164,fast_plan,19,,,,100.0
Trema cannabina,-7.73333,114.11667,-8.0,114.0,17609.0,49.599998474121094,,,True,25.600000381469727,True,24.80000114440918,fast_plan,19,,,,100.0
Trema cannabina,-6.0,143.16667,-6.0,143.0,17611.0,33.79999923706055,,,True,29.100000381469727,True,37.10000038146973,fast_plan,19,,,,100.0
Trema cannabina,29.42,111.13,29.0,111.0,17602.0,30.299999237060547,,,True,25.299999237060547,True,44.400001525878906,fast_plan,19,,,,100.0
Trema cannabina,29.590681,121.414633,29.0,121.0,17586.0,16.399999618530273,,,True,33.29999923706055,True,50.30000114440918,fast_plan,19,,,,100.0
Triadica cochinchinensis,29.14,120.97,29.0,120.0,17678.0,21.0,,,True,31.100000381469727,True,47.89999961853027,fast_plan,19,,,,100.0
Triadica cochinchinensis,25.459664,113.791253,25.0,113.0,17659.0,44.29999923706055,,,True,24.200000762939453,True,31.5,fast_plan,19,,,,100.0
Triadica cochinchinensis,22.0,105.0,22.0,105.0,17630.0,31.200000762939453,,,True,30.5,True,38.29999923706055,fast_plan,19,,,,100.0
Triadica cochinchinensis,31.892935,104.906409,31.0,104.0,17628.0,35.29999923706055,,,True,25.5,True,39.20000076293945,fast_plan,19,,,,100.0
Triadica cochinchinensis,22.776511,112.652805,22.0,112.0,17636.0,42.29999923706055,,,True,24.899999618530273,True,32.80000114440918,fast_plan,19,,,,100.0
Triadica cochinchinensis,20.7,102.02,20.0,102.0,17658.0,30.600000381469727,,,True,37.0,True,32.39999961853027,fast_plan,19,,,,100.0
Triadica cochinchinensis,25.6,110.58,25.0,110.0,17627.0,38.79999923706055,,,True,27.100000381469727,True,34.10000038146973,fast_plan,19,,,,100.0
Triadica cochinchinensis,-3.45,103.86667,-4.0,103.0,17660.0,18.299999237060547,,,True,44.400001525878906,True,37.29999923706055,fast_plan,19,,,,100.0
Triadica sebifera,28.463888,119.542795,28.0,119.0,17726.0,36.70000076293945,,,True,25.200000762939453,True,38.099998474121094,fast_plan,19,,,,100.0
Triadica sebifera,32.63,103.6,32.0,103.0,17716.0,37.400001525878906,,,True,14.699999809265137,True,47.89999866485596,fast_plan,19,,,,100.0
Triadica sebifera,32.4,109.35,32.0,109.0,17729.0,32.0,,,True,25.399999618530273,True,42.60000038146973,fast_plan,19,,,,100.0
Triadica sebifera,28.52075,114.37098,28.0,114.0,17713.0,38.400001525878906,,,True,24.600000381469727,True,36.99999809265137,fast_plan,19,,,,100.0
Tristaniopsis decorticata,9.75,123.5,9.0,123.0,17747.0,29.899999618530273,,,True,42.0,True,28.100000381469727,fast_plan,19,,,,100.0
Tristaniopsis decorticata,13.9459,122.950167,13.0,122.0,17746.0,31.600000381469727,,,True,35.79999923706055,True,32.60000038146973,fast_plan,19,,,,100.0
Tristaniopsis decorticata,14.44139,121.44528,14.0,121.0,17744.0,14.600000381469727,,,True,47.79999923706055,True,37.60000038146973,fast_plan,19,,,,100.0
Tristaniopsis decorticata,15.45,121.416667,15.0,121.0,17745.0,25.799999237060547,,,True,34.400001525878906,True,39.79999923706055,fast_plan,19,,,,100.0
Turpinia cochinchinensis,14.46667,101.38333,14.0,101.0,17769.0,30.299999237060547,,,True,43.29999923706055,True,26.400001525878906,fast_plan,19,,,,100.0
Turpinia cochinchinensis,16.5,101.833,16.0,101.0,17805.0,35.29999923706055,,,True,31.200000762939453,True,33.5,fast_plan,19,,,,100.0
Turpinia cochinchinensis,24.045429,109.85442,24.0,109.0,17756.0,30.100000381469727,,,True,35.20000076293945,True,34.69999885559082,fast_plan,19,,,,100.0
Turpinia cochinchinensis,17.0,104.4,17.0,104.0,17778.0,48.099998474121094,,,True,20.299999237060547,True,31.60000228881836,fast_plan,19,,,,100.0
Turpinia cochinchinensis,28.47,110.38,28.0,110.0,17762.0,30.200000762939453,,,True,25.0,True,44.79999923706055,fast_plan,19,,,,100.0
Turpinia cochinchinensis,21.91,95.96,21.0,95.0,17763.0,35.29999923706055,,,True,31.0,True,33.70000076293945,fast_plan,19,,,,100.0
Turpinia cochinchinensis,21.2198,94.0626,21.0,94.0,17749.0,33.599998474121094,,,True,30.5,True,35.900001525878906,fast_plan,19,,,,100.0
Turpinia cochinchinensis,28.27,103.57,28.0,103.0,17795.0,29.200000762939453,,,True,27.700000762939453,True,43.099998474121094,fast_plan,19,,,,100.0
Vateria indica,12.3565,75.48433,12.0,75.0,17818.0,42.400001525878906,,,True,32.79999923706055,True,24.799999237060547,fast_plan,19,,,,100.0
Vateria indica,11.0417,76.525,11.0,76.0,17811.0,41.0,,,True,30.700000762939453,True,28.299999237060547,fast_plan,19,,,,100.0
Vateria indica,13.0,76.0,13.0,76.0,17808.0,37.099998474121094,,,True,33.400001525878906,True,29.5,fast_plan,19,,,,100.0
Vateria indica,8.62778,77.2917,8.0,77.0,17809.0,37.79999923706055,,,True,30.5,True,31.700000762939453,fast_plan,19,,,,100.0
Vateria indica,14.27653,74.726,14.0,74.0,17810.0,46.099998474121094,,,True,23.399999618530273,True,30.500001907348633,fast_plan,19,,,,100.0
Vateria indica,9.688276,76.729224,9.0,76.0,17812.0,36.29999923706055,,,True,32.29999923706055,True,31.400001525878906,fast_plan,19,,,,100.0
Vateria indica,12.5583,76.5847,12.0,76.0,17815.0,41.099998474121094,,,True,33.79999923706055,True,25.10000228881836,fast_plan,19,,,,100.0
Vateria indica,9.59167,77.175,9.0,77.0,17820.0,36.099998474121094,,,True,35.0,True,28.900001525878906,fast_plan,19,,,,100.0
Vateria indica,20.752806,73.499129,20.0,73.0,17816.0,37.599998474121094,,,True,36.70000076293945,True,25.700000762939453,fast_plan,19,,,,100.0
Vateria indica,13.5111,75.6611,13.0,75.0,17817.0,41.20000076293945,,,True,30.399999618530273,True,28.399999618530273,fast_plan,19,,,,100.0
Vateria indica,10.42111,76.70522,10.0,76.0,17814.0,38.29999923706055,,,True,32.900001525878906,True,28.799999237060547,fast_plan,19,,,,100.0
Vatica albiramis,1.85,113.55,1.0,113.0,17822.0,29.600000381469727,,,True,38.099998474121094,True,32.30000114440918,fast_plan,19,,,,100.0
Vatica albiramis,3.86667,115.55,3.0,115.0,17830.0,31.899999618530273,,,True,38.0,True,30.100000381469727,fast_plan,19,,,,100.0
Vatica albiramis,1.86667,112.85,1.0,112.0,17825.0,26.5,,,True,43.400001525878906,True,30.099998474121094,fast_plan,19,,,,100.0
Vatica albiramis,5.33333,115.66667,5.0,115.0,17831.0,30.600000381469727,,,True,33.900001525878906,True,35.49999809265137,fast_plan,19,,,,100.0
Vatica albiramis,4.5,114.66667,4.0,114.0,17832.0,32.5,,,True,33.099998474121094,True,34.400001525878906,fast_plan,19,,,,100.0
Vatica albiramis,4.41667,117.48333,4.0,117.0,17821.0,30.799999237060547,,,True,34.099998474121094,True,35.10000228881836,fast_plan,19,,,,100.0
Vatica albiramis,6.45,116.61667,6.0,116.0,17824.0,33.099998474121094,,,True,37.400001525878906,True,29.5,fast_plan,19,,,,100.0
Vatica albiramis,5.325,116.49583,5.0,116.0,17823.0,30.399999618530273,,,True,41.29999923706055,True,28.30000114440918,fast_plan,19,,,,100.0
Vatica albiramis,5.4667,117.21671,5.0,117.0,17828.0,31.899999618530273,,,True,41.900001525878906,True,26.19999885559082,fast_plan,19,,,,100.0
Vatica albiramis,4.55,116.31667,4.0,116.0,17829.0,31.899999618530273,,,True,38.5,True,29.600000381469727,fast_plan,19,,,,100.0
Vatica albiramis,-0.75,112.783333,-1.0,112.0,17833.0,30.5,,,True,38.70000076293945,True,30.799999237060547,fast_plan,19,,,,100.0
Vatica cinerea,20.2447,105.7225,20.0,105.0,17837.0,29.799999237060547,,,True,32.20000076293945,True,38.0,fast_plan,19,,,,100.0
Vatica cinerea,6.61076,99.65159,6.0,99.0,17850.0,36.29999923706055,,,True,35.400001525878906,True,28.299999237060547,fast_plan,19,,,,100.0
Vatica cinerea,12.34494,102.4536,12.0,102.0,17849.0,39.099998474121094,,,True,31.5,True,29.400001525878906,fast_plan,19,,,,100.0
Vatica cinerea,18.24203,103.96672,18.0,103.0,17844.0,30.200000762939453,,,True,32.599998474121094,True,37.20000076293945,fast_plan,19,,,,100.0
Vatica cinerea,8.71125,99.69453,8.0,99.0,17848.0,35.900001525878906,,,True,30.0,True,34.099998474121094,fast_plan,19,,,,100.0
Vatica cinerea,4.71667,102.0,4.0,102.0,17842.0,34.70000076293945,,,True,39.400001525878906,True,25.89999771118164,fast_plan,19,,,,100.0
Vatica cinerea,6.94639,100.22928,6.0,100.0,17840.0,36.5,,,True,31.5,True,32.0,fast_plan,19,,,,100.0
Vatica cinerea,5.78333,100.43333,5.0,100.0,17846.0,35.900001525878906,,,True,33.900001525878906,True,30.199996948242188,fast_plan,19,,,,100.0
Vatica pauciflora,-3.75,103.75,-4.0,103.0,17863.0,24.100000381469727,,,True,44.70000076293945,True,31.19999885559082,fast_plan,19,,,,100.0
Vatica pauciflora,8.64164,99.90072,8.0,99.0,17852.0,39.29999923706055,,,True,24.799999237060547,True,35.900001525878906,fast_plan,19,,,,100.0
Vatica pauciflora,-3.25,105.16667,-4.0,105.0,17868.0,19.600000381469727,,,True,44.900001525878906,True,35.49999809265137,fast_plan,19,,,,100.0
Vatica pauciflora,5.33333,102.88333,5.0,102.0,17859.0,31.899999618530273,,,True,38.20000076293945,True,29.899999618530273,fast_plan,19,,,,100.0
Vatica pauciflora,2.509144,103.404695,2.0,103.0,17876.0,35.099998474121094,,,True,37.5,True,27.400001525878906,fast_plan,19,,,,100.0
Vatica pauciflora,-2.6,106.55,-3.0,106.0,17870.0,27.899999618530273,,,True,38.599998474121094,True,33.50000190734863,fast_plan,19,,,,100.0
Vatica pauciflora,3.233333,101.616667,3.0,101.0,17853.0,36.20000076293945,,,True,33.900001525878906,True,29.89999771118164,fast_plan,19,,,,100.0
Vatica pauciflora,1.687554,98.993356,1.0,98.0,17874.0,33.900001525878906,,,True,40.20000076293945,True,25.89999771118164,fast_plan,19,,,,100.0
Vatica pauciflora,0.0,102.0,0.0,102.0,17872.0,15.600000381469727,,,True,56.0,True,28.399999618530273,fast_plan,19,,,,100.0
Vatica pauciflora,5.41667,100.26667,5.0,100.0,17869.0,33.70000076293945,,,True,35.599998474121094,True,30.700000762939453,fast_plan,19,,,,100.0
Vatica pauciflora,1.7705,104.15467,1.0,104.0,17857.0,25.299999237060547,,,True,43.900001525878906,True,30.799999237060547,fast_plan,19,,,,100.0
Vatica pauciflora,-3.05,104.65,-4.0,104.0,17867.0,19.600000381469727,,,True,41.400001525878906,True,38.99999809265137,fast_plan,19,,,,100.0
Vepris bilocularis,14.26508,74.75586,14.0,74.0,17881.0,43.900001525878906,,,True,25.5,True,30.599998474121094,fast_plan,19,,,,100.0
Vepris bilocularis,11.812191,75.833377,11.0,75.0,17877.0,42.0,,,True,33.599998474121094,True,24.400001525878906,fast_plan,19,,,,100.0
Vepris bilocularis,9.46128,77.16506,9.0,77.0,17884.0,35.0,,,True,33.599998474121094,True,31.400001525878906,fast_plan,19,,,,100.0
Vepris bilocularis,10.30482,77.03206,10.0,77.0,17882.0,31.700000762939453,,,True,34.29999923706055,True,34.0,fast_plan,19,,,,100.0
Vepris bilocularis,13.458334,75.091667,13.0,75.0,17879.0,45.099998474121094,,,True,25.0,True,29.900001525878906,fast_plan,19,,,,100.0
Vepris bilocularis,10.42111,76.70522,10.0,76.0,17878.0,38.29999923706055,,,True,32.900001525878906,True,28.799999237060547,fast_plan,19,,,,100.0
Vepris bilocularis,12.355,75.48108,12.0,75.0,17885.0,42.29999923706055,,,True,32.900001525878906,True,24.799999237060547,fast_plan,19,,,,100.0
Vepris bilocularis,11.43911,76.38958,11.0,76.0,17880.0,43.5,,,True,32.0,True,24.5,fast_plan,19,,,,100.0
Vepris bilocularis,8.497334,77.483477,8.0,77.0,17883.0,34.599998474121094,,,True,32.5,True,32.900001525878906,fast_plan,19,,,,100.0
Vitex parviflora,6.867614,125.404867,6.0,125.0,17924.0,33.20000076293945,,,True,35.400001525878906,True,31.39999771118164,fast_plan,19,,,,100.0
Vitex parviflora,17.62778,121.47,17.0,121.0,17913.0,39.099998474121094,,,True,27.600000381469727,True,33.30000114440918,fast_plan,19,,,,100.0
Vitex parviflora,10.024389,125.677598,10.0,125.0,17912.0,34.599998474121094,,,True,36.20000076293945,True,29.200000762939453,fast_plan,19,,,,100.0
Vitex parviflora,10.792006,124.805166,10.0,124.0,17929.0,34.5,,,True,36.70000076293945,True,28.799999237060547,fast_plan,19,,,,100.0
Vitex parviflora,7.955,123.595,7.0,123.0,17901.0,28.799999237060547,,,True,35.79999923706055,True,35.400001525878906,fast_plan,19,,,,100.0
Vitex parviflora,8.44494,124.709047,8.0,124.0,17887.0,32.099998474121094,,,True,33.70000076293945,True,34.20000076293945,fast_plan,19,,,,100.0
Vitex parviflora,6.552301,121.958709,6.0,121.0,17893.0,36.400001525878906,,,True,36.70000076293945,True,26.89999771118164,fast_plan,19,,,,100.0
Vitex parviflora,11.41615,125.232125,11.0,125.0,17933.0,35.400001525878906,,,True,35.400001525878906,True,29.199996948242188,fast_plan,19,,,,100.0
Vitex parviflora,-10.0,123.91667,-10.0,123.0,17889.0,52.29999923706055,,,True,24.5,True,23.200000762939453,fast_plan,19,,,,100.0
Vitex parviflora,15.230065,121.262256,15.0,121.0,17932.0,30.200000762939453,,,True,33.0,True,36.79999923706055,fast_plan,19,,,,100.0
Vitex pinnata,-7.63333,108.38333,-8.0,108.0,17942.0,26.600000381469727,,,True,40.599998474121094,True,32.80000114440918,fast_plan,19,,,,100.0
Vitex pinnata,15.908423,104.809288,15.0,104.0,17943.0,48.5,,,True,22.0,True,29.5,fast_plan,19,,,,100.0
Vitex pinnata,-3.75,103.75,-4.0,103.0,17952.0,24.100000381469727,,,True,44.70000076293945,True,31.19999885559082,fast_plan,19,,,,100.0
Vitex pinnata,11.499937,99.47834,11.0,99.0,18000.0,49.79999923706055,,,True,27.399999618530273,True,22.80000114440918,fast_plan,19,,,,100.0
Vitex pinnata,0.13333,110.33333,0.0,110.0,17989.0,27.0,,,True,48.29999923706055,True,24.700000762939453,fast_plan,19,,,,100.0
Vitex pinnata,17.717239,101.919525,17.0,101.0,17964.0,43.0,,,True,27.600000381469727,True,29.399999618530273,fast_plan,19,,,,100.0
Vitex pinnata,-7.4474,111.78,-8.0,111.0,17953.0,28.899999618530273,,,True,42.400001525878906,True,28.69999885559082,fast_plan,19,,,,100.0
Vitex pinnata,-6.416667,106.483333,-7.0,106.0,17991.0,14.100000381469727,,,True,45.099998474121094,True,40.80000114440918,fast_plan,19,,,,100.0
Vitex turczaninowii,2.04194,128.35028,2.0,128.0,18010.0,34.79999923706055,,,True,36.20000076293945,True,29.0,fast_plan,19,,,,100.0
Vitex turczaninowii,-0.833333,134.0,-1.0,134.0,18004.0,29.5,,,True,34.599998474121094,True,35.900001525878906,fast_plan,19,,,,100.0
Vitex turczaninowii,17.128333,122.515,17.0,122.0,18002.0,34.20000076293945,,,True,36.900001525878906,True,28.89999771118164,fast_plan,19,,,,100.0
Vitex turczaninowii,12.51667,121.4,12.0,121.0,18003.0,24.899999618530273,,,True,39.0,True,36.10000038146973,fast_plan,19,,,,100.0
Vitex turczaninowii,-1.3442,134.2587,-2.0,134.0,18006.0,27.799999237060547,,,True,43.20000076293945,True,29.0,fast_plan,19,,,,100.0
Vitex turczaninowii,14.516667,121.233333,14.0,121.0,18001.0,18.799999237060547,,,True,42.0,True,39.20000076293945,fast_plan,19,,,,100.0
Vitex turczaninowii,13.0,124.0,13.0,124.0,18007.0,41.20000076293945,,,True,28.200000762939453,True,30.599998474121094,fast_plan,19,,,,100.0
Vitex turczaninowii,0.56667,127.6,0.0,127.0,18009.0,35.099998474121094,,,True,32.79999923706055,True,32.10000228881836,fast_plan,19,,,,100.0
Vitex turczaninowii,16.623192,121.576497,16.0,121.0,18008.0,36.5,,,True,35.79999923706055,True,27.700000762939453,fast_plan,19,,,,100.0
Walsura pinnata,6.51667,116.56667,6.0,116.0,18041.0,33.900001525878906,,,True,40.20000076293945,True,25.89999771118164,fast_plan,19,,,,100.0
Walsura pinnata,-1.0,117.0,-1.0,117.0,18021.0,36.099998474121094,,,True,26.5,True,37.400001525878906,fast_plan,19,,,,100.0
Walsura pinnata,2.1,117.31667,2.0,117.0,18040.0,29.799999237060547,,,True,36.599998474121094,True,33.60000228881836,fast_plan,19,,,,100.0
Walsura pinnata,-1.25,112.666667,-2.0,112.0,18064.0,30.0,,,True,39.29999923706055,True,30.700000762939453,fast_plan,19,,,,100.0
Walsura pinnata,5.28333,116.16667,5.0,116.0,18038.0,35.0,,,True,31.399999618530273,True,33.60000038146973,fast_plan,19,,,,100.0
Walsura pinnata,18.3,100.28333,18.0,100.0,18066.0,23.5,,,True,23.799999237060547,True,52.70000076293945,fast_plan,19,,,,100.0
Walsura pinnata,17.5,98.41667,17.0,98.0,18019.0,48.29999923706055,,,True,26.899999618530273,True,24.80000114440918,fast_plan,19,,,,100.0
Walsura pinnata,18.68333,98.58333,18.0,98.0,18069.0,50.70000076293945,,,True,30.0,True,19.299999237060547,fast_plan,19,,,,100.0
Walsura pinnata,6.566667,100.583333,6.0,100.0,18047.0,38.099998474121094,,,True,32.400001525878906,True,29.5,fast_plan,19,,,,100.0
Walsura pinnata,-6.98333,106.55,-7.0,106.0,18053.0,24.700000762939453,,,True,37.5,True,37.79999923706055,fast_plan,19,,,,100.0
Whiteodendron moultonianum,5.53333,117.11667,5.0,117.0,18076.0,31.200000762939453,,,True,39.599998474121094,True,29.200000762939453,fast_plan,19,,,,100.0
Whiteodendron moultonianum,0.06667,111.5,0.0,111.0,18077.0,26.799999237060547,,,True,37.20000076293945,True,36.0,fast_plan,19,,,,100.0
Whiteodendron moultonianum,4.2,113.98333,4.0,113.0,18074.0,30.5,,,True,38.79999923706055,True,30.700000762939453,fast_plan,19,,,,100.0
Whiteodendron moultonianum,1.15,111.51667,1.0,111.0,18071.0,27.700000762939453,,,True,37.599998474121094,True,34.70000076293945,fast_plan,19,,,,100.0
Whiteodendron moultonianum,0.167854,110.788022,0.0,110.0,18073.0,36.79999923706055,,,True,33.599998474121094,True,29.60000228881836,fast_plan,19,,,,100.0
Whiteodendron moultonianum,3.11667,113.25,3.0,113.0,18080.0,31.100000381469727,,,True,38.20000076293945,True,30.69999885559082,fast_plan,19,,,,100.0
Whiteodendron moultonianum,1.333,112.166,1.0,112.0,18075.0,30.200000762939453,,,True,39.900001525878906,True,29.89999771118164,fast_plan,19,,,,100.0
Whiteodendron moultonianum,1.71667,110.46667,1.0,110.0,18081.0,32.900001525878906,,,True,38.599998474121094,True,28.5,fast_plan,19,,,,100.0
Whiteodendron moultonianum,4.53333,114.45,4.0,114.0,18072.0,30.899999618530273,,,True,36.79999923706055,True,32.30000114440918,fast_plan,19,,,,100.0
Whiteodendron moultonianum,2.76667,113.61667,2.0,113.0,18079.0,31.200000762939453,,,True,34.5,True,34.29999923706055,fast_plan,19,,,,100.0
Whiteodendron moultonianum,-0.41667,109.66667,-1.0,109.0,18078.0,31.100000381469727,,,True,31.799999237060547,True,37.10000038146973,fast_plan,19,,,,100.0
Whiteodendron moultonianum,1.58333,114.53333,1.0,114.0,18083.0,30.899999618530273,,,True,39.29999923706055,True,29.80000114440918,fast_plan,19,,,,100.0
Xanthophyllum ellipticum,-1.71667,114.51667,-2.0,114.0,18091.0,26.100000381469727,,,True,37.79999923706055,True,36.10000038146973,fast_plan,19,,,,100.0
Xanthophyllum ellipticum,4.78333,118.0,4.0,118.0,18084.0,34.0,,,True,35.29999923706055,True,30.700000762939453,fast_plan,19,,,,100.0
Xanthophyllum ellipticum,-0.57,113.44,-1.0,113.0,18105.0,32.0,,,True,34.099998474121094,True,33.900001525878906,fast_plan,19,,,,100.0
Xanthophyllum ellipticum,4.4,101.45,4.0,101.0,18098.0,30.600000381469727,,,True,32.599998474121094,True,36.80000114440918,fast_plan,19,,,,100.0
Xanthophyllum ellipticum,0.0,110.5,0.0,110.0,18092.0,28.0,,,True,42.20000076293945,True,29.799999237060547,fast_plan,19,,,,100.0
Xanthophyllum ellipticum,5.44167,116.25833,5.0,116.0,18103.0,35.099998474121094,,,True,32.900001525878906,True,32.0,fast_plan,19,,,,100.0
Xanthophyllum ellipticum,-1.0,117.0,-1.0,117.0,18093.0,36.099998474121094,,,True,26.5,True,37.400001525878906,fast_plan,19,,,,100.0
Xanthophyllum ellipticum,5.63333,117.08333,5.0,117.0,18107.0,30.799999237060547,,,True,40.20000076293945,True,29.0,fast_plan,19,,,,100.0
Xanthophyllum ellipticum,4.56667,114.41667,4.0,114.0,18101.0,32.0,,,True,34.20000076293945,True,33.79999923706055,fast_plan,19,,,,100.0
Xerospermum noronhianum,1.56667,113.63333,1.0,113.0,18124.0,25.899999618530273,,,True,42.5,True,31.600000381469727,fast_plan,19,,,,100.0
Xerospermum noronhianum,5.45417,115.60417,5.0,115.0,18112.0,29.5,,,True,34.29999923706055,True,36.20000076293945,fast_plan,19,,,,100.0
Xerospermum noronhianum,-1.85,102.65,-2.0,102.0,18120.0,29.5,,,True,49.099998474121094,True,21.400001525878906,fast_plan,19,,,,100.0
Xerospermum noronhianum,9.18333,99.61667,9.0,99.0,18139.0,38.0,,,True,27.100000381469727,True,34.89999961853027,fast_plan,19,,,,100.0
Xerospermum noronhianum,5.66667,100.91667,5.0,100.0,18146.0,36.20000076293945,,,True,35.20000076293945,True,28.599998474121094,fast_plan,19,,,,100.0
Xerospermum noronhianum,8.36667,99.75,8.0,99.0,18137.0,39.70000076293945,,,True,31.299999237060547,True,29.0,fast_plan,19,,,,100.0
Xerospermum noronhianum,2.36667,102.61667,2.0,102.0,18163.0,34.0,,,True,40.20000076293945,True,25.799999237060547,fast_plan,19,,,,100.0
Xerospermum noronhianum,2.53333,103.36667,2.0,103.0,18129.0,34.70000076293945,,,True,36.20000076293945,True,29.099998474121094,fast_plan,19,,,,100.0
Xylia xylocarpa,21.269988,80.040969,21.0,80.0,18217.0,19.600000381469727,,,True,46.29999923706055,True,34.10000038146973,fast_plan,19,,,,100.0
Xylia xylocarpa,9.243,76.586,9.0,76.0,18187.0,36.599998474121094,,,True,28.799999237060547,True,34.60000228881836,fast_plan,19,,,,100.0
Xylia xylocarpa,13.565,102.172222,13.0,102.0,18182.0,35.79999923706055,,,True,27.399999618530273,True,36.80000114440918,fast_plan,19,,,,100.0
Xylia xylocarpa,17.737598,104.241524,17.0,104.0,18202.0,30.799999237060547,,,True,31.0,True,38.20000076293945,fast_plan,19,,,,100.0
Xylia xylocarpa,18.089836,101.028465,18.0,101.0,18181.0,41.400001525878906,,,True,30.5,True,28.099998474121094,fast_plan,19,,,,100.0
Xylia xylocarpa,14.5,101.25,14.0,101.0,18192.0,30.299999237060547,,,True,39.29999923706055,True,30.400001525878906,fast_plan,19,,,,100.0
Xylia xylocarpa,16.555,74.0,16.0,74.0,18168.0,43.099998474121094,,,True,29.299999237060547,True,27.60000228881836,fast_plan,19,,,,100.0
Xylia xylocarpa,18.365278,100.558556,18.0,100.0,18174.0,40.900001525878906,,,True,31.5,True,27.599998474121094,fast_plan,19,,,,100.0
Xylia xylocarpa,16.38287,99.254395,16.0,99.0,18209.0,43.29999923706055,,,True,24.899999618530273,True,31.80000114440918,fast_plan,19,,,,100.0
Xylia xylocarpa,10.2667,77.5167,10.0,77.0,18206.0,35.099998474121094,,,True,30.899999618530273,True,34.00000190734863,fast_plan,19,,,,100.0
Xylia xylocarpa,9.29,77.112,9.0,77.0,18223.0,37.099998474121094,,,True,32.20000076293945,True,30.700000762939453,fast_plan,19,,,,100.0
Xylopia ferruginea,3.56806,101.44028,3.0,101.0,18240.0,39.599998474121094,,,True,40.099998474121094,True,20.300003051757812,fast_plan,19,,,,100.0
Xylopia ferruginea,6.31667,116.73333,6.0,116.0,18263.0,31.200000762939453,,,True,40.79999923706055,True,28.0,fast_plan,19,,,,100.0
Xylopia ferruginea,2.01667,112.93333,2.0,112.0,18243.0,31.399999618530273,,,True,33.20000076293945,True,35.39999961853027,fast_plan,19,,,,100.0
Xylopia ferruginea,-1.03,100.4,-2.0,100.0,18271.0,21.5,,,True,40.70000076293945,True,37.79999923706055,fast_plan,19,,,,100.0
Xylopia ferruginea,-1.13333,102.15,-2.0,102.0,18262.0,30.5,,,True,46.900001525878906,True,22.599998474121094,fast_plan,19,,,,100.0
Xylopia ferruginea,-2.08333,102.28333,-3.0,102.0,18265.0,27.399999618530273,,,True,48.900001525878906,True,23.69999885559082,fast_plan,19,,,,100.0
Xylopia ferruginea,3.4689,114.5464,3.0,114.0,18253.0,30.899999618530273,,,True,38.900001525878906,True,30.19999885559082,fast_plan,19,,,,100.0
Xylopia ferruginea,5.51667,102.2,5.0,102.0,18270.0,36.79999923706055,,,True,39.900001525878906,True,23.299999237060547,fast_plan,19,,,,100.0
Xylopia fusca,1.410163,103.7704,1.0,103.0,18299.0,32.79999923706055,,,True,40.79999923706055,True,26.400001525878906,fast_plan,19,,,,100.0
Xylopia fusca,2.85,98.26667,2.0,98.0,18287.0,37.70000076293945,,,True,34.29999923706055,True,28.0,fast_plan,19,,,,100.0
Xylopia fusca,-2.05,103.68333,-3.0,103.0,18291.0,28.0,,,True,38.400001525878906,True,33.599998474121094,fast_plan,19,,,,100.0
Xylopia fusca,1.75,98.8,1.0,98.0,18296.0,27.200000762939453,,,True,37.599998474121094,True,35.20000076293945,fast_plan,19,,,,100.0
Xylopia fusca,4.8,100.75,4.0,100.0,18292.0,30.799999237060547,,,True,41.5,True,27.700000762939453,fast_plan,19,,,,100.0
Xylopia fusca,-0.48333,109.38333,-1.0,109.0,18285.0,26.899999618530273,,,True,35.400001525878906,True,37.69999885559082,fast_plan,19,,,,100.0
Xylopia fusca,-1.26667,102.53333,-2.0,102.0,18284.0,28.200000762939453,,,True,46.5,True,25.299999237060547,fast_plan,19,,,,100.0
Xylopia fusca,2.58333,111.33333,2.0,111.0,18280.0,30.5,,,True,39.79999923706055,True,29.700000762939453,fast_plan,19,,,,100.0
Xylopia fusca,0.30861,100.61972,0.0,100.0,18301.0,32.599998474121094,,,True,44.0,True,23.400001525878906,fast_plan,19,,,,100.0
Syzygium spathulatum,7.372759,80.840884,,,,33.900001525878906,,,True,38.0,True,28.099998474121094,targeted_topup,topup,1.0,5.0,8.0,100.0
Palaquium burckii,1.482822,102.095149,,,,15.899999618530273,,,True,42.79999923706055,True,41.30000114440918,targeted_topup,topup,2.0,5.0,6.0,100.0
Shorea megistophylla,6.763659,80.428591,,,,31.600000381469727,,,True,38.400001525878906,True,29.999998092651367,targeted_topup,topup,2.0,5.0,6.0,100.0
Shorea megistophylla,7.25,80.6,,,,36.400001525878906,,,True,36.400001525878906,True,27.199996948242188,targeted_topup,topup,2.0,5.0,6.0,100.0
Shorea stipularis,6.243056,80.351944,,,,32.599998474121094,,,True,41.5,True,25.900001525878906,targeted_topup,topup,2.0,5.0,6.0,100.0
Shorea stipularis,6.22435,80.349712,,,,34.0,,,True,42.20000076293945,True,23.799999237060547,targeted_topup,topup,2.0,5.0,6.0,100.0
Shorea stipularis,6.38333,80.41667,,,,31.200000762939453,,,True,40.599998474121094,True,28.200000762939453,targeted_topup,topup,2.0,5.0,6.0,100.0
Shorea stipularis,6.66667,80.6,,,,36.29999923706055,,,True,36.29999923706055,True,27.400001525878906,targeted_topup,topup,2.0,5.0,6.0,100.0
Castanea henryi,27.05,110.57,,,,26.899999618530273,,,True,24.5,True,48.60000038146973,targeted_topup,topup,3.0,5.0,4.0,100.0
Dipterocarpus zeylanicus,6.38333,80.41667,,,,31.200000762939453,,,True,40.599998474121094,True,28.200000762939453,targeted_topup,topup,3.0,5.0,4.0,100.0
Dipterocarpus zeylanicus,7.333333,79.933333,,,,31.700000762939453,,,True,33.29999923706055,True,35.0,targeted_topup,topup,3.0,5.0,4.0,100.0
Magnolia garrettii,18.65944,98.53889,,,,48.400001525878906,,,True,30.399999618530273,True,21.19999885559082,targeted_topup,topup,3.0,5.0,4.0,100.0
Magnolia garrettii,18.78333,98.91667,,,,43.70000076293945,,,True,29.899999618530273,True,26.399999618530273,targeted_topup,topup,3.0,5.0,4.0,100.0
Magnolia garrettii,18.416667,98.416667,,,,55.599998474121094,,,True,24.299999237060547,True,20.10000228881836,targeted_topup,topup,3.0,5.0,4.0,100.0
Magnolia garrettii,18.83333,98.83333,,,,45.099998474121094,,,True,28.700000762939453,True,26.200000762939453,targeted_topup,topup,3.0,5.0,4.0,100.0
Polyspora longicarpa,24.813,98.7831,,,,31.0,,,True,26.700000762939453,True,42.29999923706055,targeted_topup,topup,3.0,5.0,4.0,100.0
Polyspora longicarpa,22.328333,103.781667,,,,30.5,,,True,34.0,True,35.5,targeted_topup,topup,3.0,5.0,4.0,100.0
Polyspora longicarpa,26.0,98.416667,,,,35.5,,,True,25.299999237060547,True,39.20000076293945,targeted_topup,topup,3.0,5.0,4.0,100.0
Pterocarpus dalbergioides,12.201872,92.79345,,,,40.5,,,True,29.700000762939453,True,29.799999237060547,targeted_topup,topup,3.0,5.0,4.0,100.0
Pterocarpus dalbergioides,10.679858,92.540674,,,,42.79999923706055,,,True,27.799999237060547,True,29.400001525878906,targeted_topup,topup,3.0,5.0,4.0,100.0
Pterocarpus dalbergioides,11.881086,92.747882,,,,43.0,,,True,27.700000762939453,True,29.299999237060547,targeted_topup,topup,3.0,5.0,4.0,100.0
Shorea selanica,-3.07524,126.60254,,,,43.79999923706055,,,True,30.600000381469727,True,25.600000381469727,targeted_topup,topup,3.0,5.0,4.0,100.0
Shorea selanica,-3.659,128.16976,,,,25.799999237060547,,,True,36.20000076293945,True,38.0,targeted_topup,topup,3.0,5.0,4.0,100.0
Shorea selanica,-3.1436,126.23211,,,,47.5,,,True,27.100000381469727,True,25.399999618530273,targeted_topup,topup,3.0,5.0,4.0,100.0
Cinnamomum verum,6.95,80.27,,,,33.5,,,True,34.900001525878906,True,31.599998474121094,targeted_topup,topup,4.0,5.0,3.0,100.0
Cinnamomum verum,7.873054,80.771797,,,,41.20000076293945,,,True,34.29999923706055,True,24.5,targeted_topup,topup,4.0,5.0,3.0,100.0
Cinnamomum verum,6.048538,80.679852,,,,37.29999923706055,,,True,34.20000076293945,True,28.5,targeted_topup,topup,4.0,5.0,3.0,100.0
Cunninghamia lanceolata,29.859737,122.390901,,,,22.899999618530273,,,True,31.700000762939453,True,45.39999961853027,targeted_topup,topup,4.0,5.0,3.0,100.0
Dipterocarpus applanatus,5.53333,117.11667,,,,31.200000762939453,,,True,39.599998474121094,True,29.200000762939453,targeted_topup,topup,4.0,5.0,3.0,100.0
Dipterocarpus applanatus,1.05,110.88333,,,,30.700000762939453,,,True,38.20000076293945,True,31.099998474121094,targeted_topup,topup,4.0,5.0,3.0,100.0
Dipterocarpus applanatus,5.46615,118.34855,,,,29.5,,,True,39.099998474121094,True,31.400001525878906,targeted_topup,topup,4.0,5.0,3.0,100.0
Dryobalanops keithii,5.58333,118.06667,,,,29.200000762939453,,,True,39.900001525878906,True,30.89999771118164,targeted_topup,topup,4.0,5.0,3.0,100.0
Dryobalanops keithii,4.4,117.4,,,,33.400001525878906,,,True,35.599998474121094,True,31.0,targeted_topup,topup,4.0,5.0,3.0,100.0
Euonymus angulatus,11.073467,76.564064,,,,40.099998474121094,,,True,35.79999923706055,True,24.10000228881836,targeted_topup,topup,4.0,5.0,3.0,100.0
Euonymus angulatus,8.531112,77.447827,,,,35.599998474121094,,,True,36.900001525878906,True,27.5,targeted_topup,topup,4.0,5.0,3.0,100.0
Euonymus angulatus,8.656694,77.302417,,,,40.400001525878906,,,True,30.700000762939453,True,28.89999771118164,targeted_topup,topup,4.0,5.0,3.0,100.0
Fagraea crenulata,6.743128,100.043481,,,,38.599998474121094,,,True,18.799999237060547,True,42.60000228881836,targeted_topup,topup,4.0,5.0,3.0,100.0
Parashorea densiflora,2.972545,102.299258,,,,34.29999923706055,,,True,38.79999923706055,True,26.900001525878906,targeted_topup,topup,4.0,5.0,3.0,100.0
Semecarpus travancoricus,10.26779,76.89589,,,,32.400001525878906,,,True,34.0,True,33.599998474121094,targeted_topup,topup,4.0,5.0,3.0,100.0
Semecarpus travancoricus,8.52083,77.3292,,,,33.400001525878906,,,True,33.099998474121094,True,33.5,targeted_topup,topup,4.0,5.0,3.0,100.0
Semecarpus travancoricus,8.73333,77.06666,,,,39.900001525878906,,,True,32.29999923706055,True,27.799999237060547,targeted_topup,topup,4.0,5.0,3.0,100.0
Shorea acuminatissima,5.4667,117.21671,,,,31.899999618530273,,,True,41.900001525878906,True,26.19999885559082,targeted_topup,topup,4.0,5.0,3.0,100.0
Shorea acuminatissima,4.8,115.05,,,,32.0,,,True,36.599998474121094,True,31.400001525878906,targeted_topup,topup,4.0,5.0,3.0,100.0
Shorea blumutensis,2.51667,103.41667,,,,34.29999923706055,,,True,35.70000076293945,True,30.0,targeted_topup,topup,4.0,5.0,3.0,100.0
Shorea blumutensis,2.53333,103.13333,,,,32.0,,,True,38.599998474121094,True,29.400001525878906,targeted_topup,topup,4.0,5.0,3.0,100.0
Tristaniopsis decorticata,14.201667,121.153333,,,,26.100000381469727,,,True,42.79999923706055,True,31.100000381469727,targeted_topup,topup,4.0,5.0,3.0,100.0
Tristaniopsis decorticata,14.6771,121.3115,,,,26.399999618530273,,,True,32.900001525878906,True,40.69999885559082,targeted_topup,topup,4.0,5.0,3.0,100.0
