project_species_resolved,complete_texture_points,soil_evidence_label,soil_profile_status,soil_profile_available,sand_p10_pct,sand_p50_pct,sand_p90_pct,clay_p10_pct,clay_p50_pct,clay_p90_pct,silt_p10_pct,silt_p50_pct,silt_p90_pct,sampled_coordinates,valid_sand_points,valid_clay_points,soil_source,soil_depth,soil_profile_basis,silt_method
Acacia auriculiformis,12,good,good,True,36.43,52.85,63.07,19.24,27.9,34.66,17.48,21.25,29.54,12,12,12,ISRIC SoilGrids,0-5 cm,Native GBIF occurrence-associated SoilGrids texture observations,100 - sand - clay
Acacia crassicarpa,12,good,good,True,38.9,55.6,69.39,15.58,26.5,35.01,12.42,18.95,26.4,12,12,12,ISRIC SoilGrids,0-5 cm,Native GBIF occurrence-associated SoilGrids texture observations,100 - sand - clay
Acacia mangium,12,good,good,True,33.4,45.55,65.76,19.2,32.85,38.91,10.94,25.2,29.37,12,12,12,ISRIC SoilGrids,0-5 cm,Native GBIF occurrence-associated SoilGrids texture observations,100 - sand - clay
Acer davidii,12,good,good,True,23.34,36.0,43.12,17.93,25.0,32.89,32.04,40.1,49.11,12,12,12,ISRIC SoilGrids,0-5 cm,Native GBIF occurrence-associated SoilGrids texture observations,100 - sand - clay
Acer oliverianum,12,good,good,True,24.63,33.15,48.99,19.51,26.7,31.2,30.62,37.95,51.69,12,12,12,ISRIC SoilGrids,0-5 cm,Native GBIF occurrence-associated SoilGrids texture observations,100 - sand - clay
Acrocarpus fraxinifolius,12,good,good,True,24.02,34.35,43.48,29.41,31.25,40.64,26.48,31.1,40.81,12,12,12,ISRIC SoilGrids,0-5 cm,Native GBIF occurrence-associated SoilGrids texture observations,100 - sand - clay
Actinodaphne obovata,10,good,good,True,26.5,32.85,37.39,26.1,32.4,36.12,30.03,35.05,45.5,10,10,10,ISRIC SoilGrids,0-5 cm,Native GBIF occurrence-associated SoilGrids texture observations,100 - sand - clay
Adenanthera pavonina,12,good,good,True,32.55,36.85,53.42,21.92,31.75,39.0,18.33,26.65,32.36,12,12,12,ISRIC SoilGrids,0-5 cm,Native GBIF occurrence-associated SoilGrids texture observations,100 - sand - clay
Afzelia rhomboidea,12,good,good,True,25.41,34.0,40.41,30.9,36.05,40.69,27.0,31.0,33.35,12,12,12,ISRIC SoilGrids,0-5 cm,Native GBIF occurrence-associated SoilGrids texture observations,100 - sand - clay
Afzelia xylocarpa,12,good,good,True,34.45,40.4,50.07,21.75,28.9,33.24,26.75,30.45,33.54,12,12,12,ISRIC SoilGrids,0-5 cm,Native GBIF occurrence-associated SoilGrids texture observations,100 - sand - clay
Agathis borneensis,12,good,good,True,24.02,30.4,38.02,32.75,35.9,42.99,27.11,31.0,36.77,12,12,12,ISRIC SoilGrids,0-5 cm,Native GBIF occurrence-associated SoilGrids texture observations,100 - sand - clay
Agathis dammara,12,good,good,True,32.33,34.8,38.35,32.08,34.5,35.69,26.33,31.75,33.02,12,12,12,ISRIC SoilGrids,0-5 cm,Native GBIF occurrence-associated SoilGrids texture observations,100 - sand - clay
Aglaia exstipulata,12,good,good,True,26.64,32.75,36.69,33.4,38.45,43.39,26.98,29.35,32.48,12,12,12,ISRIC SoilGrids,0-5 cm,Native GBIF occurrence-associated SoilGrids texture observations,100 - sand - clay
Aglaia lawii,12,good,good,True,22.07,31.2,41.93,28.5,35.05,39.44,26.08,30.75,42.69,12,12,12,ISRIC SoilGrids,0-5 cm,Native GBIF occurrence-associated SoilGrids texture observations,100 - sand - clay
Aglaia rubiginosa,12,good,good,True,26.9,28.3,31.98,34.28,37.7,41.67,30.04,33.9,36.77,12,12,12,ISRIC SoilGrids,0-5 cm,Native GBIF occurrence-associated SoilGrids texture observations,100 - sand - clay
Alangium kurzii,12,good,good,True,20.45,35.3,41.45,18.76,28.65,36.67,27.7,39.2,45.91,12,12,12,ISRIC SoilGrids,0-5 cm,Native GBIF occurrence-associated SoilGrids texture observations,100 - sand - clay
Allophylus cobbe,12,good,good,True,27.13,35.8,44.13,25.32,35.25,38.98,26.63,31.1,34.71,12,12,12,ISRIC SoilGrids,0-5 cm,Native GBIF occurrence-associated SoilGrids texture observations,100 - sand - clay
Alnus nepalensis,12,good,good,True,25.06,37.45,45.77,18.86,28.6,34.87,30.05,35.2,39.3,12,12,12,ISRIC SoilGrids,0-5 cm,Native GBIF occurrence-associated SoilGrids texture observations,100 - sand - clay
Alseodaphne andersonii,12,good,good,True,31.24,34.0,51.06,27.01,32.2,35.61,22.31,32.6,34.86,12,12,12,ISRIC SoilGrids,0-5 cm,Native GBIF occurrence-associated SoilGrids texture observations,100 - sand - clay
Alseodaphne coriacea,5,usable,usable,True,26.64,28.9,31.0,35.6,37.8,42.76,30.6,32.7,33.64,5,5,5,ISRIC SoilGrids,0-5 cm,Native GBIF occurrence-associated SoilGrids texture observations,100 - sand - clay
Alstonia angustiloba,12,good,good,True,21.05,28.1,42.98,33.85,37.8,46.68,22.24,32.05,38.84,12,12,12,ISRIC SoilGrids,0-5 cm,Native GBIF occurrence-associated SoilGrids texture observations,100 - sand - clay
Alstonia pneumatophora,12,good,good,True,21.82,28.05,35.19,31.93,36.85,43.68,30.73,31.9,36.92,12,12,12,ISRIC SoilGrids,0-5 cm,Native GBIF occurrence-associated SoilGrids texture observations,100 - sand - clay
Alstonia scholaris,12,good,good,True,27.49,36.25,40.27,28.8,35.2,41.79,28.11,31.25,33.57,12,12,12,ISRIC SoilGrids,0-5 cm,Native GBIF occurrence-associated SoilGrids texture observations,100 - sand - clay
Alstonia spatulata,12,good,good,True,25.61,30.2,41.63,28.13,37.95,45.11,26.27,30.75,38.43,12,12,12,ISRIC SoilGrids,0-5 cm,Native GBIF occurrence-associated SoilGrids texture observations,100 - sand - clay
Altingia excelsa,12,good,good,True,28.6,34.0,38.24,30.64,34.0,40.53,26.65,33.0,37.7,12,12,12,ISRIC SoilGrids,0-5 cm,Native GBIF occurrence-associated SoilGrids texture observations,100 - sand - clay
Angelesia splendens,11,good,good,True,23.4,29.1,40.9,29.5,34.2,40.3,30.1,34.0,39.2,12,11,11,ISRIC SoilGrids,0-5 cm,Native GBIF occurrence-associated SoilGrids texture observations,100 - sand - clay
Anisoptera costata,11,good,good,True,26.4,30.8,33.9,33.6,36.5,40.6,27.1,33.3,36.5,12,11,11,ISRIC SoilGrids,0-5 cm,Native GBIF occurrence-associated SoilGrids texture observations,100 - sand - clay
Anisoptera marginata,7,usable,usable,True,23.98,28.9,31.86,34.1,38.9,42.56,30.86,34.5,35.9,12,7,7,ISRIC SoilGrids,0-5 cm,Native GBIF occurrence-associated SoilGrids texture observations,100 - sand - clay
Antidesma bunius,9,usable,usable,True,22.26,33.3,43.4,27.56,33.6,41.9,25.36,30.6,41.86,12,9,9,ISRIC SoilGrids,0-5 cm,Native GBIF occurrence-associated SoilGrids texture observations,100 - sand - clay
Antidesma montanum,9,usable,usable,True,28.04,34.8,42.2,31.2,33.1,38.12,24.5,31.9,37.1,12,9,9,ISRIC SoilGrids,0-5 cm,Native GBIF occurrence-associated SoilGrids texture observations,100 - sand - clay
Aquilaria malaccensis,11,good,good,True,25.8,31.5,35.6,34.8,37.5,40.3,27.7,29.5,36.2,12,11,11,ISRIC SoilGrids,0-5 cm,Native GBIF occurrence-associated SoilGrids texture observations,100 - sand - clay
Aquilaria microcarpa,10,good,good,True,26.57,33.35,36.43,31.76,35.3,39.49,28.64,32.2,35.34,12,10,10,ISRIC SoilGrids,0-5 cm,Native GBIF occurrence-associated SoilGrids texture observations,100 - sand - clay
Aquilaria sinensis,8,usable,usable,True,34.09,46.45,50.47,20.34,24.75,30.02,26.75,29.75,38.27,12,8,8,ISRIC SoilGrids,0-5 cm,Native GBIF occurrence-associated SoilGrids texture observations,100 - sand - clay
Araucaria hunsteinii,8,usable,usable,True,29.26,31.85,36.69,32.65,37.85,39.81,26.72,32.0,33.99,8,8,8,ISRIC SoilGrids,0-5 cm,Native GBIF occurrence-associated SoilGrids texture observations,100 - sand - clay
Archidendron bubalinum,9,usable,usable,True,30.52,33.8,37.68,33.18,37.4,41.12,26.92,28.7,33.24,12,9,9,ISRIC SoilGrids,0-5 cm,Native GBIF occurrence-associated SoilGrids texture observations,100 - sand - clay
Archidendron ellipticum,10,good,good,True,24.09,32.05,36.69,32.49,35.5,38.34,29.17,33.0,37.74,12,10,10,ISRIC SoilGrids,0-5 cm,Native GBIF occurrence-associated SoilGrids texture observations,100 - sand - clay
Archidendron jiringa,10,good,good,True,26.06,32.8,42.63,26.29,40.65,46.49,22.66,27.05,33.82,12,10,10,ISRIC SoilGrids,0-5 cm,Native GBIF occurrence-associated SoilGrids texture observations,100 - sand - clay
Areca catechu,8,usable,usable,True,30.41,32.7,37.73,32.37,36.5,37.82,28.71,30.4,32.6,12,8,8,ISRIC SoilGrids,0-5 cm,Native GBIF occurrence-associated SoilGrids texture observations,100 - sand - clay
Artocarpus altilis,6,usable,usable,True,26.4,31.95,33.95,33.55,35.4,36.6,30.65,33.0,38.5,10,6,6,ISRIC SoilGrids,0-5 cm,Native GBIF occurrence-associated SoilGrids texture observations,100 - sand - clay
Artocarpus elasticus,12,good,good,True,28.83,32.55,39.24,28.25,36.95,44.25,24.83,30.25,35.02,12,12,12,ISRIC SoilGrids,0-5 cm,Native GBIF occurrence-associated SoilGrids texture observations,100 - sand - clay
Artocarpus heterophyllus,9,usable,usable,True,29.28,38.8,43.52,27.76,32.5,36.82,25.36,29.6,36.54,12,9,9,ISRIC SoilGrids,0-5 cm,Native GBIF occurrence-associated SoilGrids texture observations,100 - sand - clay
Artocarpus hirsutus,10,good,good,True,34.76,38.3,45.55,26.7,31.75,36.47,23.44,28.0,36.09,12,10,10,ISRIC SoilGrids,0-5 cm,Native GBIF occurrence-associated SoilGrids texture observations,100 - sand - clay
Artocarpus hispidus,8,usable,usable,True,30.27,35.25,38.68,31.16,36.8,42.06,25.06,29.8,31.66,8,8,8,ISRIC SoilGrids,0-5 cm,Native GBIF occurrence-associated SoilGrids texture observations,100 - sand - clay
Artocarpus integer,10,good,good,True,27.52,32.0,41.57,33.79,40.75,42.08,24.64,27.6,30.4,12,10,10,ISRIC SoilGrids,0-5 cm,Native GBIF occurrence-associated SoilGrids texture observations,100 - sand - clay
Artocarpus lakoocha,11,good,good,True,28.7,39.2,42.0,24.1,28.8,32.0,28.5,34.0,42.3,12,11,11,ISRIC SoilGrids,0-5 cm,Native GBIF occurrence-associated SoilGrids texture observations,100 - sand - clay
Artocarpus odoratissimus,10,good,good,True,25.71,30.4,33.1,34.01,38.2,44.53,26.56,32.3,35.81,12,10,10,ISRIC SoilGrids,0-5 cm,Native GBIF occurrence-associated SoilGrids texture observations,100 - sand - clay
Atalantia racemosa,11,good,good,True,27.0,33.7,37.1,29.2,32.3,36.6,26.3,31.7,42.2,12,11,11,ISRIC SoilGrids,0-5 cm,Native GBIF occurrence-associated SoilGrids texture observations,100 - sand - clay
Azadirachta excelsa,10,good,good,True,27.39,31.9,35.95,33.12,35.95,40.14,27.46,31.45,35.75,12,10,10,ISRIC SoilGrids,0-5 cm,Native GBIF occurrence-associated SoilGrids texture observations,100 - sand - clay
Baccaurea angulata,12,good,good,True,24.43,29.45,35.84,31.96,39.5,42.64,30.41,31.3,35.86,12,12,12,ISRIC SoilGrids,0-5 cm,Native GBIF occurrence-associated SoilGrids texture observations,100 - sand - clay
Baccaurea bracteata,9,usable,usable,True,22.66,29.1,30.94,35.24,37.4,44.14,30.24,34.0,37.26,12,9,9,ISRIC SoilGrids,0-5 cm,Native GBIF occurrence-associated SoilGrids texture observations,100 - sand - clay
Baccaurea motleyana,9,usable,usable,True,27.04,36.8,38.94,30.14,36.1,41.68,25.54,28.2,34.74,12,9,9,ISRIC SoilGrids,0-5 cm,Native GBIF occurrence-associated SoilGrids texture observations,100 - sand - clay
Balakata baccata,8,usable,usable,True,21.97,34.4,37.69,29.15,31.5,41.86,30.22,32.4,42.88,12,8,8,ISRIC SoilGrids,0-5 cm,Native GBIF occurrence-associated SoilGrids texture observations,100 - sand - clay
Balakata luzonica,7,usable,usable,True,28.98,33.8,34.4,31.12,36.3,38.58,27.9,32.5,37.7,12,7,7,ISRIC SoilGrids,0-5 cm,Native GBIF occurrence-associated SoilGrids texture observations,100 - sand - clay
Bauhinia variegata,8,usable,usable,True,29.5,36.6,43.49,25.37,32.45,40.93,27.48,29.85,35.37,12,8,8,ISRIC SoilGrids,0-5 cm,Native GBIF occurrence-associated SoilGrids texture observations,100 - sand - clay
Betula alnoides,10,good,good,True,26.58,32.75,41.67,22.51,26.85,36.05,29.1,34.65,46.53,12,10,10,ISRIC SoilGrids,0-5 cm,Native GBIF occurrence-associated SoilGrids texture observations,100 - sand - clay
Bhesa indica,11,good,good,True,31.5,35.9,39.3,28.6,35.6,40.3,25.6,30.2,32.6,12,11,11,ISRIC SoilGrids,0-5 cm,Native GBIF occurrence-associated SoilGrids texture observations,100 - sand - clay
Bhesa paniculata,10,good,good,True,26.54,31.75,35.72,32.64,37.35,40.51,24.71,31.45,36.37,12,10,10,ISRIC SoilGrids,0-5 cm,Native GBIF occurrence-associated SoilGrids texture observations,100 - sand - clay
Bischofia javanica,9,usable,usable,True,29.1,38.1,41.26,28.24,31.9,37.72,26.9,30.2,37.2,12,9,9,ISRIC SoilGrids,0-5 cm,Native GBIF occurrence-associated SoilGrids texture observations,100 - sand - clay
Callicarpa arborea,9,usable,usable,True,27.78,33.9,42.68,28.8,32.6,38.04,27.02,30.3,38.2,12,9,9,ISRIC SoilGrids,0-5 cm,Native GBIF occurrence-associated SoilGrids texture observations,100 - sand - clay
Calophyllum apetalum,8,usable,usable,True,37.12,41.0,44.9,27.49,29.5,36.05,24.94,27.95,32.4,8,8,8,ISRIC SoilGrids,0-5 cm,Native GBIF occurrence-associated SoilGrids texture observations,100 - sand - clay
Calophyllum austroindicum,5,usable,usable,True,31.38,35.8,39.16,30.76,33.5,34.88,29.02,30.7,35.24,5,5,5,ISRIC SoilGrids,0-5 cm,Native GBIF occurrence-associated SoilGrids texture observations,100 - sand - clay
Calophyllum biflorum,10,good,good,True,26.76,30.3,33.49,35.39,39.9,42.8,26.88,30.45,33.55,12,10,10,ISRIC SoilGrids,0-5 cm,Native GBIF occurrence-associated SoilGrids texture observations,100 - sand - clay
Calophyllum blancoi,7,usable,usable,True,30.36,31.8,35.42,30.3,34.0,38.4,29.18,31.5,37.72,12,7,7,ISRIC SoilGrids,0-5 cm,Native GBIF occurrence-associated SoilGrids texture observations,100 - sand - clay
Calophyllum ferrugineum,8,usable,usable,True,25.17,31.75,42.25,37.42,39.05,41.4,21.42,27.25,35.94,9,8,8,ISRIC SoilGrids,0-5 cm,Native GBIF occurrence-associated SoilGrids texture observations,100 - sand - clay
Calophyllum inophyllum,5,usable,usable,True,29.58,33.8,36.52,36.82,37.8,39.66,26.08,29.1,30.76,12,5,5,ISRIC SoilGrids,0-5 cm,Native GBIF occurrence-associated SoilGrids texture observations,100 - sand - clay
Calophyllum lowei,2,limited,limited,True,25.72,27.0,28.28,39.21,40.45,41.69,30.03,32.55,35.07,4,2,2,ISRIC SoilGrids,0-5 cm,Native GBIF occurrence-associated SoilGrids texture observations,100 - sand - clay
Calophyllum sclerophyllum,10,good,good,True,23.02,26.9,33.09,33.63,39.55,43.79,30.82,33.5,34.46,11,10,10,ISRIC SoilGrids,0-5 cm,Native GBIF occurrence-associated SoilGrids texture observations,100 - sand - clay
Calophyllum soulattri,7,usable,usable,True,29.26,33.8,43.62,28.46,32.9,41.18,24.74,30.2,34.06,12,7,7,ISRIC SoilGrids,0-5 cm,Native GBIF occurrence-associated SoilGrids texture observations,100 - sand - clay
Calophyllum wallichiana,11,good,good,True,27.0,31.2,34.3,35.8,38.1,40.7,27.6,30.6,34.3,12,11,11,ISRIC SoilGrids,0-5 cm,Native GBIF occurrence-associated SoilGrids texture observations,100 - sand - clay
Campnosperma coriaceum,11,good,good,True,20.5,30.8,38.7,34.5,38.8,41.4,27.2,32.2,37.7,12,11,11,ISRIC SoilGrids,0-5 cm,Native GBIF occurrence-associated SoilGrids texture observations,100 - sand - clay
Campnosperma squamatum,12,good,good,True,29.55,30.95,34.16,34.02,38.0,38.89,30.25,31.85,33.99,12,12,12,ISRIC SoilGrids,0-5 cm,Native GBIF occurrence-associated SoilGrids texture observations,100 - sand - clay
Cananga odorata,7,usable,usable,True,20.06,31.7,33.88,35.24,36.9,41.36,28.7,32.1,40.4,12,7,7,ISRIC SoilGrids,0-5 cm,Native GBIF occurrence-associated SoilGrids texture observations,100 - sand - clay
Careya arborea,9,usable,usable,True,34.66,41.2,48.64,27.58,31.3,37.2,19.32,29.7,34.16,12,9,9,ISRIC SoilGrids,0-5 cm,Native GBIF occurrence-associated SoilGrids texture observations,100 - sand - clay
Caryota urens,8,usable,usable,True,28.86,36.85,38.81,28.33,33.55,41.0,26.43,30.9,34.08,12,8,8,ISRIC SoilGrids,0-5 cm,Native GBIF occurrence-associated SoilGrids texture observations,100 - sand - clay
Castanea chinensis,5,usable,usable,True,27.92,31.7,47.48,21.46,30.2,33.92,30.3,36.7,40.28,12,5,5,ISRIC SoilGrids,0-5 cm,Native GBIF occurrence-associated SoilGrids texture observations,100 - sand - clay
Castanea henryi,4,limited,limited,True,23.33,31.5,38.83,24.08,25.35,31.94,36.58,40.75,47.16,16,4,4,ISRIC SoilGrids,0-5 cm,Native GBIF occurrence-associated SoilGrids texture observations,100 - sand - clay
Castanopsis acuminatissima,12,good,good,True,32.43,34.7,41.71,29.17,33.55,36.46,26.31,31.5,33.44,12,12,12,ISRIC SoilGrids,0-5 cm,Native GBIF occurrence-associated SoilGrids texture observations,100 - sand - clay
Castanopsis argentea,11,good,good,True,24.1,32.1,41.0,26.3,34.6,41.4,30.4,34.6,38.1,12,11,11,ISRIC SoilGrids,0-5 cm,Native GBIF occurrence-associated SoilGrids texture observations,100 - sand - clay
Castanopsis carlesii,5,usable,usable,True,23.8,27.5,30.6,23.94,26.8,33.18,40.36,46.1,47.96,12,5,5,ISRIC SoilGrids,0-5 cm,Native GBIF occurrence-associated SoilGrids texture observations,100 - sand - clay
Castanopsis diversifolia,10,good,good,True,29.22,34.85,42.97,28.77,32.8,36.18,23.22,33.55,36.41,12,10,10,ISRIC SoilGrids,0-5 cm,Native GBIF occurrence-associated SoilGrids texture observations,100 - sand - clay
Castanopsis eyrei,8,usable,usable,True,20.21,34.9,40.4,24.85,30.4,41.38,30.75,34.8,42.56,12,8,8,ISRIC SoilGrids,0-5 cm,Native GBIF occurrence-associated SoilGrids texture observations,100 - sand - clay
Castanopsis fissa,6,usable,usable,True,25.3,37.7,46.0,23.65,28.4,32.85,29.55,34.7,41.85,12,6,6,ISRIC SoilGrids,0-5 cm,Native GBIF occurrence-associated SoilGrids texture observations,100 - sand - clay
Castanopsis hystrix,10,good,good,True,31.08,34.05,38.63,27.99,30.05,35.41,29.95,32.75,40.14,11,10,10,ISRIC SoilGrids,0-5 cm,Native GBIF occurrence-associated SoilGrids texture observations,100 - sand - clay
Castanopsis indica,8,usable,usable,True,29.0,32.45,37.63,25.37,28.75,36.38,31.32,35.35,43.86,12,8,8,ISRIC SoilGrids,0-5 cm,Native GBIF occurrence-associated SoilGrids texture observations,100 - sand - clay
Castanopsis purpurella,7,usable,usable,True,23.62,28.6,36.86,26.24,31.6,35.3,31.58,39.2,46.36,12,7,7,ISRIC SoilGrids,0-5 cm,Native GBIF occurrence-associated SoilGrids texture observations,100 - sand - clay
Castanopsis sclerophylla,6,usable,usable,True,28.15,33.4,38.0,23.55,26.45,33.75,34.8,39.25,42.65,12,6,6,ISRIC SoilGrids,0-5 cm,Native GBIF occurrence-associated SoilGrids texture observations,100 - sand - clay
Castanopsis tribuloides,11,good,good,True,30.4,33.2,48.3,26.9,31.6,33.6,24.8,33.3,42.7,12,11,11,ISRIC SoilGrids,0-5 cm,Native GBIF occurrence-associated SoilGrids texture observations,100 - sand - clay
Casuarina equisetifolia,7,usable,usable,True,34.68,40.6,53.28,22.18,28.7,32.86,24.14,26.7,37.14,12,7,7,ISRIC SoilGrids,0-5 cm,Native GBIF occurrence-associated SoilGrids texture observations,100 - sand - clay
Ceiba pentandra,9,usable,usable,True,27.56,42.1,43.86,27.64,31.7,38.22,24.3,29.3,34.16,12,9,9,ISRIC SoilGrids,0-5 cm,Native GBIF occurrence-associated SoilGrids texture observations,100 - sand - clay
Celtis cerasifera,8,usable,usable,True,30.7,38.7,49.45,13.73,22.25,39.25,30.05,36.5,41.48,12,8,8,ISRIC SoilGrids,0-5 cm,Native GBIF occurrence-associated SoilGrids texture observations,100 - sand - clay
Choerospondias axillaris,6,usable,usable,True,20.95,27.7,38.55,24.85,29.95,32.6,36.45,41.1,47.85,12,6,6,ISRIC SoilGrids,0-5 cm,Native GBIF occurrence-associated SoilGrids texture observations,100 - sand - clay
Cinnamomum burmannii,6,usable,usable,True,24.6,33.15,44.05,24.7,26.25,29.3,30.5,41.2,46.25,12,6,6,ISRIC SoilGrids,0-5 cm,Native GBIF occurrence-associated SoilGrids texture observations,100 - sand - clay
Cinnamomum camphora,6,usable,usable,True,33.55,35.9,40.1,24.65,31.75,33.65,31.25,33.9,35.25,12,6,6,ISRIC SoilGrids,0-5 cm,Native GBIF occurrence-associated SoilGrids texture observations,100 - sand - clay
Cinnamomum rhynchophyllum,9,usable,usable,True,24.16,29.3,33.02,37.34,39.7,46.4,26.34,28.6,32.84,12,9,9,ISRIC SoilGrids,0-5 cm,Native GBIF occurrence-associated SoilGrids texture observations,100 - sand - clay
Cinnamomum verum,7,usable,usable,True,32.1,37.3,41.76,31.34,34.2,36.18,26.12,30.1,32.96,9,7,7,ISRIC SoilGrids,0-5 cm,Native GBIF occurrence-associated SoilGrids texture observations,100 - sand - clay
Cleistanthus oblongifolius,12,good,good,True,30.25,34.35,40.27,27.45,35.15,39.35,27.56,30.1,33.78,12,12,12,ISRIC SoilGrids,0-5 cm,Native GBIF occurrence-associated SoilGrids texture observations,100 - sand - clay
Clerodendrum viscosum,9,usable,usable,True,30.64,36.6,41.72,16.54,26.3,33.12,27.92,36.0,47.06,12,9,9,ISRIC SoilGrids,0-5 cm,Native GBIF occurrence-associated SoilGrids texture observations,100 - sand - clay
Coffea liberica,10,good,good,True,50.18,60.8,70.94,15.51,20.65,27.63,11.84,17.95,23.76,12,10,10,ISRIC SoilGrids,0-5 cm,Native GBIF occurrence-associated SoilGrids texture observations,100 - sand - clay
Combretocarpus rotundatus,12,good,good,True,20.14,25.8,31.57,34.01,38.1,45.44,30.78,34.35,36.99,12,12,12,ISRIC SoilGrids,0-5 cm,Native GBIF occurrence-associated SoilGrids texture observations,100 - sand - clay
Corymbia intermedia,12,good,good,True,47.66,50.95,60.26,19.95,27.4,36.04,15.75,19.35,26.57,12,12,12,ISRIC SoilGrids,0-5 cm,Native GBIF occurrence-associated SoilGrids texture observations,100 - sand - clay
Corymbia torelliana,11,good,good,True,44.8,57.2,75.0,16.1,24.9,33.9,8.9,17.6,26.4,12,11,11,ISRIC SoilGrids,0-5 cm,Native GBIF occurrence-associated SoilGrids texture observations,100 - sand - clay
Cotylelobium burckii,10,good,good,True,22.29,28.2,35.58,32.15,38.9,42.43,28.58,33.9,36.81,12,10,10,ISRIC SoilGrids,0-5 cm,Native GBIF occurrence-associated SoilGrids texture observations,100 - sand - clay
Cotylelobium lanceolatum,10,good,good,True,22.65,26.6,37.7,33.15,41.3,43.49,24.97,31.75,36.12,12,10,10,ISRIC SoilGrids,0-5 cm,Native GBIF occurrence-associated SoilGrids texture observations,100 - sand - clay
Crataegus scabrifolia,6,usable,usable,True,19.05,24.7,28.25,23.85,32.75,37.15,42.1,44.25,47.9,12,6,6,ISRIC SoilGrids,0-5 cm,Native GBIF occurrence-associated SoilGrids texture observations,100 - sand - clay
Cratoxylum arborescens,9,usable,usable,True,24.98,28.9,31.9,37.12,39.3,44.48,29.3,31.2,33.52,12,9,9,ISRIC SoilGrids,0-5 cm,Native GBIF occurrence-associated SoilGrids texture observations,100 - sand - clay
Cratoxylum glaucum,11,good,good,True,23.3,27.3,32.3,34.5,38.4,41.3,29.3,34.0,41.4,12,11,11,ISRIC SoilGrids,0-5 cm,Native GBIF occurrence-associated SoilGrids texture observations,100 - sand - clay
Cryptocarya chinensis,6,usable,usable,True,26.3,27.4,31.9,29.15,32.4,35.0,36.05,38.85,42.95,12,6,6,ISRIC SoilGrids,0-5 cm,Native GBIF occurrence-associated SoilGrids texture observations,100 - sand - clay
Cullenia exarillata,6,usable,usable,True,31.9,37.55,44.25,30.1,32.75,35.9,25.6,28.3,33.65,6,6,6,ISRIC SoilGrids,0-5 cm,Native GBIF occurrence-associated SoilGrids texture observations,100 - sand - clay
Cunninghamia lanceolata,5,usable,usable,True,20.5,34.7,38.64,23.66,31.7,37.8,31.54,38.7,44.4,15,5,5,ISRIC SoilGrids,0-5 cm,Native GBIF occurrence-associated SoilGrids texture observations,100 - sand - clay
Dacrycarpus imbricatus,9,usable,usable,True,28.36,32.1,37.78,28.24,36.4,40.72,30.56,31.9,33.62,12,9,9,ISRIC SoilGrids,0-5 cm,Native GBIF occurrence-associated SoilGrids texture observations,100 - sand - clay
Dacryodes incurvata,10,good,good,True,27.6,29.45,33.94,35.31,38.8,46.23,26.02,32.4,33.48,12,10,10,ISRIC SoilGrids,0-5 cm,Native GBIF occurrence-associated SoilGrids texture observations,100 - sand - clay
Dacryodes rostrata,10,good,good,True,27.11,32.6,39.62,34.87,36.3,40.43,24.77,29.8,35.49,12,10,10,ISRIC SoilGrids,0-5 cm,Native GBIF occurrence-associated SoilGrids texture observations,100 - sand - clay
Dalbergia bariensis,12,good,good,True,30.23,38.2,43.88,25.25,28.95,31.68,29.02,31.9,39.69,12,12,12,ISRIC SoilGrids,0-5 cm,Native GBIF occurrence-associated SoilGrids texture observations,100 - sand - clay
Dalbergia cochinchinensis,11,good,good,True,27.8,33.4,44.1,24.9,33.0,41.3,27.8,32.2,38.7,12,11,11,ISRIC SoilGrids,0-5 cm,Native GBIF occurrence-associated SoilGrids texture observations,100 - sand - clay
Dalbergia latifolia,9,usable,usable,True,28.6,35.7,48.94,20.76,30.2,42.32,22.94,28.7,34.02,12,9,9,ISRIC SoilGrids,0-5 cm,Native GBIF occurrence-associated SoilGrids texture observations,100 - sand - clay
Dalbergia ovata,11,good,good,True,29.5,33.3,39.3,26.6,30.4,32.9,29.6,35.7,42.1,12,11,11,ISRIC SoilGrids,0-5 cm,Native GBIF occurrence-associated SoilGrids texture observations,100 - sand - clay
Daphniphyllum pentandrum,7,usable,usable,True,24.8,30.1,35.18,26.18,27.4,34.12,38.32,40.6,42.7,12,7,7,ISRIC SoilGrids,0-5 cm,Native GBIF occurrence-associated SoilGrids texture observations,100 - sand - clay
Debregeasia longifolia,8,usable,usable,True,28.84,38.85,53.11,14.92,24.85,37.09,31.25,34.45,40.44,12,8,8,ISRIC SoilGrids,0-5 cm,Native GBIF occurrence-associated SoilGrids texture observations,100 - sand - clay
Dialium indum,8,usable,usable,True,25.48,30.0,32.38,36.92,40.0,44.07,25.41,30.7,33.7,12,8,8,ISRIC SoilGrids,0-5 cm,Native GBIF occurrence-associated SoilGrids texture observations,100 - sand - clay
Dialium platysepalum,9,usable,usable,True,24.48,30.3,33.16,35.12,38.9,40.92,28.8,32.9,36.24,12,9,9,ISRIC SoilGrids,0-5 cm,Native GBIF occurrence-associated SoilGrids texture observations,100 - sand - clay
Dillenia excelsa,8,usable,usable,True,25.13,30.15,34.26,33.75,37.55,42.0,28.06,33.25,35.87,12,8,8,ISRIC SoilGrids,0-5 cm,Native GBIF occurrence-associated SoilGrids texture observations,100 - sand - clay
Dillenia eximia,12,good,good,True,27.0,29.0,34.4,32.96,39.0,42.23,27.61,30.75,38.05,12,12,12,ISRIC SoilGrids,0-5 cm,Native GBIF occurrence-associated SoilGrids texture observations,100 - sand - clay
Dimocarpus longan,10,good,good,True,23.15,33.1,44.86,27.84,30.85,42.62,25.45,33.35,42.42,12,10,10,ISRIC SoilGrids,0-5 cm,Native GBIF occurrence-associated SoilGrids texture observations,100 - sand - clay
Diospyros areolata,11,good,good,True,20.4,29.2,39.1,28.0,35.8,43.3,27.5,34.4,42.4,12,11,11,ISRIC SoilGrids,0-5 cm,Native GBIF occurrence-associated SoilGrids texture observations,100 - sand - clay
Diospyros discolor,8,usable,usable,True,24.7,31.5,36.07,33.19,36.75,37.73,29.21,31.8,39.76,12,8,8,ISRIC SoilGrids,0-5 cm,Native GBIF occurrence-associated SoilGrids texture observations,100 - sand - clay
Diospyros evena,11,good,good,True,27.4,29.7,32.2,34.2,38.3,39.9,29.9,32.8,34.7,12,11,11,ISRIC SoilGrids,0-5 cm,Native GBIF occurrence-associated SoilGrids texture observations,100 - sand - clay
Diospyros glandulosa,11,good,good,True,28.7,37.2,44.1,24.4,29.0,31.3,31.0,33.8,45.2,12,11,11,ISRIC SoilGrids,0-5 cm,Native GBIF occurrence-associated SoilGrids texture observations,100 - sand - clay
Diospyros japonica,9,usable,usable,True,22.82,33.4,41.54,24.48,29.1,37.16,31.56,38.9,40.94,12,9,9,ISRIC SoilGrids,0-5 cm,Native GBIF occurrence-associated SoilGrids texture observations,100 - sand - clay
Diospyros kaki,5,usable,usable,True,26.76,31.0,38.0,24.78,30.7,33.14,35.0,36.4,43.54,12,5,5,ISRIC SoilGrids,0-5 cm,Native GBIF occurrence-associated SoilGrids texture observations,100 - sand - clay
Diospyros siamang,7,usable,usable,True,22.1,26.4,31.94,37.34,41.3,46.38,27.34,32.2,36.04,10,7,7,ISRIC SoilGrids,0-5 cm,Native GBIF occurrence-associated SoilGrids texture observations,100 - sand - clay
Dipterocarpus applanatus,7,usable,usable,True,29.3,30.7,37.08,36.94,39.1,40.54,25.98,29.2,31.22,9,7,7,ISRIC SoilGrids,0-5 cm,Native GBIF occurrence-associated SoilGrids texture observations,100 - sand - clay
Dipterocarpus baudii,11,good,good,True,32.5,36.3,39.9,26.6,36.5,41.3,25.7,29.2,31.7,12,11,11,ISRIC SoilGrids,0-5 cm,Native GBIF occurrence-associated SoilGrids texture observations,100 - sand - clay
Dipterocarpus caudiferus,9,usable,usable,True,23.56,29.6,35.86,34.9,38.4,45.56,28.24,31.0,34.3,12,9,9,ISRIC SoilGrids,0-5 cm,Native GBIF occurrence-associated SoilGrids texture observations,100 - sand - clay
Dipterocarpus conformis,6,usable,usable,True,31.45,33.45,34.5,33.9,36.15,39.4,28.1,30.0,33.05,6,6,6,ISRIC SoilGrids,0-5 cm,Native GBIF occurrence-associated SoilGrids texture observations,100 - sand - clay
Dipterocarpus cornutus,11,good,good,True,28.6,33.9,36.1,31.7,35.0,36.1,26.1,32.6,36.1,12,11,11,ISRIC SoilGrids,0-5 cm,Native GBIF occurrence-associated SoilGrids texture observations,100 - sand - clay
Dipterocarpus costatus,11,good,good,True,34.2,37.1,43.1,27.9,30.2,33.9,28.5,32.5,34.6,12,11,11,ISRIC SoilGrids,0-5 cm,Native GBIF occurrence-associated SoilGrids texture observations,100 - sand - clay
Dipterocarpus dyeri,6,usable,usable,True,31.3,36.25,49.3,23.25,32.65,36.0,24.55,31.6,35.1,9,6,6,ISRIC SoilGrids,0-5 cm,Native GBIF occurrence-associated SoilGrids texture observations,100 - sand - clay
Dipterocarpus gracilis,10,good,good,True,24.83,31.25,37.82,33.58,37.05,41.59,25.99,31.55,37.72,12,10,10,ISRIC SoilGrids,0-5 cm,Native GBIF occurrence-associated SoilGrids texture observations,100 - sand - clay
Dipterocarpus indicus,8,usable,usable,True,38.09,43.1,47.63,26.67,30.8,33.02,21.39,28.1,30.53,8,8,8,ISRIC SoilGrids,0-5 cm,Native GBIF occurrence-associated SoilGrids texture observations,100 - sand - clay
Dipterocarpus kunstleri,10,good,good,True,30.43,33.0,38.02,34.0,35.2,37.34,27.62,30.35,35.22,12,10,10,ISRIC SoilGrids,0-5 cm,Native GBIF occurrence-associated SoilGrids texture observations,100 - sand - clay
Dipterocarpus oblongifolius,12,good,good,True,23.72,30.1,41.69,29.5,38.35,44.2,27.29,31.5,36.93,12,12,12,ISRIC SoilGrids,0-5 cm,Native GBIF occurrence-associated SoilGrids texture observations,100 - sand - clay
Dipterocarpus turbinatus,10,good,good,True,28.68,39.0,40.82,27.59,30.75,33.96,27.61,31.8,36.35,12,10,10,ISRIC SoilGrids,0-5 cm,Native GBIF occurrence-associated SoilGrids texture observations,100 - sand - clay
Dipterocarpus zeylanicus,5,usable,usable,True,31.4,33.7,35.2,34.18,36.9,39.72,27.3,28.2,33.32,7,5,5,ISRIC SoilGrids,0-5 cm,Native GBIF occurrence-associated SoilGrids texture observations,100 - sand - clay
Dracontomelon dao,9,usable,usable,True,28.14,32.3,40.24,31.18,34.0,42.74,25.38,33.5,36.16,12,9,9,ISRIC SoilGrids,0-5 cm,Native GBIF occurrence-associated SoilGrids texture observations,100 - sand - clay
Dryobalanops beccarii,10,good,good,True,27.92,32.2,35.59,30.04,34.1,39.56,28.93,33.0,37.07,12,10,10,ISRIC SoilGrids,0-5 cm,Native GBIF occurrence-associated SoilGrids texture observations,100 - sand - clay
Dryobalanops keithii,6,usable,usable,True,26.65,30.0,32.85,34.05,37.75,42.85,29.9,31.55,34.4,7,6,6,ISRIC SoilGrids,0-5 cm,Native GBIF occurrence-associated SoilGrids texture observations,100 - sand - clay
Dryobalanops lanceolata,11,good,good,True,30.8,33.3,35.5,30.9,33.9,39.3,30.9,32.1,35.7,12,11,11,ISRIC SoilGrids,0-5 cm,Native GBIF occurrence-associated SoilGrids texture observations,100 - sand - clay
Dryobalanops oblongifolia,9,usable,usable,True,22.98,30.2,35.58,33.98,39.9,47.18,26.78,30.6,33.52,12,9,9,ISRIC SoilGrids,0-5 cm,Native GBIF occurrence-associated SoilGrids texture observations,100 - sand - clay
Dryobalanops sumatrensis,10,good,good,True,26.2,34.0,38.21,29.98,38.3,40.11,27.13,30.9,35.12,12,10,10,ISRIC SoilGrids,0-5 cm,Native GBIF occurrence-associated SoilGrids texture observations,100 - sand - clay
Drypetes venusta,12,good,good,True,33.52,38.5,46.24,30.24,32.4,38.76,24.56,27.85,31.85,12,12,12,ISRIC SoilGrids,0-5 cm,Native GBIF occurrence-associated SoilGrids texture observations,100 - sand - clay
Duabanga moluccana,10,good,good,True,25.84,33.25,39.04,32.75,37.35,40.44,25.95,29.35,36.53,12,10,10,ISRIC SoilGrids,0-5 cm,Native GBIF occurrence-associated SoilGrids texture observations,100 - sand - clay
Durio carinatus,8,usable,usable,True,19.9,30.15,40.51,33.59,38.95,44.66,25.12,31.5,36.99,12,8,8,ISRIC SoilGrids,0-5 cm,Native GBIF occurrence-associated SoilGrids texture observations,100 - sand - clay
Durio griffithii,8,usable,usable,True,27.7,29.55,36.08,35.19,38.6,41.28,27.33,31.4,32.89,12,8,8,ISRIC SoilGrids,0-5 cm,Native GBIF occurrence-associated SoilGrids texture observations,100 - sand - clay
Durio zibethinus,9,usable,usable,True,25.28,32.0,33.9,36.98,38.9,42.92,27.04,28.9,33.18,12,9,9,ISRIC SoilGrids,0-5 cm,Native GBIF occurrence-associated SoilGrids texture observations,100 - sand - clay
Dyera costulata,8,usable,usable,True,26.52,31.65,40.07,30.18,37.5,42.46,23.4,30.0,38.19,12,8,8,ISRIC SoilGrids,0-5 cm,Native GBIF occurrence-associated SoilGrids texture observations,100 - sand - clay
Dyera polyphylla,11,good,good,True,25.1,26.1,30.8,34.1,37.8,44.8,29.6,34.2,39.8,12,11,11,ISRIC SoilGrids,0-5 cm,Native GBIF occurrence-associated SoilGrids texture observations,100 - sand - clay
Elaeocarpus floribundus,9,usable,usable,True,31.26,42.3,45.46,26.38,29.9,36.04,26.48,30.5,35.1,12,9,9,ISRIC SoilGrids,0-5 cm,Native GBIF occurrence-associated SoilGrids texture observations,100 - sand - clay
Elaeocarpus lanceifolius,10,good,good,True,27.83,35.25,39.21,25.68,28.65,33.59,30.84,37.8,42.27,12,10,10,ISRIC SoilGrids,0-5 cm,Native GBIF occurrence-associated SoilGrids texture observations,100 - sand - clay
Elaeocarpus obtusus,9,usable,usable,True,27.36,32.7,34.96,30.74,35.8,39.96,30.0,32.7,35.98,12,9,9,ISRIC SoilGrids,0-5 cm,Native GBIF occurrence-associated SoilGrids texture observations,100 - sand - clay
Elaeocarpus serratus,11,good,good,True,27.3,35.4,41.9,32.3,34.5,38.1,26.5,31.7,34.6,12,11,11,ISRIC SoilGrids,0-5 cm,Native GBIF occurrence-associated SoilGrids texture observations,100 - sand - clay
Elaeocarpus sylvestris,5,usable,usable,True,26.78,32.4,44.28,20.7,26.8,31.1,31.26,41.2,46.12,12,5,5,ISRIC SoilGrids,0-5 cm,Native GBIF occurrence-associated SoilGrids texture observations,100 - sand - clay
Elaeocarpus tuberculatus,12,good,good,True,32.26,39.6,43.8,28.05,32.95,35.77,22.75,30.35,34.79,12,12,12,ISRIC SoilGrids,0-5 cm,Native GBIF occurrence-associated SoilGrids texture observations,100 - sand - clay
Endospermum diadenum,10,good,good,True,22.76,29.05,35.89,31.43,39.15,43.94,29.24,31.8,38.19,12,10,10,ISRIC SoilGrids,0-5 cm,Native GBIF occurrence-associated SoilGrids texture observations,100 - sand - clay
Engelhardia spicata,6,usable,usable,True,31.3,35.45,40.7,26.85,34.4,35.85,25.4,32.85,37.2,12,6,6,ISRIC SoilGrids,0-5 cm,Native GBIF occurrence-associated SoilGrids texture observations,100 - sand - clay
Erythrina stricta,12,good,good,True,24.22,37.15,44.26,26.56,28.2,41.25,27.6,30.3,36.23,12,12,12,ISRIC SoilGrids,0-5 cm,Native GBIF occurrence-associated SoilGrids texture observations,100 - sand - clay
Erythrina subumbrans,8,usable,usable,True,25.62,35.0,42.21,29.82,35.35,40.34,22.11,32.0,35.81,12,8,8,ISRIC SoilGrids,0-5 cm,Native GBIF occurrence-associated SoilGrids texture observations,100 - sand - clay
Erythrophleum fordii,7,usable,usable,True,20.5,34.3,46.66,22.8,29.8,34.84,30.28,34.7,45.56,12,7,7,ISRIC SoilGrids,0-5 cm,Native GBIF occurrence-associated SoilGrids texture observations,100 - sand - clay
Eucalyptus alba,10,good,good,True,43.55,54.05,70.78,13.07,27.65,32.33,14.68,19.65,24.75,12,10,10,ISRIC SoilGrids,0-5 cm,Native GBIF occurrence-associated SoilGrids texture observations,100 - sand - clay
Eucalyptus camaldulensis,12,good,good,True,57.61,66.15,70.18,13.61,22.4,28.57,7.93,11.85,18.97,12,12,12,ISRIC SoilGrids,0-5 cm,Native GBIF occurrence-associated SoilGrids texture observations,100 - sand - clay
Eucalyptus deglupta,9,usable,usable,True,27.46,33.9,36.24,34.04,35.8,40.2,27.34,30.3,35.36,12,9,9,ISRIC SoilGrids,0-5 cm,Native GBIF occurrence-associated SoilGrids texture observations,100 - sand - clay
Eucalyptus grandis,10,good,good,True,37.49,46.95,59.17,20.22,28.75,38.44,18.98,23.5,26.5,12,10,10,ISRIC SoilGrids,0-5 cm,Native GBIF occurrence-associated SoilGrids texture observations,100 - sand - clay
Eucalyptus pellita,9,usable,usable,True,37.52,53.4,69.22,13.92,24.0,36.64,15.26,22.1,28.0,12,9,9,ISRIC SoilGrids,0-5 cm,Native GBIF occurrence-associated SoilGrids texture observations,100 - sand - clay
Eucalyptus pilularis,8,usable,usable,True,49.2,63.6,69.79,10.87,15.65,33.15,15.07,20.7,24.49,12,8,8,ISRIC SoilGrids,0-5 cm,Native GBIF occurrence-associated SoilGrids texture observations,100 - sand - clay
Eucalyptus tereticornis,11,good,good,True,35.5,51.3,60.6,18.2,26.6,34.6,16.1,21.7,31.2,12,11,11,ISRIC SoilGrids,0-5 cm,Native GBIF occurrence-associated SoilGrids texture observations,100 - sand - clay
Eucalyptus urophylla,2,limited,limited,True,38.82,42.1,45.38,33.89,34.65,35.41,20.73,23.25,25.77,2,2,2,ISRIC SoilGrids,0-5 cm,Native GBIF occurrence-associated SoilGrids texture observations,100 - sand - clay
Euonymus angulatus,7,usable,usable,True,35.44,37.3,40.72,30.26,32.3,36.24,26.08,28.9,32.38,7,7,7,ISRIC SoilGrids,0-5 cm,Native GBIF occurrence-associated SoilGrids texture observations,100 - sand - clay
Eusideroxylon zwageri,11,good,good,True,29.6,30.8,36.2,33.1,37.2,39.0,30.2,32.1,35.4,12,11,11,ISRIC SoilGrids,0-5 cm,Native GBIF occurrence-associated SoilGrids texture observations,100 - sand - clay
Fagraea crenulata,5,usable,usable,True,27.18,32.9,42.32,22.52,29.8,38.82,28.18,36.8,40.48,9,5,5,ISRIC SoilGrids,0-5 cm,Native GBIF occurrence-associated SoilGrids texture observations,100 - sand - clay
Fagraea fragrans,10,good,good,True,22.29,33.4,42.03,25.89,33.4,42.84,30.62,32.75,37.26,12,10,10,ISRIC SoilGrids,0-5 cm,Native GBIF occurrence-associated SoilGrids texture observations,100 - sand - clay
Falcataria moluccana,9,usable,usable,True,30.84,32.4,35.46,35.7,36.4,41.32,25.94,29.5,32.4,12,9,9,ISRIC SoilGrids,0-5 cm,Native GBIF occurrence-associated SoilGrids texture observations,100 - sand - clay
Ficus altissima,8,usable,usable,True,24.32,34.4,47.08,28.24,31.9,36.89,23.0,30.65,42.61,12,8,8,ISRIC SoilGrids,0-5 cm,Native GBIF occurrence-associated SoilGrids texture observations,100 - sand - clay
Ficus beddomei,7,usable,usable,True,34.16,39.2,41.16,29.54,32.5,33.82,27.06,29.3,33.7,7,7,7,ISRIC SoilGrids,0-5 cm,Native GBIF occurrence-associated SoilGrids texture observations,100 - sand - clay
Ficus benjamina,9,usable,usable,True,27.58,34.3,46.96,27.9,33.1,41.28,22.7,28.1,38.16,12,9,9,ISRIC SoilGrids,0-5 cm,Native GBIF occurrence-associated SoilGrids texture observations,100 - sand - clay
Ficus fistulosa,11,good,good,True,27.6,32.1,51.7,19.5,35.1,40.8,27.3,30.9,41.8,12,11,11,ISRIC SoilGrids,0-5 cm,Native GBIF occurrence-associated SoilGrids texture observations,100 - sand - clay
Ficus glaberrima,7,usable,usable,True,27.74,33.9,44.84,18.52,31.0,36.56,32.5,35.1,40.5,12,7,7,ISRIC SoilGrids,0-5 cm,Native GBIF occurrence-associated SoilGrids texture observations,100 - sand - clay
Ficus heteropleura,12,good,good,True,27.88,33.65,35.63,29.68,37.4,38.99,27.13,32.15,34.57,12,12,12,ISRIC SoilGrids,0-5 cm,Native GBIF occurrence-associated SoilGrids texture observations,100 - sand - clay
Ficus hispida,10,good,good,True,18.77,28.3,36.42,27.53,37.7,43.74,29.15,33.35,46.72,12,10,10,ISRIC SoilGrids,0-5 cm,Native GBIF occurrence-associated SoilGrids texture observations,100 - sand - clay
Ficus nervosa,10,good,good,True,27.48,35.6,39.63,29.79,32.85,37.79,25.64,32.35,36.19,12,10,10,ISRIC SoilGrids,0-5 cm,Native GBIF occurrence-associated SoilGrids texture observations,100 - sand - clay
Ficus racemosa,11,good,good,True,32.2,37.3,71.9,17.8,30.4,37.4,10.3,30.8,36.2,12,11,11,ISRIC SoilGrids,0-5 cm,Native GBIF occurrence-associated SoilGrids texture observations,100 - sand - clay
Ficus subulata,9,usable,usable,True,25.92,29.3,36.9,31.38,35.2,39.9,29.64,32.7,37.88,12,9,9,ISRIC SoilGrids,0-5 cm,Native GBIF occurrence-associated SoilGrids texture observations,100 - sand - clay
Ficus superba,10,good,good,True,31.39,37.8,41.12,28.85,32.6,34.38,25.23,30.2,34.47,12,10,10,ISRIC SoilGrids,0-5 cm,Native GBIF occurrence-associated SoilGrids texture observations,100 - sand - clay
Ficus variegata,9,usable,usable,True,27.54,31.7,39.94,31.44,38.0,43.74,26.44,29.7,34.28,12,9,9,ISRIC SoilGrids,0-5 cm,Native GBIF occurrence-associated SoilGrids texture observations,100 - sand - clay
Filicium decipiens,7,usable,usable,True,33.72,41.9,48.56,24.48,27.7,34.64,22.34,27.4,37.12,12,7,7,ISRIC SoilGrids,0-5 cm,Native GBIF occurrence-associated SoilGrids texture observations,100 - sand - clay
Garcinia bancana,11,good,good,True,27.2,32.4,34.6,31.7,35.7,41.6,30.1,33.3,36.0,12,11,11,ISRIC SoilGrids,0-5 cm,Native GBIF occurrence-associated SoilGrids texture observations,100 - sand - clay
Garcinia gummi-gutta,11,good,good,True,30.1,39.7,44.1,31.4,33.3,36.6,22.5,26.7,37.0,12,11,11,ISRIC SoilGrids,0-5 cm,Native GBIF occurrence-associated SoilGrids texture observations,100 - sand - clay
Garcinia hombroniana,11,good,good,True,32.7,36.7,41.5,24.7,33.6,38.9,21.4,30.3,33.9,12,11,11,ISRIC SoilGrids,0-5 cm,Native GBIF occurrence-associated SoilGrids texture observations,100 - sand - clay
Garcinia oblongifolia,7,usable,usable,True,23.22,31.7,39.1,28.26,29.9,33.1,32.02,38.2,45.88,12,7,7,ISRIC SoilGrids,0-5 cm,Native GBIF occurrence-associated SoilGrids texture observations,100 - sand - clay
Garuga floribunda,8,usable,usable,True,29.97,34.6,42.08,30.39,34.15,39.64,24.94,28.65,34.56,12,8,8,ISRIC SoilGrids,0-5 cm,Native GBIF occurrence-associated SoilGrids texture observations,100 - sand - clay
Glochidion kerrii,8,usable,usable,True,31.16,44.9,52.84,25.44,29.15,31.05,20.91,26.2,37.13,9,8,8,ISRIC SoilGrids,0-5 cm,Native GBIF occurrence-associated SoilGrids texture observations,100 - sand - clay
Glochidion rubrum,6,usable,usable,True,22.3,29.55,37.9,31.75,33.45,41.85,28.75,33.9,40.55,12,6,6,ISRIC SoilGrids,0-5 cm,Native GBIF occurrence-associated SoilGrids texture observations,100 - sand - clay
Glochidion sphaerogynum,9,usable,usable,True,22.74,33.4,45.74,25.14,29.6,36.08,29.18,35.2,44.84,12,9,9,ISRIC SoilGrids,0-5 cm,Native GBIF occurrence-associated SoilGrids texture observations,100 - sand - clay
Gmelina arborea,12,good,good,True,26.9,37.35,50.31,24.2,27.4,39.41,21.37,33.0,39.17,12,12,12,ISRIC SoilGrids,0-5 cm,Native GBIF occurrence-associated SoilGrids texture observations,100 - sand - clay
Gonystylus affinis,11,good,good,True,25.5,31.2,35.8,31.2,35.9,39.3,28.4,31.2,37.4,12,11,11,ISRIC SoilGrids,0-5 cm,Native GBIF occurrence-associated SoilGrids texture observations,100 - sand - clay
Gonystylus bancanus,12,good,good,True,25.7,30.25,32.73,34.01,37.1,42.13,28.24,33.5,36.37,12,12,12,ISRIC SoilGrids,0-5 cm,Native GBIF occurrence-associated SoilGrids texture observations,100 - sand - clay
Gymnacranthera farquhariana,9,usable,usable,True,26.16,29.8,35.0,34.34,37.3,42.9,28.44,31.0,35.82,12,9,9,ISRIC SoilGrids,0-5 cm,Native GBIF occurrence-associated SoilGrids texture observations,100 - sand - clay
Helicia nilagirica,11,good,good,True,30.5,35.3,41.9,29.4,30.8,33.5,27.2,31.0,38.7,12,11,11,ISRIC SoilGrids,0-5 cm,Native GBIF occurrence-associated SoilGrids texture observations,100 - sand - clay
Heritiera javanica,11,good,good,True,25.4,33.7,37.1,28.4,33.0,39.2,26.8,33.6,35.9,12,11,11,ISRIC SoilGrids,0-5 cm,Native GBIF occurrence-associated SoilGrids texture observations,100 - sand - clay
Heritiera littoralis,9,usable,usable,True,26.84,37.9,52.54,29.04,35.0,39.0,19.5,28.3,35.76,12,9,9,ISRIC SoilGrids,0-5 cm,Native GBIF occurrence-associated SoilGrids texture observations,100 - sand - clay
Heritiera simplicifolia,10,good,good,True,31.46,32.65,36.13,31.88,34.35,39.11,29.12,31.75,35.44,12,10,10,ISRIC SoilGrids,0-5 cm,Native GBIF occurrence-associated SoilGrids texture observations,100 - sand - clay
Heynea trijuga,12,good,good,True,26.42,32.7,40.01,23.62,31.7,37.55,29.87,35.55,42.71,12,12,12,ISRIC SoilGrids,0-5 cm,Native GBIF occurrence-associated SoilGrids texture observations,100 - sand - clay
Hibiscus tiliaceus,7,usable,usable,True,25.04,31.0,64.44,19.36,40.0,42.48,14.28,29.2,32.44,12,7,7,ISRIC SoilGrids,0-5 cm,Native GBIF occurrence-associated SoilGrids texture observations,100 - sand - clay
Holigarna nigra,9,usable,usable,True,34.68,36.3,41.74,31.46,32.0,33.66,25.14,30.7,33.6,9,9,9,ISRIC SoilGrids,0-5 cm,Native GBIF occurrence-associated SoilGrids texture observations,100 - sand - clay
Holoptelea integrifolia,10,good,good,True,28.67,34.9,39.94,27.29,29.3,32.76,30.16,36.85,39.75,12,10,10,ISRIC SoilGrids,0-5 cm,Native GBIF occurrence-associated SoilGrids texture observations,100 - sand - clay
Homalium caryophyllaceum,9,usable,usable,True,26.9,31.1,34.0,31.36,37.5,42.78,28.5,30.8,37.24,12,9,9,ISRIC SoilGrids,0-5 cm,Native GBIF occurrence-associated SoilGrids texture observations,100 - sand - clay
Hopea beccariana,11,good,good,True,25.4,28.2,33.9,33.2,39.3,42.5,29.2,32.5,36.7,12,11,11,ISRIC SoilGrids,0-5 cm,Native GBIF occurrence-associated SoilGrids texture observations,100 - sand - clay
Hopea ferrea,11,good,good,True,34.9,36.5,45.9,24.9,28.0,31.6,29.1,35.4,37.4,12,11,11,ISRIC SoilGrids,0-5 cm,Native GBIF occurrence-associated SoilGrids texture observations,100 - sand - clay
Hopea ferruginea,10,good,good,True,27.04,30.55,35.29,30.82,38.9,44.53,27.19,30.25,34.7,12,10,10,ISRIC SoilGrids,0-5 cm,Native GBIF occurrence-associated SoilGrids texture observations,100 - sand - clay
Hopea kerangasensis,8,usable,usable,True,26.87,31.5,38.16,34.77,38.25,42.5,24.08,29.4,33.09,8,8,8,ISRIC SoilGrids,0-5 cm,Native GBIF occurrence-associated SoilGrids texture observations,100 - sand - clay
Hopea mengarawan,9,usable,usable,True,22.68,33.4,37.1,34.5,38.2,42.24,24.86,31.1,35.02,12,9,9,ISRIC SoilGrids,0-5 cm,Native GBIF occurrence-associated SoilGrids texture observations,100 - sand - clay
Hopea nervosa,11,good,good,True,29.8,32.2,43.7,31.4,37.3,40.0,24.9,30.7,32.5,12,11,11,ISRIC SoilGrids,0-5 cm,Native GBIF occurrence-associated SoilGrids texture observations,100 - sand - clay
Hopea odorata,9,usable,usable,True,29.12,36.9,40.88,24.98,30.5,37.76,29.64,33.3,35.86,12,9,9,ISRIC SoilGrids,0-5 cm,Native GBIF occurrence-associated SoilGrids texture observations,100 - sand - clay
Hopea parviflora,12,good,good,True,33.3,43.1,49.03,26.96,30.2,33.41,22.12,27.05,33.35,12,12,12,ISRIC SoilGrids,0-5 cm,Native GBIF occurrence-associated SoilGrids texture observations,100 - sand - clay
Hopea pubescens,3,limited,limited,True,26.76,31.8,34.12,39.56,41.0,42.76,26.32,27.2,30.48,3,3,3,ISRIC SoilGrids,0-5 cm,Native GBIF occurrence-associated SoilGrids texture observations,100 - sand - clay
Hopea sangal,11,good,good,True,22.7,29.5,34.1,37.8,38.9,41.2,26.1,32.7,39.1,12,11,11,ISRIC SoilGrids,0-5 cm,Native GBIF occurrence-associated SoilGrids texture observations,100 - sand - clay
Horsfieldia amygdalina,11,good,good,True,26.0,32.7,37.0,28.9,34.9,38.2,30.1,33.7,39.6,12,11,11,ISRIC SoilGrids,0-5 cm,Native GBIF occurrence-associated SoilGrids texture observations,100 - sand - clay
Horsfieldia crassifolia,9,usable,usable,True,23.48,28.9,35.4,35.9,37.7,40.3,25.36,33.4,38.48,12,9,9,ISRIC SoilGrids,0-5 cm,Native GBIF occurrence-associated SoilGrids texture observations,100 - sand - clay
Horsfieldia irya,9,usable,usable,True,29.32,33.8,39.28,30.3,34.4,42.66,25.76,30.1,35.02,12,9,9,ISRIC SoilGrids,0-5 cm,Native GBIF occurrence-associated SoilGrids texture observations,100 - sand - clay
Horsfieldia megacarpa,8,usable,usable,True,28.32,30.8,37.66,30.22,35.95,40.01,29.28,31.05,37.42,12,8,8,ISRIC SoilGrids,0-5 cm,Native GBIF occurrence-associated SoilGrids texture observations,100 - sand - clay
Hovenia dulcis,7,usable,usable,True,25.74,35.6,37.94,25.6,28.1,32.26,34.16,38.4,43.94,12,7,7,ISRIC SoilGrids,0-5 cm,Native GBIF occurrence-associated SoilGrids texture observations,100 - sand - clay
Ilex polyneura,7,usable,usable,True,26.72,32.9,34.38,26.62,31.6,38.44,30.46,37.3,40.28,12,7,7,ISRIC SoilGrids,0-5 cm,Native GBIF occurrence-associated SoilGrids texture observations,100 - sand - clay
Ilex rotunda,10,good,good,True,19.52,30.0,45.67,24.38,30.05,36.62,30.11,36.5,46.29,12,10,10,ISRIC SoilGrids,0-5 cm,Native GBIF occurrence-associated SoilGrids texture observations,100 - sand - clay
Intsia palembanica,8,usable,usable,True,32.82,36.2,41.06,31.4,33.7,36.46,26.42,29.0,34.67,12,8,8,ISRIC SoilGrids,0-5 cm,Native GBIF occurrence-associated SoilGrids texture observations,100 - sand - clay
Irvingia malayana,10,good,good,True,33.95,37.0,44.15,22.73,29.15,37.81,26.99,29.3,39.48,12,10,10,ISRIC SoilGrids,0-5 cm,Native GBIF occurrence-associated SoilGrids texture observations,100 - sand - clay
Ixora grandifolia,8,usable,usable,True,25.72,29.1,34.06,33.59,37.8,44.26,30.12,31.45,34.2,12,8,8,ISRIC SoilGrids,0-5 cm,Native GBIF occurrence-associated SoilGrids texture observations,100 - sand - clay
Khaya ivorensis,11,good,good,True,38.3,52.5,58.1,20.7,25.2,37.2,19.4,24.1,29.0,12,11,11,ISRIC SoilGrids,0-5 cm,Native GBIF occurrence-associated SoilGrids texture observations,100 - sand - clay
Koelreuteria bipinnata,7,usable,usable,True,17.56,30.8,40.9,21.76,24.4,35.8,35.24,45.8,50.58,12,7,7,ISRIC SoilGrids,0-5 cm,Native GBIF occurrence-associated SoilGrids texture observations,100 - sand - clay
Kokoona ochracea,9,usable,usable,True,27.18,31.9,34.14,31.84,35.4,39.3,31.24,33.1,36.88,12,9,9,ISRIC SoilGrids,0-5 cm,Native GBIF occurrence-associated SoilGrids texture observations,100 - sand - clay
Koompassia excelsa,11,good,good,True,30.2,32.6,38.5,32.0,33.8,39.9,27.2,31.5,35.4,12,11,11,ISRIC SoilGrids,0-5 cm,Native GBIF occurrence-associated SoilGrids texture observations,100 - sand - clay
Koompassia malaccensis,11,good,good,True,26.3,30.5,32.4,36.8,38.8,42.7,29.2,30.9,33.1,12,11,11,ISRIC SoilGrids,0-5 cm,Native GBIF occurrence-associated SoilGrids texture observations,100 - sand - clay
Lagerstroemia speciosa,9,usable,usable,True,23.32,34.0,40.82,23.46,33.1,42.86,31.38,32.9,40.98,12,9,9,ISRIC SoilGrids,0-5 cm,Native GBIF occurrence-associated SoilGrids texture observations,100 - sand - clay
Ligustrum lucidum,7,usable,usable,True,19.98,33.5,42.06,19.98,25.6,32.42,36.42,38.5,51.18,12,7,7,ISRIC SoilGrids,0-5 cm,Native GBIF occurrence-associated SoilGrids texture observations,100 - sand - clay
Lindera communis,6,usable,usable,True,19.0,24.05,37.7,20.75,30.3,35.25,41.55,45.1,46.3,12,6,6,ISRIC SoilGrids,0-5 cm,Native GBIF occurrence-associated SoilGrids texture observations,100 - sand - clay
Lindera megaphylla,8,usable,usable,True,22.4,24.3,35.84,29.51,33.3,36.41,33.39,40.4,45.82,12,8,8,ISRIC SoilGrids,0-5 cm,Native GBIF occurrence-associated SoilGrids texture observations,100 - sand - clay
Lindera thomsonii,9,usable,usable,True,23.16,30.9,42.04,24.34,29.9,36.3,31.58,34.5,45.6,12,9,9,ISRIC SoilGrids,0-5 cm,Native GBIF occurrence-associated SoilGrids texture observations,100 - sand - clay
Liquidambar formosana,5,usable,usable,True,25.26,26.6,32.14,27.58,27.7,30.78,40.28,43.1,45.3,12,5,5,ISRIC SoilGrids,0-5 cm,Native GBIF occurrence-associated SoilGrids texture observations,100 - sand - clay
Lithocarpus bennettii,10,good,good,True,24.85,29.9,34.6,34.46,40.2,44.68,25.75,30.5,35.94,12,10,10,ISRIC SoilGrids,0-5 cm,Native GBIF occurrence-associated SoilGrids texture observations,100 - sand - clay
Lithocarpus dasystachyus,9,usable,usable,True,22.14,28.7,33.88,34.0,37.8,45.52,29.22,34.0,36.7,12,9,9,ISRIC SoilGrids,0-5 cm,Native GBIF occurrence-associated SoilGrids texture observations,100 - sand - clay
Lithocarpus fenestratus,6,usable,usable,True,21.3,32.45,44.85,27.5,33.8,36.3,26.1,33.85,43.85,12,6,6,ISRIC SoilGrids,0-5 cm,Native GBIF occurrence-associated SoilGrids texture observations,100 - sand - clay
Lithocarpus glaber,7,usable,usable,True,22.4,28.0,37.18,27.16,29.7,35.14,34.82,38.2,45.78,12,7,7,ISRIC SoilGrids,0-5 cm,Native GBIF occurrence-associated SoilGrids texture observations,100 - sand - clay
Lithocarpus hancei,6,usable,usable,True,24.55,30.05,36.9,23.85,27.95,34.3,35.8,42.0,44.6,12,6,6,ISRIC SoilGrids,0-5 cm,Native GBIF occurrence-associated SoilGrids texture observations,100 - sand - clay
Litsea costata,10,good,good,True,25.98,33.2,35.63,33.15,37.05,45.01,28.17,30.7,33.94,12,10,10,ISRIC SoilGrids,0-5 cm,Native GBIF occurrence-associated SoilGrids texture observations,100 - sand - clay
Litsea cubeba,10,good,good,True,24.47,34.0,41.61,27.11,33.9,43.38,27.87,29.2,43.59,12,10,10,ISRIC SoilGrids,0-5 cm,Native GBIF occurrence-associated SoilGrids texture observations,100 - sand - clay
Litsea glutinosa,9,usable,usable,True,13.34,31.8,46.42,28.44,34.9,46.2,22.34,36.1,41.5,12,9,9,ISRIC SoilGrids,0-5 cm,Native GBIF occurrence-associated SoilGrids texture observations,100 - sand - clay
Litsea insignis,10,good,good,True,27.89,33.6,36.0,30.67,38.25,39.55,26.1,31.8,35.67,12,10,10,ISRIC SoilGrids,0-5 cm,Native GBIF occurrence-associated SoilGrids texture observations,100 - sand - clay
Litsea mollis,5,usable,usable,True,28.62,29.4,32.46,24.22,29.8,33.0,35.14,40.8,46.56,12,5,5,ISRIC SoilGrids,0-5 cm,Native GBIF occurrence-associated SoilGrids texture observations,100 - sand - clay
Litsea oleoides,12,good,good,True,33.67,39.9,42.29,29.8,31.9,36.54,25.18,27.95,29.79,12,12,12,ISRIC SoilGrids,0-5 cm,Native GBIF occurrence-associated SoilGrids texture observations,100 - sand - clay
Litsea pierrei,9,usable,usable,True,24.34,34.5,39.86,31.18,34.3,35.98,27.52,33.3,40.48,12,9,9,ISRIC SoilGrids,0-5 cm,Native GBIF occurrence-associated SoilGrids texture observations,100 - sand - clay
Litsea stocksii,12,good,good,True,33.31,35.65,40.96,29.83,33.3,38.76,27.72,29.4,33.45,12,12,12,ISRIC SoilGrids,0-5 cm,Native GBIF occurrence-associated SoilGrids texture observations,100 - sand - clay
Lophopetalum rigidum,10,good,good,True,29.15,30.65,34.52,35.44,38.25,41.72,26.92,29.85,33.43,12,10,10,ISRIC SoilGrids,0-5 cm,Native GBIF occurrence-associated SoilGrids texture observations,100 - sand - clay
Lophopetalum wightianum,9,usable,usable,True,34.76,37.0,42.38,27.06,33.0,35.08,28.54,29.4,32.16,12,9,9,ISRIC SoilGrids,0-5 cm,Native GBIF occurrence-associated SoilGrids texture observations,100 - sand - clay
Macaranga denticulata,7,usable,usable,True,24.32,34.3,42.28,25.2,30.6,35.6,31.48,35.3,39.78,12,7,7,ISRIC SoilGrids,0-5 cm,Native GBIF occurrence-associated SoilGrids texture observations,100 - sand - clay
Macaranga gigantea,11,good,good,True,27.8,32.2,36.5,32.9,35.2,41.6,28.7,31.9,33.1,12,11,11,ISRIC SoilGrids,0-5 cm,Native GBIF occurrence-associated SoilGrids texture observations,100 - sand - clay
Macaranga indica,11,good,good,True,35.1,39.9,51.1,25.6,29.7,37.2,21.6,28.3,34.0,12,11,11,ISRIC SoilGrids,0-5 cm,Native GBIF occurrence-associated SoilGrids texture observations,100 - sand - clay
Macaranga motleyana,10,good,good,True,26.86,31.1,35.91,31.1,37.35,39.69,28.11,32.55,37.52,12,10,10,ISRIC SoilGrids,0-5 cm,Native GBIF occurrence-associated SoilGrids texture observations,100 - sand - clay
Macaranga pearsonii,12,good,good,True,27.64,30.9,32.2,34.23,37.7,42.48,27.84,30.4,36.99,12,12,12,ISRIC SoilGrids,0-5 cm,Native GBIF occurrence-associated SoilGrids texture observations,100 - sand - clay
Macaranga pruinosa,10,good,good,True,26.09,27.95,31.41,34.66,38.75,42.32,30.22,32.85,36.35,12,10,10,ISRIC SoilGrids,0-5 cm,Native GBIF occurrence-associated SoilGrids texture observations,100 - sand - clay
Machilus chinensis,5,usable,usable,True,24.04,39.3,49.18,22.1,25.5,29.54,26.34,39.6,46.42,12,5,5,ISRIC SoilGrids,0-5 cm,Native GBIF occurrence-associated SoilGrids texture observations,100 - sand - clay
Machilus gamblei,7,usable,usable,True,27.18,29.8,44.24,24.6,25.1,31.28,29.2,36.5,48.02,12,7,7,ISRIC SoilGrids,0-5 cm,Native GBIF occurrence-associated SoilGrids texture observations,100 - sand - clay
Machilus rufipes,6,usable,usable,True,26.7,29.75,43.6,22.8,29.4,36.45,30.3,37.1,43.9,9,6,6,ISRIC SoilGrids,0-5 cm,Native GBIF occurrence-associated SoilGrids texture observations,100 - sand - clay
Machilus yunnanensis,11,good,good,True,22.2,31.9,37.1,22.1,29.3,35.6,35.3,41.2,45.4,12,11,11,ISRIC SoilGrids,0-5 cm,Native GBIF occurrence-associated SoilGrids texture observations,100 - sand - clay
Madhuca motleyana,9,usable,usable,True,24.28,28.8,33.0,31.8,37.1,39.88,32.08,34.7,38.06,12,9,9,ISRIC SoilGrids,0-5 cm,Native GBIF occurrence-associated SoilGrids texture observations,100 - sand - clay
Maesa indica,8,usable,usable,True,28.25,35.45,40.06,24.67,29.5,36.01,27.19,35.1,42.7,12,8,8,ISRIC SoilGrids,0-5 cm,Native GBIF occurrence-associated SoilGrids texture observations,100 - sand - clay
Magnolia cathcartii,9,usable,usable,True,29.78,34.4,43.22,23.84,30.6,33.02,29.82,37.0,39.28,9,9,9,ISRIC SoilGrids,0-5 cm,Native GBIF occurrence-associated SoilGrids texture observations,100 - sand - clay
Magnolia garrettii,7,usable,usable,True,39.74,45.3,51.28,26.94,29.9,30.68,20.76,24.9,29.88,7,7,7,ISRIC SoilGrids,0-5 cm,Native GBIF occurrence-associated SoilGrids texture observations,100 - sand - clay
Magnolia odora,7,usable,usable,True,22.24,38.8,47.28,22.06,27.1,29.76,28.46,39.6,47.32,12,7,7,ISRIC SoilGrids,0-5 cm,Native GBIF occurrence-associated SoilGrids texture observations,100 - sand - clay
Magnolia sumatrana,11,good,good,True,29.6,33.6,40.4,30.3,32.3,37.5,28.3,32.4,36.2,12,11,11,ISRIC SoilGrids,0-5 cm,Native GBIF occurrence-associated SoilGrids texture observations,100 - sand - clay
Mallotus paniculatus,8,usable,usable,True,21.64,30.8,32.17,31.31,39.3,43.63,28.58,31.25,37.51,12,8,8,ISRIC SoilGrids,0-5 cm,Native GBIF occurrence-associated SoilGrids texture observations,100 - sand - clay
Mangifera griffithii,10,good,good,True,24.08,29.2,35.33,34.78,38.4,44.88,26.02,31.15,37.72,12,10,10,ISRIC SoilGrids,0-5 cm,Native GBIF occurrence-associated SoilGrids texture observations,100 - sand - clay
Mangifera indica,10,good,good,True,30.82,35.9,40.7,26.4,28.95,37.69,27.65,32.55,39.14,12,10,10,ISRIC SoilGrids,0-5 cm,Native GBIF occurrence-associated SoilGrids texture observations,100 - sand - clay
Mangifera pajang,12,good,good,True,25.71,29.5,33.22,31.55,38.6,42.78,29.93,33.05,36.11,12,12,12,ISRIC SoilGrids,0-5 cm,Native GBIF occurrence-associated SoilGrids texture observations,100 - sand - clay
Manglietia hookeri,6,usable,usable,True,25.0,33.4,40.6,21.25,27.35,34.05,30.05,40.8,47.5,12,6,6,ISRIC SoilGrids,0-5 cm,Native GBIF occurrence-associated SoilGrids texture observations,100 - sand - clay
Manglietia longipedunculata,1,limited,limited,True,14.4,14.4,14.4,30.4,30.4,30.4,55.2,55.2,55.2,1,1,1,ISRIC SoilGrids,0-5 cm,Native GBIF occurrence-associated SoilGrids texture observations,100 - sand - clay
Markhamia stipulata,9,usable,usable,True,26.38,34.2,42.22,26.9,30.2,35.68,30.48,33.7,41.62,12,9,9,ISRIC SoilGrids,0-5 cm,Native GBIF occurrence-associated SoilGrids texture observations,100 - sand - clay
Melaleuca cajuputi,8,usable,usable,True,29.15,57.95,69.43,15.54,24.2,36.07,11.6,19.85,34.78,12,8,8,ISRIC SoilGrids,0-5 cm,Native GBIF occurrence-associated SoilGrids texture observations,100 - sand - clay
Melia azedarach,9,usable,usable,True,31.14,36.1,56.84,21.2,32.0,35.22,21.24,30.7,38.52,12,9,9,ISRIC SoilGrids,0-5 cm,Native GBIF occurrence-associated SoilGrids texture observations,100 - sand - clay
Mesua ferrea,10,good,good,True,30.11,34.8,48.37,25.63,28.65,35.39,27.1,32.7,40.11,12,10,10,ISRIC SoilGrids,0-5 cm,Native GBIF occurrence-associated SoilGrids texture observations,100 - sand - clay
Metroxylon sagu,7,usable,usable,True,29.16,34.3,40.16,30.58,33.0,38.44,28.0,30.5,35.2,12,7,7,ISRIC SoilGrids,0-5 cm,Native GBIF occurrence-associated SoilGrids texture observations,100 - sand - clay
Michelia baillonii,10,good,good,True,29.48,33.4,41.74,25.92,30.65,36.84,30.27,33.55,36.7,12,10,10,ISRIC SoilGrids,0-5 cm,Native GBIF occurrence-associated SoilGrids texture observations,100 - sand - clay
Michelia champaca,8,usable,usable,True,28.71,41.5,55.73,22.17,26.35,37.41,21.33,31.35,35.75,12,8,8,ISRIC SoilGrids,0-5 cm,Native GBIF occurrence-associated SoilGrids texture observations,100 - sand - clay
Michelia chapensis,5,usable,usable,True,20.44,30.3,43.8,24.88,25.6,36.46,31.0,39.9,46.5,12,5,5,ISRIC SoilGrids,0-5 cm,Native GBIF occurrence-associated SoilGrids texture observations,100 - sand - clay
Michelia doltsopa,11,good,good,True,27.8,35.8,51.1,17.0,26.2,29.5,31.9,39.2,44.3,12,11,11,ISRIC SoilGrids,0-5 cm,Native GBIF occurrence-associated SoilGrids texture observations,100 - sand - clay
Michelia macclurei,6,usable,usable,True,26.05,33.25,54.05,20.15,28.8,30.7,25.8,36.65,44.55,12,6,6,ISRIC SoilGrids,0-5 cm,Native GBIF occurrence-associated SoilGrids texture observations,100 - sand - clay
Michelia maudiae,7,usable,usable,True,25.52,27.0,38.22,24.16,30.2,32.76,32.9,39.6,45.94,12,7,7,ISRIC SoilGrids,0-5 cm,Native GBIF occurrence-associated SoilGrids texture observations,100 - sand - clay
Myrica esculenta,9,usable,usable,True,32.14,34.4,39.28,24.8,30.8,34.9,27.52,32.2,43.24,12,9,9,ISRIC SoilGrids,0-5 cm,Native GBIF occurrence-associated SoilGrids texture observations,100 - sand - clay
Myrsine semiserrata,9,usable,usable,True,19.16,30.7,43.3,21.34,28.6,30.5,32.22,40.7,53.36,12,9,9,ISRIC SoilGrids,0-5 cm,Native GBIF occurrence-associated SoilGrids texture observations,100 - sand - clay
Nageia wallichiana,10,good,good,True,28.66,31.75,36.85,32.29,35.25,37.72,30.28,32.7,37.24,12,10,10,ISRIC SoilGrids,0-5 cm,Native GBIF occurrence-associated SoilGrids texture observations,100 - sand - clay
Neesia malayana,4,limited,limited,True,19.66,26.15,32.29,38.28,42.45,46.76,28.79,31.9,33.82,6,4,4,ISRIC SoilGrids,0-5 cm,Native GBIF occurrence-associated SoilGrids texture observations,100 - sand - clay
Neobalanocarpus heimii,11,good,good,True,28.8,31.2,39.7,30.7,38.6,39.8,26.9,30.3,33.8,12,11,11,ISRIC SoilGrids,0-5 cm,Native GBIF occurrence-associated SoilGrids texture observations,100 - sand - clay
Neocinnamomum caudatum,8,usable,usable,True,20.4,34.65,39.43,27.64,31.05,34.28,29.13,37.45,45.77,12,8,8,ISRIC SoilGrids,0-5 cm,Native GBIF occurrence-associated SoilGrids texture observations,100 - sand - clay
Neolamarckia cadamba,9,usable,usable,True,17.42,36.2,41.8,28.52,30.6,41.02,28.84,31.5,37.76,12,9,9,ISRIC SoilGrids,0-5 cm,Native GBIF occurrence-associated SoilGrids texture observations,100 - sand - clay
Neonauclea longipedunculata,12,good,good,True,28.39,30.5,33.55,35.62,37.65,41.05,29.82,31.75,35.36,12,12,12,ISRIC SoilGrids,0-5 cm,Native GBIF occurrence-associated SoilGrids texture observations,100 - sand - clay
Nephelium lappaceum,6,usable,usable,True,26.95,33.8,46.35,23.75,37.05,42.35,28.65,30.25,30.85,12,6,6,ISRIC SoilGrids,0-5 cm,Native GBIF occurrence-associated SoilGrids texture observations,100 - sand - clay
Nephelium maingayi,9,usable,usable,True,25.02,29.7,35.18,32.98,37.8,39.66,28.72,32.0,37.64,12,9,9,ISRIC SoilGrids,0-5 cm,Native GBIF occurrence-associated SoilGrids texture observations,100 - sand - clay
Nothopegia castaneifolia,12,good,good,True,35.14,39.65,47.37,27.6,31.0,36.03,24.51,28.95,33.82,12,12,12,ISRIC SoilGrids,0-5 cm,Native GBIF occurrence-associated SoilGrids texture observations,100 - sand - clay
Nyssa javanica,10,good,good,True,29.95,33.6,43.11,23.27,32.0,39.5,27.4,32.45,36.16,12,10,10,ISRIC SoilGrids,0-5 cm,Native GBIF occurrence-associated SoilGrids texture observations,100 - sand - clay
Nyssa sinensis,8,usable,usable,True,18.92,22.3,33.58,28.08,35.3,39.6,34.53,43.2,47.3,12,8,8,ISRIC SoilGrids,0-5 cm,Native GBIF occurrence-associated SoilGrids texture observations,100 - sand - clay
Octomeles sumatrana,10,good,good,True,30.78,35.0,38.2,29.48,33.9,39.35,27.75,30.9,35.61,12,10,10,ISRIC SoilGrids,0-5 cm,Native GBIF occurrence-associated SoilGrids texture observations,100 - sand - clay
Olea dioica,12,good,good,True,34.94,38.25,45.47,27.64,33.25,37.12,25.1,28.9,32.4,12,12,12,ISRIC SoilGrids,0-5 cm,Native GBIF occurrence-associated SoilGrids texture observations,100 - sand - clay
Ormosia travancorica,5,usable,usable,True,33.28,37.2,41.56,33.28,34.0,36.52,21.92,30.0,32.72,5,5,5,ISRIC SoilGrids,0-5 cm,Native GBIF occurrence-associated SoilGrids texture observations,100 - sand - clay
Ostodes paniculata,7,usable,usable,True,26.84,34.1,45.52,27.74,35.9,40.52,25.06,29.7,34.26,12,7,7,ISRIC SoilGrids,0-5 cm,Native GBIF occurrence-associated SoilGrids texture observations,100 - sand - clay
Palaquium burckii,3,limited,limited,True,16.92,21.0,32.68,34.42,41.3,42.5,32.9,37.7,40.58,5,3,3,ISRIC SoilGrids,0-5 cm,Native GBIF occurrence-associated SoilGrids texture observations,100 - sand - clay
Palaquium ellipticum,9,usable,usable,True,36.12,41.3,45.76,25.72,32.9,33.7,23.32,28.8,31.4,10,9,9,ISRIC SoilGrids,0-5 cm,Native GBIF occurrence-associated SoilGrids texture observations,100 - sand - clay
Palaquium gutta,8,usable,usable,True,25.5,29.95,32.99,36.28,40.4,47.07,24.55,29.4,33.69,12,8,8,ISRIC SoilGrids,0-5 cm,Native GBIF occurrence-associated SoilGrids texture observations,100 - sand - clay
Palaquium leiocarpum,11,good,good,True,26.0,33.4,34.3,35.2,36.1,41.3,26.9,31.0,37.9,12,11,11,ISRIC SoilGrids,0-5 cm,Native GBIF occurrence-associated SoilGrids texture observations,100 - sand - clay
Palaquium pinnatinervium,0,none,none,False,,,,,,,,,,1,0,0,ISRIC SoilGrids,0-5 cm,Native GBIF occurrence-associated SoilGrids texture observations,100 - sand - clay
Palaquium sumatranum,10,good,good,True,26.52,28.75,37.46,29.9,38.9,44.75,28.1,31.6,36.22,12,10,10,ISRIC SoilGrids,0-5 cm,Native GBIF occurrence-associated SoilGrids texture observations,100 - sand - clay
Pangium edule,10,good,good,True,27.51,30.55,35.06,33.59,38.0,40.15,26.85,31.4,34.63,12,10,10,ISRIC SoilGrids,0-5 cm,Native GBIF occurrence-associated SoilGrids texture observations,100 - sand - clay
Parashorea densiflora,5,usable,usable,True,32.62,34.7,42.3,27.94,38.8,39.86,25.74,26.9,30.84,6,5,5,ISRIC SoilGrids,0-5 cm,Native GBIF occurrence-associated SoilGrids texture observations,100 - sand - clay
Parashorea macrophylla,8,usable,usable,True,29.42,30.45,34.6,33.82,37.8,39.34,29.43,31.85,33.71,8,8,8,ISRIC SoilGrids,0-5 cm,Native GBIF occurrence-associated SoilGrids texture observations,100 - sand - clay
Parashorea malaanonan,10,good,good,True,28.42,32.65,35.53,31.47,34.8,37.83,29.19,32.95,36.54,12,10,10,ISRIC SoilGrids,0-5 cm,Native GBIF occurrence-associated SoilGrids texture observations,100 - sand - clay
Parashorea smythiesii,9,usable,usable,True,28.24,30.9,34.4,34.1,37.5,40.2,29.56,31.6,33.82,10,9,9,ISRIC SoilGrids,0-5 cm,Native GBIF occurrence-associated SoilGrids texture observations,100 - sand - clay
Parashorea stellata,11,good,good,True,35.8,41.1,46.3,22.7,28.1,33.8,29.7,31.0,33.1,12,11,11,ISRIC SoilGrids,0-5 cm,Native GBIF occurrence-associated SoilGrids texture observations,100 - sand - clay
Parashorea tomentella,12,good,good,True,27.2,31.65,35.47,32.84,38.6,42.09,27.05,31.35,33.48,12,12,12,ISRIC SoilGrids,0-5 cm,Native GBIF occurrence-associated SoilGrids texture observations,100 - sand - clay
Parkia speciosa,11,good,good,True,27.6,32.5,36.0,33.1,38.3,43.6,27.5,30.4,34.4,12,11,11,ISRIC SoilGrids,0-5 cm,Native GBIF occurrence-associated SoilGrids texture observations,100 - sand - clay
Parkia timoriana,11,good,good,True,27.0,31.0,32.7,31.1,37.0,47.9,27.2,31.7,38.6,12,11,11,ISRIC SoilGrids,0-5 cm,Native GBIF occurrence-associated SoilGrids texture observations,100 - sand - clay
Pentace adenophora,7,usable,usable,True,29.08,31.8,35.1,29.48,34.3,39.72,31.0,33.7,35.42,9,7,7,ISRIC SoilGrids,0-5 cm,Native GBIF occurrence-associated SoilGrids texture observations,100 - sand - clay
Pentace laxiflora,10,good,good,True,27.74,31.1,32.59,33.78,36.7,40.01,28.67,32.75,35.51,12,10,10,ISRIC SoilGrids,0-5 cm,Native GBIF occurrence-associated SoilGrids texture observations,100 - sand - clay
Pentaspadon motleyi,9,usable,usable,True,25.62,29.8,36.06,29.96,38.2,42.54,29.14,32.0,39.92,12,9,9,ISRIC SoilGrids,0-5 cm,Native GBIF occurrence-associated SoilGrids texture observations,100 - sand - clay
Pericopsis mooniana,8,usable,usable,True,29.73,33.4,39.62,28.86,35.0,39.08,26.9,31.8,35.78,12,8,8,ISRIC SoilGrids,0-5 cm,Native GBIF occurrence-associated SoilGrids texture observations,100 - sand - clay
Peronema canescens,9,usable,usable,True,28.28,31.7,38.64,32.34,36.8,46.18,22.94,30.0,33.42,12,9,9,ISRIC SoilGrids,0-5 cm,Native GBIF occurrence-associated SoilGrids texture observations,100 - sand - clay
Persea americana,9,usable,usable,True,31.74,41.2,49.28,25.82,31.4,37.76,22.82,29.0,32.62,12,9,9,ISRIC SoilGrids,0-5 cm,Native GBIF occurrence-associated SoilGrids texture observations,100 - sand - clay
Persea macrantha,12,good,good,True,27.72,35.8,45.88,23.38,33.8,42.16,26.21,28.1,38.35,12,12,12,ISRIC SoilGrids,0-5 cm,Native GBIF occurrence-associated SoilGrids texture observations,100 - sand - clay
Persea membranacea,12,good,good,True,27.45,34.75,44.84,26.31,32.5,39.09,28.04,33.0,35.35,12,12,12,ISRIC SoilGrids,0-5 cm,Native GBIF occurrence-associated SoilGrids texture observations,100 - sand - clay
Petersianthus quadrialatus,5,usable,usable,True,26.34,30.7,33.86,34.02,34.5,43.1,29.96,30.6,35.24,5,5,5,ISRIC SoilGrids,0-5 cm,Native GBIF occurrence-associated SoilGrids texture observations,100 - sand - clay
Phoebe cathia,12,good,good,True,28.74,38.55,48.24,25.1,30.45,34.44,24.62,31.2,36.35,12,12,12,ISRIC SoilGrids,0-5 cm,Native GBIF occurrence-associated SoilGrids texture observations,100 - sand - clay
Phyllanthus emblica,11,good,good,True,28.2,35.4,42.4,27.5,28.2,35.3,28.9,36.4,40.3,12,11,11,ISRIC SoilGrids,0-5 cm,Native GBIF occurrence-associated SoilGrids texture observations,100 - sand - clay
Pinus thunbergii,5,usable,usable,True,26.18,34.5,40.58,23.52,28.1,30.74,35.06,38.6,43.44,12,5,5,ISRIC SoilGrids,0-5 cm,Native GBIF occurrence-associated SoilGrids texture observations,100 - sand - clay
Planchonella malaccensis,11,good,good,True,27.6,32.8,40.2,33.5,39.0,41.4,25.9,29.2,30.9,12,11,11,ISRIC SoilGrids,0-5 cm,Native GBIF occurrence-associated SoilGrids texture observations,100 - sand - clay
Podocarpus polystachyus,10,good,good,True,22.98,29.65,34.48,32.42,36.85,42.51,29.38,33.3,36.33,12,10,10,ISRIC SoilGrids,0-5 cm,Native GBIF occurrence-associated SoilGrids texture observations,100 - sand - clay
Polyalthia glauca,9,usable,usable,True,24.88,30.4,33.24,34.8,38.1,42.62,27.52,31.5,36.56,12,9,9,ISRIC SoilGrids,0-5 cm,Native GBIF occurrence-associated SoilGrids texture observations,100 - sand - clay
Polyalthia lateriflora,11,good,good,True,26.3,31.1,33.9,33.6,38.5,42.7,26.2,31.2,33.1,12,11,11,ISRIC SoilGrids,0-5 cm,Native GBIF occurrence-associated SoilGrids texture observations,100 - sand - clay
Polyspora longicarpa,6,usable,usable,True,30.6,32.1,35.3,24.7,26.65,31.4,36.75,40.0,42.5,15,6,6,ISRIC SoilGrids,0-5 cm,Native GBIF occurrence-associated SoilGrids texture observations,100 - sand - clay
Pongamia pinnata,6,usable,usable,True,25.1,32.05,51.65,23.15,36.8,43.05,24.1,27.9,36.2,12,6,6,ISRIC SoilGrids,0-5 cm,Native GBIF occurrence-associated SoilGrids texture observations,100 - sand - clay
Pouteria macrantha,8,usable,usable,True,28.03,30.95,35.23,31.18,35.1,38.27,29.18,34.3,37.79,11,8,8,ISRIC SoilGrids,0-5 cm,Native GBIF occurrence-associated SoilGrids texture observations,100 - sand - clay
Prunus campanulata,11,good,good,True,21.9,28.2,39.8,27.7,31.9,35.8,32.5,38.1,46.1,12,11,11,ISRIC SoilGrids,0-5 cm,Native GBIF occurrence-associated SoilGrids texture observations,100 - sand - clay
Prunus cerasoides,12,good,good,True,32.27,33.95,42.4,21.93,28.1,32.64,33.72,36.7,40.08,12,12,12,ISRIC SoilGrids,0-5 cm,Native GBIF occurrence-associated SoilGrids texture observations,100 - sand - clay
Prunus ceylanica,11,good,good,True,32.9,35.9,37.6,24.7,30.4,36.2,27.5,33.0,40.9,12,11,11,ISRIC SoilGrids,0-5 cm,Native GBIF occurrence-associated SoilGrids texture observations,100 - sand - clay
Prunus serrulata,6,usable,usable,True,23.15,35.45,40.05,23.4,27.35,30.3,32.6,37.55,50.15,12,6,6,ISRIC SoilGrids,0-5 cm,Native GBIF occurrence-associated SoilGrids texture observations,100 - sand - clay
Prunus wilsonii,10,good,good,True,23.05,26.8,39.95,25.93,27.95,31.34,33.94,42.4,46.86,12,10,10,ISRIC SoilGrids,0-5 cm,Native GBIF occurrence-associated SoilGrids texture observations,100 - sand - clay
Psychotria asiatica,5,usable,usable,True,28.58,31.2,35.78,26.24,29.7,33.94,32.48,35.2,44.78,12,5,5,ISRIC SoilGrids,0-5 cm,Native GBIF occurrence-associated SoilGrids texture observations,100 - sand - clay
Pterocarpus dalbergioides,6,usable,usable,True,41.0,42.45,43.15,27.1,28.35,31.15,26.85,29.35,30.6,7,6,6,ISRIC SoilGrids,0-5 cm,Native GBIF occurrence-associated SoilGrids texture observations,100 - sand - clay
Pterocarpus macrocarpus,10,good,good,True,32.39,41.6,48.96,23.45,26.25,31.9,23.36,33.5,38.19,12,10,10,ISRIC SoilGrids,0-5 cm,Native GBIF occurrence-associated SoilGrids texture observations,100 - sand - clay
Pterocarpus marsupium,6,usable,usable,True,34.0,38.35,46.3,30.7,33.45,34.85,21.85,28.55,31.95,12,6,6,ISRIC SoilGrids,0-5 cm,Native GBIF occurrence-associated SoilGrids texture observations,100 - sand - clay
Quercus acutissima,6,usable,usable,True,27.55,33.65,47.25,22.4,28.6,31.55,28.75,37.35,42.9,12,6,6,ISRIC SoilGrids,0-5 cm,Native GBIF occurrence-associated SoilGrids texture observations,100 - sand - clay
Quercus edithiae,5,usable,usable,True,32.4,39.3,49.56,20.14,25.3,29.94,28.58,34.6,40.44,10,5,5,ISRIC SoilGrids,0-5 cm,Native GBIF occurrence-associated SoilGrids texture observations,100 - sand - clay
Quercus fabrei,5,usable,usable,True,24.24,38.6,40.14,20.44,25.9,34.94,34.92,38.3,44.22,12,5,5,ISRIC SoilGrids,0-5 cm,Native GBIF occurrence-associated SoilGrids texture observations,100 - sand - clay
Quercus glauca,9,usable,usable,True,24.0,27.6,35.98,23.48,31.1,33.3,34.58,41.7,48.02,12,9,9,ISRIC SoilGrids,0-5 cm,Native GBIF occurrence-associated SoilGrids texture observations,100 - sand - clay
Quercus gomeziana,0,none,none,False,,,,,,,,,,1,0,0,ISRIC SoilGrids,0-5 cm,Native GBIF occurrence-associated SoilGrids texture observations,100 - sand - clay
Quercus lamellosa,11,good,good,True,30.8,36.3,51.1,15.0,25.7,31.0,29.5,38.0,42.1,12,11,11,ISRIC SoilGrids,0-5 cm,Native GBIF occurrence-associated SoilGrids texture observations,100 - sand - clay
Quercus myrsinifolia,9,usable,usable,True,25.04,32.7,40.34,25.78,29.1,32.06,33.08,37.1,46.18,12,9,9,ISRIC SoilGrids,0-5 cm,Native GBIF occurrence-associated SoilGrids texture observations,100 - sand - clay
Quercus semiserrata,11,good,good,True,27.9,35.1,44.3,27.6,32.3,36.7,24.9,30.2,39.3,12,11,11,ISRIC SoilGrids,0-5 cm,Native GBIF occurrence-associated SoilGrids texture observations,100 - sand - clay
Rhus chinensis,11,good,good,True,30.5,34.1,49.7,17.2,23.6,34.6,31.5,34.9,45.7,12,11,11,ISRIC SoilGrids,0-5 cm,Native GBIF occurrence-associated SoilGrids texture observations,100 - sand - clay
Sandoricum beccarianum,9,usable,usable,True,22.56,31.0,37.04,32.32,36.9,44.52,26.34,32.1,34.76,12,9,9,ISRIC SoilGrids,0-5 cm,Native GBIF occurrence-associated SoilGrids texture observations,100 - sand - clay
Sapindus mukorossi,7,usable,usable,True,17.08,29.6,37.0,22.34,28.5,35.06,39.76,41.9,49.04,12,7,7,ISRIC SoilGrids,0-5 cm,Native GBIF occurrence-associated SoilGrids texture observations,100 - sand - clay
Sapindus rarak,12,good,good,True,27.44,36.1,46.26,25.97,32.65,41.68,23.09,30.75,34.36,12,12,12,ISRIC SoilGrids,0-5 cm,Native GBIF occurrence-associated SoilGrids texture observations,100 - sand - clay
Saraca declinata,12,good,good,True,26.67,29.6,40.15,26.15,40.25,44.55,22.82,28.7,37.58,12,12,12,ISRIC SoilGrids,0-5 cm,Native GBIF occurrence-associated SoilGrids texture observations,100 - sand - clay
Sarcosperma arboreum,11,good,good,True,27.8,33.0,41.4,29.7,32.6,36.4,28.4,34.3,41.3,12,11,11,ISRIC SoilGrids,0-5 cm,Native GBIF occurrence-associated SoilGrids texture observations,100 - sand - clay
Scaphium macropodum,10,good,good,True,28.79,31.35,37.25,31.67,37.2,43.97,24.64,31.25,34.22,12,10,10,ISRIC SoilGrids,0-5 cm,Native GBIF occurrence-associated SoilGrids texture observations,100 - sand - clay
Schefflera heptaphylla,8,usable,usable,True,29.07,32.65,41.86,28.26,30.05,35.79,27.49,33.25,42.07,12,8,8,ISRIC SoilGrids,0-5 cm,Native GBIF occurrence-associated SoilGrids texture observations,100 - sand - clay
Schima superba,8,usable,usable,True,22.29,27.45,39.66,26.56,32.8,35.04,30.91,37.8,45.39,12,8,8,ISRIC SoilGrids,0-5 cm,Native GBIF occurrence-associated SoilGrids texture observations,100 - sand - clay
Schima wallichii,10,good,good,True,31.11,34.8,38.75,24.5,26.9,34.46,32.25,36.75,40.87,12,10,10,ISRIC SoilGrids,0-5 cm,Native GBIF occurrence-associated SoilGrids texture observations,100 - sand - clay
Schleichera oleosa,11,good,good,True,32.3,37.1,43.8,29.8,32.6,38.5,23.6,29.1,33.0,12,11,11,ISRIC SoilGrids,0-5 cm,Native GBIF occurrence-associated SoilGrids texture observations,100 - sand - clay
Semecarpus travancoricus,7,usable,usable,True,32.36,34.8,37.86,32.06,33.1,34.28,28.58,32.7,33.54,8,7,7,ISRIC SoilGrids,0-5 cm,Native GBIF occurrence-associated SoilGrids texture observations,100 - sand - clay
Shorea acuminata,10,good,good,True,32.13,35.6,37.77,33.78,38.1,41.59,23.68,28.45,32.21,12,10,10,ISRIC SoilGrids,0-5 cm,Native GBIF occurrence-associated SoilGrids texture observations,100 - sand - clay
Shorea acuminatissima,6,usable,usable,True,28.5,31.25,37.85,34.0,39.85,41.6,25.55,30.1,31.3,11,6,6,ISRIC SoilGrids,0-5 cm,Native GBIF occurrence-associated SoilGrids texture observations,100 - sand - clay
Shorea agamii,10,good,good,True,25.38,31.1,35.41,35.26,38.4,42.99,26.61,30.8,33.66,12,10,10,ISRIC SoilGrids,0-5 cm,Native GBIF occurrence-associated SoilGrids texture observations,100 - sand - clay
Shorea argentifolia,11,good,good,True,27.9,31.9,34.5,32.9,36.1,39.7,29.8,31.6,34.1,12,11,11,ISRIC SoilGrids,0-5 cm,Native GBIF occurrence-associated SoilGrids texture observations,100 - sand - clay
Shorea assamica,10,good,good,True,29.8,35.85,38.65,31.59,36.55,39.29,27.27,29.6,31.7,12,10,10,ISRIC SoilGrids,0-5 cm,Native GBIF occurrence-associated SoilGrids texture observations,100 - sand - clay
Shorea astylosa,9,usable,usable,True,31.52,33.2,37.58,29.6,35.4,37.3,28.7,31.4,34.84,10,9,9,ISRIC SoilGrids,0-5 cm,Native GBIF occurrence-associated SoilGrids texture observations,100 - sand - clay
Shorea balangeran,11,good,good,True,23.6,26.5,32.4,32.5,37.4,42.7,31.3,34.0,39.0,12,11,11,ISRIC SoilGrids,0-5 cm,Native GBIF occurrence-associated SoilGrids texture observations,100 - sand - clay
Shorea beccariana,12,good,good,True,25.66,30.7,34.66,34.97,38.15,41.32,26.8,30.85,36.62,12,12,12,ISRIC SoilGrids,0-5 cm,Native GBIF occurrence-associated SoilGrids texture observations,100 - sand - clay
Shorea blumutensis,6,usable,usable,True,29.7,32.65,35.55,34.35,39.05,42.0,25.0,28.3,33.4,7,6,6,ISRIC SoilGrids,0-5 cm,Native GBIF occurrence-associated SoilGrids texture observations,100 - sand - clay
Shorea contorta,12,good,good,True,25.18,31.5,35.35,31.3,33.0,38.56,29.48,34.8,41.52,12,12,12,ISRIC SoilGrids,0-5 cm,Native GBIF occurrence-associated SoilGrids texture observations,100 - sand - clay
Shorea curtisii,12,good,good,True,27.07,31.0,35.99,34.6,37.25,40.61,28.19,31.05,34.1,12,12,12,ISRIC SoilGrids,0-5 cm,Native GBIF occurrence-associated SoilGrids texture observations,100 - sand - clay
Shorea dasyphylla,9,usable,usable,True,22.98,32.2,34.44,36.3,39.9,44.44,26.74,31.4,33.82,12,9,9,ISRIC SoilGrids,0-5 cm,Native GBIF occurrence-associated SoilGrids texture observations,100 - sand - clay
Shorea disticha,1,limited,limited,True,29.4,29.4,29.4,35.1,35.1,35.1,35.5,35.5,35.5,1,1,1,ISRIC SoilGrids,0-5 cm,Native GBIF occurrence-associated SoilGrids texture observations,100 - sand - clay
Shorea faguetiana,9,usable,usable,True,24.82,30.8,34.54,33.86,36.9,42.92,29.44,32.5,34.78,12,9,9,ISRIC SoilGrids,0-5 cm,Native GBIF occurrence-associated SoilGrids texture observations,100 - sand - clay
Shorea faguetioides,12,good,good,True,27.77,30.3,31.26,36.97,38.45,43.21,26.43,30.85,34.49,12,12,12,ISRIC SoilGrids,0-5 cm,Native GBIF occurrence-associated SoilGrids texture observations,100 - sand - clay
Shorea falciferoides,11,good,good,True,30.3,31.6,34.7,32.2,36.6,39.2,29.2,31.4,34.1,12,11,11,ISRIC SoilGrids,0-5 cm,Native GBIF occurrence-associated SoilGrids texture observations,100 - sand - clay
Shorea fallax,9,usable,usable,True,28.46,32.0,33.96,33.64,35.9,39.96,29.6,31.6,35.78,12,9,9,ISRIC SoilGrids,0-5 cm,Native GBIF occurrence-associated SoilGrids texture observations,100 - sand - clay
Shorea gibbosa,11,good,good,True,29.5,33.7,38.1,31.8,32.9,38.9,27.4,32.5,38.6,12,11,11,ISRIC SoilGrids,0-5 cm,Native GBIF occurrence-associated SoilGrids texture observations,100 - sand - clay
Shorea glauca,10,good,good,True,22.76,30.15,35.72,33.79,38.8,40.03,27.81,33.05,39.06,11,10,10,ISRIC SoilGrids,0-5 cm,Native GBIF occurrence-associated SoilGrids texture observations,100 - sand - clay
Shorea gratissima,10,good,good,True,27.04,34.1,38.41,28.1,32.6,41.88,30.68,32.3,35.05,12,10,10,ISRIC SoilGrids,0-5 cm,Native GBIF occurrence-associated SoilGrids texture observations,100 - sand - clay
Shorea guiso,12,good,good,True,25.2,33.45,37.35,25.45,33.55,38.75,26.13,32.2,37.76,12,12,12,ISRIC SoilGrids,0-5 cm,Native GBIF occurrence-associated SoilGrids texture observations,100 - sand - clay
Shorea henryana,10,good,good,True,29.97,37.55,43.12,26.13,28.75,39.21,26.46,32.85,37.41,10,10,10,ISRIC SoilGrids,0-5 cm,Native GBIF occurrence-associated SoilGrids texture observations,100 - sand - clay
Shorea hopeifolia,9,usable,usable,True,22.76,29.5,31.82,36.9,38.3,43.26,27.56,32.3,38.44,12,9,9,ISRIC SoilGrids,0-5 cm,Native GBIF occurrence-associated SoilGrids texture observations,100 - sand - clay
Shorea javanica,5,usable,usable,True,20.9,23.9,33.44,37.36,41.2,44.26,28.5,34.0,35.62,12,5,5,ISRIC SoilGrids,0-5 cm,Native GBIF occurrence-associated SoilGrids texture observations,100 - sand - clay
Shorea johorensis,8,usable,usable,True,28.21,31.5,36.16,33.59,38.75,42.61,21.8,31.3,35.52,12,8,8,ISRIC SoilGrids,0-5 cm,Native GBIF occurrence-associated SoilGrids texture observations,100 - sand - clay
Shorea laevis,12,good,good,True,29.53,31.2,33.4,32.3,38.1,41.18,26.42,32.6,37.61,12,12,12,ISRIC SoilGrids,0-5 cm,Native GBIF occurrence-associated SoilGrids texture observations,100 - sand - clay
Shorea lamellata,12,good,good,True,26.08,31.25,34.12,34.91,38.6,41.38,25.6,31.1,34.27,12,12,12,ISRIC SoilGrids,0-5 cm,Native GBIF occurrence-associated SoilGrids texture observations,100 - sand - clay
Shorea leprosula,10,good,good,True,25.93,31.15,37.42,32.05,37.35,40.92,24.86,31.95,36.14,12,10,10,ISRIC SoilGrids,0-5 cm,Native GBIF occurrence-associated SoilGrids texture observations,100 - sand - clay
Shorea macrophylla,10,good,good,True,30.26,31.6,35.71,32.19,36.65,38.39,28.42,31.55,33.23,12,10,10,ISRIC SoilGrids,0-5 cm,Native GBIF occurrence-associated SoilGrids texture observations,100 - sand - clay
Shorea macroptera,9,usable,usable,True,28.18,31.2,33.32,36.5,38.1,41.92,25.12,30.7,33.82,12,9,9,ISRIC SoilGrids,0-5 cm,Native GBIF occurrence-associated SoilGrids texture observations,100 - sand - clay
Shorea materialis,6,usable,usable,True,27.75,33.45,36.15,33.65,34.1,39.55,29.95,31.7,33.7,8,6,6,ISRIC SoilGrids,0-5 cm,Native GBIF occurrence-associated SoilGrids texture observations,100 - sand - clay
Shorea mecistopteryx,11,good,good,True,27.0,29.8,31.4,35.4,38.3,43.0,27.6,33.5,35.4,12,11,11,ISRIC SoilGrids,0-5 cm,Native GBIF occurrence-associated SoilGrids texture observations,100 - sand - clay
Shorea megistophylla,4,limited,limited,True,30.9,33.6,36.16,36.55,37.65,39.31,27.29,28.6,29.91,4,4,4,ISRIC SoilGrids,0-5 cm,Native GBIF occurrence-associated SoilGrids texture observations,100 - sand - clay
Shorea multiflora,11,good,good,True,21.7,31.4,35.3,34.7,37.9,44.4,28.2,32.1,34.2,12,11,11,ISRIC SoilGrids,0-5 cm,Native GBIF occurrence-associated SoilGrids texture observations,100 - sand - clay
Shorea ovalis,8,usable,usable,True,23.44,34.1,36.83,33.58,36.4,42.42,27.28,30.8,34.06,12,8,8,ISRIC SoilGrids,0-5 cm,Native GBIF occurrence-associated SoilGrids texture observations,100 - sand - clay
Shorea ovata,9,usable,usable,True,21.78,27.3,33.66,36.34,41.5,44.88,26.6,31.1,36.54,12,9,9,ISRIC SoilGrids,0-5 cm,Native GBIF occurrence-associated SoilGrids texture observations,100 - sand - clay
Shorea palembanica,9,usable,usable,True,24.58,30.9,34.86,33.42,38.7,41.1,29.86,31.8,34.08,12,9,9,ISRIC SoilGrids,0-5 cm,Native GBIF occurrence-associated SoilGrids texture observations,100 - sand - clay
Shorea palosapis,11,good,good,True,30.5,33.7,36.4,32.7,36.6,38.2,26.9,30.0,33.8,12,11,11,ISRIC SoilGrids,0-5 cm,Native GBIF occurrence-associated SoilGrids texture observations,100 - sand - clay
Shorea parvifolia,11,good,good,True,26.2,32.4,38.4,35.1,37.4,41.0,24.5,29.6,36.3,12,11,11,ISRIC SoilGrids,0-5 cm,Native GBIF occurrence-associated SoilGrids texture observations,100 - sand - clay
Shorea parvistipulata,12,good,good,True,27.44,30.1,32.65,33.86,36.1,41.89,28.02,33.6,35.32,12,12,12,ISRIC SoilGrids,0-5 cm,Native GBIF occurrence-associated SoilGrids texture observations,100 - sand - clay
Shorea pauciflora,9,usable,usable,True,24.42,32.3,34.84,35.04,38.3,44.12,26.98,29.8,33.04,12,9,9,ISRIC SoilGrids,0-5 cm,Native GBIF occurrence-associated SoilGrids texture observations,100 - sand - clay
Shorea pinanga,11,good,good,True,24.0,31.4,35.5,35.3,37.7,42.4,26.0,30.3,36.5,12,11,11,ISRIC SoilGrids,0-5 cm,Native GBIF occurrence-associated SoilGrids texture observations,100 - sand - clay
Shorea platycarpa,10,good,good,True,24.58,30.3,35.4,36.91,38.45,39.37,27.42,31.35,37.01,12,10,10,ISRIC SoilGrids,0-5 cm,Native GBIF occurrence-associated SoilGrids texture observations,100 - sand - clay
Shorea platyclados,11,good,good,True,29.4,31.6,35.7,33.2,36.9,39.1,29.6,32.2,34.7,12,11,11,ISRIC SoilGrids,0-5 cm,Native GBIF occurrence-associated SoilGrids texture observations,100 - sand - clay
Shorea polyandra,12,good,good,True,27.66,30.55,35.18,33.7,35.1,42.89,26.85,31.1,37.72,12,12,12,ISRIC SoilGrids,0-5 cm,Native GBIF occurrence-associated SoilGrids texture observations,100 - sand - clay
Shorea polysperma,10,good,good,True,27.92,32.15,46.5,24.77,33.15,40.96,28.07,30.8,38.07,12,10,10,ISRIC SoilGrids,0-5 cm,Native GBIF occurrence-associated SoilGrids texture observations,100 - sand - clay
Shorea roxburghii,12,good,good,True,28.76,38.35,42.99,28.04,29.75,35.3,26.34,31.1,36.48,12,12,12,ISRIC SoilGrids,0-5 cm,Native GBIF occurrence-associated SoilGrids texture observations,100 - sand - clay
Shorea scaberrima,11,good,good,True,25.2,31.6,34.0,35.5,38.7,43.8,28.4,30.0,34.2,12,11,11,ISRIC SoilGrids,0-5 cm,Native GBIF occurrence-associated SoilGrids texture observations,100 - sand - clay
Shorea selanica,6,usable,usable,True,30.3,40.6,45.65,28.85,32.05,36.8,25.5,26.75,33.5,10,6,6,ISRIC SoilGrids,0-5 cm,Native GBIF occurrence-associated SoilGrids texture observations,100 - sand - clay
Shorea seminis,12,good,good,True,26.0,30.7,33.49,32.7,36.65,41.76,26.24,32.9,36.24,12,12,12,ISRIC SoilGrids,0-5 cm,Native GBIF occurrence-associated SoilGrids texture observations,100 - sand - clay
Shorea singkawang,12,good,good,True,26.8,29.6,36.41,35.41,39.7,44.77,23.98,30.65,33.98,12,12,12,ISRIC SoilGrids,0-5 cm,Native GBIF occurrence-associated SoilGrids texture observations,100 - sand - clay
Shorea smithiana,11,good,good,True,25.9,30.8,35.5,33.7,36.6,40.3,27.7,33.4,36.3,12,11,11,ISRIC SoilGrids,0-5 cm,Native GBIF occurrence-associated SoilGrids texture observations,100 - sand - clay
Shorea stenoptera,8,usable,usable,True,26.23,29.55,31.98,36.07,38.45,41.99,28.46,32.4,35.15,9,8,8,ISRIC SoilGrids,0-5 cm,Native GBIF occurrence-associated SoilGrids texture observations,100 - sand - clay
Shorea stipularis,6,usable,usable,True,31.9,34.9,36.35,36.35,38.75,41.85,24.85,27.25,27.8,6,6,6,ISRIC SoilGrids,0-5 cm,Native GBIF occurrence-associated SoilGrids texture observations,100 - sand - clay
Shorea thorelii,6,usable,usable,True,21.65,39.3,46.85,22.9,29.0,36.1,28.65,33.3,42.25,7,6,6,ISRIC SoilGrids,0-5 cm,Native GBIF occurrence-associated SoilGrids texture observations,100 - sand - clay
Shorea trapezifolia,2,limited,limited,True,32.14,35.9,39.66,31.6,35.6,39.6,28.26,28.5,28.74,2,2,2,ISRIC SoilGrids,0-5 cm,Native GBIF occurrence-associated SoilGrids texture observations,100 - sand - clay
Shorea uliginosa,12,good,good,True,21.21,26.4,29.65,36.31,41.0,42.84,27.87,34.0,37.67,12,12,12,ISRIC SoilGrids,0-5 cm,Native GBIF occurrence-associated SoilGrids texture observations,100 - sand - clay
Shorea virescens,11,good,good,True,27.0,30.5,32.8,33.2,40.0,43.4,24.7,31.5,34.4,12,11,11,ISRIC SoilGrids,0-5 cm,Native GBIF occurrence-associated SoilGrids texture observations,100 - sand - clay
Shorea xanthophylla,10,good,good,True,28.11,30.85,35.4,34.91,37.4,40.01,28.4,31.2,34.67,12,10,10,ISRIC SoilGrids,0-5 cm,Native GBIF occurrence-associated SoilGrids texture observations,100 - sand - clay
Sindora beccariana,10,good,good,True,27.62,29.9,34.84,31.01,37.95,40.8,25.78,31.45,35.85,12,10,10,ISRIC SoilGrids,0-5 cm,Native GBIF occurrence-associated SoilGrids texture observations,100 - sand - clay
Sindora coriacea,11,good,good,True,28.8,32.5,37.3,31.4,37.4,43.9,24.7,28.6,33.8,12,11,11,ISRIC SoilGrids,0-5 cm,Native GBIF occurrence-associated SoilGrids texture observations,100 - sand - clay
Sindora leiocarpa,11,good,good,True,17.5,31.1,32.3,31.7,36.9,51.6,29.3,33.6,36.4,12,11,11,ISRIC SoilGrids,0-5 cm,Native GBIF occurrence-associated SoilGrids texture observations,100 - sand - clay
Sindora siamensis,9,usable,usable,True,35.04,42.5,53.12,19.7,26.3,31.16,23.9,30.4,33.62,12,9,9,ISRIC SoilGrids,0-5 cm,Native GBIF occurrence-associated SoilGrids texture observations,100 - sand - clay
Sloanea sigun,11,good,good,True,24.8,30.8,40.1,26.4,32.7,41.3,30.4,32.4,41.5,12,11,11,ISRIC SoilGrids,0-5 cm,Native GBIF occurrence-associated SoilGrids texture observations,100 - sand - clay
Sorbus corymbifera,7,usable,usable,True,28.38,35.4,37.58,24.0,28.4,32.64,31.18,37.4,44.54,12,7,7,ISRIC SoilGrids,0-5 cm,Native GBIF occurrence-associated SoilGrids texture observations,100 - sand - clay
Stemonurus scorpioides,11,good,good,True,23.6,30.7,33.9,34.3,37.4,42.4,29.0,32.4,36.3,12,11,11,ISRIC SoilGrids,0-5 cm,Native GBIF occurrence-associated SoilGrids texture observations,100 - sand - clay
Stemonurus secundiflorus,11,good,good,True,24.1,27.3,36.1,34.3,39.6,42.6,27.1,32.7,36.3,12,11,11,ISRIC SoilGrids,0-5 cm,Native GBIF occurrence-associated SoilGrids texture observations,100 - sand - clay
Sterculia gilva,5,usable,usable,True,28.08,32.5,39.64,32.7,37.2,39.64,25.68,32.2,33.36,10,5,5,ISRIC SoilGrids,0-5 cm,Native GBIF occurrence-associated SoilGrids texture observations,100 - sand - clay
Sterculia guttata,10,good,good,True,36.08,37.6,41.37,31.17,33.85,35.98,26.01,28.35,31.2,12,10,10,ISRIC SoilGrids,0-5 cm,Native GBIF occurrence-associated SoilGrids texture observations,100 - sand - clay
Sterculia oblongata,10,good,good,True,27.36,34.1,36.71,33.28,38.4,42.23,25.89,29.55,30.54,12,10,10,ISRIC SoilGrids,0-5 cm,Native GBIF occurrence-associated SoilGrids texture observations,100 - sand - clay
Streblus elongatus,11,good,good,True,26.2,33.7,37.7,35.1,36.9,38.5,27.9,29.7,35.3,12,11,11,ISRIC SoilGrids,0-5 cm,Native GBIF occurrence-associated SoilGrids texture observations,100 - sand - clay
Swietenia macrophylla,9,usable,usable,True,28.84,34.8,41.7,30.38,33.6,48.4,23.98,29.6,34.7,12,9,9,ISRIC SoilGrids,0-5 cm,Native GBIF occurrence-associated SoilGrids texture observations,100 - sand - clay
Swietenia mahogani,7,usable,usable,True,19.18,28.4,58.56,24.34,39.3,42.12,14.82,31.4,40.14,12,7,7,ISRIC SoilGrids,0-5 cm,Native GBIF occurrence-associated SoilGrids texture observations,100 - sand - clay
Symplocos cochinchinensis,10,good,good,True,20.45,31.7,38.31,30.5,32.8,37.49,28.35,36.3,40.8,12,10,10,ISRIC SoilGrids,0-5 cm,Native GBIF occurrence-associated SoilGrids texture observations,100 - sand - clay
Symplocos paniculata,5,usable,usable,True,24.46,33.4,47.2,16.4,26.9,27.88,35.4,38.9,47.98,12,5,5,ISRIC SoilGrids,0-5 cm,Native GBIF occurrence-associated SoilGrids texture observations,100 - sand - clay
Syzygium cumini,10,good,good,True,23.8,35.3,44.83,22.38,27.95,34.64,29.32,35.85,43.88,12,10,10,ISRIC SoilGrids,0-5 cm,Native GBIF occurrence-associated SoilGrids texture observations,100 - sand - clay
Syzygium gardneri,12,good,good,True,30.21,38.4,43.44,28.35,33.1,40.58,26.76,29.55,31.38,12,12,12,ISRIC SoilGrids,0-5 cm,Native GBIF occurrence-associated SoilGrids texture observations,100 - sand - clay
Syzygium grande,10,good,good,True,27.72,37.85,47.1,26.48,29.55,40.51,28.18,30.85,34.75,12,10,10,ISRIC SoilGrids,0-5 cm,Native GBIF occurrence-associated SoilGrids texture observations,100 - sand - clay
Syzygium hainanense,1,limited,limited,True,54.0,54.0,54.0,18.5,18.5,18.5,27.5,27.5,27.5,4,1,1,ISRIC SoilGrids,0-5 cm,Native GBIF occurrence-associated SoilGrids texture observations,100 - sand - clay
Syzygium hancei,6,usable,usable,True,26.1,37.55,46.1,21.8,29.5,32.3,29.45,34.25,42.95,12,6,6,ISRIC SoilGrids,0-5 cm,Native GBIF occurrence-associated SoilGrids texture observations,100 - sand - clay
Syzygium kunstleri,10,good,good,True,27.01,31.65,33.85,32.71,37.9,42.3,28.96,31.8,33.89,11,10,10,ISRIC SoilGrids,0-5 cm,Native GBIF occurrence-associated SoilGrids texture observations,100 - sand - clay
Syzygium leptostemon,11,good,good,True,28.9,31.3,34.9,32.7,35.8,39.8,29.6,33.5,35.0,12,11,11,ISRIC SoilGrids,0-5 cm,Native GBIF occurrence-associated SoilGrids texture observations,100 - sand - clay
Syzygium lineatum,10,good,good,True,23.7,29.55,40.25,30.55,38.25,49.18,26.8,31.4,36.37,12,10,10,ISRIC SoilGrids,0-5 cm,Native GBIF occurrence-associated SoilGrids texture observations,100 - sand - clay
Syzygium munroi,7,usable,usable,True,33.16,38.7,41.24,30.62,32.8,36.5,27.58,28.1,31.16,7,7,7,ISRIC SoilGrids,0-5 cm,Native GBIF occurrence-associated SoilGrids texture observations,100 - sand - clay
Syzygium nervosum,10,good,good,True,33.3,51.7,64.55,19.32,28.45,32.74,16.77,21.1,30.44,12,10,10,ISRIC SoilGrids,0-5 cm,Native GBIF occurrence-associated SoilGrids texture observations,100 - sand - clay
Syzygium oblatum,9,usable,usable,True,29.34,40.2,42.0,25.72,31.9,38.64,27.26,30.9,34.86,12,9,9,ISRIC SoilGrids,0-5 cm,Native GBIF occurrence-associated SoilGrids texture observations,100 - sand - clay
Syzygium pycnanthum,10,good,good,True,30.76,34.8,39.73,31.16,35.15,38.43,28.3,29.95,33.92,12,10,10,ISRIC SoilGrids,0-5 cm,Native GBIF occurrence-associated SoilGrids texture observations,100 - sand - clay
Syzygium racemosum,11,good,good,True,25.7,31.3,37.8,26.5,33.7,45.0,26.9,33.9,37.4,12,11,11,ISRIC SoilGrids,0-5 cm,Native GBIF occurrence-associated SoilGrids texture observations,100 - sand - clay
Syzygium scortechinii,12,good,good,True,26.55,31.45,34.57,33.16,37.9,41.91,27.91,31.7,34.14,12,12,12,ISRIC SoilGrids,0-5 cm,Native GBIF occurrence-associated SoilGrids texture observations,100 - sand - clay
Syzygium spathulatum,2,limited,limited,True,32.1,32.9,33.7,38.22,39.1,39.98,27.92,28.0,28.08,2,2,2,ISRIC SoilGrids,0-5 cm,Native GBIF occurrence-associated SoilGrids texture observations,100 - sand - clay
Tectona grandis,9,usable,usable,True,25.4,33.7,43.28,28.28,30.4,34.96,27.56,34.0,44.34,12,9,9,ISRIC SoilGrids,0-5 cm,Native GBIF occurrence-associated SoilGrids texture observations,100 - sand - clay
Terminalia bellirica,11,good,good,True,24.0,34.0,46.2,28.5,35.1,41.7,25.3,28.6,36.4,12,11,11,ISRIC SoilGrids,0-5 cm,Native GBIF occurrence-associated SoilGrids texture observations,100 - sand - clay
Terminalia foetidissima,11,good,good,True,24.9,29.6,32.6,32.4,38.4,42.7,30.6,34.4,37.6,12,11,11,ISRIC SoilGrids,0-5 cm,Native GBIF occurrence-associated SoilGrids texture observations,100 - sand - clay
Terminalia paniculata,12,good,good,True,26.95,39.4,42.28,29.64,33.15,42.05,25.24,29.55,31.74,12,12,12,ISRIC SoilGrids,0-5 cm,Native GBIF occurrence-associated SoilGrids texture observations,100 - sand - clay
Terminalia procera,11,good,good,True,27.9,33.9,46.7,29.4,35.7,41.5,20.4,31.1,34.0,12,11,11,ISRIC SoilGrids,0-5 cm,Native GBIF occurrence-associated SoilGrids texture observations,100 - sand - clay
Terminalia subspathulata,11,good,good,True,26.3,32.5,45.6,32.6,38.2,42.7,21.4,31.0,33.7,12,11,11,ISRIC SoilGrids,0-5 cm,Native GBIF occurrence-associated SoilGrids texture observations,100 - sand - clay
Ternstroemia magnifica,11,good,good,True,28.7,30.6,34.3,31.7,38.3,41.6,28.0,31.7,35.6,12,11,11,ISRIC SoilGrids,0-5 cm,Native GBIF occurrence-associated SoilGrids texture observations,100 - sand - clay
Tetradium glabrifolium,5,usable,usable,True,23.24,33.5,54.84,23.42,30.5,33.02,21.74,36.0,44.48,12,5,5,ISRIC SoilGrids,0-5 cm,Native GBIF occurrence-associated SoilGrids texture observations,100 - sand - clay
Tetradium ruticarpum,11,good,good,True,25.9,31.9,37.7,21.8,27.2,30.3,30.6,42.4,44.3,12,11,11,ISRIC SoilGrids,0-5 cm,Native GBIF occurrence-associated SoilGrids texture observations,100 - sand - clay
Tetramerista glabra,11,good,good,True,23.3,29.2,35.4,33.2,37.4,44.3,28.8,34.0,37.7,12,11,11,ISRIC SoilGrids,0-5 cm,Native GBIF occurrence-associated SoilGrids texture observations,100 - sand - clay
Toona hexandra,9,usable,usable,True,26.28,31.9,46.02,22.7,34.0,41.06,25.36,33.4,39.88,12,9,9,ISRIC SoilGrids,0-5 cm,Native GBIF occurrence-associated SoilGrids texture observations,100 - sand - clay
Toxicodendron rhetsoides,11,good,good,True,31.4,37.6,43.7,28.6,30.0,32.3,26.1,32.1,37.3,11,11,11,ISRIC SoilGrids,0-5 cm,Native GBIF occurrence-associated SoilGrids texture observations,100 - sand - clay
Trema cannabina,8,usable,usable,True,24.94,32.05,47.92,25.44,28.15,35.76,24.17,35.25,47.22,12,8,8,ISRIC SoilGrids,0-5 cm,Native GBIF occurrence-associated SoilGrids texture observations,100 - sand - clay
Triadica cochinchinensis,8,usable,usable,True,20.19,33.25,42.9,24.69,28.8,39.22,32.13,35.7,41.81,12,8,8,ISRIC SoilGrids,0-5 cm,Native GBIF occurrence-associated SoilGrids texture observations,100 - sand - clay
Triadica sebifera,4,limited,limited,True,33.41,37.05,38.1,17.67,24.9,25.34,37.33,40.35,46.31,15,4,4,ISRIC SoilGrids,0-5 cm,Native GBIF occurrence-associated SoilGrids texture observations,100 - sand - clay
Tristaniopsis decorticata,6,usable,usable,True,20.2,26.25,30.75,33.65,38.9,45.3,29.6,35.1,40.25,6,6,6,ISRIC SoilGrids,0-5 cm,Native GBIF occurrence-associated SoilGrids texture observations,100 - sand - clay
Turpinia cochinchinensis,8,usable,usable,True,29.83,31.95,39.14,23.59,30.75,37.63,30.04,34.2,43.61,12,8,8,ISRIC SoilGrids,0-5 cm,Native GBIF occurrence-associated SoilGrids texture observations,100 - sand - clay
Vateria indica,11,good,good,True,36.3,38.3,42.4,30.4,32.8,35.0,25.1,28.8,31.4,12,11,11,ISRIC SoilGrids,0-5 cm,Native GBIF occurrence-associated SoilGrids texture observations,100 - sand - clay
Vatica albiramis,11,good,good,True,29.6,30.8,32.5,33.9,38.1,41.9,28.3,30.1,35.1,12,11,11,ISRIC SoilGrids,0-5 cm,Native GBIF occurrence-associated SoilGrids texture observations,100 - sand - clay
Vatica cinerea,8,usable,usable,True,30.08,35.9,37.28,31.05,32.4,36.6,27.58,31.1,37.44,12,8,8,ISRIC SoilGrids,0-5 cm,Native GBIF occurrence-associated SoilGrids texture observations,100 - sand - clay
Vatica pauciflora,12,good,good,True,19.6,29.9,36.09,34.07,39.4,44.88,27.5,30.75,35.86,12,12,12,ISRIC SoilGrids,0-5 cm,Native GBIF occurrence-associated SoilGrids texture observations,100 - sand - clay
Vepris bilocularis,9,usable,usable,True,34.02,42.0,44.14,25.4,32.9,33.74,24.48,29.9,33.12,9,9,9,ISRIC SoilGrids,0-5 cm,Native GBIF occurrence-associated SoilGrids texture observations,100 - sand - clay
Vitex parviflora,10,good,good,True,30.06,34.55,40.42,27.29,35.4,36.7,26.53,30.3,35.54,12,10,10,ISRIC SoilGrids,0-5 cm,Native GBIF occurrence-associated SoilGrids texture observations,100 - sand - clay
Vitex pinnata,8,usable,usable,True,21.1,27.95,48.89,25.78,41.5,46.06,24.13,29.45,35.2,12,8,8,ISRIC SoilGrids,0-5 cm,Native GBIF occurrence-associated SoilGrids texture observations,100 - sand - clay
Vitex turczaninowii,9,usable,usable,True,23.68,34.2,37.44,31.88,36.2,42.24,28.66,30.6,36.72,10,9,9,ISRIC SoilGrids,0-5 cm,Native GBIF occurrence-associated SoilGrids texture observations,100 - sand - clay
Walsura pinnata,10,good,good,True,24.58,34.45,48.54,26.23,31.9,39.39,24.25,32.15,39.29,12,10,10,ISRIC SoilGrids,0-5 cm,Native GBIF occurrence-associated SoilGrids texture observations,100 - sand - clay
Whiteodendron moultonianum,12,good,good,True,27.95,31.0,32.73,33.69,37.9,39.57,29.24,30.7,35.87,12,12,12,ISRIC SoilGrids,0-5 cm,Native GBIF occurrence-associated SoilGrids texture observations,100 - sand - clay
Xanthophyllum ellipticum,9,usable,usable,True,27.62,32.0,35.3,31.38,34.2,40.6,29.64,33.8,36.92,12,9,9,ISRIC SoilGrids,0-5 cm,Native GBIF occurrence-associated SoilGrids texture observations,100 - sand - clay
Xerospermum noronhianum,8,usable,usable,True,28.42,34.35,38.51,30.04,35.7,44.48,24.48,29.05,35.29,12,8,8,ISRIC SoilGrids,0-5 cm,Native GBIF occurrence-associated SoilGrids texture observations,100 - sand - clay
Xylia xylocarpa,11,good,good,True,30.3,36.6,43.1,27.4,30.9,39.3,27.6,31.8,36.8,12,11,11,ISRIC SoilGrids,0-5 cm,Native GBIF occurrence-associated SoilGrids texture observations,100 - sand - clay
Xylopia ferruginea,8,usable,usable,True,25.63,31.05,37.64,37.19,40.4,47.5,21.91,25.85,36.12,12,8,8,ISRIC SoilGrids,0-5 cm,Native GBIF occurrence-associated SoilGrids texture observations,100 - sand - clay
Xylopia fusca,9,usable,usable,True,27.14,30.5,33.78,35.18,39.8,44.5,24.92,28.0,35.7,12,9,9,ISRIC SoilGrids,0-5 cm,Native GBIF occurrence-associated SoilGrids texture observations,100 - sand - clay
