project_species_resolved,native_occurrence_records,unique_native_coordinates,unique_chelsa_cells,climate_complete_chelsa_cells,climate_mean_annual_temp_c_p10,climate_mean_annual_temp_c_p50,climate_mean_annual_temp_c_p90,climate_temp_seasonality_c_p10,climate_temp_seasonality_c_p50,climate_temp_seasonality_c_p90,climate_warmest_month_max_temp_c_p10,climate_warmest_month_max_temp_c_p50,climate_warmest_month_max_temp_c_p90,climate_annual_precip_mm_p10,climate_annual_precip_mm_p50,climate_annual_precip_mm_p90,climate_driest_month_precip_mm_p10,climate_driest_month_precip_mm_p50,climate_driest_month_precip_mm_p90,climate_precip_seasonality_cv_p10,climate_precip_seasonality_cv_p50,climate_precip_seasonality_cv_p90,climate_driest_quarter_monthly_precip_mm_p10,climate_driest_quarter_monthly_precip_mm_p50,climate_driest_quarter_monthly_precip_mm_p90
Acacia auriculiformis,3056,2480,1735,1735,25.990000000000034,27.05000000000001,27.450000000000045,1.09,1.4480000000000002,2.0992000000000006,29.650000000000034,33.25000000000006,36.650000000000034,1218.2800000000002,1594.0,1920.6000000000004,0.6000000000000001,1.5,8.5,95.74000000000001,104.4,113.2,4.3,8.1,32.400000000000205
Acacia crassicarpa,1298,925,703,703,22.450000000000045,24.750000000000057,26.250000000000057,0.9832000000000001,1.99,2.8369999999999997,27.950000000000045,29.250000000000057,32.93000000000005,1096.0800000000002,1818.9,2530.5600000000004,2.7,13.700000000000001,53.46000000000005,68.8,93.7,115.9,11.22,59.1,180.82000000000014
Acacia mangium,634,429,331,331,22.450000000000045,23.850000000000023,26.150000000000034,0.789,2.465,2.8810000000000002,28.150000000000034,29.350000000000023,31.150000000000034,1659.3000000000002,2321.7000000000003,3488.3,11.600000000000001,45.6,96.4,60.800000000000004,78.9,96.10000000000001,61.800000000000004,152.3,318.70000000000005
Acer davidii,5626,1047,929,929,8.450000000000045,15.550000000000011,19.350000000000023,4.9556000000000004,7.444000000000001,9.0378,21.13000000000003,28.750000000000057,32.55000000000001,627.96,1325.1000000000001,2161.9400000000005,3.9800000000000013,20.700000000000003,54.40000000000003,46.400000000000006,66.60000000000001,93.04,15.88,80.7,227.18000000000006
Acer oliverianum,754,227,221,221,11.550000000000011,16.55000000000001,19.950000000000045,5.4270000000000005,7.579000000000001,8.521,22.250000000000057,29.950000000000045,32.950000000000045,809.8000000000001,1426.2,2005.3000000000002,5.4,24.3,51.400000000000006,47.7,63.800000000000004,85.30000000000001,21.3,89.4,218.9
Acrocarpus fraxinifolius,65,52,50,50,18.650000000000055,21.850000000000023,24.920000000000023,1.0501000000000003,1.872,5.3657,27.27000000000002,30.850000000000023,34.17000000000003,1061.2300000000002,1560.85,3888.23,2.3900000000000006,11.95,24.130000000000003,67.01,78.70000000000002,107.80000000000001,21.07,46.3,107.66000000000001
Actinodaphne obovata,69,22,19,19,15.830000000000041,18.950000000000045,24.150000000000034,3.3982,4.056,4.5165999999999995,23.050000000000022,27.650000000000034,32.09000000000002,1259.3600000000001,1823.7,2523.2599999999998,12.88,19.1,36.92,71.68,73.60000000000001,82.92,49.86,76.7,129.4
Adenanthera pavonina,856,725,571,571,23.450000000000045,26.55000000000001,27.350000000000023,0.41900000000000004,1.131,2.722,28.450000000000045,30.450000000000045,35.05000000000007,1283.0,2247.0,3430.4,1.5,29.5,142.20000000000002,23.0,75.2,107.10000000000001,8.8,105.5,513.0
Afzelia rhomboidea,155,109,108,108,24.250000000000057,25.950000000000045,26.850000000000023,0.3017,0.7875000000000001,1.07,27.39000000000005,28.700000000000045,30.450000000000045,2172.2900000000004,3060.1000000000004,4942.54,11.540000000000001,117.85000000000001,205.22000000000003,15.670000000000002,54.35,89.32999999999998,43.510000000000005,422.95000000000005,697.21
Afzelia xylocarpa,84,74,68,68,23.39000000000005,26.350000000000023,27.38000000000003,1.1829,1.8655000000000002,2.4909000000000003,29.970000000000027,33.50000000000003,35.280000000000044,1099.5600000000002,1466.3000000000002,2399.4900000000007,3.3100000000000005,5.300000000000001,9.580000000000004,72.22,79.05000000000001,94.17000000000002,20.2,29.55,57.82000000000001
Agathis borneensis,275,149,129,129,22.03000000000002,26.150000000000034,26.750000000000057,0.1978,0.32,0.5046,26.430000000000042,29.950000000000045,31.350000000000023,2567.82,3494.6000000000004,4891.820000000001,105.48,181.5,299.46000000000004,15.040000000000001,21.0,42.06000000000001,369.28000000000003,591.2,938.6800000000001
Agathis dammara,277,94,87,87,19.570000000000014,25.650000000000034,26.850000000000023,0.1922,0.45300000000000007,0.7504000000000001,23.650000000000023,27.950000000000045,30.150000000000034,1730.5200000000002,2787.4,4162.760000000002,45.0,123.4,227.22000000000003,16.04,29.1,53.300000000000004,190.38000000000002,419.0,749.5400000000002
Aglaia exstipulata,67,25,22,22,20.150000000000023,26.100000000000023,27.230000000000054,0.2076,0.39050000000000007,0.6845000000000002,24.550000000000058,30.400000000000034,31.450000000000045,2037.7700000000002,3118.75,5009.680000000001,33.39000000000001,162.7,309.60000000000014,17.680000000000003,24.55,58.570000000000014,155.44,545.65,951.2800000000004
Aglaia lawii,1075,538,410,410,18.940000000000044,23.350000000000023,26.750000000000057,0.3548,1.0995,5.162700000000002,26.150000000000034,30.150000000000034,32.75000000000006,1437.5500000000004,2850.3,4422.820000000001,5.2,28.1,171.9,21.390000000000004,69.85,94.99000000000011,29.48,123.60000000000001,567.3600000000001
Aglaia rubiginosa,62,41,41,41,26.05000000000001,26.55000000000001,26.950000000000045,0.234,0.379,0.467,29.150000000000034,30.350000000000023,31.05000000000001,2439.3,3305.8,3971.8,107.9,151.20000000000002,217.10000000000002,18.400000000000002,27.200000000000003,37.800000000000004,382.8,550.1,715.6
Alangium kurzii,949,397,381,381,16.05000000000001,19.150000000000034,23.350000000000023,3.0240000000000005,6.9030000000000005,8.467,27.55000000000001,31.350000000000023,33.35000000000002,1163.6000000000001,1675.2,2202.3,11.8,37.2,55.7,43.5,59.1,79.2,46.7,141.20000000000002,227.5
Allophylus cobbe,605,423,365,365,21.55000000000001,24.650000000000034,27.150000000000034,0.48960000000000004,1.139,2.3456000000000006,27.790000000000042,31.250000000000057,33.91000000000004,1684.42,2929.3,4467.5,0.7000000000000001,21.3,131.42000000000002,28.8,72.3,138.16,5.340000000000001,87.0,478.64000000000016
Alnus nepalensis,1219,398,328,328,9.590000000000039,15.550000000000011,20.38000000000003,3.7374000000000005,4.5565,6.1453000000000015,18.59000000000004,23.600000000000023,28.680000000000042,886.5600000000001,1481.1,3001.9000000000005,6.610000000000001,16.1,29.700000000000003,57.370000000000005,79.70000000000002,108.10000000000001,27.37,65.30000000000001,135.33000000000004
Alseodaphne andersonii,71,31,30,30,17.48000000000001,21.450000000000045,26.05000000000001,1.0935,2.89,4.031000000000001,24.710000000000054,29.100000000000023,33.16000000000002,1312.2500000000002,1855.85,2644.09,5.1000000000000005,14.0,27.000000000000004,63.89000000000001,76.80000000000001,86.45,29.770000000000003,55.0,100.70000000000002
Alseodaphne coriacea,17,13,13,13,26.670000000000037,26.950000000000045,27.230000000000054,0.24160000000000004,0.431,0.47200000000000003,29.070000000000014,30.150000000000034,31.310000000000024,2477.78,2886.0,3477.28,119.94,134.20000000000002,199.84000000000003,18.5,25.8,34.0,421.34000000000003,489.5,649.7
Alstonia angustiloba,174,94,81,81,23.950000000000045,26.650000000000034,26.850000000000023,0.30700000000000005,0.435,0.5630000000000001,28.150000000000034,29.150000000000034,30.650000000000034,2445.5,2961.4,4913.5,114.2,140.70000000000002,294.8,18.8,23.5,41.6,389.40000000000003,519.6,994.5
Alstonia pneumatophora,146,53,46,46,25.75000000000003,26.650000000000034,27.00000000000003,0.20550000000000002,0.388,0.5275000000000001,28.750000000000057,30.05000000000001,31.150000000000034,2379.65,2964.5,3817.1000000000004,101.35000000000001,138.15,204.60000000000002,17.85,24.6,39.35000000000001,359.5,512.55,679.3000000000001
Alstonia scholaris,13553,4417,2721,2721,22.55000000000001,26.450000000000045,27.250000000000057,0.632,1.4980000000000002,4.571000000000001,28.250000000000057,32.05000000000001,38.05000000000007,906.5,2292.5,3570.5,1.4000000000000001,16.1,82.5,54.2,81.7,130.70000000000002,9.3,70.7,278.8
Alstonia spatulata,130,86,76,76,25.400000000000034,26.55000000000001,27.200000000000045,0.29900000000000004,0.463,0.679,28.650000000000034,30.00000000000003,31.50000000000003,2457.25,2914.6000000000004,3772.4,95.70000000000002,150.60000000000002,206.15,13.15,23.950000000000003,42.900000000000006,350.0,520.0,688.1500000000001
Altingia excelsa,130,74,72,72,18.410000000000025,22.900000000000034,26.620000000000033,0.2855,0.36000000000000004,2.0769,23.390000000000025,27.650000000000034,31.55000000000001,1644.4700000000003,3214.8500000000004,4253.97,9.990000000000002,150.35,213.01000000000002,19.17,33.25,77.83,56.31000000000001,502.6,775.2600000000001
Angelesia splendens,317,200,176,176,24.200000000000045,26.55000000000001,27.150000000000034,0.246,0.458,0.679,28.05000000000001,29.950000000000045,31.450000000000045,2082.2000000000003,2721.5,3707.8500000000004,48.95,127.0,197.25,17.3,27.5,56.900000000000006,202.90000000000003,450.90000000000003,697.1
Anisoptera costata,250,163,117,117,23.170000000000037,26.450000000000045,27.150000000000034,0.2156,0.496,1.7544000000000006,28.55000000000001,30.650000000000034,34.75000000000006,1718.88,2694.2000000000003,3452.9000000000005,3.1,101.10000000000001,174.14000000000001,14.580000000000002,40.900000000000006,88.08000000000001,21.900000000000002,355.70000000000005,563.1
Anisoptera marginata,104,46,46,46,24.80000000000004,26.55000000000001,27.00000000000003,0.1975,0.345,0.49250000000000005,28.700000000000045,30.100000000000023,30.950000000000045,2447.0,2986.9,4033.8500000000004,95.10000000000001,136.85,230.75,16.2,27.5,45.650000000000006,352.6,470.6,754.0500000000001
Antidesma bunius,734,363,345,345,19.13000000000003,23.750000000000057,26.950000000000045,0.38480000000000003,2.2670000000000003,5.3912,26.59000000000002,30.450000000000045,32.650000000000034,1332.9,2099.3,3159.4800000000005,6.9,26.6,112.54000000000006,36.24,71.8,86.16000000000001,36.02,105.2,368.88000000000005
Antidesma montanum,2908,1662,1266,1266,20.150000000000034,24.450000000000045,26.950000000000045,0.345,1.0090000000000001,3.971,26.80000000000004,29.650000000000034,32.35000000000002,1532.4500000000003,2543.3500000000004,4070.8500000000004,8.5,38.800000000000004,178.05,20.900000000000002,59.25,93.80000000000001,43.650000000000006,155.2,591.2
Aquilaria malaccensis,88,49,46,46,22.25000000000003,26.450000000000045,26.950000000000045,0.25,0.40700000000000003,0.64,26.750000000000057,30.250000000000057,31.55000000000001,2296.8500000000004,2842.25,3980.7,67.5,131.25,199.4,17.05,27.5,48.45,247.0,459.15,684.85
Aquilaria microcarpa,80,41,39,39,25.710000000000047,26.650000000000034,26.950000000000045,0.1946,0.33399999999999996,0.4840000000000001,29.150000000000034,30.350000000000023,31.59000000000002,2239.56,2810.6000000000004,3599.34,85.96000000000001,136.1,220.88000000000002,15.200000000000001,25.0,45.020000000000024,299.44,480.6,695.94
Aquilaria sinensis,73,39,38,38,20.27000000000004,22.750000000000057,24.200000000000014,3.3672,5.013,5.8980000000000015,29.56000000000003,30.750000000000057,31.650000000000034,1610.24,2074.2,2470.0100000000007,13.600000000000001,29.950000000000003,43.50000000000001,63.81,70.0,81.92000000000002,72.04,117.85,165.49
Araucaria hunsteinii,25,13,12,12,19.940000000000026,22.900000000000034,26.190000000000055,0.31410000000000005,0.624,0.6978,24.610000000000014,27.450000000000017,30.02000000000003,1544.9800000000002,2180.1000000000004,3137.01,79.58000000000001,95.15,165.93,15.240000000000002,28.400000000000002,38.88000000000001,277.97,332.05000000000007,567.3
Archidendron bubalinum,340,37,36,36,23.25000000000003,25.900000000000034,26.750000000000057,0.34,0.3705,0.6615,27.55000000000004,29.700000000000045,31.450000000000017,2486.55,3081.05,4380.0,87.9,140.4,217.20000000000002,18.9,23.3,47.10000000000001,328.75,470.35,882.95
Archidendron ellipticum,244,169,162,162,23.460000000000043,26.150000000000034,26.950000000000045,0.2441,0.3940000000000001,0.6101000000000002,27.360000000000024,29.950000000000045,31.250000000000057,2091.6400000000003,2930.55,4357.7300000000005,71.25000000000001,135.55,240.16000000000008,15.72,23.800000000000004,54.92,257.37000000000006,480.1,790.5300000000001
Archidendron jiringa,251,136,131,131,22.850000000000023,26.05000000000001,26.850000000000023,0.305,0.511,1.1880000000000002,28.05000000000001,30.150000000000034,32.150000000000034,1999.3000000000002,2693.3,4248.5,6.800000000000001,116.2,220.0,19.6,34.4,81.7,37.5,425.40000000000003,767.1
Areca catechu,59,37,37,37,22.090000000000032,26.05000000000001,27.150000000000034,0.6849999999999999,0.9840000000000001,1.8022,25.610000000000024,30.150000000000034,31.55000000000001,2004.0200000000002,2798.4,3954.539999999999,18.900000000000002,64.0,142.61999999999998,38.34,52.300000000000004,83.12,70.96000000000001,218.20000000000002,508.48
Artocarpus altilis,117,109,88,88,26.22000000000005,26.750000000000057,26.950000000000045,0.10100000000000002,0.393,0.538,27.450000000000045,27.850000000000023,28.150000000000034,2239.53,2642.05,5010.42,71.87,85.35000000000001,277.94,13.600000000000001,50.85000000000001,56.53,247.85000000000002,298.15000000000003,1006.78
Artocarpus elasticus,515,274,213,213,22.750000000000057,26.450000000000045,26.950000000000045,0.28,0.405,0.6408,26.990000000000045,29.450000000000045,31.230000000000054,2231.82,2812.4,4295.700000000002,42.32000000000001,132.8,211.74000000000012,18.7,25.6,59.540000000000006,180.72000000000003,496.0,779.7600000000001
Artocarpus heterophyllus,75373,7479,3476,3476,23.450000000000045,26.650000000000034,27.250000000000057,0.887,1.0730000000000002,2.952,30.350000000000023,33.05000000000001,36.950000000000045,1199.65,2775.8500000000004,3793.75,2.6,9.4,21.950000000000003,63.900000000000006,88.30000000000001,123.75,21.8,48.05,112.25
Artocarpus hirsutus,174,143,119,119,22.350000000000023,25.350000000000023,26.950000000000045,0.889,1.118,1.314,29.950000000000045,31.650000000000034,34.570000000000064,2273.82,3083.9,4350.9800000000005,1.5,17.0,27.300000000000004,60.78000000000001,83.0,128.24,15.82,85.60000000000001,140.22
Artocarpus hispidus,15,12,12,12,24.660000000000014,26.450000000000017,27.030000000000012,0.4267,0.559,0.8320000000000001,27.85000000000006,29.450000000000045,32.080000000000055,2288.8100000000004,2535.5,3233.25,36.010000000000005,115.60000000000001,140.94,22.52,36.75,59.18000000000001,179.63000000000002,443.35,518.9
Artocarpus integer,332,150,137,137,23.910000000000036,26.350000000000023,26.850000000000023,0.2686,0.44,0.6284000000000002,27.750000000000057,29.650000000000034,31.05000000000001,2058.2400000000002,2760.0,4188.8,64.52000000000001,140.20000000000002,226.70000000000002,18.82,23.900000000000002,48.220000000000006,243.54000000000002,512.0,774.3000000000002
Artocarpus lakoocha,217,160,148,148,19.840000000000014,24.650000000000034,27.05000000000001,0.7329000000000001,2.4515000000000002,4.248,27.650000000000034,31.55000000000001,35.58000000000006,1214.74,1806.6000000000001,2843.01,4.07,8.75,31.180000000000064,61.620000000000005,79.70000000000002,109.15000000000002,23.17,44.7,150.41000000000008
Artocarpus odoratissimus,146,85,68,68,22.450000000000045,26.05000000000001,26.58000000000002,0.1971,0.3065,0.46160000000000007,27.190000000000044,29.850000000000023,30.980000000000036,2506.2400000000002,3650.7000000000003,4902.76,130.04000000000002,199.40000000000003,281.53000000000003,15.14,19.950000000000003,36.01000000000003,453.91,638.5,907.5300000000002
Atalantia racemosa,326,188,125,125,20.450000000000045,22.750000000000057,26.010000000000026,0.9930000000000001,1.227,2.1388000000000003,27.850000000000023,32.05000000000001,34.05000000000007,2125.3,3773.4,5064.840000000001,0.8,5.800000000000001,34.260000000000005,63.88,101.80000000000001,142.04000000000002,5.2,38.0,154.40000000000003
Azadirachta excelsa,58,37,37,37,24.37000000000005,26.450000000000045,26.850000000000023,0.19940000000000002,0.376,0.5044,27.670000000000037,30.350000000000023,31.290000000000042,2064.32,2657.4,3385.92,66.46000000000001,137.1,183.02,15.38,22.8,43.61999999999998,217.92000000000002,478.1,603.54
Baccaurea angulata,103,74,69,69,23.930000000000042,26.05000000000001,26.77000000000005,0.2066,0.32,0.4398000000000001,27.99000000000002,29.850000000000023,31.05000000000001,2269.0,3633.6000000000004,4870.14,123.02000000000001,201.70000000000002,269.6400000000001,12.4,20.6,35.7,442.7,640.7,870.8000000000001
Baccaurea bracteata,309,177,170,170,25.440000000000044,26.600000000000023,27.05000000000001,0.22680000000000003,0.3985000000000001,0.53,28.750000000000057,30.350000000000023,31.350000000000023,2406.52,3246.4500000000003,3968.81,110.18,162.75,222.56,17.47,24.400000000000002,46.84,393.00000000000006,546.2,756.22
Baccaurea motleyana,122,74,70,70,25.610000000000035,26.450000000000045,27.05000000000001,0.2897,0.3965000000000001,0.7322000000000002,28.740000000000055,30.350000000000023,32.070000000000014,2346.5099999999998,2884.9000000000005,4033.13,70.29000000000002,140.4,229.54000000000002,19.200000000000003,24.05,55.7,263.28000000000003,507.5,743.61
Balakata baccata,300,172,165,165,20.27000000000004,25.05000000000001,26.850000000000023,0.3592,0.855,3.4608000000000003,26.930000000000017,30.750000000000057,33.450000000000045,1436.18,2570.6000000000004,3759.3999999999996,6.200000000000001,32.1,162.84,24.0,67.5,85.46000000000001,31.700000000000003,145.9,548.22
Balakata luzonica,36,20,19,19,23.470000000000017,26.55000000000001,27.27000000000005,0.33,0.52,0.8256000000000001,27.250000000000057,29.150000000000034,30.210000000000036,1661.2800000000002,2387.0,3249.4,20.16,44.1,125.60000000000001,25.98,54.7,77.07999999999998,79.02,148.4,409.48
Bauhinia variegata,461,345,315,315,16.950000000000045,22.450000000000045,26.650000000000034,1.9250000000000003,3.635,6.338600000000003,24.450000000000045,32.150000000000034,38.670000000000066,852.46,1456.7,2899.240000000001,1.3400000000000003,9.8,23.360000000000003,72.0,85.7,136.80000000000004,7.480000000000003,45.5,110.18000000000005
Betula alnoides,281,183,155,155,11.190000000000044,18.450000000000045,22.810000000000034,2.5136,4.339,6.6266,19.610000000000035,26.650000000000034,31.730000000000018,1018.0200000000001,1593.5,2540.7599999999998,4.920000000000001,17.2,35.12,57.480000000000004,77.0,93.71999999999998,31.400000000000002,71.7,156.94
Bhesa indica,219,148,83,83,19.350000000000023,21.250000000000057,26.230000000000054,0.6528,1.032,1.1584,26.55000000000001,28.750000000000057,31.450000000000045,2114.6200000000003,3390.6000000000004,4382.4,22.720000000000002,30.5,45.159999999999975,55.7,65.5,71.60000000000001,118.32000000000001,140.5,196.19999999999993
Bhesa paniculata,495,285,265,265,22.850000000000023,26.250000000000057,26.950000000000045,0.21960000000000002,0.3990000000000001,0.6152,26.850000000000023,29.950000000000045,31.250000000000057,2470.5800000000004,3200.7000000000003,4790.3,89.44,161.70000000000002,266.62,16.1,22.700000000000003,48.36000000000001,334.88,551.7,888.6
Bischofia javanica,6000,4838,3030,3030,20.350000000000023,22.750000000000057,24.450000000000045,1.0719,3.971,4.839,27.250000000000057,29.850000000000023,31.150000000000034,1702.5800000000002,2538.9,3788.0,17.2,45.7,182.51,29.0,63.900000000000006,92.0,61.290000000000006,155.70000000000002,611.62
Callicarpa arborea,609,283,254,254,16.88000000000003,22.200000000000045,26.750000000000057,0.6575000000000001,3.1500000000000004,5.152100000000001,24.150000000000034,29.450000000000045,33.72000000000005,1046.8200000000002,1811.6000000000001,3135.170000000001,5.2,16.15,90.73000000000005,36.36000000000001,74.80000000000001,91.49000000000001,26.620000000000005,64.4,339.31000000000057
Calophyllum apetalum,78,36,34,34,23.180000000000042,23.750000000000057,26.09000000000004,1.0367,1.2675,1.3379999999999999,31.690000000000047,32.60000000000002,34.22000000000005,2663.0400000000004,3823.6000000000004,4842.650000000001,0.8300000000000001,1.1500000000000001,4.63,109.81,128.60000000000002,131.95,10.3,12.4,31.65
Calophyllum austroindicum,63,38,31,31,17.650000000000034,20.750000000000057,22.05000000000001,0.9470000000000001,1.0910000000000002,1.42,25.150000000000034,28.05000000000001,29.850000000000023,1473.7,3254.4,4381.2,25.400000000000002,30.5,36.1,62.7,66.9,71.0,127.7,137.20000000000002,157.0
Calophyllum biflorum,56,39,36,36,21.650000000000034,25.600000000000023,26.650000000000034,0.20550000000000002,0.2925,0.47350000000000003,26.200000000000017,29.80000000000004,30.700000000000045,2535.15,3979.6500000000005,5059.6,133.0,222.05,305.75,14.350000000000001,20.6,36.0,478.95000000000005,705.7,986.4000000000001
Calophyllum blancoi,98,63,55,55,22.170000000000016,26.05000000000001,26.950000000000045,0.32820000000000005,0.536,1.8162000000000018,25.730000000000054,29.650000000000034,31.310000000000038,2044.7400000000002,2845.7000000000003,3791.46,36.160000000000004,131.9,164.82,14.14,29.400000000000002,73.72,126.28,467.8,541.66
Calophyllum ferrugineum,19,17,16,16,26.400000000000034,26.750000000000057,27.100000000000023,0.37250000000000005,0.4435,0.557,28.600000000000023,29.400000000000034,30.900000000000034,2339.8,2563.3,3703.9000000000005,113.05000000000001,134.3,212.8,19.55,23.200000000000003,27.700000000000003,380.8,514.9000000000001,729.35
Calophyllum inophyllum,3449,2551,1697,1697,23.250000000000057,25.450000000000045,27.05000000000001,0.3832000000000001,1.1480000000000001,2.7236000000000007,26.850000000000023,28.250000000000057,31.150000000000034,1238.68,2391.2000000000003,3657.6000000000004,12.200000000000001,72.5,166.26000000000005,23.3,48.300000000000004,90.0,53.36000000000001,255.10000000000002,552.14
Calophyllum lowei,4,4,4,4,26.03000000000003,26.450000000000045,26.660000000000053,0.2641,0.2905,0.4121,29.900000000000055,30.450000000000045,31.140000000000025,2919.4700000000003,3431.3,4441.18,76.10000000000001,149.40000000000003,229.91000000000003,26.64,45.75,51.21,295.75,499.35,725.0000000000001
Calophyllum sclerophyllum,24,13,13,13,26.350000000000023,26.650000000000034,26.850000000000023,0.19720000000000004,0.365,0.49500000000000005,30.470000000000038,31.150000000000034,31.350000000000023,2688.96,3215.8,3945.120000000001,112.48,154.20000000000002,217.18,18.34,34.9,46.42000000000001,415.2,509.90000000000003,713.1400000000001
Calophyllum soulattri,768,640,519,519,24.750000000000057,26.650000000000034,27.350000000000023,0.34640000000000004,1.139,1.7832000000000001,27.950000000000045,31.250000000000057,35.650000000000034,1469.5000000000002,1954.1000000000001,3445.82,0.8,3.8000000000000003,186.14,16.42,96.80000000000001,105.9,5.2,12.9,627.66
Calophyllum wallichiana,51,27,25,25,21.410000000000036,25.950000000000045,26.750000000000057,0.265,0.47600000000000003,0.5386000000000001,25.75000000000002,28.850000000000023,30.750000000000057,2364.5800000000004,3081.4,5319.820000000001,120.98000000000002,141.1,291.68000000000006,17.94,23.3,47.52000000000002,459.16,521.1,920.32
Campnosperma coriaceum,158,93,88,88,26.05000000000001,26.55000000000001,27.150000000000034,0.3081,0.41700000000000004,0.7233999999999999,28.620000000000026,30.250000000000057,31.250000000000057,2357.98,2897.0,3880.7200000000003,81.15,127.65,220.65,15.940000000000001,25.55,49.67,313.18,448.9,767.71
Campnosperma squamatum,58,41,38,38,23.57000000000002,26.30000000000004,26.780000000000047,0.27080000000000004,0.43700000000000006,0.55,27.960000000000026,29.400000000000034,30.850000000000023,2518.61,3197.2000000000003,4707.820000000001,119.41000000000001,165.60000000000002,252.56000000000006,18.62,23.9,43.93000000000003,426.42,578.65,809.5200000000001
Cananga odorata,1155,796,678,678,23.05000000000001,26.05000000000001,27.05000000000001,0.20900000000000002,0.518,2.37,27.55000000000001,29.350000000000023,31.55000000000001,1805.94,2687.9000000000005,3790.6800000000003,19.840000000000003,112.05000000000001,202.29000000000002,15.8,35.1,78.5,91.87,382.35,672.8400000000001
Careya arborea,383,353,320,320,22.350000000000023,25.650000000000034,26.760000000000055,0.9749,1.4845000000000002,3.213000000000001,30.250000000000057,33.55000000000001,36.760000000000055,1244.0500000000002,2753.3,4588.02,0.39000000000000024,1.5,13.660000000000014,71.89,123.30000000000001,143.0,2.9000000000000004,14.5,73.45000000000003
Caryota urens,5836,1559,935,935,23.150000000000034,26.55000000000001,27.250000000000057,0.9044,1.0930000000000002,2.605200000000001,29.950000000000045,32.75000000000006,36.85000000000002,1008.28,2909.1000000000004,4033.8600000000006,0.8,6.7,27.200000000000003,64.74,95.80000000000001,136.9,5.1000000000000005,36.800000000000004,131.32000000000002
Castanea chinensis,230,87,85,85,16.810000000000024,21.450000000000045,22.910000000000036,4.354,5.478000000000001,7.1704000000000025,26.09000000000002,30.950000000000045,31.850000000000023,1367.08,1881.2,2537.1200000000003,16.8,33.2,50.70000000000001,58.24,67.5,81.38000000000001,64.44,130.4,207.04000000000002
Castanea henryi,2000,446,431,431,14.250000000000057,17.650000000000034,20.650000000000034,4.166,7.319000000000001,8.339,24.450000000000045,30.850000000000023,33.150000000000034,916.4000000000001,1548.6000000000001,2071.8,10.5,33.9,54.2,45.5,59.800000000000004,84.60000000000001,40.2,134.70000000000002,226.0
Castanopsis acuminatissima,752,455,390,390,14.740000000000055,20.350000000000023,25.860000000000028,0.26860000000000006,0.5930000000000001,2.589800000000001,19.250000000000057,26.150000000000034,30.350000000000023,1470.0500000000002,2658.4500000000003,4396.110000000001,8.0,113.25,240.93,14.600000000000001,32.7,80.10000000000001,41.290000000000006,379.4,795.4800000000001
Castanopsis argentea,86,58,55,55,15.050000000000034,23.850000000000023,26.910000000000036,0.29680000000000006,0.35200000000000004,0.7744000000000002,19.810000000000038,28.450000000000045,31.55000000000001,1925.0800000000002,3027.5,4642.26,22.860000000000003,89.4,203.10000000000002,20.94,42.300000000000004,72.78,112.58000000000001,339.40000000000003,714.7800000000002
Castanopsis carlesii,2727,1979,1038,1038,13.450000000000045,19.450000000000045,22.55000000000001,3.2119000000000004,4.265499999999999,6.8740000000000006,20.55000000000001,27.450000000000045,31.380000000000038,1692.2000000000003,3219.4500000000003,4571.91,34.0,60.55,218.66000000000003,33.77,58.900000000000006,87.23000000000002,117.46000000000001,207.55,752.2100000000002
Castanopsis diversifolia,59,49,43,43,18.59000000000002,23.350000000000023,26.29000000000002,2.3404,2.655,2.9748,27.010000000000048,31.250000000000057,35.43000000000004,987.6600000000001,1408.5,1924.6800000000003,4.140000000000001,7.7,16.240000000000002,72.5,79.30000000000001,84.04,24.22,39.300000000000004,64.86
Castanopsis eyrei,2286,517,472,472,15.850000000000023,18.750000000000057,21.140000000000036,5.3457,7.265499999999999,8.1696,26.350000000000023,31.450000000000045,33.55000000000001,1249.2,1708.1000000000001,2328.4700000000003,23.02,42.5,58.87000000000002,46.0,57.1,69.10000000000001,89.0,162.65000000000003,230.29000000000005
Castanopsis fissa,1174,583,437,437,19.05000000000001,22.05000000000001,23.05000000000001,4.207800000000001,5.009,6.9,28.250000000000057,30.05000000000001,32.05000000000001,1550.92,2105.2000000000003,2541.02,22.380000000000003,31.1,46.400000000000006,55.1,71.8,82.9,84.88,113.2,181.22000000000008
Castanopsis hystrix,17,15,15,15,10.110000000000026,21.05000000000001,22.950000000000035,0.8174,2.585,4.285,16.470000000000027,28.55000000000001,30.670000000000037,1746.5400000000002,2165.2000000000003,2630.26,10.760000000000002,20.3,44.099999999999994,63.260000000000005,76.9,86.3,48.46000000000001,91.10000000000001,165.42000000000002
Castanopsis indica,765,366,327,327,17.07000000000004,22.55000000000001,24.590000000000025,2.4732000000000003,3.4320000000000004,4.800200000000002,24.170000000000037,28.850000000000023,32.390000000000036,1336.96,2246.8,3253.020000000001,7.86,23.900000000000002,42.900000000000006,69.46000000000001,82.0,97.30000000000001,38.2,90.2,143.04
Castanopsis purpurella,962,322,295,295,14.490000000000032,19.450000000000045,22.450000000000045,3.4404000000000003,5.006,7.6324000000000005,21.950000000000045,29.250000000000057,32.55000000000001,1282.64,1780.8000000000002,3180.980000000001,13.920000000000002,33.7,55.88000000000001,50.28,67.5,84.22000000000001,56.32,128.5,214.58000000000004
Castanopsis sclerophylla,949,316,301,301,16.450000000000045,18.150000000000034,20.05000000000001,6.799000000000001,8.0,8.545,30.150000000000034,32.450000000000045,33.75000000000006,1339.8000000000002,1707.1000000000001,2128.2000000000003,32.6,47.900000000000006,61.7,41.5,53.1,63.0,136.70000000000002,197.10000000000002,246.3
Castanopsis tribuloides,204,136,130,130,12.420000000000044,20.700000000000045,25.280000000000054,2.1517000000000004,2.9765,4.6037,20.540000000000013,28.850000000000023,33.380000000000024,1170.27,1792.9,3177.5400000000004,4.1000000000000005,9.75,28.060000000000006,69.59,79.05000000000001,96.93,27.14,46.2,123.52000000000001
Casuarina equisetifolia,3364,2723,1942,1942,20.250000000000057,24.350000000000023,27.05000000000001,0.495,2.1435000000000004,3.136,25.750000000000057,28.250000000000057,31.850000000000023,1058.16,1619.65,2924.53,2.2,41.45,111.46000000000014,28.8,53.5,106.29000000000002,10.210000000000003,141.45,388.95000000000005
Ceiba pentandra,15085,12454,4029,4029,22.950000000000045,25.850000000000023,27.150000000000034,0.4106000000000001,0.96,2.117,27.950000000000045,30.950000000000045,34.75000000000006,1013.7800000000001,1698.4,3202.4400000000005,4.580000000000002,32.1,89.82000000000004,32.4,56.400000000000006,95.80000000000001,20.0,129.5,328.9600000000001
Celtis cerasifera,147,70,67,67,8.990000000000043,15.650000000000034,18.790000000000042,4.265000000000001,6.667000000000001,8.4358,18.83000000000004,26.450000000000045,31.99000000000003,765.5000000000001,1198.4,1829.74,4.5600000000000005,18.5,36.98,53.7,72.2,88.5,20.660000000000004,70.0,159.78
Choerospondias axillaris,1104,420,391,391,15.850000000000023,18.850000000000023,22.650000000000034,3.4470000000000005,6.548000000000001,8.126,25.850000000000023,30.55000000000001,32.950000000000045,1156.4,1638.2,2463.4,10.100000000000001,29.400000000000002,55.6,49.1,63.7,84.0,43.1,113.4,223.10000000000002
Cinnamomum burmannii,2282,1415,1103,1103,18.950000000000045,22.450000000000045,24.150000000000034,0.374,4.145,5.864600000000001,26.570000000000014,29.850000000000023,31.55000000000001,1656.24,2565.9,4078.5600000000004,20.6,46.2,207.58,24.32,63.800000000000004,84.7,77.34,163.3,719.2000000000003
Cinnamomum camphora,3203,2798,2013,2013,15.450000000000045,21.950000000000045,23.450000000000045,3.5192,4.494000000000001,7.517,27.250000000000057,29.55000000000001,30.55000000000001,1517.9600000000003,2379.5,3645.2200000000003,23.6,51.900000000000006,147.48,36.2,51.800000000000004,88.28,85.80000000000001,174.0,525.96
Cinnamomum rhynchophyllum,51,35,35,35,22.27000000000005,25.850000000000023,26.910000000000036,0.218,0.364,0.4356,26.690000000000033,29.150000000000034,30.650000000000034,2341.58,3057.0,4850.02,101.14,169.3,302.1,17.82,23.1,42.84000000000001,377.82000000000005,559.1,964.12
Cinnamomum verum,61,51,41,41,23.05000000000001,26.450000000000045,27.05000000000001,0.47800000000000004,0.617,1.2610000000000001,28.450000000000045,29.950000000000045,31.750000000000057,1560.9,2275.6,3276.6000000000004,59.0,78.0,156.20000000000002,31.1,44.2,58.0,204.0,286.8,550.0
Cleistanthus oblongifolius,470,293,246,246,23.00000000000003,26.05000000000001,26.850000000000023,0.22450000000000003,0.5345,2.0375,27.150000000000034,29.450000000000045,31.450000000000045,1989.15,2821.7,3863.55,17.6,93.95,212.60000000000002,14.850000000000001,40.400000000000006,79.25,66.2,353.15,689.75
Clerodendrum viscosum,45,39,39,39,17.210000000000047,23.250000000000057,26.450000000000045,1.171,3.6860000000000004,5.190600000000001,24.53000000000002,31.950000000000045,35.55000000000005,909.1600000000001,1898.4,3743.0600000000013,1.3800000000000001,9.5,17.46,71.32000000000001,90.5,133.32000000000002,11.8,47.6,86.04000000000002
Coffea liberica,56,32,22,22,24.260000000000037,25.700000000000045,26.540000000000013,0.7098000000000001,1.058,1.2998000000000003,28.960000000000043,31.600000000000023,34.16000000000005,1198.98,1695.15,2208.12,8.080000000000002,19.150000000000002,32.68000000000002,51.55,64.05000000000001,72.78999999999999,55.85,104.10000000000001,176.4
Combretocarpus rotundatus,114,68,65,65,26.190000000000044,26.750000000000057,27.110000000000024,0.2018,0.38400000000000006,0.48200000000000004,29.350000000000023,30.450000000000045,31.450000000000045,2657.34,3228.9,3983.0000000000005,85.92,146.4,214.56,18.78,24.8,46.18000000000001,334.26000000000005,541.4,737.2600000000001
Corymbia intermedia,11770,8393,6065,6065,16.850000000000023,19.05000000000001,21.650000000000034,2.9148,3.5780000000000003,4.078,25.650000000000034,27.450000000000045,29.750000000000057,937.4000000000001,1282.4,1656.66,30.04,44.7,59.7,33.1,42.1,57.36000000000004,100.80000000000001,147.4,202.5
Corymbia torelliana,1029,929,698,698,19.450000000000045,20.150000000000034,22.580000000000027,2.3785,3.4895,3.9883,26.750000000000057,28.350000000000023,30.080000000000027,810.19,1116.6,1865.7200000000007,24.770000000000003,36.25,52.090000000000025,39.400000000000006,43.35000000000001,91.2,84.31,115.15,174.36
Cotylelobium burckii,51,32,31,31,25.450000000000045,26.450000000000045,26.750000000000057,0.198,0.382,0.47200000000000003,28.750000000000057,30.350000000000023,31.250000000000057,3015.5,3592.2000000000003,4618.7,144.5,192.5,245.4,17.8,26.1,54.300000000000004,486.90000000000003,615.1,773.9000000000001
Cotylelobium lanceolatum,54,42,40,40,23.82000000000002,26.200000000000045,26.870000000000022,0.20090000000000002,0.37200000000000005,0.5243,27.930000000000046,30.00000000000003,30.960000000000043,2406.46,3693.4,5068.280000000001,106.04,196.05,330.03000000000003,14.760000000000002,26.1,48.85000000000001,416.7900000000001,657.7,1031.38
Crataegus scabrifolia,308,117,101,101,14.050000000000011,16.650000000000034,20.150000000000034,3.7720000000000002,4.236000000000001,5.473000000000001,21.850000000000023,24.55000000000001,28.650000000000034,821.6,1088.9,1771.1000000000001,8.5,15.100000000000001,22.900000000000002,69.7,78.60000000000001,86.30000000000001,33.300000000000004,56.300000000000004,92.9
Cratoxylum arborescens,187,125,120,120,24.040000000000013,26.450000000000045,27.150000000000034,0.193,0.3835,0.5024000000000002,28.520000000000017,30.30000000000004,31.160000000000036,2217.4600000000005,3059.3500000000004,4514.920000000001,97.45,159.60000000000002,252.56000000000006,15.5,21.200000000000003,31.540000000000013,354.05000000000007,540.65,838.7800000000001
Cratoxylum glaucum,95,69,61,61,23.650000000000034,26.350000000000023,26.750000000000057,0.199,0.33,0.48400000000000004,27.750000000000057,30.250000000000057,31.250000000000057,2657.4,3617.1000000000004,4894.2,104.4,196.8,248.9,18.0,27.900000000000002,52.0,374.70000000000005,648.4000000000001,834.4000000000001
Cryptocarya chinensis,962,623,419,419,18.05000000000001,20.850000000000023,22.77000000000005,3.408,4.469,5.5236,25.450000000000045,28.350000000000023,31.05000000000001,1793.4400000000003,3198.4,4690.34,29.5,58.900000000000006,228.46,30.5,58.2,82.98,105.58000000000001,194.10000000000002,806.3800000000001
Cullenia exarillata,861,329,121,121,20.150000000000034,21.350000000000023,23.350000000000023,0.9660000000000001,1.088,1.3470000000000002,27.250000000000057,28.950000000000045,31.350000000000023,1557.1000000000001,3328.8,4383.8,16.1,30.3,36.1,60.7,67.7,80.9,82.4,139.3,158.4
Cunninghamia lanceolata,2268,746,697,697,14.710000000000049,17.650000000000034,21.950000000000045,4.5132,7.056,8.459200000000001,25.310000000000038,30.650000000000034,32.85000000000002,1112.9,1582.9,2295.2400000000002,14.360000000000001,34.2,54.379999999999995,46.6,59.900000000000006,82.30000000000001,53.52,130.4,224.64000000000001
Dacrycarpus imbricatus,1195,851,536,536,12.750000000000057,19.650000000000034,25.400000000000034,0.28900000000000003,0.598,2.873,16.900000000000034,24.850000000000023,29.950000000000045,1965.0,2995.2000000000003,4378.85,17.75,102.80000000000001,232.8,16.8,39.5,78.65,85.75,362.35,770.85
Dacryodes incurvata,125,63,62,62,22.320000000000057,26.350000000000023,26.940000000000044,0.2548,0.366,0.4577,27.260000000000055,30.350000000000023,31.150000000000034,2382.57,3273.8500000000004,4622.2,116.30000000000001,168.60000000000002,251.35,15.92,21.5,37.74,397.33000000000004,613.1,821.27
Dacryodes rostrata,680,203,196,196,24.05000000000001,26.350000000000023,26.900000000000034,0.2,0.35650000000000004,0.5385,27.850000000000023,30.05000000000001,31.450000000000045,2232.3500000000004,3017.0,4482.85,89.45,144.2,247.85000000000002,14.850000000000001,22.55,44.0,334.05,506.70000000000005,809.6000000000001
Dalbergia bariensis,146,97,90,90,21.150000000000034,25.250000000000057,27.060000000000013,1.1644,2.3205,2.8609000000000004,29.55000000000001,32.700000000000045,35.85000000000002,1039.99,1436.8500000000001,2499.5200000000004,3.0900000000000003,5.7,9.850000000000005,72.59,79.65,92.17000000000002,21.59,29.800000000000004,59.94000000000001
Dalbergia cochinchinensis,59,44,42,42,22.660000000000036,26.200000000000045,27.940000000000044,0.7220000000000002,1.4035,2.2637,29.860000000000024,32.700000000000045,34.950000000000045,1245.4700000000003,2000.4,3348.3599999999997,3.4400000000000004,6.4,11.77,72.7,78.55000000000001,95.79,21.52,39.85000000000001,70.68
Dalbergia latifolia,227,154,125,125,22.05000000000001,24.05000000000001,26.510000000000026,0.9178000000000001,1.436,4.745200000000002,30.05000000000001,32.950000000000045,36.290000000000056,807.2,1802.8000000000002,3564.4,1.0,4.3,25.660000000000018,69.32,95.60000000000001,130.56,8.5,28.6,117.82000000000008
Dalbergia ovata,126,72,68,68,18.22000000000005,23.200000000000045,27.08000000000002,1.4519,3.2445000000000004,3.7801000000000005,26.750000000000057,30.950000000000045,36.290000000000056,1010.16,1601.3000000000002,3054.6800000000007,1.31,8.95,17.59,73.89,81.55000000000001,102.04000000000002,10.610000000000001,39.95,70.05000000000005
Daphniphyllum pentandrum,3604,2160,1170,1170,16.150000000000034,20.150000000000034,22.450000000000045,3.3889,4.612,7.6402,23.950000000000045,28.650000000000034,32.25000000000006,1532.8200000000002,2922.8,4327.39,29.490000000000002,54.05,214.60000000000002,30.490000000000002,55.55,83.03000000000004,108.64,197.2,769.3400000000001
Debregeasia longifolia,996,498,434,434,13.580000000000018,18.450000000000045,24.05000000000001,0.42330000000000007,3.4645,6.8067,21.38000000000003,26.250000000000057,31.420000000000037,1002.46,1629.35,3632.04,6.53,19.400000000000002,112.31,37.96,71.5,89.82,30.660000000000004,84.10000000000001,378.33
Dialium indum,204,117,112,112,24.280000000000054,26.400000000000034,26.850000000000023,0.198,0.366,0.536,28.180000000000035,30.450000000000045,31.250000000000057,2224.26,3004.25,4386.070000000001,98.82000000000001,143.7,255.63000000000005,15.3,20.800000000000004,37.78000000000001,352.27000000000004,514.1500000000001,811.19
Dialium platysepalum,346,100,97,97,24.57000000000004,26.450000000000045,26.950000000000045,0.20160000000000003,0.35,0.47440000000000004,28.710000000000047,30.450000000000045,31.250000000000057,2227.5400000000004,2782.7000000000003,4572.88,97.8,141.5,231.60000000000002,14.480000000000002,22.3,41.34,367.1,486.90000000000003,775.0200000000001
Dillenia excelsa,388,305,257,257,24.710000000000047,26.250000000000057,26.790000000000045,0.20260000000000003,0.41100000000000003,0.5354,28.710000000000047,30.450000000000045,31.350000000000023,2290.82,3008.5,4367.340000000001,111.44000000000001,142.8,242.92000000000004,15.160000000000002,22.700000000000003,41.10000000000001,396.8,507.6,789.72
Dillenia eximia,72,44,41,41,25.150000000000034,26.650000000000034,26.850000000000023,0.195,0.397,0.5690000000000001,28.750000000000057,29.850000000000023,31.05000000000001,2211.8,2657.4,3869.9,97.0,137.0,224.10000000000002,14.700000000000001,22.8,36.2,369.70000000000005,507.8,712.9000000000001
Dimocarpus longan,2174,1173,780,780,20.650000000000034,22.950000000000045,26.66000000000004,0.9259000000000001,2.9110000000000005,5.397900000000001,28.55000000000001,30.350000000000023,33.75000000000006,1344.2700000000002,2237.2,4279.650000000001,3.6,24.75,44.10000000000002,54.080000000000005,76.6,109.14000000000001,25.990000000000002,95.35000000000001,173.85000000000005
Diospyros areolata,129,86,78,78,24.02000000000002,26.55000000000001,26.980000000000036,0.2705,0.4315,0.6925,28.26000000000002,30.250000000000057,31.450000000000045,2222.84,3216.4000000000005,4078.42,50.57,135.85,225.22,18.01,28.05,67.58999999999999,220.17000000000002,485.95000000000005,724.39
Diospyros discolor,153,112,98,98,22.55000000000001,24.450000000000045,27.280000000000047,0.39640000000000003,2.382,3.7201,27.160000000000053,28.650000000000034,31.640000000000015,2008.7800000000002,2592.75,3717.41,17.14,42.35000000000001,159.83,30.970000000000002,77.25,93.43,56.92,137.65,548.0699999999999
Diospyros evena,34,25,25,25,21.95000000000006,26.55000000000001,26.850000000000023,0.22960000000000003,0.401,0.4676,26.61000000000004,30.05000000000001,31.250000000000057,2041.2400000000002,3891.0,5139.340000000001,89.96000000000001,209.20000000000002,306.62000000000006,16.12,25.900000000000002,34.82,340.6000000000001,662.5,991.9400000000002
Diospyros glandulosa,155,112,97,97,18.850000000000023,25.150000000000034,27.55000000000001,1.1616000000000002,2.2520000000000002,2.7828,27.55000000000001,32.35000000000002,35.43000000000004,1089.2800000000002,1425.5,2335.8600000000015,3.8600000000000003,6.2,11.620000000000003,71.3,77.30000000000001,88.14,22.3,32.300000000000004,51.66000000000001
Diospyros japonica,507,321,287,287,13.410000000000036,16.450000000000045,21.190000000000047,4.2632,7.356,8.1494,26.150000000000034,28.250000000000057,33.05000000000001,1475.3,2053.7000000000003,3083.2000000000003,41.32000000000001,61.5,135.88000000000005,29.160000000000004,44.7,58.900000000000006,147.42000000000002,227.0,433.6
Diospyros kaki,2638,828,778,778,13.850000000000023,17.55000000000001,21.880000000000038,4.163,7.162000000000001,8.717200000000002,25.55000000000001,30.750000000000057,32.75000000000006,803.8500000000001,1536.4,2211.660000000001,6.870000000000001,32.95,58.21000000000005,43.870000000000005,60.75,86.76000000000002,27.44,125.5,232.26000000000002
Diospyros siamang,22,13,12,12,26.100000000000012,26.700000000000045,27.030000000000012,0.2126,0.45299999999999996,0.5362,29.390000000000025,30.250000000000057,31.710000000000054,2571.6200000000003,2971.05,3961.05,102.85000000000001,136.8,212.97000000000003,20.930000000000003,34.0,37.980000000000004,368.52,483.5,676.6800000000001
Dipterocarpus applanatus,36,19,18,18,23.75000000000001,26.250000000000057,26.850000000000023,0.2831,0.4650000000000001,0.5052,28.190000000000044,30.100000000000023,30.950000000000045,2481.3,3190.75,4295.05,123.59000000000002,136.7,219.81000000000003,18.78,28.25,38.82000000000001,455.29,492.0,694.59
Dipterocarpus baudii,41,29,28,28,23.57000000000005,26.650000000000034,27.110000000000024,0.34990000000000004,0.44400000000000006,0.8333,27.39000000000005,30.750000000000057,32.63000000000004,2098.19,2892.5,5093.31,23.790000000000003,120.85000000000001,288.6,19.17,26.950000000000003,64.83000000000001,113.11000000000001,496.55,975.9100000000001
Dipterocarpus caudiferus,150,64,64,64,24.310000000000052,26.350000000000023,26.750000000000057,0.20290000000000002,0.365,0.508,28.37000000000005,29.80000000000004,31.22000000000005,2137.71,2949.2000000000003,4435.34,117.56,134.65,260.65000000000003,14.65,20.150000000000002,36.660000000000004,412.79,496.75,874.2
Dipterocarpus conformis,19,9,9,9,24.430000000000028,25.55000000000001,26.27000000000005,0.3556,0.376,0.44480000000000003,28.95000000000001,30.05000000000001,30.670000000000037,2524.6400000000003,3800.9,4884.0599999999995,112.36000000000001,237.9,321.52000000000004,15.84,18.900000000000002,23.42,420.92,770.5,981.52
Dipterocarpus cornutus,341,31,31,31,25.950000000000045,26.450000000000045,27.05000000000001,0.193,0.30400000000000005,0.652,29.05000000000001,30.750000000000057,31.950000000000045,2012.1000000000001,2488.5,2927.7000000000003,88.9,119.10000000000001,175.10000000000002,15.5,24.900000000000002,35.2,334.3,463.70000000000005,534.0
Dipterocarpus costatus,42,38,33,33,22.110000000000014,25.55000000000001,27.730000000000054,0.5102,1.209,2.714,28.210000000000036,31.150000000000034,34.71000000000006,1414.0,2538.4,3325.44,3.5200000000000005,8.1,53.04000000000001,51.32,77.5,94.54,23.34,46.300000000000004,245.76000000000005
Dipterocarpus dyeri,19,12,10,10,25.510000000000012,26.85000000000005,27.500000000000046,0.6796000000000001,0.8255000000000001,0.9688999999999999,30.710000000000026,32.400000000000034,34.13000000000007,1939.66,2312.95,3045.37,9.450000000000001,38.05,95.93999999999998,41.940000000000005,54.550000000000004,75.42,46.220000000000006,182.70000000000002,384.11
Dipterocarpus gracilis,292,164,162,162,23.770000000000056,26.00000000000003,26.950000000000045,0.2675,0.7164999999999999,1.108,27.750000000000057,29.150000000000034,31.440000000000044,2320.89,2967.7000000000003,4839.46,11.110000000000001,101.5,212.59000000000003,18.79,46.150000000000006,89.12000000000002,50.92000000000001,358.20000000000005,738.6300000000001
Dipterocarpus indicus,165,65,53,53,22.470000000000038,23.850000000000023,25.930000000000042,0.9420000000000001,1.141,1.3048000000000002,29.810000000000038,32.150000000000034,34.610000000000035,1782.5200000000002,3296.9,5802.980000000003,2.1000000000000005,12.700000000000001,31.980000000000008,57.900000000000006,89.10000000000001,132.68,18.48,62.7,160.88000000000002
Dipterocarpus kunstleri,151,70,69,69,24.610000000000035,26.450000000000045,26.950000000000045,0.20500000000000002,0.376,0.5908000000000001,28.650000000000034,30.150000000000034,31.450000000000045,2005.38,2740.9,3907.9200000000005,97.8,139.0,236.28000000000006,13.980000000000002,21.200000000000003,40.74,345.92,497.3,811.5200000000001
Dipterocarpus oblongifolius,152,90,84,84,24.310000000000052,26.200000000000045,26.72000000000005,0.19630000000000003,0.3695,0.7834000000000001,28.750000000000057,30.55000000000001,31.690000000000044,2458.48,3287.6000000000004,4719.97,102.6,172.20000000000002,284.91,15.620000000000001,19.950000000000003,37.25,387.02000000000004,575.9,914.3700000000001
Dipterocarpus turbinatus,45,32,31,31,20.150000000000034,25.150000000000034,27.05000000000001,0.79,1.909,3.628,27.650000000000034,31.150000000000034,34.950000000000045,1305.5,2451.4,3131.2000000000003,3.3000000000000003,7.0,17.3,74.10000000000001,80.30000000000001,95.10000000000001,18.7,41.5,86.60000000000001
Dipterocarpus zeylanicus,14,10,9,9,23.310000000000024,24.150000000000034,26.970000000000038,0.5630000000000001,0.647,0.8370000000000001,28.390000000000043,29.650000000000034,31.85000000000006,1988.1000000000001,2189.5,3469.9800000000005,57.660000000000004,102.2,163.56,30.18,44.2,53.7,230.24,368.3,577.4
Dracontomelon dao,960,554,508,508,23.950000000000045,26.250000000000057,26.950000000000045,0.195,0.452,0.9210000000000003,27.55000000000001,29.750000000000057,31.350000000000023,1940.24,2815.7,4115.400000000001,24.37,133.05,219.69000000000003,14.9,27.700000000000003,65.51,113.27000000000001,460.70000000000005,725.0600000000001
Dryobalanops beccarii,192,87,87,87,25.210000000000047,26.250000000000057,26.850000000000023,0.19660000000000002,0.355,0.524,28.810000000000038,30.250000000000057,30.990000000000034,2280.02,3383.8,4697.04,109.14,187.70000000000002,271.28000000000003,15.700000000000001,20.700000000000003,56.38000000000001,393.3,587.7,860.74
Dryobalanops keithii,11,7,7,7,25.810000000000038,26.350000000000023,26.57000000000005,0.2436,0.391,0.5068,29.53000000000002,31.150000000000034,31.450000000000045,1961.2200000000003,2638.9,3232.96,111.70000000000002,132.8,152.04000000000002,13.8,19.6,27.96,394.3,462.3,543.5
Dryobalanops lanceolata,139,75,73,73,24.950000000000045,26.350000000000023,26.850000000000023,0.21480000000000002,0.3940000000000001,0.5282,28.77000000000005,30.150000000000034,31.350000000000023,1974.5800000000002,2815.5,4176.16,104.92000000000002,133.1,264.24,13.940000000000001,18.2,34.8,375.20000000000005,482.40000000000003,864.12
Dryobalanops oblongifolia,92,53,47,47,24.790000000000045,26.350000000000023,26.850000000000023,0.21580000000000002,0.4,0.6335999999999999,28.770000000000028,30.250000000000057,31.27000000000004,2567.6600000000003,2968.5,4918.54,103.20000000000002,147.6,273.38000000000005,19.720000000000002,25.900000000000002,43.46,353.40000000000003,511.90000000000003,901.02
Dryobalanops sumatrensis,131,85,75,75,24.450000000000045,26.350000000000023,26.750000000000057,0.338,0.403,0.5494000000000002,27.83000000000005,29.850000000000023,30.850000000000023,2759.7000000000003,3478.6000000000004,4469.400000000001,133.46,177.4,263.08000000000004,18.14,24.0,55.94000000000011,466.14000000000004,670.0,901.4600000000002
Drypetes venusta,243,75,61,61,20.850000000000023,22.350000000000023,25.450000000000045,0.9790000000000001,1.099,1.6280000000000001,27.750000000000057,31.350000000000023,34.450000000000045,1567.4,3879.6000000000004,5065.6,1.0,6.0,32.800000000000004,58.300000000000004,108.5,138.6,8.700000000000001,40.5,140.3
Duabanga moluccana,384,255,235,235,21.09000000000002,25.950000000000045,26.810000000000034,0.185,0.345,0.681,25.430000000000017,29.450000000000045,31.150000000000034,2081.5,2903.3,4286.9,80.00000000000001,155.3,245.5,12.720000000000002,20.200000000000003,48.8,279.64000000000004,526.1,806.6
Durio carinatus,48,20,20,20,25.870000000000044,26.55000000000001,26.870000000000022,0.3113,0.41500000000000004,0.5571000000000002,28.830000000000023,30.55000000000001,31.370000000000022,2561.9400000000005,3303.25,4698.870000000001,100.47,176.45000000000002,243.19000000000005,17.75,27.35,48.74000000000001,383.93,592.1,774.44
Durio griffithii,331,160,149,149,23.45000000000001,26.250000000000057,26.850000000000023,0.19680000000000003,0.34800000000000003,0.5434000000000001,27.930000000000042,30.05000000000001,31.250000000000057,2271.92,2898.5,4628.960000000001,110.32000000000001,151.9,253.34000000000017,15.4,20.400000000000002,35.620000000000005,383.44,521.0,837.1000000000005
Durio zibethinus,94,70,69,69,23.33000000000003,26.350000000000023,26.950000000000045,0.30760000000000004,0.431,0.5866000000000002,27.67000000000005,29.850000000000023,31.350000000000023,2432.52,3229.8,4484.56,87.10000000000001,144.0,253.24000000000004,18.2,25.200000000000003,37.28,338.18000000000006,504.5,855.44
Dyera costulata,236,97,89,89,23.710000000000047,26.55000000000001,26.950000000000045,0.21080000000000002,0.39,0.557,28.25000000000002,30.150000000000034,31.370000000000026,2418.04,2903.3,4569.26,106.04,138.5,244.38000000000002,16.5,24.200000000000003,38.32000000000001,376.74000000000007,504.40000000000003,894.14
Dyera polyphylla,33,21,21,21,25.950000000000045,26.450000000000045,26.950000000000045,0.21400000000000002,0.345,0.431,29.250000000000057,30.250000000000057,31.55000000000001,2956.8,3277.3,3962.6000000000004,105.4,143.5,213.3,22.3,30.900000000000002,38.2,368.8,517.8000000000001,714.3000000000001
Elaeocarpus floribundus,124,85,80,80,21.330000000000023,25.250000000000057,27.05000000000001,0.28640000000000004,0.5650000000000001,2.7836000000000007,27.330000000000023,30.150000000000034,33.77000000000006,1283.5900000000001,2566.6000000000004,4421.1900000000005,4.890000000000001,52.3,220.94000000000003,18.47,56.45,81.36000000000001,30.490000000000002,200.05,767.9700000000003
Elaeocarpus lanceifolius,177,113,93,93,11.570000000000016,15.950000000000045,25.730000000000054,1.4742,4.0520000000000005,5.328,20.250000000000057,23.850000000000023,33.97000000000006,1069.3200000000002,1763.2,2891.94,4.6000000000000005,18.0,33.42,47.300000000000004,75.7,93.38000000000001,24.26,80.60000000000001,151.98000000000002
Elaeocarpus obtusus,48,39,35,35,21.73000000000003,26.250000000000057,26.650000000000034,0.19580000000000003,0.35,0.8658000000000002,26.33000000000003,30.55000000000001,31.850000000000023,2161.4,3195.4,5127.4400000000005,53.000000000000014,154.20000000000002,311.22,15.74,23.5,52.660000000000004,188.12000000000003,526.2,975.32
Elaeocarpus serratus,172,142,113,113,19.790000000000056,22.450000000000045,26.650000000000034,0.5498000000000001,1.0610000000000002,1.4309999999999998,27.13000000000002,29.450000000000045,33.190000000000055,1636.0000000000002,3176.5,4299.5199999999995,4.860000000000001,30.3,100.59999999999995,36.64,65.8,110.16,36.2,137.20000000000002,363.1999999999998
Elaeocarpus sylvestris,795,271,262,262,17.450000000000045,20.200000000000045,22.950000000000045,3.9139,5.97,7.929,27.460000000000043,31.250000000000057,33.340000000000025,1329.1200000000001,1734.8000000000002,2386.26,14.610000000000001,36.9,51.03000000000001,49.620000000000005,62.95,80.24000000000001,64.34,138.3,210.88
Elaeocarpus tuberculatus,392,238,122,122,19.580000000000013,21.80000000000004,24.720000000000056,0.9791000000000001,1.076,1.2730000000000001,27.090000000000014,29.400000000000034,33.04000000000001,1754.26,3756.15,4676.1900000000005,4.3,28.900000000000002,34.690000000000005,60.51,70.25,114.78000000000002,30.910000000000004,133.8,157.8
Endospermum diadenum,296,168,163,163,23.690000000000033,26.450000000000045,27.05000000000001,0.21,0.38800000000000007,0.5526000000000001,27.350000000000023,29.950000000000045,31.13000000000003,2418.6,3072.1000000000004,4099.820000000001,88.12,143.20000000000002,225.94,17.84,24.900000000000002,51.46000000000002,359.90000000000003,526.5,789.3000000000001
Engelhardia spicata,1057,437,396,396,14.950000000000045,20.05000000000001,25.350000000000023,0.392,3.3640000000000003,5.207000000000001,21.850000000000023,27.450000000000045,31.850000000000023,1057.6,1990.5,3586.1500000000005,6.5,17.35,121.9,34.2,76.4,99.0,33.6,72.05000000000001,424.85
Erythrina stricta,139,112,104,104,17.150000000000034,22.650000000000034,26.450000000000045,1.1352000000000002,2.1550000000000002,4.2155,24.51000000000004,31.150000000000034,35.06000000000003,1149.8700000000001,2176.1000000000004,4169.250000000001,0.9,8.45,24.940000000000005,71.36,85.0,142.67000000000002,5.300000000000001,39.800000000000004,103.69000000000001
Erythrina subumbrans,403,120,104,104,19.280000000000047,22.950000000000017,26.620000000000026,0.3336,0.8935000000000001,2.6572000000000005,24.610000000000024,29.05000000000004,32.020000000000024,1483.9,3066.6500000000005,4453.400000000001,6.760000000000001,34.85,185.96,23.65,61.6,81.07000000000001,39.2,156.9,598.0200000000001
Erythrophleum fordii,38,17,17,17,19.650000000000045,22.55000000000001,23.610000000000035,4.397,5.02,5.671600000000001,27.150000000000055,31.250000000000057,31.890000000000033,1644.88,2037.2,2664.88,25.32,33.2,50.24000000000001,62.580000000000005,67.2,81.12,94.32000000000001,130.4,183.9
Eucalyptus alba,1102,879,685,685,23.950000000000045,26.750000000000057,27.55000000000001,0.7242000000000001,1.495,2.6326000000000005,28.950000000000045,35.35000000000002,36.85000000000002,1084.96,1407.5,1821.1200000000001,0.6000000000000001,1.1,15.200000000000001,76.44,105.2,112.9,4.3,6.2,63.400000000000006
Eucalyptus camaldulensis,63357,43014,21780,21780,13.250000000000057,15.550000000000011,22.55000000000001,3.346,4.484,5.88,25.05000000000001,28.950000000000045,35.75000000000006,287.90000000000003,544.7,741.0,5.6000000000000005,20.700000000000003,36.2,16.7,29.8,76.7,25.400000000000002,73.3,117.71000000000022
Eucalyptus deglupta,248,148,117,117,17.650000000000023,25.450000000000045,27.390000000000033,0.1656,0.40700000000000003,0.905,22.03000000000002,28.250000000000057,30.850000000000023,1981.74,2613.0,4010.1400000000012,29.700000000000014,132.70000000000002,207.72000000000003,15.260000000000002,28.700000000000003,74.16000000000005,115.96000000000004,430.5,691.1800000000003
Eucalyptus grandis,4436,3324,2242,2242,16.850000000000023,18.350000000000023,19.950000000000045,3.0423,3.5420000000000003,3.918,25.150000000000034,26.450000000000045,28.350000000000023,1099.56,1412.6000000000001,1753.8300000000002,39.2,55.1,66.7,25.5,39.6,45.800000000000004,127.10000000000001,178.5,219.59000000000003
Eucalyptus pellita,383,253,201,201,21.950000000000045,23.450000000000045,24.650000000000034,1.7710000000000001,2.314,2.827,27.150000000000034,28.650000000000034,29.750000000000057,1520.2,2088.0,3263.2000000000003,10.3,36.2,82.9,67.8,86.7,100.4,47.800000000000004,120.2,264.90000000000003
Eucalyptus pilularis,13610,9822,5198,5198,15.850000000000023,17.650000000000034,19.450000000000045,3.056,3.438,4.0063,23.650000000000034,25.650000000000034,27.850000000000023,944.2,1229.9,1569.0,44.800000000000004,58.1,67.7,18.900000000000002,29.35,42.800000000000004,148.87,190.5,226.83000000000004
Eucalyptus tereticornis,24155,16544,10670,10670,14.750000000000057,17.900000000000034,21.450000000000045,3.022,3.841,4.36,24.850000000000023,27.850000000000023,30.150000000000034,699.8900000000001,951.6500000000001,1429.0300000000002,27.200000000000003,42.6,59.800000000000004,20.900000000000002,34.9,55.400000000000006,90.89000000000001,139.6,198.3
Eucalyptus urophylla,2,2,2,2,21.820000000000032,22.50000000000003,23.180000000000025,0.8149000000000001,0.8385,0.8621000000000001,27.460000000000043,27.50000000000003,27.540000000000013,1279.1000000000001,1544.7,1810.3000000000002,11.67,12.75,13.830000000000002,76.48,76.80000000000001,77.12,55.95,60.150000000000006,64.35000000000001
Euonymus angulatus,22,13,12,12,20.410000000000025,21.850000000000023,25.940000000000033,0.9276000000000001,1.0545,1.4427,28.130000000000013,29.450000000000017,33.340000000000046,1434.5600000000002,2830.75,4051.8500000000004,11.71,16.8,36.38,64.46000000000001,78.95,84.80000000000001,61.00000000000001,92.15,137.19000000000003
Eusideroxylon zwageri,256,138,128,128,24.750000000000057,26.250000000000057,26.750000000000057,0.193,0.3185,0.5032,28.950000000000045,30.250000000000057,31.250000000000057,2091.9300000000003,2884.8500000000004,4165.76,109.92,142.9,229.56,13.4,19.700000000000003,35.39,382.42,490.70000000000005,733.2600000000001
Fagraea crenulata,21,19,15,15,26.470000000000027,26.850000000000023,26.950000000000045,0.3356,0.533,0.8213999999999999,28.73000000000003,30.650000000000034,32.25000000000006,2202.82,2547.8,3019.32,38.96,118.0,161.68,23.16,24.0,53.68,198.94000000000003,498.8,541.88
Fagraea fragrans,395,303,240,240,24.910000000000043,26.750000000000057,27.150000000000034,0.3268000000000001,0.5105,1.0850999999999995,28.650000000000034,30.150000000000034,32.650000000000034,1814.2900000000002,2579.5,3492.67,8.290000000000001,121.95,181.9,20.200000000000003,26.6,78.23,48.23000000000001,476.3,587.29
Falcataria moluccana,208,149,123,123,16.470000000000038,24.250000000000057,26.450000000000045,0.16699999999999998,0.361,0.702,20.950000000000045,27.450000000000045,29.63000000000003,1981.2000000000003,3099.4,4296.08,78.24000000000001,161.5,264.38,13.140000000000002,25.700000000000003,41.86,272.8,529.4,839.16
Ficus altissima,539,292,229,229,17.450000000000045,23.05000000000001,27.250000000000057,0.6086000000000001,3.4930000000000003,5.1572000000000005,25.63000000000003,30.150000000000034,33.05000000000001,1018.6,1708.8000000000002,2758.28,6.080000000000001,15.700000000000001,39.1,59.74,76.4,85.7,30.34,66.10000000000001,163.82000000000002
Ficus beddomei,47,38,34,34,20.51000000000004,21.700000000000045,23.55000000000001,0.9915,1.0380000000000003,1.2119,27.940000000000026,29.400000000000034,31.830000000000034,2580.82,3881.25,4470.04,9.260000000000002,30.0,34.02,62.85,69.85,98.69999999999999,56.11,138.3,156.93
Ficus benjamina,2782,2238,1783,1783,20.150000000000034,24.55000000000001,27.05000000000001,0.44900000000000007,2.388,4.615,27.350000000000023,30.05000000000001,37.450000000000045,905.84,1813.9,3171.1400000000003,1.9000000000000001,26.5,143.64000000000001,25.520000000000003,77.5,111.89999999999998,11.940000000000005,99.5,508.7
Ficus fistulosa,1929,1458,1066,1066,19.850000000000023,22.450000000000045,26.750000000000057,0.361,3.418,4.7765,25.55000000000001,29.150000000000034,31.250000000000057,2009.9500000000003,2922.3500000000004,4360.8,23.35,94.15,222.90000000000003,23.0,46.5,85.0,90.95,338.3,776.5
Ficus glaberrima,765,298,278,278,15.750000000000057,19.700000000000045,25.710000000000033,0.8882000000000001,4.736000000000001,7.510400000000001,24.320000000000032,30.00000000000003,32.78000000000005,1058.48,1536.15,2705.1800000000003,7.970000000000001,23.200000000000003,48.6,54.68000000000001,72.45,83.43,39.47,88.65,197.60000000000002
Ficus heteropleura,563,370,306,306,19.85000000000005,25.750000000000057,26.850000000000023,0.2705,0.5415000000000001,2.3600000000000003,24.75000000000003,29.55000000000001,31.750000000000057,1915.45,2835.3500000000004,4377.950000000001,17.1,121.4,215.65000000000003,18.0,33.4,78.95,65.80000000000001,426.70000000000005,715.95
Ficus hispida,3108,2413,1839,1839,21.450000000000045,25.650000000000034,27.350000000000023,0.557,2.253,4.787800000000001,28.150000000000034,30.850000000000023,36.450000000000045,1139.78,2021.3000000000002,3305.46,0.9,16.900000000000002,83.52000000000007,45.7,82.60000000000001,124.82000000000004,5.9,69.5,283.3200000000002
Ficus nervosa,1736,1338,864,864,20.05000000000001,22.05000000000001,24.750000000000057,1.0032,3.721,4.787000000000001,26.850000000000023,29.150000000000034,31.150000000000034,2098.6800000000003,3037.1500000000005,4382.81,17.430000000000003,52.150000000000006,208.98000000000005,31.520000000000007,63.7,91.5,68.30000000000001,172.15,729.6400000000002
Ficus racemosa,11893,3848,2777,2777,22.21000000000005,26.350000000000023,27.450000000000045,0.9180000000000001,2.116,4.086200000000001,29.05000000000001,33.75000000000006,38.39000000000004,783.34,1410.8000000000002,3128.1000000000004,0.5,4.800000000000001,33.7,58.06,101.7,135.24000000000004,4.3,25.700000000000003,123.04000000000006
Ficus subulata,1470,843,572,572,17.560000000000013,24.55000000000001,26.650000000000034,0.2184,0.5860000000000001,4.057299999999999,23.060000000000013,28.750000000000057,31.150000000000034,1726.8300000000002,2892.5,4013.68,22.110000000000003,129.05,231.85999999999999,13.82,29.85,75.49,89.14000000000001,436.6,767.08
Ficus superba,114,63,55,55,22.37000000000004,26.55000000000001,27.150000000000034,0.4082,0.6030000000000001,1.7226000000000004,27.350000000000023,29.150000000000034,32.43000000000003,1256.0800000000002,2303.3,3160.0400000000004,8.06,28.0,131.70000000000002,24.0,62.800000000000004,80.54,43.92000000000001,128.4,505.14
Ficus variegata,2405,1878,1256,1256,21.350000000000023,23.650000000000034,26.750000000000057,0.32799999999999996,2.373,4.6195,27.250000000000057,28.950000000000045,30.850000000000023,1915.0,2693.3,3915.9500000000003,22.5,82.95000000000002,199.75,21.450000000000003,52.45,86.30000000000001,87.60000000000001,288.15,652.95
Filicium decipiens,509,412,340,340,18.140000000000033,23.350000000000023,26.750000000000057,0.9249,1.7680000000000002,2.8110000000000004,25.430000000000046,30.80000000000004,37.150000000000034,798.2600000000001,1066.4,2634.450000000001,1.7000000000000002,11.3,66.33,56.730000000000004,78.9,110.03,12.080000000000002,47.5,239.31000000000014
Garcinia bancana,94,69,68,68,21.120000000000026,26.200000000000045,26.950000000000045,0.24280000000000002,0.3775,0.4892000000000001,26.02000000000002,30.200000000000045,31.250000000000057,2646.09,3508.6000000000004,4662.790000000001,115.34000000000002,181.8,248.13000000000005,16.14,21.400000000000002,43.44000000000003,395.39000000000004,593.05,851.7300000000001
Garcinia gummi-gutta,228,180,144,144,21.250000000000057,23.400000000000034,26.720000000000052,0.9726000000000001,1.1635,1.4352000000000005,29.05000000000001,31.55000000000001,34.25000000000006,1861.8300000000002,3395.55,5049.720000000001,1.1,8.600000000000001,31.6,60.53,92.5,130.44,11.96,49.150000000000006,146.0900000000001
Garcinia hombroniana,31,24,24,24,20.910000000000053,26.80000000000004,27.250000000000057,0.3832,0.5325,0.7711,25.51000000000002,29.850000000000023,32.69000000000004,2070.03,2542.0,3277.63,28.45,116.85,190.07000000000002,21.45,25.35,51.89,149.87,467.35,632.5
Garcinia oblongifolia,325,170,147,147,21.610000000000024,22.650000000000034,23.950000000000045,3.5764000000000005,4.684,5.642600000000001,28.55000000000001,30.05000000000001,31.690000000000044,1607.3600000000001,2173.5,2549.0000000000005,15.88,25.8,37.18000000000001,65.02000000000001,77.7,83.44,75.46000000000001,99.9,148.76000000000002
Garuga floribunda,521,342,279,279,22.410000000000046,25.650000000000034,27.150000000000034,0.397,1.175,2.6260000000000003,27.05000000000001,29.450000000000045,34.33000000000006,1187.5000000000002,1873.3000000000002,3296.7200000000007,0.4,22.8,154.3600000000002,24.220000000000002,76.80000000000001,115.30000000000001,9.620000000000001,91.60000000000001,512.7800000000004
Glochidion kerrii,22,18,18,18,21.790000000000028,25.80000000000001,27.54000000000005,1.6122,2.5115,2.8424000000000005,30.930000000000017,34.25000000000003,36.480000000000054,1014.8100000000002,1346.8000000000002,1568.4,3.04,4.950000000000001,7.7700000000000005,73.78,80.5,83.16000000000001,20.080000000000002,29.450000000000003,41.480000000000004
Glochidion rubrum,3162,2586,1641,1641,18.450000000000045,22.250000000000057,26.150000000000034,0.452,3.465,4.668,25.150000000000034,28.250000000000057,30.650000000000034,2047.1000000000001,2970.5,4287.7,28.5,83.2,212.8,22.1,50.400000000000006,90.10000000000001,97.9,308.20000000000005,759.5
Glochidion sphaerogynum,311,160,151,151,17.250000000000057,21.350000000000023,25.150000000000034,2.1220000000000003,3.5620000000000003,5.572,24.55000000000001,29.450000000000045,32.75000000000006,1033.0,1519.9,2269.3,5.6000000000000005,13.600000000000001,25.0,69.8,76.80000000000001,85.30000000000001,31.6,52.5,102.5
Gmelina arborea,4233,833,640,640,22.05000000000001,26.150000000000034,27.05000000000001,0.9129000000000002,1.9185,4.2662,29.650000000000034,32.55000000000001,38.36000000000003,869.47,2110.4,3648.4500000000003,0.7000000000000001,6.7,19.1,65.60000000000001,87.60000000000001,141.71,3.5,35.2,98.13000000000001
Gonystylus affinis,37,21,21,21,25.450000000000045,26.250000000000057,26.850000000000023,0.20900000000000002,0.382,0.496,29.250000000000057,30.450000000000045,30.950000000000045,2341.0,3531.2000000000003,4656.1,128.9,183.20000000000002,233.9,15.5,20.200000000000003,51.1,450.90000000000003,583.9,820.1
Gonystylus bancanus,107,52,51,51,25.750000000000057,26.55000000000001,27.05000000000001,0.28700000000000003,0.3990000000000001,0.515,28.650000000000034,30.450000000000045,31.450000000000045,2519.6000000000004,3373.8,4246.0,105.80000000000001,178.20000000000002,222.20000000000002,18.400000000000002,27.1,38.400000000000006,402.8,599.1,748.3000000000001
Gymnacranthera farquhariana,1051,496,451,451,22.750000000000057,25.950000000000045,26.850000000000023,0.193,0.43200000000000005,0.755,26.450000000000045,29.05000000000001,30.750000000000057,2133.7000000000003,3016.8,4392.2,73.3,156.8,239.4,13.5,25.200000000000003,47.7,263.2,522.9,798.2
Helicia nilagirica,370,126,109,109,16.03000000000002,20.05000000000001,24.31000000000005,1.4844,3.3640000000000003,4.2096,23.430000000000042,28.150000000000034,32.530000000000044,973.0000000000001,1504.6000000000001,2671.52,5.620000000000001,12.700000000000001,23.760000000000012,65.38000000000001,77.5,87.80000000000001,31.740000000000002,51.400000000000006,106.58000000000001
Heritiera javanica,69,62,45,45,24.350000000000023,26.55000000000001,27.410000000000036,0.21100000000000002,0.48300000000000004,1.2426000000000001,28.650000000000034,30.750000000000057,34.85000000000002,1807.42,2587.7000000000003,3529.2000000000007,3.1,75.4,203.00000000000003,16.800000000000004,42.900000000000006,80.7,17.1,340.8,650.6400000000001
Heritiera littoralis,1377,977,784,784,22.850000000000023,24.850000000000023,26.850000000000023,0.4301000000000001,1.5640000000000003,3.804500000000001,27.480000000000036,28.750000000000057,30.650000000000034,1387.9400000000003,2272.0,3562.500000000001,12.830000000000002,44.25,175.22000000000003,22.3,64.65,90.21000000000002,58.56,161.15,576.1600000000003
Heritiera simplicifolia,126,33,32,32,24.710000000000036,26.450000000000045,26.950000000000045,0.1952,0.41100000000000003,0.5486000000000001,28.55000000000001,30.30000000000004,31.340000000000025,2104.88,2785.6000000000004,3612.8500000000004,108.26,139.15,194.95000000000005,15.52,22.55,40.82000000000002,407.3,512.7,701.6800000000001
Heynea trijuga,1314,616,423,423,16.970000000000038,21.750000000000057,26.55000000000001,0.3914,1.443,5.287800000000001,24.470000000000038,29.55000000000001,32.450000000000045,1160.2600000000002,2227.8,4067.9600000000005,4.6000000000000005,26.5,149.00000000000003,21.700000000000003,69.9,92.54000000000002,27.860000000000003,114.7,499.4200000000001
Hibiscus tiliaceus,12073,11142,6376,6376,20.650000000000034,24.05000000000001,26.950000000000045,0.47100000000000003,1.685,4.2575,26.150000000000034,28.55000000000001,30.950000000000045,1047.25,1881.5,3398.8500000000004,7.0,43.900000000000006,150.25,24.200000000000003,47.6,96.5,36.0,158.95,525.8000000000001
Holigarna nigra,298,166,88,88,19.820000000000032,21.200000000000045,22.51000000000004,0.9882000000000001,1.0985,1.3893,26.950000000000045,28.900000000000034,31.08000000000002,1545.9,3594.6000000000004,4566.92,5.530000000000001,30.25,36.26,63.34,68.55,111.69000000000001,36.77,136.5,157.98000000000002
Holoptelea integrifolia,1793,860,579,579,23.950000000000045,26.250000000000057,27.250000000000057,1.1784000000000001,2.818,5.8882,32.150000000000034,36.650000000000034,40.150000000000034,720.8000000000001,961.8000000000001,2795.0400000000004,0.7000000000000001,4.3,12.860000000000014,72.18,113.2,147.8,2.8000000000000003,20.1,60.34000000000001
Homalium caryophyllaceum,119,87,81,81,25.650000000000034,26.450000000000045,26.950000000000045,0.21,0.3990000000000001,0.531,29.250000000000057,30.650000000000034,31.650000000000034,2084.4,3063.6000000000004,3896.3,85.60000000000001,132.8,229.20000000000002,17.400000000000002,25.1,44.300000000000004,322.5,483.5,724.4000000000001
Hopea beccariana,123,81,79,79,22.55000000000001,26.150000000000034,26.850000000000023,0.22780000000000003,0.392,0.525,27.010000000000012,30.350000000000023,31.27000000000005,2199.12,3234.0,4616.64,102.84,158.10000000000002,263.8000000000001,15.48,21.1,42.52000000000001,360.6,532.1,927.62
Hopea ferrea,56,49,41,41,23.250000000000057,25.950000000000045,27.450000000000045,0.585,1.2280000000000002,2.2640000000000002,29.55000000000001,32.450000000000045,34.85000000000002,1232.4,2002.4,2775.5,3.3000000000000003,6.6000000000000005,46.2,46.5,73.60000000000001,87.9,17.6,39.0,241.70000000000002
Hopea ferruginea,85,49,48,48,23.860000000000042,26.450000000000045,26.780000000000047,0.20050000000000004,0.38550000000000006,0.5572000000000003,28.470000000000027,30.150000000000034,31.55000000000001,2280.21,2872.2000000000003,4552.67,102.02000000000001,134.15,273.50000000000006,15.540000000000001,23.35,39.64000000000001,351.32000000000005,481.8,865.2
Hopea kerangasensis,31,19,19,19,25.53000000000004,26.350000000000023,26.570000000000014,0.25560000000000005,0.458,0.5424,28.550000000000058,30.350000000000023,30.850000000000023,2830.5000000000005,4130.900000000001,4704.46,124.30000000000001,189.9,237.27999999999997,23.26,48.0,59.52,407.46,583.9,746.0199999999999
Hopea mengarawan,158,53,52,52,23.690000000000033,26.450000000000045,26.950000000000045,0.1953,0.365,0.5849,27.750000000000057,30.250000000000057,31.55000000000001,2357.68,2959.8500000000004,4053.3,96.68,139.35,224.04,16.14,25.150000000000002,44.51,336.4100000000001,487.05,872.6699999999998
Hopea nervosa,158,40,39,39,24.190000000000055,26.250000000000057,26.750000000000057,0.19860000000000003,0.376,0.526,28.210000000000047,30.250000000000057,31.350000000000023,2419.98,3228.8,5057.8,123.16000000000001,159.10000000000002,274.82,15.280000000000001,26.1,46.86000000000001,452.50000000000006,518.6,914.7800000000001
Hopea odorata,123,92,85,85,22.83000000000005,26.55000000000001,27.67000000000004,0.6392,1.067,2.442600000000002,28.750000000000057,31.250000000000057,34.75000000000006,1313.0600000000002,2430.1,3460.8000000000006,3.9000000000000004,9.4,43.28000000000003,54.800000000000004,76.7,94.12,22.96,57.7,205.26000000000036
Hopea parviflora,127,74,54,54,21.850000000000023,23.650000000000034,26.150000000000034,0.9243,1.1515,1.3349000000000002,29.88000000000003,31.900000000000034,34.650000000000034,1739.0000000000002,2984.9500000000003,4189.55,4.930000000000001,20.650000000000002,33.010000000000005,58.160000000000004,73.0,109.97,35.410000000000004,104.15,155.51000000000005
Hopea pubescens,4,3,3,3,26.210000000000036,26.450000000000045,27.010000000000037,0.43540000000000006,0.6890000000000001,0.8426000000000001,30.450000000000056,31.250000000000057,32.13000000000003,2174.46,2973.9,3235.34,103.94000000000001,126.5,149.38000000000002,26.28,27.8,51.0,384.6,439.40000000000003,497.40000000000003
Hopea sangal,231,105,103,103,24.650000000000034,26.450000000000045,26.930000000000042,0.21060000000000004,0.35600000000000004,0.5342,28.05000000000001,30.150000000000034,31.450000000000045,2248.0,2868.6000000000004,3823.4800000000005,87.84,133.70000000000002,184.5,15.200000000000001,25.900000000000002,49.239999999999995,303.86,468.8,610.0600000000001
Horsfieldia amygdalina,77,49,48,48,20.820000000000032,23.30000000000004,27.08000000000002,0.842,2.2535,4.0497000000000005,28.750000000000057,31.35000000000005,34.33000000000004,1194.02,2031.6000000000001,3095.830000000001,3.6700000000000004,9.350000000000001,28.460000000000004,70.69000000000001,76.25,94.93,23.87,48.900000000000006,94.72000000000001
Horsfieldia crassifolia,83,51,49,49,24.690000000000055,26.750000000000057,27.05000000000001,0.2156,0.403,0.5354,28.49000000000002,30.350000000000023,31.390000000000022,2514.6600000000003,3118.6000000000004,3975.28,117.20000000000002,145.4,217.58,18.320000000000004,24.400000000000002,35.5,413.26000000000005,522.9,720.3200000000002
Horsfieldia irya,355,233,214,214,25.110000000000024,26.55000000000001,27.05000000000001,0.2053,0.44700000000000006,0.7983000000000002,27.910000000000018,29.750000000000057,31.720000000000052,2029.2800000000002,2914.3500000000004,3997.9300000000007,24.92,127.05000000000001,217.81,15.3,29.450000000000003,68.06000000000002,126.41000000000001,467.75,719.5
Horsfieldia megacarpa,65,35,29,29,20.63000000000003,24.650000000000034,27.070000000000014,0.16679999999999998,0.3990000000000001,0.9750000000000001,23.710000000000026,28.650000000000034,30.250000000000057,1646.3000000000002,2628.5,3483.44,57.260000000000005,118.30000000000001,166.98000000000002,15.940000000000001,30.8,50.63999999999999,218.30000000000004,388.20000000000005,548.24
Hovenia dulcis,1337,920,872,872,10.050000000000011,13.250000000000057,17.250000000000057,6.816,8.229500000000002,9.4785,25.250000000000057,27.750000000000057,31.340000000000025,1091.1200000000001,1573.15,2435.1800000000003,16.610000000000003,44.75,127.26,24.200000000000003,48.900000000000006,91.09,62.150000000000006,152.0,420.46
Ilex polyneura,1688,574,501,501,13.850000000000023,17.650000000000034,21.55000000000001,3.4870000000000005,6.1610000000000005,8.023000000000001,23.05000000000001,28.650000000000034,32.150000000000034,1084.7,1716.3000000000002,3194.6000000000004,14.100000000000001,39.300000000000004,73.7,42.6,59.300000000000004,80.2,52.800000000000004,156.10000000000002,274.5
Ilex rotunda,3070,1531,1249,1249,15.350000000000023,19.350000000000023,23.450000000000045,3.1806000000000005,6.093999999999999,7.977200000000001,26.450000000000045,29.250000000000057,32.450000000000045,1474.24,2073.5,3420.2200000000007,25.6,48.800000000000004,178.96,29.1,53.0,82.5,95.92,184.60000000000002,584.6800000000001
Intsia palembanica,212,113,109,109,24.350000000000023,26.250000000000057,26.950000000000045,0.1744,0.403,0.6666000000000001,27.53000000000002,30.250000000000057,31.370000000000026,2120.98,2742.5,3435.04,61.42000000000001,132.1,180.34,16.28,28.200000000000003,47.7,249.02,453.40000000000003,615.32
Irvingia malayana,250,154,145,145,23.09000000000002,25.850000000000023,27.310000000000034,0.33180000000000004,1.322,2.4032,28.850000000000023,31.150000000000034,34.55000000000007,1309.32,2035.3000000000002,3473.18,4.180000000000001,7.9,156.35999999999999,19.620000000000005,76.2,92.28,23.04,43.900000000000006,521.72
Ixora grandifolia,216,146,139,139,23.430000000000042,26.350000000000023,26.950000000000045,0.24600000000000002,0.38,0.5316000000000001,28.13000000000003,30.05000000000001,31.350000000000023,2177.76,2976.5,4478.8,101.14000000000001,142.5,262.30000000000007,14.88,20.6,44.940000000000005,352.72,493.5,846.2200000000001
Khaya ivorensis,253,162,133,133,23.490000000000045,25.55000000000001,26.33000000000003,0.8054,0.9940000000000001,1.2614,28.850000000000023,31.350000000000023,33.83000000000003,1252.42,1954.3000000000002,2953.04,6.340000000000001,16.2,31.9,52.940000000000005,64.8,72.94,39.78,93.2,177.28
Koelreuteria bipinnata,457,298,287,287,15.750000000000057,17.250000000000057,20.350000000000023,5.3594,7.819000000000001,8.6812,26.710000000000047,31.350000000000023,32.950000000000045,995.0,1409.0,1903.4800000000007,12.700000000000001,34.300000000000004,53.5,40.36000000000001,57.2,79.94000000000001,46.1,143.9,224.70000000000002
Kokoona ochracea,55,33,31,31,23.650000000000034,26.250000000000057,26.950000000000045,0.195,0.28700000000000003,0.48,26.950000000000045,29.150000000000034,30.850000000000023,1918.9,2469.6000000000004,3526.6000000000004,25.400000000000002,135.6,224.9,12.100000000000001,16.6,59.300000000000004,101.80000000000001,467.8,719.5
Koompassia excelsa,60,35,35,35,23.970000000000027,26.350000000000023,26.750000000000057,0.20320000000000002,0.314,0.511,28.09000000000002,30.05000000000001,30.970000000000017,1990.0800000000002,2705.0,3996.4400000000005,96.26,145.4,229.14000000000001,13.74,18.5,32.48000000000001,359.26000000000005,509.90000000000003,748.3000000000001
Koompassia malaccensis,280,137,136,136,24.150000000000034,26.150000000000034,26.850000000000023,0.20950000000000002,0.4305,0.659,28.30000000000004,30.400000000000034,31.250000000000057,2164.7,3054.55,4369.3,98.05000000000001,142.05,248.0,16.450000000000003,25.5,44.25,346.95000000000005,498.85,791.85
Lagerstroemia speciosa,6556,2394,1723,1723,23.450000000000045,26.55000000000001,27.450000000000045,0.5382,1.493,4.195200000000001,29.650000000000034,32.75000000000006,37.63000000000004,893.64,2084.5,3266.34,1.1,9.5,113.83999999999999,38.220000000000006,81.60000000000001,128.6,5.960000000000005,45.7,401.07999999999987
Ligustrum lucidum,2673,797,761,761,13.850000000000023,17.05000000000001,20.05000000000001,5.01,7.5520000000000005,8.705,25.150000000000034,30.850000000000023,32.85000000000002,843.8000000000001,1396.5,1932.0,6.5,29.5,52.7,46.300000000000004,61.0,88.9,26.8,113.5,217.20000000000002
Lindera communis,5675,1608,1269,1269,15.650000000000034,19.350000000000023,22.350000000000023,3.4868000000000006,4.712000000000001,7.818200000000001,24.150000000000034,28.650000000000034,32.05000000000001,1087.6200000000001,2061.0,4232.880000000001,13.780000000000001,40.300000000000004,183.20000000000005,39.080000000000005,61.900000000000006,85.60000000000001,53.7,147.1,644.7200000000003
Lindera megaphylla,2027,308,303,303,14.070000000000016,17.350000000000023,20.650000000000034,5.2922,7.3740000000000006,8.347000000000001,25.850000000000023,30.55000000000001,32.93000000000004,923.6000000000001,1442.7,2049.34,7.840000000000001,28.400000000000002,52.38000000000001,46.440000000000005,60.900000000000006,83.48,32.84,105.5,217.10000000000002
Lindera thomsonii,388,189,120,120,12.040000000000015,15.80000000000004,20.780000000000054,3.6215,4.415000000000001,5.4365,20.240000000000055,23.350000000000023,29.250000000000057,979.39,1588.7,2533.2100000000005,11.600000000000001,19.200000000000003,32.32000000000001,46.78,69.6,83.53,43.86000000000001,82.75,150.23000000000002
Liquidambar formosana,3469,2042,1514,1514,15.850000000000023,20.450000000000045,23.05000000000001,3.5536,4.7415,8.170700000000002,26.05000000000001,29.650000000000034,32.450000000000045,1323.56,2241.75,3716.2700000000004,21.630000000000003,43.45,136.7800000000001,38.900000000000006,59.6,83.5,82.43,158.35000000000002,478.63000000000017
Lithocarpus bennettii,153,100,92,92,20.360000000000024,25.80000000000004,26.750000000000057,0.2527,0.369,0.605,24.670000000000034,29.30000000000004,31.040000000000017,2589.96,3550.8500000000004,5482.180000000002,100.65,181.10000000000002,346.9000000000001,17.23,21.950000000000003,47.83000000000003,378.35,626.3000000000001,1067.4500000000003
Lithocarpus dasystachyus,122,73,65,65,24.73000000000003,26.55000000000001,26.910000000000036,0.2194,0.403,0.48660000000000003,28.850000000000023,30.350000000000023,31.250000000000057,3083.2000000000003,3749.4,4613.18,128.68,207.4,249.48000000000002,17.1,23.200000000000003,51.42,448.04,657.6,806.1600000000001
Lithocarpus fenestratus,643,313,286,286,13.200000000000017,19.950000000000045,24.50000000000003,1.3370000000000002,3.9385000000000003,5.9225,20.650000000000034,27.600000000000023,32.05000000000001,1150.5500000000002,1766.75,2833.4500000000003,7.5,17.900000000000002,41.650000000000006,54.85,73.4,87.9,37.45,86.6,163.85000000000002
Lithocarpus glaber,2038,938,728,728,15.850000000000023,18.05000000000001,21.950000000000045,4.3968,7.0920000000000005,8.328600000000002,27.450000000000045,30.600000000000023,33.25000000000006,1423.7,1928.8000000000002,2961.770000000002,31.470000000000002,48.7,71.79000000000002,42.540000000000006,54.1,69.93,113.27000000000001,190.25,269.56
Lithocarpus hancei,3023,1369,1000,1000,12.950000000000045,18.950000000000045,21.950000000000045,3.4199,4.2835,7.165700000000001,20.650000000000034,27.250000000000057,31.55000000000001,1314.8400000000001,2845.8500000000004,4115.42,18.900000000000002,48.5,133.01000000000002,43.300000000000004,63.800000000000004,84.32000000000002,72.5,168.35000000000002,476.3
Litsea costata,278,170,158,158,21.670000000000034,26.150000000000034,26.780000000000047,0.223,0.4005,0.538,25.820000000000032,30.05000000000001,31.280000000000047,2230.51,2994.1000000000004,4577.21,115.91000000000001,153.85000000000002,251.61,13.46,21.3,41.190000000000005,419.63000000000005,526.85,810.2
Litsea cubeba,7433,2656,2110,2110,14.340000000000027,19.250000000000057,22.850000000000023,3.1436000000000006,4.736000000000001,7.9611,22.34000000000003,29.150000000000034,32.55000000000001,1295.73,2233.55,3691.76,15.090000000000002,45.7,134.74000000000007,39.49,59.85000000000001,82.7,59.95,165.9,478.47000000000014
Litsea glutinosa,3161,2211,1811,1811,21.750000000000057,26.350000000000023,27.450000000000045,1.044,1.7670000000000001,4.77,28.150000000000034,31.350000000000023,36.25000000000006,1176.4,1641.8000000000002,2286.4,0.7000000000000001,4.1000000000000005,32.800000000000004,63.400000000000006,99.9,111.0,4.7,20.6,121.7
Litsea insignis,57,34,34,34,15.38000000000003,25.55000000000004,26.750000000000057,0.20870000000000005,0.34500000000000003,0.47669999999999996,19.70000000000001,29.05000000000001,30.850000000000023,2299.94,3162.1500000000005,4785.150000000001,99.03,153.55,264.93,14.38,21.950000000000003,34.58,358.48,517.6,935.6800000000001
Litsea mollis,662,213,210,210,15.040000000000015,17.650000000000034,20.150000000000034,5.001,7.125,8.056700000000001,25.520000000000017,30.100000000000023,32.46000000000004,1011.09,1353.5,2012.3,14.690000000000001,26.400000000000002,51.42,46.28,62.1,80.81000000000002,49.18,100.0,207.82000000000002
Litsea oleoides,529,221,93,93,19.370000000000026,21.250000000000057,23.230000000000054,0.9852000000000001,1.0910000000000002,1.2944,26.970000000000038,29.05000000000001,31.95000000000001,1987.7200000000003,3629.7000000000003,4534.26,4.34,28.900000000000002,33.9,63.64,69.2,112.28000000000002,31.860000000000003,134.8,155.3
Litsea pierrei,78,33,33,33,21.53000000000004,25.950000000000045,27.79000000000002,0.6324,1.1660000000000001,3.144,28.150000000000034,31.150000000000034,34.530000000000065,1600.5,2057.7000000000003,2678.48,3.12,15.200000000000001,38.2,67.62,75.7,89.10000000000001,19.8,69.4,139.94
Litsea stocksii,343,113,62,62,18.120000000000015,20.80000000000004,23.05000000000001,1.0258,1.2785000000000002,2.0881,25.570000000000046,29.100000000000023,33.04000000000001,1142.64,3402.2,4859.79,0.7000000000000001,22.25,32.86,63.42000000000001,70.65,142.28,7.320000000000001,109.45000000000002,147.3
Lophopetalum rigidum,38,31,30,30,21.820000000000057,26.100000000000023,26.560000000000013,0.23979999999999999,0.36,0.48550000000000004,26.780000000000054,29.600000000000023,30.860000000000024,2751.55,3828.9,5075.59,154.27,222.15000000000003,319.38000000000005,15.180000000000001,19.85,47.03000000000001,546.6700000000001,711.2,988.0500000000001
Lophopetalum wightianum,126,88,83,83,22.190000000000033,25.850000000000023,26.750000000000057,0.37240000000000006,1.035,1.3257999999999996,28.750000000000057,32.05000000000001,34.25000000000006,2348.98,3193.1000000000004,5001.12,0.9200000000000002,9.700000000000001,129.60000000000002,23.44,88.5,134.18,11.56,59.400000000000006,482.88
Macaranga denticulata,681,255,244,244,16.150000000000034,22.400000000000034,26.650000000000034,0.37350000000000005,3.3005000000000004,5.210400000000002,23.58000000000002,29.350000000000023,32.75000000000006,1122.96,2073.45,3994.680000000001,6.9,19.05,157.34000000000003,24.700000000000003,74.55000000000001,98.4,35.63,86.95,519.3500000000001
Macaranga gigantea,461,367,251,251,24.55000000000001,26.55000000000001,26.850000000000023,0.221,0.44300000000000006,0.57,28.650000000000034,29.750000000000057,31.250000000000057,2357.8,2758.0,4183.1,97.9,140.4,221.9,17.8,23.8,40.900000000000006,358.0,512.9,721.1
Macaranga indica,821,321,178,178,16.920000000000037,21.250000000000057,24.250000000000057,0.9571000000000001,2.1390000000000002,5.5747,24.750000000000057,28.950000000000045,31.950000000000045,1193.8100000000002,2512.6000000000004,4285.620000000001,11.97,27.6,48.310000000000024,60.03,71.45,88.43000000000002,43.32,119.5,179.79000000000008
Macaranga motleyana,88,52,50,50,24.50000000000001,26.200000000000045,26.750000000000057,0.193,0.28600000000000003,0.48790000000000006,28.250000000000057,30.450000000000045,31.350000000000023,2268.76,2913.0,3622.5000000000005,107.89,133.65,194.67000000000002,14.680000000000001,19.55,34.150000000000006,386.41,492.90000000000003,627.2900000000001
Macaranga pearsonii,83,54,48,48,24.02000000000002,26.250000000000057,26.750000000000057,0.1971,0.3095,0.5084000000000001,28.72000000000005,30.200000000000017,31.38000000000003,2203.36,2702.4500000000003,3470.19,114.18,133.3,181.05000000000007,13.3,19.75,31.140000000000008,389.84000000000003,475.45000000000005,586.0
Macaranga pruinosa,80,55,48,48,23.620000000000026,26.450000000000045,27.150000000000034,0.21180000000000002,0.37950000000000006,0.5473000000000001,28.160000000000053,30.250000000000057,30.780000000000047,2305.37,2816.55,4360.950000000001,96.9,134.15,222.56000000000003,16.5,25.700000000000003,40.06000000000001,364.21000000000004,464.4,715.6300000000002
Machilus chinensis,240,92,88,88,17.820000000000032,21.750000000000057,24.680000000000042,3.0156000000000005,5.359,8.009400000000001,28.350000000000023,31.05000000000001,32.58000000000002,1562.75,1856.75,2547.15,10.940000000000001,34.150000000000006,48.65,49.45,69.30000000000001,81.99000000000001,53.42000000000001,127.95000000000002,206.5
Machilus gamblei,314,115,101,101,16.55000000000001,21.450000000000045,24.150000000000034,2.9610000000000003,4.139,5.859,23.850000000000023,29.350000000000023,31.750000000000057,1048.5,1651.1000000000001,2474.2000000000003,10.700000000000001,18.0,36.2,66.8,75.2,86.4,42.800000000000004,77.4,147.4
Machilus rufipes,57,20,16,16,12.750000000000028,17.400000000000034,22.55000000000004,3.2720000000000002,4.0395,4.8975,21.00000000000003,24.500000000000057,30.35000000000005,1103.8000000000002,1534.5,2180.65,12.8,18.950000000000003,32.8,58.35,72.65,80.9,47.050000000000004,78.25,126.10000000000001
Machilus yunnanensis,183,75,69,69,11.050000000000034,16.950000000000045,21.350000000000023,3.7484,4.397,6.7968,19.95000000000001,24.750000000000057,30.470000000000038,823.5400000000001,1100.5,1936.52,5.7,13.700000000000001,23.420000000000005,58.32,81.0,95.52000000000001,22.42,49.800000000000004,103.90000000000003
Madhuca motleyana,155,81,81,81,25.250000000000057,26.55000000000001,27.05000000000001,0.19700000000000004,0.37,0.491,28.450000000000045,30.650000000000034,31.450000000000045,2443.9,3007.0,4608.2,87.7,151.0,246.60000000000002,16.5,26.200000000000003,48.400000000000006,329.6,517.8000000000001,800.1
Maesa indica,1027,435,308,308,16.150000000000034,21.250000000000057,25.55000000000001,0.8847,1.2535000000000003,4.2562,22.620000000000026,29.00000000000003,33.35000000000002,1267.0700000000002,2723.75,4416.47,3.5700000000000003,22.05,62.61000000000004,49.61000000000001,71.75,111.89000000000001,23.450000000000003,92.10000000000001,235.45000000000005
Magnolia cathcartii,15,14,14,14,6.550000000000011,12.950000000000045,18.990000000000027,2.3636,4.0445,4.883600000000001,14.880000000000047,19.900000000000034,25.12000000000004,2031.3600000000001,2512.8500000000004,3873.8100000000004,17.430000000000003,30.650000000000002,57.29,57.49,77.10000000000001,95.17000000000002,69.73,121.2,216.61000000000004
Magnolia garrettii,26,11,10,10,17.420000000000016,21.200000000000045,23.600000000000012,2.2921,2.6645000000000003,2.8475000000000006,26.190000000000026,30.30000000000001,32.86000000000003,1213.75,1344.5,1590.66,3.88,5.3500000000000005,8.81,72.44,79.4,84.04,27.310000000000002,32.6,47.59
Magnolia odora,172,64,62,62,18.360000000000024,19.900000000000034,22.450000000000045,5.0731,6.4590000000000005,7.5159,27.55000000000001,31.450000000000045,33.44000000000004,1561.88,1712.4500000000003,2320.48,26.46,39.55,52.59,49.120000000000005,59.25,71.59,104.2,149.70000000000002,212.71
Magnolia sumatrana,84,48,46,46,14.850000000000023,20.900000000000034,26.200000000000045,0.28600000000000003,0.3765,0.7010000000000001,19.50000000000003,25.850000000000023,29.900000000000034,2461.95,3445.1500000000005,4945.6,49.95,139.15,247.65,20.25,33.3,62.400000000000006,191.55,476.5,782.75
Mallotus paniculatus,7342,6151,3340,3340,19.950000000000045,22.350000000000023,25.760000000000044,0.529,3.8125,4.7411,26.55000000000001,29.05000000000001,30.650000000000034,2067.56,2878.75,4157.58,24.3,58.0,208.01999999999998,24.1,62.6,87.60000000000001,91.7,191.90000000000003,720.14
Mangifera griffithii,99,48,41,41,23.850000000000023,26.05000000000001,26.750000000000057,0.225,0.359,0.538,27.750000000000057,29.950000000000045,31.450000000000045,2465.3,3045.6000000000004,4141.5,109.80000000000001,147.70000000000002,223.4,17.1,23.8,38.400000000000006,384.1,515.0,710.7
Mangifera indica,882,457,381,381,19.350000000000023,26.05000000000001,28.450000000000045,0.67,2.7090000000000005,4.091,27.05000000000001,31.250000000000057,36.05000000000007,1056.9,1633.2,2897.3,3.5,10.0,27.8,65.8,79.2,90.0,22.5,45.2,127.80000000000001
Mangifera pajang,65,32,27,27,24.390000000000043,26.05000000000001,26.690000000000044,0.1962,0.32,0.39840000000000003,28.110000000000035,30.750000000000057,31.510000000000037,2576.32,3468.9,4440.120000000001,129.44,181.4,260.9200000000001,15.780000000000001,19.5,32.18,445.94,641.2,847.3800000000001
Manglietia hookeri,40,26,25,25,11.53000000000004,17.950000000000045,21.05000000000001,3.4518000000000004,3.845,5.4238,19.810000000000024,25.450000000000045,29.210000000000047,1033.6200000000001,1588.9,2496.1000000000004,11.38,16.1,32.1,52.040000000000006,77.7,88.36000000000001,45.480000000000004,66.0,151.44
Manglietia longipedunculata,1,1,1,1,16.450000000000045,16.450000000000045,16.450000000000045,8.335,8.335,8.335,31.650000000000034,31.650000000000034,31.650000000000034,1310.5,1310.5,1310.5,39.2,39.2,39.2,52.2,52.2,52.2,163.4,163.4,163.4
Markhamia stipulata,287,128,121,121,18.250000000000057,23.05000000000001,26.850000000000023,1.0430000000000001,3.2270000000000003,5.006,26.250000000000057,31.350000000000023,34.35000000000002,1116.0,1676.8000000000002,2688.6000000000004,4.3,13.8,32.5,66.7,77.9,86.4,23.700000000000003,52.5,125.4
Melaleuca cajuputi,4172,3729,1985,1985,26.250000000000057,27.250000000000057,27.55000000000001,0.8096000000000001,1.5570000000000002,2.15,29.650000000000034,34.85000000000002,36.450000000000045,1145.78,1461.5,2079.0000000000014,0.8,1.9000000000000001,37.42000000000003,68.0,104.60000000000001,109.36000000000003,4.800000000000001,7.9,139.9
Melia azedarach,13847,11126,7801,7801,16.250000000000057,19.350000000000023,24.150000000000034,2.95,4.005,6.79,25.650000000000034,29.450000000000045,32.650000000000034,725.3000000000001,1198.7,2483.6000000000004,8.6,37.4,65.2,21.8,46.2,95.7,37.300000000000004,125.9,220.3
Mesua ferrea,1396,484,313,313,20.750000000000057,23.850000000000023,27.150000000000034,0.8368000000000001,1.084,3.5428000000000006,28.150000000000034,31.150000000000034,34.650000000000034,1460.0600000000002,2913.2000000000003,4291.320000000001,3.4000000000000004,17.5,39.300000000000004,57.78,72.9,113.26000000000002,25.12,92.10000000000001,170.80000000000004
Metroxylon sagu,63,43,37,37,23.33000000000003,26.250000000000057,26.650000000000034,0.1892,0.529,0.7408000000000001,27.450000000000024,28.950000000000045,30.03000000000004,2061.8,3015.7000000000003,5891.52,95.74000000000001,180.5,310.98,13.48,20.200000000000003,50.38,330.70000000000005,596.7,1119.62
Michelia baillonii,88,45,41,41,18.05000000000001,22.450000000000045,26.950000000000045,1.351,2.745,3.4470000000000005,26.850000000000023,30.450000000000045,35.05000000000007,1033.2,1473.8000000000002,2313.2000000000003,4.2,8.1,16.400000000000002,72.2,77.5,84.9,25.1,39.800000000000004,79.5
Michelia champaca,3111,911,699,699,22.850000000000023,26.450000000000045,27.150000000000034,0.5760000000000001,1.1420000000000001,3.435800000000001,29.230000000000054,32.650000000000034,36.570000000000064,923.1800000000001,2613.6000000000004,3692.1400000000003,1.1,9.5,56.52,55.96,80.10000000000001,121.94000000000001,7.14,47.300000000000004,254.94000000000017
Michelia chapensis,225,82,79,79,16.13000000000003,18.850000000000023,21.750000000000057,4.0924,7.216,8.1042,25.850000000000044,31.350000000000023,33.070000000000014,1393.9600000000003,1733.1000000000001,2379.46,25.120000000000005,41.2,52.900000000000006,43.620000000000005,56.5,72.84,88.74000000000001,153.70000000000002,230.76000000000002
Michelia doltsopa,174,105,82,82,10.470000000000045,13.80000000000004,18.710000000000054,3.7630000000000003,4.2525,4.999200000000001,18.850000000000023,21.35000000000005,25.540000000000017,1219.49,1766.5,3933.4300000000007,12.850000000000001,18.35,30.62000000000001,58.72,73.55000000000001,100.15000000000002,51.2,82.45,118.45
Michelia macclurei,168,66,65,65,16.790000000000042,21.250000000000057,23.310000000000038,4.4804,5.61,7.9376,28.73000000000003,30.950000000000045,31.750000000000057,1306.0800000000002,1823.7,2300.92,23.84,33.800000000000004,53.080000000000005,46.38,67.8,78.62000000000002,86.54,137.70000000000002,219.18
Michelia maudiae,1302,248,243,243,16.170000000000037,19.05000000000001,21.63000000000003,5.494800000000001,7.105,8.042,27.470000000000038,31.450000000000045,33.450000000000045,1241.3400000000001,1656.4,2214.3000000000006,24.700000000000003,40.900000000000006,53.92,43.900000000000006,56.800000000000004,71.58000000000001,90.24000000000001,156.0,218.42000000000004
Myrica esculenta,1007,416,337,337,13.110000000000024,18.05000000000001,24.650000000000034,0.7608000000000001,4.519,5.9094000000000015,21.450000000000045,26.55000000000001,31.390000000000036,1107.76,1816.1000000000001,3030.9600000000005,9.760000000000002,17.6,49.960000000000065,53.980000000000004,77.10000000000001,111.84000000000002,41.260000000000005,83.10000000000001,220.6800000000005
Myrsine semiserrata,3352,600,462,462,10.160000000000036,16.05000000000001,20.450000000000045,3.6372000000000004,5.1015,7.365000000000001,19.250000000000057,25.250000000000057,31.05000000000001,921.3000000000001,1484.75,2535.5800000000004,6.71,18.25,35.66000000000005,47.51,73.35,93.2,30.360000000000007,76.35,148.76000000000002
Nageia wallichiana,265,201,158,158,19.420000000000037,24.150000000000034,26.650000000000034,0.23670000000000002,0.5275000000000001,2.6561000000000003,24.650000000000034,28.75000000000003,31.540000000000052,1790.13,2863.0,4296.1,11.870000000000001,97.85,221.93000000000018,16.740000000000002,45.650000000000006,84.88000000000001,62.040000000000006,355.70000000000005,744.3200000000003
Neesia malayana,16,6,6,6,24.900000000000034,26.650000000000034,26.900000000000034,0.351,0.41300000000000003,0.5585,27.500000000000057,29.600000000000023,31.50000000000003,2374.4,2667.8500000000004,3256.6000000000004,98.5,128.6,142.5,22.75,28.6,40.10000000000001,362.75,464.95000000000005,503.6
Neobalanocarpus heimii,140,18,17,17,23.850000000000012,26.450000000000045,26.99000000000003,0.3894,0.538,0.7822,28.130000000000052,30.250000000000057,31.170000000000027,2256.38,2884.3,3450.96,77.0,131.3,157.98000000000002,24.1,33.9,63.040000000000006,344.20000000000005,446.20000000000005,515.4200000000001
Neocinnamomum caudatum,161,65,62,62,15.370000000000022,20.150000000000034,23.98000000000001,2.8422000000000005,3.8175000000000003,5.4288,24.110000000000014,28.55000000000001,32.52000000000002,1076.19,1573.6000000000001,2578.46,4.33,13.8,24.57,73.95,81.0,91.03,28.130000000000003,54.0,92.32000000000001
Neolamarckia cadamba,4050,1528,1230,1230,23.250000000000057,25.850000000000023,27.150000000000034,0.586,2.5335,5.765000000000003,29.350000000000023,34.35000000000002,39.35000000000002,824.49,1419.9500000000003,3126.8700000000026,0.6000000000000001,6.300000000000001,76.19000000000013,40.77,93.75,141.70000000000002,3.5,33.5,299.04000000000184
Neonauclea longipedunculata,48,28,28,28,22.840000000000014,25.55000000000004,26.680000000000042,0.2536,0.406,0.5073,27.500000000000036,30.100000000000023,31.350000000000023,1871.8700000000001,3154.3500000000004,3844.7900000000004,98.87,140.3,240.45000000000002,14.540000000000001,19.200000000000003,35.81,349.82000000000005,499.30000000000007,783.5300000000001
Nephelium lappaceum,566,401,327,327,23.110000000000024,26.55000000000001,27.05000000000001,0.2584,0.48300000000000004,2.728800000000001,28.450000000000045,30.05000000000001,31.850000000000023,1857.1200000000001,2573.0,3757.580000000001,22.060000000000002,132.6,202.00000000000006,18.48,25.8,73.04,88.96000000000001,495.1,661.1000000000004
Nephelium maingayi,206,107,104,104,23.850000000000023,26.55000000000001,27.05000000000001,0.2076,0.37750000000000006,0.48250000000000004,27.780000000000047,30.30000000000004,31.350000000000023,2353.51,3130.3500000000004,4432.11,101.84,159.55,230.92000000000002,15.790000000000001,22.5,35.88,368.45000000000005,546.4000000000001,844.6700000000001
Nothopegia castaneifolia,227,144,126,126,21.400000000000034,23.350000000000023,25.700000000000045,1.029,1.3159999999999998,1.6355,29.100000000000023,32.55000000000001,33.80000000000004,2389.5,4018.75,5110.85,0.7000000000000001,1.1,27.25,66.25,130.3,137.35000000000002,8.6,12.3,132.6
Nyssa javanica,154,84,79,79,14.010000000000014,20.650000000000034,25.790000000000056,0.328,2.6830000000000003,5.2644,21.03000000000002,29.150000000000034,33.09000000000002,1122.56,2021.2,3909.3600000000006,5.46,28.1,177.88000000000005,24.98,72.0,82.92000000000002,30.42,106.10000000000001,597.86
Nyssa sinensis,1047,296,283,283,15.770000000000051,18.55000000000001,21.05000000000001,5.593400000000001,7.3420000000000005,8.2848,27.010000000000048,31.450000000000045,33.450000000000045,1214.22,1656.2,2104.96,22.6,40.5,55.50000000000001,45.54,56.5,70.42,80.22000000000001,157.70000000000002,229.18
Octomeles sumatrana,289,172,157,157,22.810000000000038,25.850000000000023,26.650000000000034,0.18560000000000001,0.3940000000000001,0.7068000000000001,27.05000000000001,29.05000000000001,30.850000000000023,2088.06,2922.9,4015.9400000000005,89.36000000000001,154.20000000000002,242.26000000000008,13.3,22.8,40.24,325.78000000000003,519.3000000000001,790.7400000000001
Olea dioica,801,450,280,280,21.040000000000013,23.05000000000001,25.860000000000024,0.9898,1.29,2.1448,28.940000000000044,32.35000000000002,34.05000000000007,2369.5800000000004,3888.75,5058.55,0.7000000000000001,1.25,31.900000000000002,67.39,128.5,142.31,5.2,12.850000000000001,145.03
Ormosia travancorica,92,73,53,53,20.150000000000034,22.150000000000034,24.090000000000032,0.9924,1.155,1.4140000000000001,27.450000000000045,29.250000000000057,32.63000000000005,1469.38,3139.8,4126.9800000000005,19.5,28.900000000000002,36.160000000000004,63.42,67.8,76.80000000000003,94.16000000000001,134.8,154.04000000000002
Ostodes paniculata,448,171,161,161,15.850000000000023,20.450000000000045,26.05000000000001,0.361,2.866,4.178,22.350000000000023,28.150000000000034,33.05000000000001,1026.6000000000001,1793.0,3650.8,4.9,13.700000000000001,115.5,45.300000000000004,77.2,87.80000000000001,28.6,55.2,399.8
Palaquium burckii,30,5,5,5,26.83000000000005,27.05000000000001,27.110000000000024,0.3834,0.39,0.44799999999999995,29.49000000000003,29.55000000000001,30.27000000000004,2581.0200000000004,2606.0,2817.6600000000003,122.84,123.0,144.16,24.700000000000003,29.8,30.0,442.50000000000006,453.6,500.54
Palaquium ellipticum,1164,339,152,152,20.150000000000034,21.650000000000034,23.55000000000001,0.9811000000000001,1.105,1.3316000000000003,27.750000000000057,29.650000000000034,32.13000000000004,1617.89,3572.2,4470.29,4.120000000000001,26.0,34.78000000000001,63.53,70.3,111.87,31.610000000000003,126.7,151.79000000000002
Palaquium gutta,124,72,67,67,21.63000000000004,26.150000000000034,26.750000000000057,0.20700000000000002,0.365,0.5108,26.450000000000045,30.05000000000001,31.05000000000001,2534.86,3448.0,4987.4400000000005,124.96000000000001,180.20000000000002,261.32,18.32,24.0,40.86,431.80000000000007,602.5,886.16
Palaquium leiocarpum,63,38,35,35,21.33000000000003,26.250000000000057,26.610000000000024,0.1922,0.32,0.45020000000000004,25.470000000000027,30.55000000000001,31.310000000000038,2857.78,3849.1000000000004,5023.700000000001,127.86000000000001,217.3,301.34000000000003,15.38,20.200000000000003,41.36000000000001,444.14000000000004,706.7,950.1200000000001
Palaquium pinnatinervium,2,1,1,1,27.05000000000001,27.05000000000001,27.05000000000001,0.639,0.639,0.639,29.450000000000045,29.450000000000045,29.450000000000045,3059.0,3059.0,3059.0,121.7,121.7,121.7,46.6,46.6,46.6,449.3,449.3,449.3
Palaquium sumatranum,23,16,16,16,22.350000000000023,24.950000000000045,26.600000000000023,0.241,0.3335,0.48050000000000004,26.650000000000034,28.85000000000005,31.200000000000045,2588.8500000000004,3029.05,4568.950000000001,78.85000000000001,156.65000000000003,229.9,15.3,26.0,46.7,272.85,535.2,730.7
Pangium edule,349,227,210,210,22.340000000000025,25.650000000000034,26.750000000000057,0.19290000000000002,0.479,0.7913,26.430000000000046,28.600000000000023,30.650000000000034,1821.6200000000001,3050.3,4437.87,59.63000000000001,146.4,228.02,14.39,27.650000000000002,49.309999999999995,217.8,493.35,741.16
Parashorea densiflora,85,6,6,6,25.10000000000005,26.05000000000004,26.50000000000003,0.4,0.506,1.4089999999999998,29.650000000000034,30.600000000000023,32.10000000000005,1888.8500000000001,2271.2000000000003,2752.8500000000004,61.05000000000001,129.65,148.5,22.05,24.5,57.8,209.8,457.6,511.05000000000007
Parashorea macrophylla,25,19,19,19,23.550000000000058,26.05000000000001,26.470000000000038,0.23140000000000002,0.321,0.3774,27.910000000000014,30.350000000000023,31.070000000000014,3433.1400000000003,4193.7,5127.92,209.40000000000003,259.3,306.82,16.04,19.200000000000003,21.580000000000002,675.7,831.7,968.98
Parashorea malaanonan,180,113,111,111,24.650000000000034,26.250000000000057,27.05000000000001,0.32300000000000006,0.629,1.052,27.750000000000057,29.450000000000045,31.350000000000023,2130.3,2977.3,4937.8,66.0,134.70000000000002,211.60000000000002,14.100000000000001,32.300000000000004,58.900000000000006,244.8,479.0,730.1
Parashorea smythiesii,50,24,24,24,24.690000000000047,26.350000000000023,26.920000000000037,0.202,0.32100000000000006,0.43870000000000003,28.950000000000045,30.30000000000004,31.330000000000034,2239.3,3890.75,5138.0,132.98000000000002,251.60000000000002,310.51,11.43,17.85,21.57,474.31,815.0,1003.66
Parashorea stellata,73,68,65,65,23.25000000000001,25.150000000000034,26.450000000000045,0.6738,0.8230000000000001,1.1832000000000003,29.55000000000001,31.350000000000023,32.61000000000003,2315.02,2886.4,3515.2400000000002,19.160000000000004,31.400000000000002,48.24000000000001,47.78,63.400000000000006,79.30000000000001,93.94000000000001,143.3,222.28000000000003
Parashorea tomentella,112,37,36,36,25.600000000000023,26.30000000000004,26.750000000000057,0.2605,0.49450000000000005,0.5365,29.750000000000057,30.750000000000057,31.350000000000023,1943.6000000000001,2787.5,3433.8500000000004,97.25,129.4,148.5,14.600000000000001,25.050000000000004,35.6,358.90000000000003,466.90000000000003,528.55
Parkia speciosa,268,215,184,184,23.250000000000057,26.250000000000057,26.950000000000045,0.22410000000000002,0.40850000000000003,0.7424000000000001,27.350000000000023,29.950000000000045,31.62000000000003,2199.07,2781.6500000000005,4399.180000000001,30.310000000000002,131.7,250.26000000000008,16.430000000000003,25.85,59.77,132.08,468.8,835.8200000000007
Parkia timoriana,47,35,34,34,20.770000000000028,26.200000000000045,26.850000000000023,0.2351,0.4495,0.6816,26.400000000000045,29.250000000000057,30.860000000000042,2246.4700000000003,2898.1000000000004,3926.63,25.910000000000004,140.65,206.72,15.420000000000002,24.200000000000003,55.18000000000001,116.81000000000002,486.55,643.43
Pentace adenophora,19,10,10,10,25.630000000000035,26.400000000000034,26.660000000000036,0.19620000000000004,0.2725000000000001,0.5359999999999999,29.190000000000055,30.200000000000017,31.170000000000034,1974.19,2848.3500000000004,3608.63,100.06,130.45,229.49,16.810000000000002,18.55,40.26999999999999,361.15000000000003,492.55,731.6500000000001
Pentace laxiflora,151,82,80,80,25.450000000000045,26.450000000000045,26.850000000000023,0.19590000000000002,0.3885,0.5245000000000001,29.430000000000046,30.650000000000034,31.55000000000001,2184.17,2726.2000000000003,3957.01,118.36,139.7,231.74,13.38,18.75,29.720000000000006,418.84000000000003,499.6,753.7
Pentaspadon motleyi,366,137,127,127,24.210000000000047,26.250000000000057,26.850000000000023,0.2078,0.366,0.5602,28.05000000000001,30.150000000000034,31.250000000000057,2329.02,3032.5,4377.06,114.38000000000001,157.8,237.18,14.280000000000001,23.8,43.34,392.84000000000003,534.0,814.9400000000002
Pericopsis mooniana,103,56,50,50,25.950000000000045,26.250000000000057,26.860000000000024,0.24280000000000004,0.507,0.8219000000000001,28.740000000000055,29.55000000000004,30.770000000000056,1619.8600000000001,2453.65,3245.15,32.49,84.2,188.5,18.59,37.95,68.2,134.26000000000002,327.65,624.0300000000001
Peronema canescens,71,53,50,50,25.260000000000026,26.450000000000045,26.860000000000024,0.2428,0.502,0.8196000000000001,28.720000000000056,30.900000000000034,32.36000000000003,2042.8100000000002,2569.2000000000003,3486.6000000000004,30.790000000000003,110.25,173.11,20.790000000000003,31.25,58.410000000000004,142.39000000000001,395.8,544.75
Persea americana,3360,2180,1771,1771,14.450000000000045,19.750000000000057,25.950000000000045,0.591,1.6060000000000003,2.1590000000000003,21.55000000000001,27.150000000000034,33.25000000000006,935.1,1725.4,3256.2000000000003,4.5,27.0,72.60000000000001,51.400000000000006,74.9,99.5,23.0,94.0,253.8
Persea macrantha,590,423,186,186,20.150000000000034,21.850000000000023,24.00000000000003,0.998,1.155,1.5179999999999998,27.450000000000045,30.55000000000001,32.950000000000045,2137.4,3627.15,4681.85,1.0,22.700000000000003,33.85,63.7,72.0,133.85000000000002,10.600000000000001,105.80000000000001,153.9
Persea membranacea,2668,1358,1090,1090,17.140000000000033,21.850000000000023,25.460000000000043,0.3259,0.7905,2.8371999999999997,21.640000000000033,27.650000000000034,30.750000000000057,1387.8500000000001,2337.65,4192.86,26.400000000000002,75.4,165.81,21.990000000000002,42.95,64.61000000000001,101.18,275.6,578.8100000000002
Petersianthus quadrialatus,8,5,5,5,26.010000000000026,26.55000000000001,27.270000000000028,0.661,0.791,0.792,28.290000000000042,29.350000000000023,30.470000000000017,2228.4,3450.7000000000003,4285.72,77.82000000000001,125.10000000000001,155.42000000000002,33.34,38.2,62.74,307.82,474.1,544.94
Phoebe cathia,83,47,42,42,16.070000000000014,21.450000000000017,24.310000000000024,1.2107,2.3235,2.9632000000000005,23.370000000000022,29.200000000000045,33.72000000000002,1125.26,1482.5500000000002,3411.3199999999997,4.04,8.95,28.46,67.43,74.95,88.04,27.650000000000002,45.400000000000006,130.44
Phyllanthus emblica,19262,2959,2280,2280,20.650000000000034,25.650000000000034,27.150000000000034,0.8880000000000001,2.1405000000000003,5.345599999999999,28.650000000000034,32.05000000000001,38.55000000000007,857.7700000000001,2024.8500000000001,3470.6099999999988,1.9000000000000001,10.850000000000001,28.109999999999992,63.900000000000006,82.10000000000001,131.12999999999997,15.0,50.35000000000001,119.00999999999999
Pinus thunbergii,2003,1508,1200,1200,12.050000000000011,14.450000000000045,16.55000000000001,6.65,7.3415,8.6064,25.250000000000057,27.05000000000001,29.150000000000034,1276.38,1586.1000000000001,2394.92,20.0,41.800000000000004,82.23000000000005,36.5,59.900000000000006,83.10000000000001,90.19,138.6,277.91
Planchonella malaccensis,148,60,59,59,20.45000000000001,26.05000000000001,27.05000000000001,0.27660000000000007,0.41100000000000003,0.6126000000000001,25.450000000000045,29.55000000000001,31.230000000000032,2230.8,3371.3,4718.540000000001,42.24,152.20000000000002,240.40000000000003,18.400000000000002,26.400000000000002,55.820000000000014,160.72000000000003,511.90000000000003,833.8400000000001
Podocarpus polystachyus,101,74,69,69,25.390000000000043,26.750000000000057,27.150000000000034,0.348,0.48800000000000004,0.8044000000000009,27.750000000000057,29.55000000000001,30.650000000000034,2152.1800000000003,3087.2000000000003,3935.38,38.2,136.0,215.36,18.680000000000003,28.3,62.82000000000001,144.6,503.90000000000003,754.42
Polyalthia glauca,304,183,174,174,24.180000000000042,26.350000000000023,26.950000000000045,0.1859,0.349,0.7538000000000008,27.680000000000042,29.450000000000045,31.12000000000003,2178.2400000000002,2953.3500000000004,3952.140000000001,48.10000000000001,141.85000000000002,222.69000000000005,14.33,24.1,50.82000000000003,212.00000000000003,504.85,758.49
Polyalthia lateriflora,268,130,128,128,23.250000000000057,26.250000000000057,26.950000000000045,0.201,0.393,0.7347,27.350000000000023,29.950000000000045,31.480000000000036,2036.21,2813.3,4149.92,54.040000000000006,129.85000000000002,219.16,15.270000000000001,27.1,58.49,226.38000000000002,467.15,747.61
Polyspora longicarpa,96,62,37,37,12.090000000000042,14.150000000000034,20.45000000000001,3.7558000000000002,3.9840000000000004,4.679,19.610000000000024,21.250000000000057,28.390000000000043,1065.6,1686.7,2347.22,12.600000000000001,17.5,32.98,59.92,76.0,81.12,50.120000000000005,81.60000000000001,130.02
Pongamia pinnata,15632,7493,3729,3729,22.950000000000045,26.250000000000057,27.450000000000045,0.5766000000000001,1.9660000000000002,4.377000000000001,28.250000000000057,32.150000000000034,37.950000000000045,832.82,1768.3000000000002,3265.2200000000003,1.2000000000000002,11.100000000000001,140.72000000000006,29.78,83.10000000000001,123.60000000000001,7.2,50.2,482.4600000000004
Pouteria macrantha,29,22,21,21,21.150000000000034,26.350000000000023,27.05000000000001,0.436,0.7260000000000001,0.985,22.450000000000045,28.750000000000057,30.450000000000045,2006.7,2683.3,3332.4,19.700000000000003,72.9,172.3,25.700000000000003,57.2,77.2,74.9,224.8,556.2
Prunus campanulata,845,637,495,495,12.950000000000045,18.850000000000023,22.41000000000004,3.4374000000000002,4.02,6.687200000000001,20.350000000000023,26.950000000000045,31.310000000000038,1894.52,3269.7000000000003,4425.22,34.580000000000005,59.900000000000006,146.70000000000002,42.84,61.900000000000006,84.02000000000001,125.56000000000002,201.10000000000002,514.34
Prunus cerasoides,647,187,172,172,11.660000000000036,16.950000000000045,24.78000000000003,2.4926,4.0565,5.281600000000001,19.850000000000023,24.750000000000057,33.18000000000006,1224.6100000000001,2099.7,3600.7900000000004,4.73,13.0,24.420000000000005,73.0,90.75,109.79,24.6,54.35000000000001,111.04000000000003
Prunus ceylanica,137,95,76,76,19.50000000000003,22.05000000000001,25.80000000000004,0.9860000000000001,1.155,3.7005,27.10000000000005,29.600000000000023,33.950000000000045,1590.5500000000002,3218.05,4389.15,2.55,24.75,35.2,60.050000000000004,71.35,121.10000000000001,19.650000000000002,116.5,153.10000000000002
Prunus serrulata,324,146,140,140,10.580000000000036,16.55000000000001,19.150000000000034,6.745400000000001,8.241,9.692100000000002,26.740000000000055,31.150000000000034,33.070000000000014,881.2000000000002,1465.5,1975.7100000000003,7.230000000000001,34.150000000000006,54.910000000000004,45.290000000000006,57.6,97.73000000000002,27.840000000000003,138.65,224.83
Prunus wilsonii,677,166,160,160,11.120000000000033,16.600000000000023,19.05000000000001,5.5055000000000005,7.064,8.3755,23.130000000000035,28.450000000000045,32.56000000000002,812.08,1437.6000000000001,2011.1899999999998,6.46,19.700000000000003,51.49,48.28,71.75,87.85000000000001,27.03,72.2,215.53
Psychotria asiatica,7264,6253,2475,2475,20.250000000000057,22.250000000000057,23.350000000000023,3.1774000000000004,4.39,4.8752,27.150000000000034,29.05000000000001,30.850000000000023,1972.5400000000002,2788.0,4201.419999999999,23.8,54.800000000000004,212.67999999999998,26.3,57.2,83.80000000000001,90.10000000000001,183.10000000000002,748.6600000000001
Pterocarpus dalbergioides,208,68,50,50,26.55000000000001,26.650000000000034,26.950000000000045,0.5611,0.7830000000000001,0.8510000000000001,28.730000000000054,30.450000000000045,31.05000000000001,2958.55,3028.25,3129.08,16.3,17.05,17.73,72.07000000000001,75.9,77.01,61.0,64.9,77.61000000000001
Pterocarpus macrocarpus,940,906,896,896,23.250000000000057,25.450000000000045,26.950000000000045,1.3760000000000001,2.205,2.6085000000000003,31.05000000000001,33.25000000000006,35.05000000000007,1141.1,1429.2,1865.3500000000001,3.5,5.7,8.3,74.4,79.80000000000001,88.9,21.200000000000003,27.900000000000002,40.55
Pterocarpus marsupium,464,118,98,98,22.250000000000057,26.150000000000034,27.250000000000057,0.9430000000000001,1.4985000000000002,3.1873,30.660000000000053,33.30000000000004,37.18000000000004,876.74,2048.15,3590.59,1.37,6.1000000000000005,22.98,64.22000000000001,89.55000000000001,136.99,7.780000000000005,37.05,115.3
Quercus acutissima,3968,2511,2248,2248,10.950000000000045,13.550000000000011,16.650000000000034,6.732800000000001,8.0545,9.604500000000002,25.650000000000034,27.850000000000023,29.750000000000057,1114.3000000000002,1474.85,2209.19,16.040000000000006,31.900000000000002,67.42999999999999,39.400000000000006,72.0,98.13,58.470000000000006,115.25,247.35
Quercus edithiae,43,19,18,18,21.490000000000016,23.50000000000003,24.950000000000045,2.9484000000000004,3.6224999999999996,5.631600000000001,29.72000000000005,30.400000000000034,31.87000000000005,1600.7000000000003,1845.75,2779.8,10.770000000000001,27.65,38.82000000000001,58.74,74.7,83.86,49.720000000000006,101.75,162.75000000000003
Quercus fabrei,1632,360,360,360,15.640000000000033,17.55000000000001,19.650000000000034,6.0257,7.67,8.562400000000002,26.450000000000045,31.450000000000045,33.450000000000045,1098.54,1500.15,2002.38,17.49,38.05,54.350000000000016,44.53,57.1,74.75000000000001,62.1,154.0,221.81
Quercus glauca,9243,5250,3657,3657,13.850000000000023,17.150000000000034,22.250000000000057,3.5616000000000003,6.76,8.111,25.55000000000001,28.750000000000057,31.55000000000001,1369.5600000000002,2107.3,3584.44,28.0,53.6,146.14000000000001,36.4,50.900000000000006,77.5,103.48000000000002,190.70000000000002,513.84
Quercus gomeziana,1,1,1,1,25.55000000000001,25.55000000000001,25.55000000000001,2.752,2.752,2.752,30.250000000000057,30.250000000000057,30.250000000000057,3161.1000000000004,3161.1000000000004,3161.1000000000004,7.300000000000001,7.300000000000001,7.300000000000001,95.9,95.9,95.9,42.2,42.2,42.2
Quercus lamellosa,137,78,55,55,7.710000000000025,13.650000000000034,17.310000000000027,3.7942000000000005,4.575,5.686800000000001,17.09000000000002,20.950000000000045,24.670000000000037,1020.7400000000001,2071.8,3018.96,12.680000000000001,22.0,32.580000000000005,51.60000000000001,63.800000000000004,102.46000000000001,49.58,97.2,150.82000000000002
Quercus myrsinifolia,3224,1754,1504,1504,12.650000000000034,15.150000000000034,18.350000000000023,6.729300000000001,7.637500000000001,8.2967,26.850000000000023,28.750000000000057,31.450000000000045,1310.9700000000003,1552.1000000000001,2301.54,31.03,49.5,77.0,37.6,44.6,62.970000000000006,109.66000000000001,166.8,275.19000000000005
Quercus semiserrata,42,32,31,31,17.650000000000034,23.250000000000057,27.05000000000001,1.35,2.766,4.248,24.55000000000001,30.350000000000023,35.150000000000034,1128.1000000000001,1641.6000000000001,3225.2000000000003,4.3,8.3,36.9,71.10000000000001,76.2,91.4,28.1,42.1,130.20000000000002
Rhus chinensis,8387,5293,3887,3887,11.450000000000045,17.05000000000001,22.850000000000023,3.5016000000000007,6.789000000000001,8.74,24.950000000000045,28.650000000000034,31.350000000000023,1166.06,1890.1000000000001,3427.8800000000006,16.26,45.1,115.94000000000001,37.7,58.0,88.60000000000001,60.38000000000001,154.10000000000002,413.9200000000001
Sandoricum beccarianum,41,29,29,29,26.350000000000023,26.750000000000057,26.970000000000038,0.1996,0.3990000000000001,0.501,28.930000000000042,30.350000000000023,30.890000000000022,2527.0600000000004,2953.9,3952.22,106.30000000000001,139.0,210.68,17.3,25.900000000000002,47.32,398.90000000000003,524.2,666.88
Sapindus mukorossi,563,347,325,325,15.950000000000045,18.55000000000001,22.55000000000001,4.6334,7.274000000000001,8.599400000000001,27.250000000000057,31.450000000000045,33.25000000000006,1051.26,1582.9,2094.78,13.44,35.5,51.46000000000001,45.440000000000005,58.1,79.86000000000001,48.940000000000005,140.6,215.16000000000003
Sapindus rarak,48,36,36,36,20.700000000000045,24.80000000000004,27.05000000000004,0.3085,1.466,2.9085,26.450000000000045,30.600000000000023,34.00000000000003,1305.4,2210.5,3208.8,4.15,14.100000000000001,127.65,29.950000000000003,74.6,91.45,24.05,59.75,417.55
Saraca declinata,494,315,306,306,23.700000000000045,25.950000000000045,26.750000000000057,0.22100000000000003,0.4025000000000001,0.78,28.05000000000001,30.450000000000045,31.700000000000045,2154.45,2856.25,4491.7,40.7,137.45000000000002,252.3,14.600000000000001,22.0,60.25,166.05,488.9,814.55
Sarcosperma arboreum,241,88,81,81,17.350000000000023,20.950000000000045,23.55000000000001,2.451,3.7820000000000005,5.581,24.750000000000057,28.850000000000023,32.85000000000002,1005.7,1353.3000000000002,2478.6000000000004,5.1000000000000005,12.8,24.8,70.2,77.9,85.7,30.400000000000002,51.400000000000006,97.30000000000001
Scaphium macropodum,202,71,64,64,24.780000000000047,26.350000000000023,26.850000000000023,0.19560000000000002,0.36200000000000004,0.5588000000000001,28.750000000000057,30.250000000000057,31.120000000000026,2223.67,2794.05,4430.43,110.89,145.55,240.59,15.290000000000001,22.4,29.320000000000004,405.02000000000004,510.90000000000003,787.9
Schefflera heptaphylla,7553,6994,3159,3159,18.950000000000045,21.950000000000045,23.150000000000034,3.2470000000000003,4.288,4.831200000000001,26.05000000000001,28.750000000000057,30.350000000000023,2090.1600000000003,2928.4,4258.960000000001,25.78,56.6,208.54000000000005,28.700000000000003,59.6,85.7,97.38000000000001,185.5,728.52
Schima superba,2257,1412,982,982,13.950000000000045,19.150000000000034,22.950000000000045,2.9974,4.4885,7.9659,21.350000000000023,28.650000000000034,32.85000000000002,1538.3400000000001,2396.85,3581.9,25.410000000000004,44.6,86.17999999999999,45.7,63.05,87.80000000000001,94.58000000000001,161.0,323.67999999999995
Schima wallichii,1526,743,646,646,15.950000000000045,20.400000000000034,26.350000000000023,0.30700000000000005,2.6790000000000003,5.579000000000001,23.05000000000001,28.00000000000003,31.650000000000034,1186.15,2187.9,4130.25,7.9,21.55,187.95,21.5,72.8,94.35000000000001,36.35,89.45,611.9000000000001
Schleichera oleosa,453,357,309,309,23.03000000000002,26.05000000000001,27.250000000000057,0.6,1.396,4.3972,28.690000000000055,33.35000000000002,37.81000000000006,1057.6200000000001,1716.1000000000001,3782.52,0.8,7.0,29.95999999999999,61.800000000000004,84.80000000000001,138.17999999999998,6.36,36.0,125.65999999999995
Semecarpus travancoricus,116,87,49,49,20.730000000000054,21.55000000000001,22.830000000000055,0.9668000000000001,1.012,1.1558,28.310000000000024,29.150000000000034,30.41000000000005,3041.2200000000007,4117.3,4472.6,26.9,32.1,34.260000000000005,64.4,68.8,72.02,131.96,148.1,158.56
Shorea acuminata,298,57,57,57,24.170000000000037,26.350000000000023,26.99000000000003,0.35200000000000004,0.3990000000000001,0.5508,27.750000000000057,30.150000000000034,30.99000000000003,2259.1000000000004,2797.6000000000004,4087.54,113.26,135.5,208.73999999999998,21.98,25.200000000000003,48.47999999999999,387.90000000000003,452.40000000000003,799.1
Shorea acuminatissima,50,19,19,19,26.090000000000032,26.450000000000045,26.870000000000026,0.193,0.4640000000000001,0.5168,29.83000000000004,30.850000000000023,31.350000000000023,2425.0600000000004,3280.1000000000004,4070.88,126.12,133.1,253.62,15.700000000000001,20.700000000000003,36.58,451.20000000000005,501.1,812.48
Shorea agamii,73,52,52,52,24.340000000000057,26.30000000000004,26.850000000000023,0.2204,0.35650000000000004,0.4958,28.310000000000052,30.250000000000057,31.350000000000023,2475.5400000000004,3724.3,4861.0599999999995,122.81,208.40000000000003,274.89000000000004,14.230000000000002,20.25,34.71,450.52,694.5500000000001,912.63
Shorea argentifolia,46,36,35,35,24.77000000000004,25.850000000000023,26.710000000000047,0.22500000000000003,0.34800000000000003,0.4984,29.190000000000044,30.05000000000001,31.310000000000038,2064.34,3280.1000000000004,4802.500000000001,115.92,152.1,272.12,13.860000000000001,19.3,24.940000000000005,398.04,504.40000000000003,899.1
Shorea assamica,98,40,38,38,21.72000000000005,25.950000000000045,26.850000000000023,0.2574,0.3835,0.9043,26.26000000000002,28.750000000000057,31.19000000000005,1812.67,2850.7000000000003,3924.36,47.18,130.45000000000002,181.58000000000007,19.03,27.5,53.180000000000035,207.89000000000001,468.0,602.2800000000003
Shorea astylosa,57,25,25,25,24.690000000000044,25.950000000000045,26.410000000000036,0.39320000000000005,1.0070000000000001,1.0928000000000002,27.07000000000005,28.350000000000023,28.750000000000057,2704.0200000000004,4820.2,5356.360000000001,102.98,191.4,216.98000000000002,39.28,55.0,59.760000000000005,339.40000000000003,686.2,753.88
Shorea balangeran,69,23,23,23,26.03000000000004,26.55000000000001,26.950000000000045,0.19420000000000004,0.259,0.3458,28.87000000000005,30.650000000000034,31.53000000000002,2482.46,3018.9,3889.2200000000003,83.04,143.5,230.42000000000002,16.259999999999998,32.5,43.02,314.26,469.5,759.26
Shorea beccariana,147,56,54,54,24.340000000000042,26.150000000000034,26.650000000000034,0.18530000000000002,0.3495,0.46210000000000007,28.650000000000034,30.350000000000023,30.850000000000023,2667.57,3809.65,5071.33,142.67000000000002,221.3,289.1,15.5,20.700000000000003,34.02000000000001,520.2600000000001,715.05,911.8
Shorea blumutensis,17,8,8,8,18.440000000000026,25.650000000000034,26.840000000000042,0.32180000000000003,0.43550000000000005,0.5397000000000001,22.70000000000001,28.900000000000034,29.970000000000034,2529.59,2744.1500000000005,3143.86,114.37,134.3,162.85000000000002,25.42,34.800000000000004,62.7,385.08000000000004,471.40000000000003,537.97
Shorea contorta,221,116,112,112,24.350000000000023,25.950000000000045,26.84000000000003,0.6521,0.9935,1.6231000000000002,27.05000000000001,28.750000000000057,30.450000000000045,2297.91,3039.9000000000005,4928.900000000001,32.0,110.80000000000001,204.43000000000006,30.460000000000004,52.650000000000006,75.99,115.46000000000001,377.55000000000007,709.3300000000002
Shorea curtisii,114,73,57,57,24.210000000000047,25.850000000000023,26.73000000000003,0.3738,0.431,0.6856,28.410000000000036,29.55000000000001,31.110000000000035,2393.12,2965.7000000000003,3769.54,107.16000000000001,155.10000000000002,230.3,19.62,25.6,44.16,395.66,524.2,749.8000000000001
Shorea dasyphylla,70,36,36,36,25.30000000000004,26.35000000000005,26.950000000000045,0.34099999999999997,0.395,0.5175000000000001,29.30000000000004,30.50000000000003,31.25000000000003,2364.0,3381.55,4761.35,103.05000000000001,160.9,269.9,21.3,27.300000000000004,44.650000000000006,369.55000000000007,513.1,834.0500000000001
Shorea disticha,1,1,1,1,26.05000000000001,26.05000000000001,26.05000000000001,0.558,0.558,0.558,31.250000000000057,31.250000000000057,31.250000000000057,2761.1000000000004,2761.1000000000004,2761.1000000000004,125.4,125.4,125.4,32.2,32.2,32.2,418.40000000000003,418.40000000000003,418.40000000000003
Shorea faguetiana,138,72,72,72,23.960000000000043,26.250000000000057,26.850000000000023,0.2,0.35200000000000004,0.5237,28.270000000000056,30.05000000000001,31.140000000000033,2408.38,3694.9000000000005,4895.93,126.15,192.4,274.73,15.110000000000001,21.55,45.339999999999996,451.87,649.75,894.56
Shorea faguetioides,39,19,19,19,23.910000000000014,25.750000000000057,26.570000000000014,0.195,0.281,0.44060000000000005,27.930000000000017,30.250000000000057,30.970000000000038,3222.42,4258.0,5253.02,177.0,256.1,311.02,15.66,19.200000000000003,24.16,557.04,816.8000000000001,1002.6400000000001
Shorea falciferoides,76,27,27,27,25.430000000000028,26.350000000000023,26.890000000000033,0.19760000000000003,0.28700000000000003,0.4714000000000001,29.810000000000038,30.650000000000034,31.390000000000033,2549.78,3453.0,4579.72,123.14,226.0,274.84000000000003,14.82,19.700000000000003,35.36000000000001,427.86,715.7,888.4200000000001
Shorea fallax,114,58,57,57,22.910000000000036,26.350000000000023,26.850000000000023,0.20040000000000002,0.28700000000000003,0.49420000000000003,27.630000000000052,30.05000000000001,31.05000000000001,2160.4,3481.6000000000004,5091.26,120.16000000000001,176.9,308.04,11.46,19.0,34.599999999999994,421.32,600.2,953.3399999999999
Shorea gibbosa,217,98,97,97,22.950000000000045,26.150000000000034,26.750000000000057,0.20200000000000004,0.33399999999999996,0.5186000000000001,27.750000000000057,30.150000000000034,31.390000000000033,2264.76,2910.3,4487.820000000001,112.86,159.10000000000002,247.88000000000005,14.040000000000001,20.900000000000002,41.10000000000001,395.12,527.8000000000001,792.96
Shorea glauca,41,13,13,13,23.49000000000002,26.450000000000045,26.950000000000045,0.35340000000000005,0.376,0.5046,27.27000000000004,28.950000000000045,30.210000000000047,2082.82,3435.7000000000003,5377.380000000001,103.72000000000001,191.10000000000002,274.46000000000004,19.04,23.700000000000003,28.220000000000002,365.78000000000003,692.5,1036.16
Shorea gratissima,51,24,24,24,24.940000000000026,26.600000000000023,27.150000000000034,0.2912,0.501,0.7105,28.340000000000042,29.50000000000003,31.800000000000047,2073.48,2551.2,3194.2799999999997,27.240000000000002,119.9,171.56,15.33,23.75,61.970000000000006,137.63000000000002,439.75,565.5699999999999
Shorea guiso,225,164,161,161,24.250000000000057,26.150000000000034,26.950000000000045,0.24,0.7440000000000001,1.109,27.650000000000034,29.250000000000057,30.950000000000045,2078.1,2795.1000000000004,4671.900000000001,10.600000000000001,115.80000000000001,198.0,15.200000000000001,42.900000000000006,93.5,47.800000000000004,396.6,695.2
Shorea henryana,18,12,12,12,23.400000000000055,26.55000000000004,27.430000000000046,0.5364,1.1625,1.8096,29.360000000000024,31.100000000000023,34.63000000000004,1589.67,2146.2,2954.06,4.3,9.600000000000001,28.430000000000007,54.160000000000004,72.95,81.52000000000001,23.940000000000005,51.5,153.14000000000004
Shorea hopeifolia,147,70,65,65,23.350000000000023,26.250000000000057,26.850000000000023,0.19700000000000004,0.273,0.43200000000000005,27.290000000000042,29.450000000000045,30.850000000000023,2228.1200000000003,3650.4,5185.1,119.04,192.5,298.32000000000005,11.94,20.400000000000002,38.92000000000001,416.92,621.0,962.2400000000001
Shorea javanica,72,23,23,23,26.010000000000048,26.55000000000001,26.910000000000046,0.29040000000000005,0.369,0.4484,28.110000000000014,29.150000000000034,31.350000000000012,2331.86,3420.8,4778.500000000001,90.16000000000001,156.60000000000002,259.88000000000005,20.56,31.200000000000003,48.28000000000001,312.1,528.1,974.7400000000001
Shorea johorensis,179,81,70,70,24.630000000000035,26.450000000000045,26.850000000000023,0.1957,0.374,0.5306000000000001,28.740000000000055,30.650000000000034,31.350000000000023,2248.7400000000002,2809.3500000000004,3725.03,111.21000000000001,131.9,207.45000000000005,14.060000000000002,23.75,38.230000000000004,362.6,481.5,715.77
Shorea laevis,296,107,105,105,24.59000000000002,26.350000000000023,26.850000000000023,0.19240000000000002,0.303,0.45380000000000004,28.650000000000034,30.350000000000023,31.310000000000038,2273.6000000000004,3280.8,4580.160000000001,122.76,166.20000000000002,274.18000000000006,14.98,19.8,29.700000000000003,428.3,560.0,881.16
Shorea lamellata,106,41,38,38,25.950000000000045,26.450000000000045,26.780000000000047,0.19200000000000003,0.22250000000000003,0.3873000000000002,29.05000000000001,30.55000000000001,31.280000000000047,2404.9,3158.05,3934.2700000000004,111.53,156.85000000000002,223.63000000000002,15.47,20.950000000000003,29.50000000000001,418.12000000000006,533.6,715.07
Shorea leprosula,613,303,292,292,24.250000000000057,26.250000000000057,26.750000000000057,0.20200000000000004,0.4015,0.5729000000000001,28.350000000000023,30.350000000000023,31.350000000000023,2195.03,2971.05,4334.320000000001,96.5,148.0,226.9300000000001,15.5,24.150000000000002,44.290000000000006,350.06000000000006,510.0,770.3000000000001
Shorea macrophylla,197,111,103,103,24.55000000000001,26.250000000000057,26.650000000000034,0.20900000000000002,0.321,0.4512,28.77000000000005,30.450000000000045,30.950000000000045,2660.88,3678.3,4805.32,136.94,201.70000000000002,283.29999999999995,15.100000000000001,21.1,35.58,491.84000000000003,642.9000000000001,895.46
Shorea macroptera,759,127,117,117,24.750000000000057,26.350000000000023,26.850000000000023,0.2366,0.40700000000000003,0.5478000000000001,28.610000000000024,30.250000000000057,31.190000000000044,2293.48,3032.8,4580.280000000001,111.36,148.20000000000002,264.6,16.060000000000002,23.6,36.70000000000001,398.14,524.8000000000001,837.4000000000001
Shorea materialis,13,10,10,10,25.520000000000017,26.450000000000045,26.760000000000055,0.36630000000000007,0.4605,0.7268,29.430000000000046,29.80000000000004,31.360000000000024,2687.4300000000003,3164.45,4479.78,110.19000000000001,155.40000000000003,234.92,16.900000000000002,28.65,73.84,375.1,512.85,746.5899999999999
Shorea mecistopteryx,57,32,32,32,24.800000000000058,26.250000000000057,26.740000000000055,0.2343,0.38300000000000006,0.5078,28.970000000000045,30.200000000000017,31.150000000000034,2664.2200000000003,3369.4,3980.4100000000003,128.0,161.3,224.3,14.230000000000002,24.5,35.6,472.44000000000005,568.0,736.6200000000001
Shorea megistophylla,12,4,4,4,23.900000000000055,24.950000000000045,25.790000000000028,0.48050000000000004,0.6495000000000001,0.8178000000000001,29.630000000000035,30.200000000000017,30.56000000000003,2158.2700000000004,3260.95,4538.42,100.89,170.8,249.39000000000001,27.53,35.25,43.74,360.71000000000004,593.8,849.57
Shorea multiflora,725,138,133,133,23.93000000000003,26.250000000000057,26.750000000000057,0.2018,0.37200000000000005,0.5104,28.05000000000001,30.250000000000057,31.05000000000001,2352.6800000000003,3569.5,4805.16,124.42,184.60000000000002,272.88000000000005,15.22,24.3,45.64,448.1,602.5,894.26
Shorea ovalis,423,182,172,172,24.960000000000043,26.450000000000045,26.850000000000023,0.198,0.35150000000000003,0.5407000000000001,28.560000000000013,30.150000000000034,31.34000000000003,2244.11,2861.2000000000003,3921.4300000000003,97.04,139.25,205.30000000000004,14.700000000000001,24.700000000000003,44.2,345.66,502.8,675.09
Shorea ovata,134,62,60,60,24.410000000000043,26.350000000000023,26.850000000000023,0.28880000000000006,0.3955,0.4852000000000001,27.620000000000033,30.150000000000034,30.870000000000022,2749.6400000000003,3951.9000000000005,4924.74,128.98000000000002,217.45000000000002,281.58000000000004,15.97,24.700000000000003,52.410000000000004,445.06000000000006,698.7,964.8200000000002
Shorea palembanica,89,46,45,45,25.470000000000027,26.450000000000045,26.810000000000038,0.1836,0.33399999999999996,0.48880000000000007,29.790000000000042,30.650000000000034,31.350000000000023,2391.94,3382.1000000000004,4458.52,104.74000000000001,160.60000000000002,269.28000000000003,16.98,25.900000000000002,43.02,365.26000000000005,551.9,832.5400000000001
Shorea palosapis,102,87,87,87,24.410000000000036,26.05000000000001,27.09000000000002,0.41700000000000004,0.9730000000000001,1.6066000000000003,27.250000000000057,28.750000000000057,30.450000000000045,2149.06,3158.4,4986.960000000001,57.260000000000005,146.0,208.34000000000003,28.86,46.0,59.84,202.74,498.3,712.5200000000001
Shorea parvifolia,865,375,347,347,23.350000000000023,26.250000000000057,26.850000000000023,0.199,0.359,0.5102000000000003,27.750000000000057,30.250000000000057,31.290000000000045,2271.0,3073.0,4579.480000000001,105.56,157.8,266.38000000000005,14.92,22.400000000000002,38.48000000000001,378.12000000000006,528.3000000000001,864.1400000000001
Shorea parvistipulata,229,91,85,85,22.510000000000037,26.150000000000034,26.810000000000038,0.193,0.32300000000000006,0.44360000000000005,26.690000000000044,29.950000000000045,31.270000000000028,2338.1,3448.0,4532.900000000001,127.78,174.10000000000002,272.86,14.180000000000001,20.3,33.04000000000001,452.98,576.2,862.7800000000001
Shorea pauciflora,643,138,135,135,24.73000000000003,26.450000000000045,26.950000000000045,0.19740000000000002,0.35,0.5366000000000001,28.49000000000003,29.850000000000023,31.210000000000047,2155.36,2867.1000000000004,4339.880000000001,110.64,153.4,246.4000000000001,14.38,21.5,44.98000000000001,395.14,513.8000000000001,817.6200000000001
Shorea pinanga,242,117,106,106,24.05000000000001,26.100000000000023,26.650000000000034,0.193,0.276,0.42300000000000004,28.200000000000045,30.250000000000057,31.05000000000001,2399.3500000000004,3577.4500000000003,4715.200000000001,126.7,192.9,275.8,14.3,21.1,32.35,443.95000000000005,641.45,895.1500000000001
Shorea platycarpa,74,35,35,35,24.390000000000033,26.55000000000001,26.850000000000023,0.25680000000000003,0.3940000000000001,0.5246000000000001,28.150000000000055,30.450000000000045,31.310000000000038,2412.92,3573.3,4296.64,109.78000000000002,168.10000000000002,242.28000000000003,18.32,28.3,40.18000000000001,360.00000000000006,591.2,773.6800000000001
Shorea platyclados,157,80,78,78,20.130000000000045,23.350000000000023,26.51000000000004,0.22760000000000002,0.358,0.5247999999999998,24.150000000000034,27.950000000000045,30.58000000000002,2757.3300000000004,3418.5,4932.25,115.4,172.8,289.15,16.150000000000002,24.0,34.71,422.99,591.1500000000001,936.62
Shorea polyandra,126,34,34,34,24.800000000000033,26.350000000000023,26.750000000000057,0.1895,0.2455,0.3606,28.58000000000002,30.100000000000023,31.09000000000004,2278.31,2669.9,4247.88,116.13000000000001,141.95,249.39000000000001,14.49,19.9,28.21,365.19,494.15000000000003,789.0
Shorea polysperma,40,28,26,26,23.400000000000034,26.700000000000045,27.350000000000023,0.6715000000000001,0.8260000000000001,1.3945000000000003,27.05000000000004,29.900000000000034,31.25000000000003,2195.9,3042.8,3938.45,9.45,120.5,168.70000000000002,28.1,47.2,99.1,34.25,388.6,558.0500000000001
Shorea roxburghii,125,91,84,84,20.01000000000004,26.100000000000023,27.450000000000045,0.7195,1.5815000000000001,2.7341,28.51000000000004,32.85000000000002,36.02000000000006,1035.93,1572.9,2949.8300000000004,3.0300000000000002,6.6000000000000005,32.52,57.03,75.4,92.06000000000002,21.050000000000004,38.050000000000004,161.96
Shorea scaberrima,90,51,49,49,24.49000000000002,26.150000000000034,26.670000000000037,0.22500000000000003,0.37,0.4644000000000001,28.730000000000054,30.250000000000057,31.070000000000014,3394.3,4174.7,4950.06,171.88000000000002,227.3,275.96000000000004,17.98,22.0,47.08000000000002,560.0600000000001,718.8000000000001,914.22
Shorea selanica,40,10,10,10,23.360000000000042,26.30000000000004,26.570000000000014,0.3356,0.45400000000000007,0.7511000000000001,27.52000000000003,28.10000000000005,28.820000000000057,2112.63,2691.25,3250.78,80.33000000000001,103.0,144.60999999999999,27.51,37.150000000000006,50.32,282.51,384.6,486.25
Shorea seminis,136,75,75,75,25.55000000000001,26.350000000000023,26.810000000000038,0.193,0.34800000000000003,0.49520000000000003,29.23000000000003,30.55000000000001,31.250000000000057,2571.34,3401.9,4425.700000000002,126.88000000000001,181.5,244.24000000000004,15.24,20.3,35.32000000000001,465.24,577.4,798.7800000000003
Shorea singkawang,81,34,31,31,24.450000000000045,26.350000000000023,27.05000000000001,0.272,0.42300000000000004,0.7170000000000001,28.55000000000001,29.750000000000057,30.850000000000023,2279.3,2907.9,3442.3,98.9,126.4,155.10000000000002,23.700000000000003,29.200000000000003,54.300000000000004,356.3,429.3,533.5
Shorea smithiana,140,62,60,60,25.440000000000044,26.55000000000001,26.950000000000045,0.1928,0.28550000000000003,0.517,28.650000000000034,30.150000000000034,31.060000000000013,2152.53,2872.65,3853.9400000000005,110.05,145.85000000000002,225.69000000000003,12.9,17.9,35.830000000000005,421.11,505.05000000000007,768.1600000000001
Shorea stenoptera,37,21,21,21,24.55000000000001,26.150000000000034,26.55000000000001,0.215,0.38400000000000006,0.4640000000000001,28.850000000000023,30.450000000000045,30.850000000000023,3435.8,4278.5,4808.1,173.9,217.3,254.8,20.700000000000003,27.1,48.2,559.1,684.4000000000001,809.3000000000001
Shorea stipularis,14,6,6,6,22.600000000000023,23.80000000000004,25.150000000000034,0.511,0.541,0.6860000000000002,27.450000000000045,29.05000000000004,29.75000000000003,2385.3,2945.5,3404.7000000000003,102.05000000000001,123.25000000000001,160.9,29.6,31.6,38.10000000000001,366.70000000000005,440.8,586.35
Shorea thorelii,14,10,9,9,25.49000000000002,26.850000000000023,28.170000000000037,0.5896,2.047,2.4068,30.57000000000003,33.35000000000002,35.09000000000003,1421.96,1815.5,3837.4600000000005,2.96,4.800000000000001,19.560000000000002,69.38,86.7,105.86000000000001,25.720000000000002,30.5,116.50000000000001
Shorea trapezifolia,8,2,2,2,24.130000000000024,25.25000000000003,26.370000000000033,0.6086,0.8069999999999999,1.0053999999999998,29.380000000000045,31.10000000000005,32.82000000000006,1575.38,2279.7000000000003,2984.0200000000004,48.290000000000006,88.25,128.21,33.61,46.85000000000001,60.09000000000001,178.62,318.70000000000005,458.7800000000001
Shorea uliginosa,58,26,25,25,26.350000000000023,26.750000000000057,27.05000000000001,0.2654,0.3990000000000001,0.5084000000000001,29.210000000000026,30.250000000000057,31.010000000000026,2566.42,3062.9,3864.9000000000005,104.18,136.20000000000002,215.38000000000002,22.96,29.1,41.14000000000001,411.12,496.40000000000003,676.2800000000001
Shorea virescens,57,38,38,38,24.190000000000044,26.100000000000023,26.750000000000057,0.1927,0.268,0.4176,28.490000000000016,30.200000000000045,31.08000000000002,2863.2900000000004,3816.45,5120.9800000000005,124.37,209.90000000000003,305.94000000000005,15.610000000000001,20.5,31.290000000000006,439.05,669.4000000000001,937.4400000000002
Shorea xanthophylla,70,30,29,29,23.49000000000003,26.350000000000023,26.77000000000005,0.22260000000000002,0.43900000000000006,0.5318,27.75000000000002,30.55000000000001,31.450000000000045,2642.36,3280.1000000000004,4706.24,125.76,157.20000000000002,282.28000000000003,15.860000000000001,22.5,33.68,470.56,613.6,913.62
Sindora beccariana,37,29,29,29,24.33000000000004,26.450000000000045,26.950000000000045,0.19940000000000002,0.37800000000000006,0.46859999999999996,28.850000000000044,30.150000000000034,31.190000000000033,2436.34,3226.9,3961.76,129.36,175.10000000000002,229.38,15.32,20.700000000000003,27.880000000000003,469.74000000000007,596.8000000000001,762.54
Sindora coriacea,115,28,28,28,25.640000000000025,26.400000000000034,26.88000000000003,0.22740000000000002,0.49400000000000005,0.6185,29.120000000000026,30.400000000000034,31.310000000000052,2212.55,2736.45,3449.1200000000003,110.89000000000001,128.75,156.81000000000003,17.11,26.900000000000002,46.690000000000005,369.53000000000003,464.90000000000003,523.94
Sindora leiocarpa,97,49,48,48,25.55000000000001,26.350000000000023,26.850000000000023,0.20330000000000004,0.36650000000000005,0.45690000000000003,29.52000000000002,30.350000000000023,31.110000000000024,2287.73,3006.0,4576.360000000001,116.23,159.3,231.67000000000004,14.620000000000001,19.85,42.09000000000002,402.58000000000004,535.7,776.6300000000001
Sindora siamensis,128,101,85,85,23.410000000000046,26.650000000000034,28.010000000000026,0.8712000000000001,1.5830000000000002,2.331400000000001,29.850000000000023,33.05000000000001,35.05000000000007,1120.76,1670.4,2907.100000000002,2.9000000000000004,6.4,17.340000000000003,69.16000000000001,80.5,100.26,17.64,37.300000000000004,96.28000000000002
Sloanea sigun,41,22,18,18,9.850000000000023,19.650000000000034,25.780000000000037,0.2816,0.34400000000000003,2.0717000000000017,14.620000000000028,24.50000000000003,32.00000000000005,1902.21,2728.6500000000005,4456.860000000001,6.1000000000000005,132.3,212.59000000000003,22.41,29.3,87.62,42.230000000000004,429.6,770.01
Sorbus corymbifera,30,24,19,19,16.450000000000035,19.350000000000023,23.99000000000002,0.7262000000000001,2.937,4.4298,23.130000000000017,26.450000000000045,32.03000000000003,989.74,1823.7,3207.3799999999997,7.38,15.0,43.34,54.36000000000001,72.3,83.80000000000001,36.32,73.0,192.24
Stemonurus scorpioides,71,44,44,44,26.01000000000004,26.750000000000057,27.150000000000034,0.2921,0.4335,0.49940000000000007,29.08000000000002,30.450000000000045,31.320000000000032,2857.7200000000003,3247.2000000000003,4003.9000000000005,117.91,170.75,218.79000000000002,17.62,23.300000000000004,32.430000000000014,439.12,597.0,787.8300000000002
Stemonurus secundiflorus,84,55,48,48,25.920000000000037,26.55000000000001,27.05000000000001,0.27580000000000005,0.3935,0.5133000000000001,28.05000000000001,30.100000000000023,31.250000000000057,2295.7,2808.75,4045.090000000001,96.74000000000001,138.0,207.35000000000005,18.87,26.6,51.620000000000054,339.06000000000006,476.85,680.9000000000001
Sterculia gilva,17,15,15,15,26.27000000000004,26.750000000000057,27.130000000000052,0.33880000000000005,0.458,0.5456000000000001,29.190000000000044,30.450000000000045,31.190000000000033,2655.4000000000005,3290.1000000000004,4201.66,100.32000000000001,168.60000000000002,223.38,16.04,25.3,49.400000000000006,385.64000000000004,567.3000000000001,754.38
Sterculia guttata,249,223,183,183,20.790000000000056,23.55000000000001,26.450000000000045,0.9846,1.243,2.1076,28.950000000000045,32.450000000000045,34.43000000000004,1534.54,3194.3,4461.5,0.6000000000000001,3.1,28.580000000000002,64.2,113.60000000000001,141.20000000000002,4.42,22.0,138.26000000000002
Sterculia oblongata,82,61,57,57,22.37000000000005,26.350000000000023,26.950000000000045,0.3374,0.48700000000000004,0.8419999999999999,26.37000000000005,28.850000000000023,30.950000000000045,2198.6600000000003,2812.7000000000003,3998.5000000000005,59.92000000000002,135.20000000000002,187.18,18.32,26.5,59.31999999999999,202.9000000000001,483.70000000000005,661.3799999999999
Streblus elongatus,194,105,92,92,24.260000000000055,26.55000000000001,26.950000000000045,0.3453,0.41600000000000004,0.5812000000000002,28.05000000000001,29.350000000000023,30.850000000000023,2402.8199999999997,2890.3500000000004,3977.090000000001,106.32000000000001,137.8,199.39000000000004,20.52,24.950000000000003,37.27000000000002,356.75,511.05,717.2500000000001
Swietenia macrophylla,2793,1200,335,335,21.99000000000003,25.350000000000023,26.650000000000034,0.5740000000000001,1.775,2.6874000000000016,28.290000000000042,31.850000000000023,34.43000000000007,1089.48,1755.8000000000002,2689.92,11.839999999999998,39.5,75.58000000000001,51.300000000000004,60.300000000000004,79.28000000000002,47.22,135.3,243.48000000000002
Swietenia mahogani,175,157,153,153,23.250000000000057,24.650000000000034,25.950000000000045,1.1142,1.9370000000000003,3.1058000000000003,28.350000000000023,30.350000000000023,31.850000000000023,1089.64,1354.6000000000001,1672.0200000000004,31.220000000000002,42.5,63.92,40.02,53.0,65.46000000000002,109.64,147.1,217.12000000000003
Symplocos cochinchinensis,2207,952,822,822,15.450000000000045,22.650000000000034,25.750000000000057,0.3251,2.7235,6.0221,20.770000000000056,28.350000000000023,31.650000000000034,1621.8600000000001,2868.7000000000003,4803.709999999999,21.700000000000003,149.25,262.98999999999995,19.0,31.950000000000003,75.3,85.81000000000002,479.1,853.27
Symplocos paniculata,6825,2571,1595,1595,13.550000000000011,19.350000000000023,22.650000000000034,4.1038,5.775,8.4418,25.450000000000045,29.850000000000023,32.650000000000034,1008.38,1812.0,3618.5600000000004,11.700000000000001,41.2,179.4000000000002,31.1,56.6,84.36000000000003,44.2,153.0,679.460000000001
Syzygium cumini,19524,3246,2306,2306,22.250000000000057,25.900000000000034,27.250000000000057,0.92,2.0015,4.6805,29.350000000000023,33.35000000000002,39.450000000000045,831.5,1670.3000000000002,3614.55,0.9,7.1000000000000005,24.150000000000002,67.45,89.4,140.60000000000002,5.300000000000001,37.7,105.05000000000001
Syzygium gardneri,349,174,116,116,20.750000000000057,22.650000000000034,24.650000000000034,0.996,1.1105,1.306,28.200000000000045,31.100000000000023,33.450000000000045,2454.8,3532.1500000000005,5618.75,3.4000000000000004,21.700000000000003,33.2,61.8,72.30000000000001,131.7,26.15,106.65,151.3
Syzygium grande,93,71,65,65,20.37000000000004,26.450000000000045,27.150000000000034,0.3274,0.5710000000000001,1.4006,25.750000000000036,29.750000000000057,32.55000000000001,1885.2800000000002,2786.4,3601.92,7.260000000000001,107.60000000000001,181.42000000000002,19.080000000000002,52.800000000000004,80.42,37.20000000000001,414.3,602.6800000000001
Syzygium hainanense,4,4,4,4,24.05000000000001,24.30000000000001,25.040000000000042,2.8117,3.1455,3.4408000000000003,29.900000000000055,30.450000000000045,31.630000000000017,1539.5200000000002,1598.4,1684.3700000000001,7.53,9.9,10.94,72.96000000000001,76.6,78.84,40.6,47.75,53.43000000000001
Syzygium hancei,308,142,137,137,19.410000000000036,22.450000000000045,24.690000000000044,2.8418000000000005,5.132000000000001,6.9108,28.750000000000057,30.850000000000023,32.39000000000003,1526.14,1946.3000000000002,2528.4200000000005,10.760000000000002,30.700000000000003,45.620000000000005,57.120000000000005,70.9,82.02000000000001,49.660000000000004,113.7,182.8
Syzygium kunstleri,36,24,22,22,18.710000000000036,25.750000000000057,26.950000000000045,0.213,0.30450000000000005,0.5030000000000001,23.100000000000044,29.250000000000057,31.020000000000017,1990.5000000000002,3070.3500000000004,3866.1500000000015,114.05000000000001,147.60000000000002,204.87000000000006,11.81,17.55,26.67,423.09000000000003,493.5,689.9600000000003
Syzygium leptostemon,75,60,54,54,23.670000000000023,26.05000000000004,26.750000000000057,0.22260000000000002,0.3205,0.6059000000000003,27.900000000000055,30.25000000000003,31.450000000000045,2247.46,3508.7000000000003,4872.84,93.67000000000003,187.75,280.96000000000004,12.290000000000001,19.9,39.80000000000002,345.49000000000007,627.0,888.6400000000001
Syzygium lineatum,232,153,145,145,22.09000000000002,26.450000000000045,27.150000000000034,0.252,0.513,1.0074,26.890000000000033,30.450000000000045,32.35000000000002,1981.4800000000002,2694.9,4202.98,16.54,107.2,209.87999999999997,17.02,37.7,79.46000000000001,86.82000000000001,382.8,748.08
Syzygium munroi,221,61,48,48,20.22000000000005,21.350000000000023,22.110000000000024,0.9547000000000001,1.0190000000000001,1.1017000000000001,27.89000000000005,29.100000000000023,30.91000000000002,2390.7,4063.5,4642.02,6.6000000000000005,24.25,33.9,61.760000000000005,71.85000000000001,109.53,40.88,130.65,154.82000000000002
Syzygium nervosum,822,603,510,510,22.450000000000045,26.650000000000034,27.55000000000001,0.7915000000000001,1.6205000000000003,4.858200000000001,29.05000000000001,32.150000000000034,36.450000000000045,1218.29,1719.5,2479.3100000000004,0.6000000000000001,2.0,35.61000000000003,59.580000000000005,101.10000000000001,108.51,4.6000000000000005,9.15,152.7900000000001
Syzygium oblatum,93,52,46,46,20.650000000000034,26.30000000000004,27.400000000000034,0.526,0.9485000000000001,3.2910000000000004,28.00000000000003,31.00000000000003,34.75000000000006,1236.5,2501.4500000000003,4895.450000000001,5.0,16.15,75.25,57.95,77.4,91.15,23.700000000000003,79.65,295.55
Syzygium pycnanthum,119,72,62,62,21.210000000000036,25.650000000000034,26.750000000000057,0.20640000000000003,0.3825,0.5673,26.05000000000001,29.05000000000001,31.240000000000055,2206.07,2964.8,5172.43,57.400000000000006,138.25,298.53999999999996,15.650000000000002,22.3,51.3,253.15,508.15000000000003,910.22
Syzygium racemosum,41,19,18,18,18.890000000000043,26.25000000000003,26.950000000000045,0.2055,0.34850000000000003,0.6149,22.970000000000027,29.900000000000034,31.51000000000004,1957.38,2516.9,3436.7100000000005,22.220000000000002,112.30000000000001,194.21000000000004,11.9,29.35,59.93,131.62,409.45000000000005,643.74
Syzygium scortechinii,59,46,44,44,18.120000000000022,24.80000000000004,26.72000000000005,0.243,0.381,0.504,23.380000000000045,29.10000000000005,30.750000000000057,2457.09,3359.05,5023.02,121.78,178.3,314.50000000000006,15.51,19.75,31.42000000000001,433.06,572.9000000000001,967.72
Syzygium spathulatum,2,2,2,2,18.780000000000037,19.30000000000004,19.820000000000043,1.2828,1.318,1.3532000000000002,24.800000000000033,25.400000000000034,26.000000000000036,1709.6,1712.0,1714.4,66.48,66.80000000000001,67.12,53.01,53.05,53.09,205.70000000000002,207.3,208.9
Tectona grandis,31449,7329,3423,3423,24.350000000000023,26.650000000000034,27.350000000000023,0.9122000000000001,1.406,3.9078000000000013,30.850000000000023,34.150000000000034,38.75000000000006,887.3000000000001,2211.3,3621.600000000001,1.8,7.2,19.0,66.4,87.80000000000001,126.0,12.320000000000006,38.6,103.38000000000002
Terminalia bellirica,1663,719,547,547,22.410000000000036,25.650000000000034,27.05000000000001,0.9206000000000001,1.825,4.504600000000002,30.250000000000057,33.150000000000034,38.99000000000006,884.6600000000001,1979.3000000000002,3989.7600000000007,0.7000000000000001,4.2,23.700000000000003,68.46000000000001,108.10000000000001,142.54,4.86,26.400000000000002,108.88000000000004
Terminalia foetidissima,71,44,41,41,25.950000000000045,26.450000000000045,26.850000000000023,0.195,0.37,0.536,29.650000000000034,30.750000000000057,31.250000000000057,2371.3,3178.4,3954.9,103.9,152.5,251.4,16.5,18.900000000000002,40.900000000000006,362.0,509.90000000000003,810.2
Terminalia paniculata,338,272,227,227,22.750000000000057,24.450000000000045,26.650000000000034,1.0218,1.275,1.8912,31.05000000000001,33.05000000000001,34.55000000000007,1292.8200000000002,3360.8,4542.42,0.30000000000000004,1.1,23.640000000000004,69.78,127.9,140.34,2.7,11.200000000000001,119.40000000000002
Terminalia procera,135,66,56,56,26.250000000000057,26.650000000000034,26.850000000000023,0.454,0.7855000000000001,0.8480000000000001,29.200000000000017,30.650000000000034,31.05000000000001,2531.55,3009.8500000000004,3109.95,16.3,17.400000000000002,140.2,26.800000000000004,75.95,77.0,61.05,64.9,488.5
Terminalia subspathulata,53,36,28,28,22.430000000000017,26.150000000000034,26.88000000000003,0.26180000000000003,0.48150000000000004,0.5843,26.02000000000002,29.60000000000005,31.58000000000002,2398.17,3166.25,4162.89,39.38,126.75,179.24000000000004,21.570000000000004,34.1,62.45,157.08,470.95000000000005,573.5600000000001
Ternstroemia magnifica,52,32,32,32,10.130000000000024,21.80000000000004,26.640000000000033,0.2452,0.4005,0.48340000000000005,14.960000000000036,27.000000000000057,30.450000000000045,3050.78,3647.6000000000004,4922.170000000001,151.23000000000002,182.85000000000002,308.64000000000016,15.64,22.3,46.69000000000001,499.68,593.0,963.2900000000004
Tetradium glabrifolium,2285,1347,1090,1090,14.950000000000045,20.200000000000045,23.05000000000001,3.2654,4.507000000000001,7.8403,22.850000000000023,28.650000000000034,32.05000000000001,1466.78,2704.9500000000003,4033.170000000001,23.0,53.95,181.60000000000002,29.900000000000002,57.400000000000006,83.10000000000001,88.59,194.20000000000002,618.4000000000001
Tetradium ruticarpum,2441,701,642,642,13.350000000000023,17.400000000000034,20.950000000000045,4.0124,7.0445,8.3297,22.760000000000055,30.150000000000034,32.950000000000045,1017.94,1619.0,3555.5899999999992,12.320000000000002,36.2,75.81999999999992,45.120000000000005,59.400000000000006,81.69,46.11,144.10000000000002,291.24
Tetramerista glabra,132,80,76,76,23.150000000000034,26.450000000000045,27.05000000000001,0.198,0.364,0.48050000000000004,26.80000000000004,30.05000000000001,31.150000000000034,2501.0,3310.4000000000005,4764.3,105.1,174.3,281.65,15.350000000000001,21.0,44.35000000000001,388.80000000000007,564.35,905.3500000000001
Toona hexandra,8582,3592,2619,2619,14.950000000000045,18.55000000000001,26.850000000000023,0.9490000000000001,3.4920000000000004,4.163,24.350000000000023,27.350000000000023,33.35000000000002,964.22,1413.1000000000001,3035.8600000000006,8.6,46.6,70.3,21.1,42.6,92.44000000000005,45.86000000000001,152.6,228.62000000000006
Toxicodendron rhetsoides,34,19,19,19,19.79000000000003,22.750000000000057,25.57000000000004,1.4064,2.6340000000000003,3.1174,26.83000000000003,31.250000000000057,34.89000000000003,1217.9,1517.8000000000002,2694.8,4.54,8.6,22.3,72.94,78.10000000000001,85.06,28.080000000000002,41.800000000000004,79.07999999999998
Trema cannabina,1876,949,836,836,17.150000000000034,21.750000000000057,26.55000000000001,0.34299999999999997,4.5865,7.9995,26.850000000000023,29.850000000000023,32.75000000000006,1487.2,2171.3,4008.05,28.1,54.85,203.85000000000002,19.3,49.0,71.3,104.25,216.55,684.1000000000001
Triadica cochinchinensis,3143,2053,1442,1442,18.250000000000057,21.650000000000034,23.150000000000034,3.0587999999999997,4.555,7.319000000000001,27.150000000000034,29.450000000000045,32.05000000000001,1587.64,2468.65,3919.970000000001,22.71,42.5,174.66000000000005,35.31,67.5,84.59000000000002,86.4,147.7,615.3300000000002
Triadica sebifera,3762,1951,1603,1603,15.070000000000018,17.150000000000034,22.730000000000047,4.7250000000000005,7.425,8.5202,27.650000000000034,30.55000000000001,32.85000000000002,1079.64,1557.4,2226.8,15.420000000000002,38.0,59.48,40.7,55.300000000000004,81.80000000000001,57.02,148.1,231.44
Tristaniopsis decorticata,7,6,6,6,24.05000000000001,26.60000000000005,26.85000000000005,0.8310000000000001,1.0215,1.161,27.750000000000057,29.30000000000004,31.200000000000045,1956.5500000000002,2788.55,3932.8,40.45,75.7,147.9,33.1,49.150000000000006,65.6,135.95,249.25,491.9
Turpinia cochinchinensis,458,202,162,162,13.960000000000042,18.05000000000001,24.150000000000034,2.5026,4.079000000000001,6.7195,22.05000000000001,27.05000000000004,32.04000000000001,979.51,1440.0,2366.7700000000004,6.050000000000001,17.25,35.300000000000004,56.57,74.9,87.49,33.120000000000005,72.95,145.47000000000003
Vateria indica,1281,540,118,118,21.250000000000057,23.150000000000034,26.08000000000002,0.9657,1.0835,1.2633,28.820000000000032,31.200000000000045,34.05000000000007,1907.0800000000002,3230.7,4473.15,5.6400000000000015,26.5,33.730000000000004,58.040000000000006,70.4,94.33,36.00000000000001,131.3,158.04000000000002
Vatica albiramis,120,68,67,67,22.610000000000035,25.850000000000023,26.750000000000057,0.234,0.38800000000000007,0.5262,27.210000000000047,30.250000000000057,31.53000000000004,1853.0600000000002,2535.8,4572.06,88.46000000000001,135.9,273.04,11.96,17.7,22.78,333.34000000000003,474.1,903.22
Vatica cinerea,38,25,24,24,23.650000000000023,26.05000000000004,27.420000000000037,0.5299,0.6925000000000001,2.7314,28.82000000000002,31.400000000000034,33.21000000000004,1855.69,2508.75,3091.19,4.98,27.800000000000004,70.75999999999999,41.550000000000004,61.300000000000004,94.12,36.02,134.8,324.44999999999993
Vatica pauciflora,113,46,43,43,25.55000000000001,26.650000000000034,27.03000000000002,0.3476,0.501,0.8380000000000001,28.010000000000026,30.05000000000001,31.55000000000001,2411.68,2817.8,3390.6400000000003,63.440000000000005,116.30000000000001,155.58,24.220000000000002,38.800000000000004,74.32000000000001,251.68,427.6,514.76
Vepris bilocularis,106,96,67,67,20.610000000000024,23.250000000000057,25.27000000000004,0.9852000000000001,1.149,1.2480000000000002,28.110000000000024,31.350000000000023,33.87000000000006,2057.26,3241.4,4642.9400000000005,4.66,23.1,34.36,62.36000000000001,71.4,111.84,32.50000000000001,111.10000000000001,144.48000000000002
Vitex parviflora,294,180,165,165,24.350000000000023,26.150000000000034,27.250000000000057,0.45160000000000006,0.79,1.0937999999999999,26.99000000000003,29.150000000000034,31.850000000000023,1791.6200000000001,2590.5,3778.4799999999996,9.18,57.7,140.07999999999998,32.38,53.5,96.5,40.84,200.4,497.82
Vitex pinnata,918,699,628,628,23.920000000000037,26.55000000000001,27.150000000000034,0.2657,0.5335000000000001,1.624100000000002,28.250000000000057,30.450000000000045,32.950000000000045,1548.9900000000002,2533.3500000000004,3809.7300000000005,6.870000000000001,106.65,187.88000000000025,18.400000000000002,38.85000000000001,80.56000000000002,37.11,378.65000000000003,624.1000000000001
Vitex turczaninowii,32,15,15,15,25.73000000000003,26.350000000000023,26.910000000000036,0.163,0.805,1.3763999999999998,27.77000000000004,29.250000000000057,31.510000000000023,2092.18,2803.5,4160.3,25.44,107.2,189.86,19.860000000000003,45.5,79.82000000000001,83.66,388.20000000000005,620.32
Walsura pinnata,250,128,121,121,22.650000000000034,26.05000000000001,26.950000000000045,0.243,0.539,2.722,28.650000000000034,30.450000000000045,33.05000000000001,1476.2,2570.1000000000004,3577.8,5.9,96.7,181.70000000000002,15.3,36.5,84.80000000000001,29.5,323.5,612.7
Whiteodendron moultonianum,45,29,29,29,23.69000000000002,26.350000000000023,26.750000000000057,0.258,0.38800000000000007,0.512,28.150000000000055,30.05000000000001,30.790000000000056,3332.94,3828.2000000000003,4901.14,161.86,217.20000000000002,286.08000000000004,18.78,21.400000000000002,54.38,522.94,701.9000000000001,907.08
Xanthophyllum ellipticum,88,58,58,58,25.05000000000001,26.50000000000003,27.150000000000034,0.2355,0.401,0.48240000000000005,28.790000000000028,30.650000000000034,31.280000000000047,2497.39,3432.75,4192.71,110.88000000000001,179.2,250.08000000000004,16.23,21.15,33.480000000000004,403.37000000000006,608.95,817.7300000000001
Xerospermum noronhianum,580,269,249,249,22.53000000000002,25.950000000000045,27.05000000000001,0.28459999999999996,0.491,1.2148000000000005,27.150000000000034,30.250000000000057,32.55000000000001,1902.3400000000001,2817.1000000000004,4482.62,8.4,118.9,226.38000000000002,19.340000000000003,31.3,79.04000000000002,56.660000000000004,432.40000000000003,770.0200000000003
Xylia xylocarpa,497,461,439,439,23.250000000000057,25.55000000000001,26.870000000000026,1.07,1.8870000000000002,2.5704,31.350000000000023,33.650000000000034,35.57000000000006,1156.38,1567.5,3346.44,1.0,4.5,8.539999999999997,74.28,83.30000000000001,127.3,9.98,24.6,44.04
Xylopia ferruginea,282,120,117,117,24.130000000000052,26.55000000000001,27.05000000000001,0.20660000000000003,0.41300000000000003,0.6006000000000001,28.210000000000047,30.350000000000023,31.290000000000045,2396.32,2942.9,4054.440000000001,101.76,142.20000000000002,241.14000000000004,17.360000000000003,24.400000000000002,43.56000000000002,365.3,503.90000000000003,780.1000000000001
Xylopia fusca,62,30,30,30,25.910000000000043,26.600000000000023,27.05000000000001,0.30030000000000007,0.3995,0.5368,28.470000000000017,30.200000000000045,31.350000000000023,2484.55,2973.2000000000003,4040.2300000000014,99.39000000000001,136.4,217.38000000000002,21.96,30.200000000000003,47.03000000000001,361.32000000000005,501.80000000000007,685.3500000000001
