row_id,country,province,disturbance,forest_condition,comp_removal,shading,soil_prep,water_reg,fertilisation,protection,planting_density,planting_sp_no,species_full,genus,species,family,survival_per,lat_dec,lon_dec,w_meanWD,treatment,planting_density_missing,target_horizon_months,split_group_id,split_set
0,Malaysia,Perak,LG,forest_enrichment,1,0,0,0,0,0,800.0,2.0,Shorea leprosula,Shorea,leprosula,Dipterocarpaceae,45.3,4.1,101.2,0.44,1,0,156.0,AA2008,train
1,Malaysia,Perak,LG,forest_enrichment,1,0,0,0,0,0,800.0,,Shorea parvifolia,Shorea,parvifolia,Dipterocarpaceae,46.4,4.1,101.2,0.405,1,0,156.0,AA2008,train
2,Malaysia,Perak,LG,forest_enrichment,1,0,0,0,0,0,800.0,2.0,Shorea parvifolia,Shorea,parvifolia,Dipterocarpaceae,20.0,4.1,101.2,0.405,1,0,156.0,AA2008,train
3,Malaysia,Perak,PL,plantation_enrichment,0,1,0,0,0,0,666.6666667,2.0,Shorea parvifolia,Shorea,parvifolia,Dipterocarpaceae,65.6,4.1,101.2,0.405,1,0,168.0,AA2008,train
4,Malaysia,Perak,PL,plantation_enrichment,0,1,0,0,0,0,666.6666667,2.0,Shorea parvifolia,Shorea,parvifolia,Dipterocarpaceae,42.3,4.1,101.2,0.405,1,0,168.0,AA2008,train
5,Malaysia,Perak,PL,plantation_enrichment,0,1,0,0,0,0,666.6666667,2.0,Shorea parvifolia,Shorea,parvifolia,Dipterocarpaceae,53.2,4.1,101.2,0.405,1,0,168.0,AA2008,train
6,Malaysia,Perak,PL,plantation_enrichment,0,1,0,0,0,0,666.6666667,2.0,Shorea parvifolia,Shorea,parvifolia,Dipterocarpaceae,21.6,4.1,101.2,0.405,1,0,168.0,AA2008,train
7,Malaysia,Perak,PL,plantation_enrichment,0,1,0,0,0,0,666.6666667,2.0,Shorea parvifolia,Shorea,parvifolia,Dipterocarpaceae,16.9,4.1,101.2,0.405,1,0,168.0,AA2008,train
8,Malaysia,Perak,LG,forest_enrichment,1,0,0,0,0,0,800.0,2.0,Shorea leprosula,Shorea,leprosula,Dipterocarpaceae,62.5,4.1,101.2,0.44,1,0,156.0,AA2008,train
9,Malaysia,Perak,LG,forest_enrichment,1,0,0,0,0,0,800.0,2.0,Shorea leprosula,Shorea,leprosula,Dipterocarpaceae,48.3,4.1,101.2,0.44,1,0,156.0,AA2008,train
10,Malaysia,Perak,PL,plantation_enrichment,0,1,0,0,0,0,666.6666667,2.0,Shorea leprosula,Shorea,leprosula,Dipterocarpaceae,70.7,4.1,101.2,0.44,1,0,168.0,AA2008,train
11,Malaysia,Perak,PL,plantation_enrichment,0,1,0,0,0,0,666.6666667,2.0,Shorea leprosula,Shorea,leprosula,Dipterocarpaceae,72.8,4.1,101.2,0.44,1,0,168.0,AA2008,train
12,Malaysia,Perak,PL,plantation_enrichment,0,1,0,0,0,0,666.6666667,2.0,Shorea leprosula,Shorea,leprosula,Dipterocarpaceae,50.2,4.1,101.2,0.44,1,0,168.0,AA2008,train
13,Malaysia,Perak,PL,plantation_enrichment,0,1,0,0,0,0,666.6666667,2.0,Shorea leprosula,Shorea,leprosula,Dipterocarpaceae,62.5,4.1,101.2,0.44,1,0,168.0,AA2008,train
14,Malaysia,Perak,PL,plantation_enrichment,0,1,0,0,0,0,666.6666667,2.0,Shorea leprosula,Shorea,leprosula,Dipterocarpaceae,29.4,4.1,101.2,0.44,1,0,168.0,AA2008,train
15,Malaysia,Perak,LG,forest_enrichment,1,0,0,0,0,0,800.0,2.0,Shorea parvifolia,Shorea,parvifolia,Dipterocarpaceae,55.7,4.1,101.2,0.405,1,0,156.0,AA2008,train
16,Malaysia,Unknown,LG,forest_enrichment,1,0,0,0,0,0,333.3333333,2.0,Shorea pauciflora,Shorea,pauciflora,Dipterocarpaceae,36.3,4.6,101.7333333,0.5325,1,0,132.0,AA2008B,train
17,Malaysia,Unknown,LG,forest_enrichment,1,0,0,0,0,0,1111.111111,2.0,Shorea macroptera,Shorea,macroptera,Dipterocarpaceae,65.5,4.6,101.7333333,0.425,1,0,132.0,AA2008B,train
18,Malaysia,Unknown,LG,forest_enrichment,1,0,0,0,0,0,1111.111111,2.0,Shorea macroptera,Shorea,macroptera,Dipterocarpaceae,52.2,4.6,101.7333333,0.425,1,0,132.0,AA2008B,train
19,Malaysia,Unknown,LG,forest_enrichment,1,0,0,0,0,0,1111.111111,2.0,Shorea macroptera,Shorea,macroptera,Dipterocarpaceae,45.0,4.6,101.7333333,0.425,1,0,132.0,AA2008B,train
20,Malaysia,Unknown,LG,forest_enrichment,1,0,0,0,0,0,333.3333333,2.0,Shorea pauciflora,Shorea,pauciflora,Dipterocarpaceae,38.6,4.6,101.7333333,0.5325,1,0,132.0,AA2008B,train
21,Malaysia,Unknown,LG,forest_enrichment,1,0,0,0,0,0,333.3333333,2.0,Shorea pauciflora,Shorea,pauciflora,Dipterocarpaceae,28.1,4.6,101.7333333,0.5325,1,0,132.0,AA2008B,train
22,Malaysia,Unknown,LG,forest_enrichment,1,0,0,0,0,0,1111.111111,2.0,Shorea pauciflora,Shorea,pauciflora,Dipterocarpaceae,46.7,4.6,101.7333333,0.5325,1,0,132.0,AA2008B,train
23,Malaysia,Unknown,LG,forest_enrichment,1,0,0,0,0,0,1111.111111,2.0,Shorea pauciflora,Shorea,pauciflora,Dipterocarpaceae,42.1,4.6,101.7333333,0.5325,1,0,132.0,AA2008B,train
24,Malaysia,Unknown,LG,forest_enrichment,1,0,0,0,0,0,1111.111111,2.0,Shorea pauciflora,Shorea,pauciflora,Dipterocarpaceae,29.4,4.6,101.7333333,0.5325,1,0,132.0,AA2008B,train
25,Malaysia,Unknown,LG,forest_enrichment,1,0,0,0,0,0,333.3333333,2.0,Shorea macroptera,Shorea,macroptera,Dipterocarpaceae,48.7,4.6,101.7333333,0.425,1,0,132.0,AA2008B,train
26,Malaysia,Unknown,LG,forest_enrichment,1,0,0,0,0,0,333.3333333,2.0,Shorea macroptera,Shorea,macroptera,Dipterocarpaceae,46.0,4.6,101.7333333,0.425,1,0,132.0,AA2008B,train
27,Malaysia,Unknown,LG,forest_enrichment,1,0,0,0,0,0,333.3333333,2.0,Shorea macroptera,Shorea,macroptera,Dipterocarpaceae,47.3,4.6,101.7333333,0.425,1,0,132.0,AA2008B,train
28,Indonesia,East Kalimantan,M,open_degraded,1,0,1,0,1,0,1111.111111,1.0,Vitex pinnata,Vitex,pinnata,Lamiaceae,100.0,-1.012222222,116.9075,0.565170667,1,0,12.0,AB2020,train
29,Indonesia,East Kalimantan,M,open_degraded,1,0,1,0,1,0,1111.111111,1.0,Vitex pinnata,Vitex,pinnata,Lamiaceae,100.0,-1.012222222,116.9075,0.565170667,1,0,48.0,AB2020,train
30,Indonesia,East Kalimantan,M,open_degraded,1,0,1,0,1,0,1111.111111,1.0,Ficus variegata,Ficus,variegata,Moraceae,70.0,-1.012222222,116.9075,0.327,1,0,12.0,AB2020,train
31,Indonesia,East Kalimantan,M,open_degraded,1,0,1,0,1,0,1111.111111,1.0,Ficus variegata,Ficus,variegata,Moraceae,32.5,-1.012222222,116.9075,0.327,1,0,48.0,AB2020,train
32,Indonesia,East Kalimantan,M,open_degraded,1,0,1,0,1,0,1111.111111,1.0,Shorea balangeran,Shorea,balangeran,Dipterocarpaceae,97.5,-1.012222222,116.9075,0.69,1,0,12.0,AB2020,train
33,Indonesia,East Kalimantan,M,open_degraded,1,0,1,0,1,0,1111.111111,1.0,Shorea balangeran,Shorea,balangeran,Dipterocarpaceae,84.17,-1.012222222,116.9075,0.69,1,0,48.0,AB2020,train
34,Indonesia,East Kalimantan,M,open_degraded,1,0,1,0,1,0,1111.111111,1.0,Syzygium scortechinii,Syzygium,scortechinii,Myrtaceae,99.17,-1.012222222,116.9075,0.664366667,1,0,12.0,AB2020,train
35,Indonesia,East Kalimantan,M,open_degraded,1,0,1,0,1,0,1111.111111,1.0,Syzygium scortechinii,Syzygium,scortechinii,Myrtaceae,96.67,-1.012222222,116.9075,0.664366667,1,0,48.0,AB2020,train
36,Indonesia,East Kalimantan,M,open_degraded,1,0,1,0,1,0,1111.111111,1.0,Syzygium nervosum,Syzygium,nervosum,Myrtaceae,98.33,-1.012222222,116.9075,0.664366667,1,0,12.0,AB2020,train
37,Indonesia,East Kalimantan,M,open_degraded,1,0,1,0,1,0,1111.111111,1.0,Syzygium nervosum,Syzygium,nervosum,Myrtaceae,91.67,-1.012222222,116.9075,0.664366667,1,0,48.0,AB2020,train
38,Indonesia,East Kalimantan,M,open_degraded,1,0,1,0,1,0,1111.111111,1.0,Syzygium lineatum,Syzygium,lineatum,Myrtaceae,91.67,-1.012222222,116.9075,0.664366667,1,0,12.0,AB2020,train
39,Indonesia,East Kalimantan,M,open_degraded,1,0,1,0,1,0,1111.111111,1.0,Syzygium lineatum,Syzygium,lineatum,Myrtaceae,90.0,-1.012222222,116.9075,0.664366667,1,0,48.0,AB2020,train
40,Indonesia,East Kalimantan,M,open_degraded,1,0,1,0,1,0,1111.111111,1.0,Schima wallichii,Schima,wallichii,Theaceae,69.17,-1.012222222,116.9075,0.55775,1,0,12.0,AB2020,train
41,Indonesia,East Kalimantan,M,open_degraded,1,0,1,0,1,0,1111.111111,1.0,Schima wallichii,Schima,wallichii,Theaceae,65.83,-1.012222222,116.9075,0.55775,1,0,48.0,AB2020,train
42,Indonesia,East Kalimantan,M,open_degraded,1,0,1,0,1,0,1111.111111,1.0,Macaranga motleyana,Macaranga,motleyana,Euphorbiaceae,97.5,-1.012222222,116.9075,0.382929167,1,0,12.0,AB2020,train
43,Indonesia,East Kalimantan,M,open_degraded,1,0,1,0,1,0,1111.111111,1.0,Macaranga motleyana,Macaranga,motleyana,Euphorbiaceae,82.5,-1.012222222,116.9075,0.382929167,1,0,48.0,AB2020,train
44,Indonesia,East Kalimantan,M,open_degraded,1,0,1,0,1,0,1111.111111,1.0,Glochidion rubrum,Glochidion,rubrum,Phyllanthaceae,76.67,-1.012222222,116.9075,0.64,1,0,12.0,AB2020,train
45,Indonesia,East Kalimantan,M,open_degraded,1,0,1,0,1,0,1111.111111,1.0,Glochidion rubrum,Glochidion,rubrum,Phyllanthaceae,60.0,-1.012222222,116.9075,0.64,1,0,48.0,AB2020,train
46,Indonesia,East Kalimantan,M,open_degraded,1,0,1,0,1,0,1111.111111,1.0,Cleistanthus oblongifolius,Cleistanthus,oblongifolius,Phyllanthaceae,94.17,-1.012222222,116.9075,0.6518,1,0,12.0,AB2020,train
47,Indonesia,East Kalimantan,M,open_degraded,1,0,1,0,1,0,1111.111111,1.0,Cleistanthus oblongifolius,Cleistanthus,oblongifolius,Phyllanthaceae,90.0,-1.012222222,116.9075,0.6518,1,0,48.0,AB2020,train
48,Indonesia,South Kalimantan,AG,forest_enrichment,1,0,0,0,0,0,500.0,1.0,Shorea parvifolia,Shorea,parvifolia,Dipterocarpaceae,50.0,-3.7,115.15,0.405,1,0,12.0,AG1998,train
49,Indonesia,South Kalimantan,AG,forest_enrichment,1,0,0,0,0,0,500.0,1.0,Shorea parvifolia,Shorea,parvifolia,Dipterocarpaceae,28.0,-3.7,115.15,0.405,1,0,24.0,AG1998,train
50,Indonesia,South Kalimantan,AG,forest_enrichment,1,0,0,0,0,0,500.0,1.0,Shorea parvifolia,Shorea,parvifolia,Dipterocarpaceae,73.0,-3.7,115.15,0.405,1,0,12.0,AG1998,train
51,Indonesia,South Kalimantan,AG,forest_enrichment,1,0,0,0,0,0,500.0,1.0,Shorea parvifolia,Shorea,parvifolia,Dipterocarpaceae,64.0,-3.7,115.15,0.405,1,0,24.0,AG1998,train
52,Indonesia,South Kalimantan,AG,forest_enrichment,1,0,0,0,0,0,500.0,2.0,Shorea johorensis,Shorea,johorensis,Dipterocarpaceae,62.5,-3.7,115.15,0.393333333,1,0,24.0,AGJ1995,train
53,Indonesia,South Kalimantan,AG,forest_enrichment,1,0,0,0,0,0,500.0,3.0,Shorea johorensis,Shorea,johorensis,Dipterocarpaceae,57.5,-3.7,115.15,0.393333333,1,0,24.0,AGJ1995,train
54,Indonesia,South Kalimantan,AG,forest_enrichment,1,0,0,0,0,0,500.0,3.0,Shorea johorensis,Shorea,johorensis,Dipterocarpaceae,45.0,-3.7,115.15,0.393333333,1,0,24.0,AGJ1995,train
55,Indonesia,South Kalimantan,AG,forest_enrichment,1,0,0,0,0,0,500.0,3.0,Shorea johorensis,Shorea,johorensis,Dipterocarpaceae,35.0,-3.7,115.15,0.393333333,1,0,24.0,AGJ1995,train
56,Indonesia,South Kalimantan,AG,forest_enrichment,1,0,0,0,0,0,500.0,3.0,Shorea leprosula,Shorea,leprosula,Dipterocarpaceae,70.0,-3.7,115.15,0.44,1,0,24.0,AGJ1995,train
57,Indonesia,South Kalimantan,AG,forest_enrichment,1,0,0,0,0,0,500.0,3.0,Shorea leprosula,Shorea,leprosula,Dipterocarpaceae,85.0,-3.7,115.15,0.44,1,0,24.0,AGJ1995,train
58,Indonesia,South Kalimantan,AG,forest_enrichment,1,0,0,0,0,0,500.0,3.0,Shorea leprosula,Shorea,leprosula,Dipterocarpaceae,75.0,-3.7,115.15,0.44,1,0,24.0,AGJ1995,train
59,Indonesia,South Kalimantan,AG,forest_enrichment,1,0,0,0,0,0,500.0,3.0,Shorea leprosula,Shorea,leprosula,Dipterocarpaceae,77.5,-3.7,115.15,0.44,1,0,24.0,AGJ1995,train
60,Indonesia,South Kalimantan,AG,forest_enrichment,1,0,0,0,0,0,500.0,3.0,Shorea parvifolia,Shorea,parvifolia,Dipterocarpaceae,40.0,-3.7,115.15,0.405,1,0,24.0,AGJ1995,train
61,Indonesia,South Kalimantan,AG,forest_enrichment,1,0,0,0,0,0,500.0,3.0,Shorea parvifolia,Shorea,parvifolia,Dipterocarpaceae,77.5,-3.7,115.15,0.405,1,0,24.0,AGJ1995,train
62,Indonesia,South Kalimantan,AG,forest_enrichment,1,0,0,0,0,0,500.0,3.0,Shorea parvifolia,Shorea,parvifolia,Dipterocarpaceae,50.0,-3.7,115.15,0.405,1,0,24.0,AGJ1995,train
63,Indonesia,South Kalimantan,AG,forest_enrichment,1,0,0,0,0,0,500.0,2.0,Shorea johorensis,Shorea,johorensis,Dipterocarpaceae,72.5,-3.7,115.15,0.393333333,1,0,24.0,AGJ1995,train
64,Indonesia,South Kalimantan,AG,forest_enrichment,1,0,0,0,0,0,500.0,3.0,Shorea parvifolia,Shorea,parvifolia,Dipterocarpaceae,52.5,-3.7,115.15,0.405,1,0,24.0,AGJ1995,train
65,Indonesia,South Kalimantan,AG,forest_enrichment,1,0,0,0,0,0,500.0,3.0,Shorea johorensis,Shorea,johorensis,Dipterocarpaceae,52.5,-3.7,115.15,0.393333333,1,0,24.0,AGJ1995,train
66,Indonesia,South Kalimantan,AG,forest_enrichment,1,0,0,0,0,0,500.0,3.0,Shorea johorensis,Shorea,johorensis,Dipterocarpaceae,62.5,-3.7,115.15,0.393333333,1,0,24.0,AGJ1995,train
67,Indonesia,South Kalimantan,AG,forest_enrichment,1,0,0,0,0,0,500.0,3.0,Shorea leprosula,Shorea,leprosula,Dipterocarpaceae,40.0,-3.7,115.15,0.44,1,0,24.0,AGJ1995,train
68,Indonesia,South Kalimantan,AG,forest_enrichment,1,0,0,0,0,0,500.0,3.0,Shorea leprosula,Shorea,leprosula,Dipterocarpaceae,47.5,-3.7,115.15,0.44,1,0,24.0,AGJ1995,train
69,Indonesia,South Kalimantan,AG,forest_enrichment,1,0,0,0,0,0,500.0,3.0,Shorea leprosula,Shorea,leprosula,Dipterocarpaceae,60.0,-3.7,115.15,0.44,1,0,24.0,AGJ1995,train
70,Indonesia,South Kalimantan,AG,forest_enrichment,1,0,0,0,0,0,500.0,3.0,Shorea parvifolia,Shorea,parvifolia,Dipterocarpaceae,45.0,-3.7,115.15,0.405,1,0,24.0,AGJ1995,train
71,Indonesia,South Kalimantan,AG,forest_enrichment,1,0,0,0,0,0,500.0,2.0,Shorea johorensis,Shorea,johorensis,Dipterocarpaceae,55.0,-3.7,115.15,0.393333333,1,0,24.0,AGJ1995,train
72,Indonesia,South Kalimantan,AG,forest_enrichment,1,0,0,0,0,0,500.0,3.0,Shorea parvifolia,Shorea,parvifolia,Dipterocarpaceae,57.5,-3.7,115.15,0.405,1,0,24.0,AGJ1995,train
73,Indonesia,South Kalimantan,AG,forest_enrichment,1,0,0,0,0,0,500.0,3.0,Shorea parvifolia,Shorea,parvifolia,Dipterocarpaceae,60.0,-3.7,115.15,0.405,1,0,24.0,AGJ1995,train
74,Indonesia,South Kalimantan,AG,forest_enrichment,1,0,0,0,0,0,500.0,2.0,Shorea johorensis,Shorea,johorensis,Dipterocarpaceae,57.5,-3.7,115.15,0.393333333,1,0,24.0,AGJ1995,train
75,Indonesia,South Kalimantan,AG,forest_enrichment,1,0,0,0,0,0,500.0,2.0,Shorea parvifolia,Shorea,parvifolia,Dipterocarpaceae,70.0,-3.7,115.15,0.405,1,0,24.0,AGJ1995,train
76,Indonesia,South Kalimantan,AG,forest_enrichment,1,0,0,0,0,0,500.0,2.0,Shorea parvifolia,Shorea,parvifolia,Dipterocarpaceae,37.5,-3.7,115.15,0.405,1,0,24.0,AGJ1995,train
77,Indonesia,South Kalimantan,AG,forest_enrichment,1,0,0,0,0,0,500.0,2.0,Shorea parvifolia,Shorea,parvifolia,Dipterocarpaceae,60.0,-3.7,115.15,0.405,1,0,24.0,AGJ1995,train
78,Indonesia,South Kalimantan,AG,forest_enrichment,1,0,0,0,0,0,500.0,2.0,Shorea parvifolia,Shorea,parvifolia,Dipterocarpaceae,62.5,-3.7,115.15,0.405,1,0,24.0,AGJ1995,train
79,Indonesia,South Kalimantan,AG,forest_enrichment,1,0,0,0,0,0,,1.0,Shorea johorensis,Shorea,johorensis,Dipterocarpaceae,72.60494138,-3.7,115.15,0.393333333,1,1,12.0,AGJ1996,train
80,Indonesia,South Kalimantan,AG,forest_enrichment,1,0,0,0,0,0,,1.0,Shorea johorensis,Shorea,johorensis,Dipterocarpaceae,56.44092189,-3.7,115.15,0.393333333,1,1,24.0,AGJ1996,train
81,Indonesia,South Kalimantan,AG,forest_enrichment,1,0,0,0,0,0,,1.0,Shorea johorensis,Shorea,johorensis,Dipterocarpaceae,56.23345519,-3.7,115.15,0.393333333,1,1,36.0,AGJ1996,train
82,Indonesia,South Kalimantan,AG,forest_enrichment,1,0,0,0,0,0,,1.0,Shorea ovalis,Shorea,ovalis,Dipterocarpaceae,72.35414303,-3.7,115.15,0.43,1,1,12.0,AGJ1996,train
83,Indonesia,South Kalimantan,AG,forest_enrichment,1,0,0,0,0,0,,1.0,Shorea ovalis,Shorea,ovalis,Dipterocarpaceae,41.71735157,-3.7,115.15,0.43,1,1,24.0,AGJ1996,train
84,Indonesia,South Kalimantan,AG,forest_enrichment,1,0,0,0,0,0,,1.0,Shorea ovalis,Shorea,ovalis,Dipterocarpaceae,40.26377159,-3.7,115.15,0.43,1,1,36.0,AGJ1996,train
85,Indonesia,South Kalimantan,AG,forest_enrichment,1,0,0,0,0,0,,1.0,Shorea leprosula,Shorea,leprosula,Dipterocarpaceae,77.84150595,-3.7,115.15,0.44,1,1,12.0,AGJ1996,train
86,Indonesia,South Kalimantan,AG,forest_enrichment,1,0,0,0,0,0,,1.0,Shorea leprosula,Shorea,leprosula,Dipterocarpaceae,66.4124543,-3.7,115.15,0.44,1,1,24.0,AGJ1996,train
87,Indonesia,South Kalimantan,AG,forest_enrichment,1,0,0,0,0,0,,1.0,Shorea leprosula,Shorea,leprosula,Dipterocarpaceae,65.96206773,-3.7,115.15,0.44,1,1,36.0,AGJ1996,train
88,Indonesia,South Kalimantan,AG,forest_enrichment,1,0,0,0,0,0,,1.0,Shorea parvifolia,Shorea,parvifolia,Dipterocarpaceae,72.8583659,-3.7,115.15,0.405,1,1,12.0,AGJ1996,train
89,Indonesia,South Kalimantan,AG,forest_enrichment,1,0,0,0,0,0,,1.0,Shorea parvifolia,Shorea,parvifolia,Dipterocarpaceae,57.18149922,-3.7,115.15,0.405,1,1,24.0,AGJ1996,train
90,Indonesia,South Kalimantan,AG,forest_enrichment,1,0,0,0,0,0,,1.0,Shorea parvifolia,Shorea,parvifolia,Dipterocarpaceae,46.99987394,-3.7,115.15,0.405,1,1,36.0,AGJ1996,train
91,Indonesia,South Kalimantan,AG,forest_enrichment,1,0,0,0,0,0,,1.0,Shorea faguetiana,Shorea,faguetiana,Dipterocarpaceae,65.87015211,-3.7,115.15,0.48,1,1,12.0,AGJ1996,train
92,Indonesia,South Kalimantan,AG,forest_enrichment,1,0,0,0,0,0,,1.0,Shorea faguetiana,Shorea,faguetiana,Dipterocarpaceae,54.93481869,-3.7,115.15,0.48,1,1,24.0,AGJ1996,train
93,Indonesia,South Kalimantan,AG,forest_enrichment,1,0,0,0,0,0,,1.0,Shorea faguetiana,Shorea,faguetiana,Dipterocarpaceae,54.73916971,-3.7,115.15,0.48,1,1,36.0,AGJ1996,train
94,Indonesia,South Kalimantan,AG,forest_enrichment,1,0,0,0,0,0,,1.0,Shorea fallax,Shorea,fallax,Dipterocarpaceae,67.11757847,-3.7,115.15,0.5,1,1,12.0,AGJ1996,train
95,Indonesia,South Kalimantan,AG,forest_enrichment,1,0,0,0,0,0,,1.0,Shorea fallax,Shorea,fallax,Dipterocarpaceae,66.64880877,-3.7,115.15,0.5,1,1,24.0,AGJ1996,train
96,Indonesia,South Kalimantan,AG,forest_enrichment,1,0,0,0,0,0,,1.0,Shorea fallax,Shorea,fallax,Dipterocarpaceae,66.21286609,-3.7,115.15,0.5,1,1,36.0,AGJ1996,train
97,Indonesia,South Kalimantan,AG,forest_enrichment,1,0,0,0,0,0,,1.0,Shorea polyandra,Shorea,polyandra,Dipterocarpaceae,31.93358965,-3.7,115.15,0.583246313,1,1,12.0,AGJ1996,train
98,Indonesia,South Kalimantan,AG,forest_enrichment,1,0,0,0,0,0,,1.0,Shorea polyandra,Shorea,polyandra,Dipterocarpaceae,22.25224799,-3.7,115.15,0.583246313,1,1,24.0,AGJ1996,train
99,Indonesia,South Kalimantan,AG,forest_enrichment,1,0,0,0,0,0,,1.0,Shorea polyandra,Shorea,polyandra,Dipterocarpaceae,22.30477121,-3.7,115.15,0.583246313,1,1,36.0,AGJ1996,train
100,Indonesia,South Kalimantan,AG,forest_enrichment,1,0,0,0,0,0,,1.0,Hopea sangal,Hopea,sangal,Dipterocarpaceae,86.57349048,-3.7,115.15,0.714693989,1,1,12.0,AGJ1996,train
101,Indonesia,South Kalimantan,AG,forest_enrichment,1,0,0,0,0,0,,1.0,Hopea sangal,Hopea,sangal,Dipterocarpaceae,76.89477499,-3.7,115.15,0.714693989,1,1,24.0,AGJ1996,train
102,Indonesia,South Kalimantan,AG,forest_enrichment,1,0,0,0,0,0,,1.0,Hopea sangal,Hopea,sangal,Dipterocarpaceae,76.93941972,-3.7,115.15,0.714693989,1,1,36.0,AGJ1996,train
103,Indonesia,South Kalimantan,AG,forest_enrichment,1,0,0,0,0,0,,1.0,Dipterocarpus cornutus,Dipterocarpus,cornutus,Dipterocarpaceae,14.97384344,-3.7,115.15,0.676666667,1,1,12.0,AGJ1996,train
104,Indonesia,South Kalimantan,AG,forest_enrichment,1,0,0,0,0,0,,1.0,Dipterocarpus cornutus,Dipterocarpus,cornutus,Dipterocarpaceae,4.79090508,-3.7,115.15,0.676666667,1,1,24.0,AGJ1996,train
105,Indonesia,South Kalimantan,AG,forest_enrichment,1,0,0,0,0,0,,1.0,Dipterocarpus cornutus,Dipterocarpus,cornutus,Dipterocarpaceae,5.591884113,-3.7,115.15,0.676666667,1,1,36.0,AGJ1996,train
106,Indonesia,South Kalimantan,AG,forest_enrichment,1,0,0,0,0,0,,1.0,Dipterocarpus kunstleri,Dipterocarpus,kunstleri,Dipterocarpaceae,51.64292617,-3.7,115.15,0.6,1,1,12.0,AGJ1996,train
107,Indonesia,South Kalimantan,AG,forest_enrichment,1,0,0,0,0,0,,1.0,Dipterocarpus kunstleri,Dipterocarpus,kunstleri,Dipterocarpaceae,41.21838102,-3.7,115.15,0.6,1,1,24.0,AGJ1996,train
108,Indonesia,South Kalimantan,AG,forest_enrichment,1,0,0,0,0,0,,1.0,Dipterocarpus kunstleri,Dipterocarpus,kunstleri,Dipterocarpaceae,36.77623009,-3.7,115.15,0.6,1,1,36.0,AGJ1996,train
109,Indonesia,South Kalimantan,AG,forest_enrichment,1,0,0,0,0,0,500.0,1.0,Durio zibethinus,Durio,zibethinus,Malvaceae,89.01395816,-3.7,115.15,0.516,1,0,12.0,AGJ1997,train
110,Indonesia,South Kalimantan,AG,forest_enrichment,1,0,0,0,0,0,500.0,1.0,Durio zibethinus,Durio,zibethinus,Malvaceae,85.3729473,-3.7,115.15,0.516,1,0,24.0,AGJ1997,train
111,Indonesia,South Kalimantan,AG,forest_enrichment,1,0,0,0,0,0,500.0,1.0,Durio zibethinus,Durio,zibethinus,Malvaceae,83.42535536,-3.7,115.15,0.516,1,0,36.0,AGJ1997,train
112,Indonesia,South Kalimantan,AG,forest_enrichment,1,0,0,0,0,0,500.0,1.0,Durio zibethinus,Durio,zibethinus,Malvaceae,70.55900267,-3.7,115.15,0.516,1,0,12.0,AGJ1997,train
113,Indonesia,South Kalimantan,AG,forest_enrichment,1,0,0,0,0,0,500.0,1.0,Durio zibethinus,Durio,zibethinus,Malvaceae,56.93796256,-3.7,115.15,0.516,1,0,24.0,AGJ1997,train
114,Indonesia,South Kalimantan,AG,forest_enrichment,1,0,0,0,0,0,500.0,1.0,Durio zibethinus,Durio,zibethinus,Malvaceae,54.61445084,-3.7,115.15,0.516,1,0,36.0,AGJ1997,train
115,Malaysia,Selangor,LG,forest_enrichment,1,0,0,0,0,0,,3.0,Endospermum diadenum,Endospermum,diadenum,Euphorbiaceae,87.64844056,3.166666667,101.5833333,0.366666667,1,1,17.0,AH1991,train
116,Malaysia,Selangor,LG,forest_enrichment,1,0,0,0,0,0,,3.0,Endospermum diadenum,Endospermum,diadenum,Euphorbiaceae,85.42215842,3.166666667,101.5833333,0.366666667,1,1,23.0,AH1991,train
117,Malaysia,Selangor,LG,forest_enrichment,1,0,0,0,0,0,,3.0,Endospermum diadenum,Endospermum,diadenum,Euphorbiaceae,92.84092392,3.166666667,101.5833333,0.366666667,1,1,3.0,AH1991,train
118,Malaysia,Selangor,LG,open_degraded,0,0,0,0,0,0,,3.0,Endospermum diadenum,Endospermum,diadenum,Euphorbiaceae,97.72934882,3.166666667,101.5833333,0.366666667,0,1,17.0,AH1991,train
119,Malaysia,Selangor,LG,open_degraded,0,0,0,0,0,0,,3.0,Endospermum diadenum,Endospermum,diadenum,Euphorbiaceae,96.71408065,3.166666667,101.5833333,0.366666667,0,1,23.0,AH1991,train
120,Malaysia,Selangor,LG,open_degraded,0,0,0,0,0,0,,3.0,Endospermum diadenum,Endospermum,diadenum,Euphorbiaceae,98.88294402,3.166666667,101.5833333,0.366666667,0,1,3.0,AH1991,train
121,Malaysia,Selangor,LG,open_degraded,0,0,0,0,0,0,,3.0,Endospermum diadenum,Endospermum,diadenum,Euphorbiaceae,91.27365262,3.166666667,101.5833333,0.366666667,0,1,17.0,AH1991,train
122,Malaysia,Selangor,LG,open_degraded,0,0,0,0,0,0,,3.0,Endospermum diadenum,Endospermum,diadenum,Euphorbiaceae,89.85384314,3.166666667,101.5833333,0.366666667,0,1,23.0,AH1991,train
123,Malaysia,Selangor,LG,open_degraded,0,0,0,0,0,0,,3.0,Endospermum diadenum,Endospermum,diadenum,Euphorbiaceae,95.65966332,3.166666667,101.5833333,0.366666667,0,1,3.0,AH1991,train
124,Malaysia,Selangor,LG,forest_enrichment,1,0,0,0,0,0,,3.0,Alstonia angustiloba,Alstonia,angustiloba,Apocynaceae,72.36311172,3.166666667,101.5833333,0.346666667,1,1,17.0,AH1991,train
125,Malaysia,Selangor,LG,forest_enrichment,1,0,0,0,0,0,,3.0,Alstonia angustiloba,Alstonia,angustiloba,Apocynaceae,72.54751014,3.166666667,101.5833333,0.346666667,1,1,23.0,AH1991,train
126,Malaysia,Selangor,LG,forest_enrichment,1,0,0,0,0,0,,3.0,Alstonia angustiloba,Alstonia,angustiloba,Apocynaceae,99.97279099,3.166666667,101.5833333,0.346666667,1,1,3.0,AH1991,train
127,Malaysia,Selangor,LG,open_degraded,0,0,0,0,0,0,,3.0,Alstonia angustiloba,Alstonia,angustiloba,Apocynaceae,88.1712922,3.166666667,101.5833333,0.346666667,0,1,17.0,AH1991,train
128,Malaysia,Selangor,LG,open_degraded,0,0,0,0,0,0,,3.0,Alstonia angustiloba,Alstonia,angustiloba,Apocynaceae,77.34687737,3.166666667,101.5833333,0.346666667,0,1,23.0,AH1991,train
129,Malaysia,Selangor,LG,open_degraded,0,0,0,0,0,0,,3.0,Alstonia angustiloba,Alstonia,angustiloba,Apocynaceae,99.40821311,3.166666667,101.5833333,0.346666667,0,1,3.0,AH1991,train
130,Malaysia,Selangor,LG,open_degraded,0,0,0,0,0,0,,3.0,Alstonia angustiloba,Alstonia,angustiloba,Apocynaceae,94.38347003,3.166666667,101.5833333,0.346666667,0,1,17.0,AH1991,train
131,Malaysia,Selangor,LG,open_degraded,0,0,0,0,0,0,,3.0,Alstonia angustiloba,Alstonia,angustiloba,Apocynaceae,77.34551146,3.166666667,101.5833333,0.346666667,0,1,23.0,AH1991,train
132,Malaysia,Selangor,LG,open_degraded,0,0,0,0,0,0,,3.0,Alstonia angustiloba,Alstonia,angustiloba,Apocynaceae,100.0,3.166666667,101.5833333,0.346666667,0,1,3.0,AH1991,train
133,Malaysia,Selangor,LG,forest_enrichment,1,0,0,0,0,0,,3.0,Shorea parvifolia,Shorea,parvifolia,Dipterocarpaceae,78.24094655,3.166666667,101.5833333,0.405,1,1,17.0,AH1991,train
134,Malaysia,Selangor,LG,forest_enrichment,1,0,0,0,0,0,,3.0,Shorea parvifolia,Shorea,parvifolia,Dipterocarpaceae,72.06168998,3.166666667,101.5833333,0.405,1,1,23.0,AH1991,train
135,Malaysia,Selangor,LG,forest_enrichment,1,0,0,0,0,0,,3.0,Shorea parvifolia,Shorea,parvifolia,Dipterocarpaceae,94.54228362,3.166666667,101.5833333,0.405,1,1,3.0,AH1991,train
136,Malaysia,Selangor,LG,open_degraded,0,0,0,0,0,0,,3.0,Shorea parvifolia,Shorea,parvifolia,Dipterocarpaceae,89.32736039,3.166666667,101.5833333,0.405,0,1,17.0,AH1991,train
137,Malaysia,Selangor,LG,open_degraded,0,0,0,0,0,0,,3.0,Shorea parvifolia,Shorea,parvifolia,Dipterocarpaceae,79.26683309,3.166666667,101.5833333,0.405,0,1,23.0,AH1991,train
138,Malaysia,Selangor,LG,open_degraded,0,0,0,0,0,0,,3.0,Shorea parvifolia,Shorea,parvifolia,Dipterocarpaceae,99.81876005,3.166666667,101.5833333,0.405,0,1,3.0,AH1991,train
139,Malaysia,Selangor,LG,open_degraded,0,0,0,0,0,0,,3.0,Shorea parvifolia,Shorea,parvifolia,Dipterocarpaceae,79.08901276,3.166666667,101.5833333,0.405,0,1,17.0,AH1991,train
140,Malaysia,Selangor,LG,open_degraded,0,0,0,0,0,0,,3.0,Shorea parvifolia,Shorea,parvifolia,Dipterocarpaceae,72.0651096,3.166666667,101.5833333,0.405,0,1,23.0,AH1991,train
141,Malaysia,Selangor,LG,open_degraded,0,0,0,0,0,0,,3.0,Shorea parvifolia,Shorea,parvifolia,Dipterocarpaceae,97.60284513,3.166666667,101.5833333,0.405,0,1,3.0,AH1991,train
142,Malaysia,Negeri Sembilan,LG,open_degraded,1,0,0,0,0,0,2500.0,5.0,Azadirachta excelsa,Azadirachta,excelsa,Meliaceae,74.1,2.979444444,102.3316667,0.505,1,0,108.0,AH2009,train
143,Malaysia,Negeri Sembilan,LG,open_degraded,1,0,0,0,0,0,2500.0,5.0,Cinnamomum verum,Cinnamomum,verum,Lauraceae,76.3,2.979444444,102.3316667,0.498,1,0,108.0,AH2009,train
144,Malaysia,Negeri Sembilan,LG,open_degraded,1,0,0,0,0,0,2500.0,5.0,Hopea pubescens,Hopea,pubescens,Dipterocarpaceae,44.4,2.979444444,102.3316667,0.5,1,0,108.0,AH2009,train
145,Malaysia,Negeri Sembilan,LG,open_degraded,1,0,0,0,0,0,2500.0,5.0,Intsia palembanica,Intsia,palembanica,Fabaceae,48.2,2.979444444,102.3316667,0.658666667,1,0,108.0,AH2009,train
146,Malaysia,Negeri Sembilan,LG,open_degraded,1,0,0,0,0,0,2500.0,5.0,Shorea leprosula,Shorea,leprosula,Dipterocarpaceae,20.7,2.979444444,102.3316667,0.44,1,0,108.0,AH2009,train
149,Malaysia,Unknown,M,open_degraded,0,0,0,0,0,0,,1.0,Fagraea crenulata,Fagraea,crenulata,Gentianaceae,67.0,3.23,101.63,0.47,0,1,360.0,ALH1987,train
167,Malaysia,Unknown,M,open_degraded,1,0,1,1,1,0,,1.0,Swietenia macrophylla,Swietenia,macrophylla,Meliaceae,70.0,4.1,101.2666667,0.519545455,1,1,24.0,ALH2004,train
168,Malaysia,Unknown,M,open_degraded,1,0,1,1,1,0,,1.0,Hopea odorata,Hopea,odorata,Dipterocarpaceae,95.0,4.1,101.2666667,0.635,1,1,24.0,ALH2004,train
169,Malaysia,Unknown,M,open_degraded,1,0,1,1,1,0,,1.0,Acacia mangium,Acacia,mangium,Fabaceae,50.0,4.1,101.2666667,0.507,1,1,24.0,ALH2004,train
170,Malaysia,Unknown,M,open_degraded,1,0,1,1,1,0,,1.0,Khaya ivorensis,Khaya,ivorensis,Meliaceae,85.0,4.1,101.2666667,0.441933333,1,1,24.0,ALH2004,train
171,Malaysia,Unknown,M,open_degraded,1,0,1,1,1,0,,1.0,Fagraea crenulata,Fagraea,crenulata,Gentianaceae,97.0,4.1,101.2666667,0.47,1,1,12.0,ALH2004,train
172,Malaysia,Unknown,M,open_degraded,1,0,1,1,1,0,,1.0,Peronema canescens,Peronema,canescens,Lamiaceae,85.4,4.1,101.2666667,0.57,1,1,12.0,ALH2004,train
173,Malaysia,Unknown,M,open_degraded,1,0,0,0,1,0,,1.0,Khaya ivorensis,Khaya,ivorensis,Meliaceae,92.0,4.1,101.2666667,0.441933333,1,1,12.0,ALH2006,train
174,Malaysia,Unknown,M,open_degraded,1,0,0,0,1,0,,1.0,Khaya ivorensis,Khaya,ivorensis,Meliaceae,60.8,4.1,101.2666667,0.441933333,1,1,24.0,ALH2006,train
175,Malaysia,Unknown,M,open_degraded,1,0,0,0,1,0,,1.0,Khaya ivorensis,Khaya,ivorensis,Meliaceae,95.1,4.1,101.2666667,0.441933333,1,1,1.0,ALH2006,train
176,Malaysia,Unknown,M,open_degraded,1,0,0,0,1,0,,1.0,Swietenia macrophylla,Swietenia,macrophylla,Meliaceae,92.0,4.1,101.2666667,0.519545455,1,1,12.0,ALH2006,train
177,Malaysia,Unknown,M,open_degraded,1,0,0,0,1,0,,1.0,Swietenia macrophylla,Swietenia,macrophylla,Meliaceae,51.0,4.1,101.2666667,0.519545455,1,1,24.0,ALH2006,train
178,Malaysia,Unknown,M,open_degraded,1,0,0,0,1,0,,1.0,Swietenia macrophylla,Swietenia,macrophylla,Meliaceae,96.9,4.1,101.2666667,0.519545455,1,1,1.0,ALH2006,train
179,Malaysia,Unknown,PL,plantation_enrichment,1,0,1,0,1,0,,20.0,Shorea roxburghii,Shorea,roxburghii,Dipterocarpaceae,86.1,4.1,101.2666667,0.7,1,1,60.0,ALH2017,train
180,Malaysia,Unknown,PL,plantation_enrichment,1,0,1,0,1,0,,20.0,Hopea pubescens,Hopea,pubescens,Dipterocarpaceae,55.6,4.1,101.2666667,0.5,1,1,60.0,ALH2017,train
181,Malaysia,Unknown,PL,plantation_enrichment,1,0,1,0,1,0,,20.0,Shorea platyclados,Shorea,platyclados,Dipterocarpaceae,33.3,4.1,101.2666667,0.556666667,1,1,60.0,ALH2017,train
182,Malaysia,Unknown,PL,plantation_enrichment,1,0,1,0,1,0,,20.0,Pentaspadon motleyi,Pentaspadon,motleyi,Anacardiaceae,80.5,4.1,101.2666667,0.5,1,1,60.0,ALH2017,train
183,Malaysia,Unknown,PL,plantation_enrichment,1,0,1,0,1,0,,20.0,Sindora coriacea,Sindora,coriacea,Fabaceae,50.0,4.1,101.2666667,0.55,1,1,60.0,ALH2017,train
184,Malaysia,Unknown,PL,plantation_enrichment,1,0,1,0,1,0,,20.0,Agathis borneensis,Agathis,borneensis,Araucariaceae,41.7,4.1,101.2666667,0.383333333,1,1,60.0,ALH2017,train
185,Malaysia,Unknown,PL,plantation_enrichment,1,0,1,0,1,0,,20.0,Aqularia sinensis,Aqularia,sinensis,Thymelaeaceae,36.1,4.1,101.2666667,0.529428571,1,1,60.0,ALH2017,train
186,Malaysia,Unknown,PL,plantation_enrichment,1,0,1,0,1,0,,20.0,Garcinia hombroniana,Garcinia,hombroniana,Clusiaceae,52.8,4.1,101.2666667,0.68,1,1,60.0,ALH2017,train
187,Malaysia,Unknown,PL,plantation_enrichment,1,0,1,0,1,0,,20.0,Palaquium gutta,Palaquium,gutta,Sapotaceae,47.2,4.1,101.2666667,0.615,1,1,60.0,ALH2017,train
188,Malaysia,Unknown,PL,plantation_enrichment,1,0,1,0,1,0,,20.0,Cananga odorata,Cananga,odorata,Annonaceae,11.1,4.1,101.2666667,0.3272,1,1,60.0,ALH2017,train
189,Malaysia,Unknown,PL,plantation_enrichment,1,0,1,0,1,0,,20.0,Careya arborea,Careya,arborea,Lecythidaceae,13.8,4.1,101.2666667,0.731333333,1,1,60.0,ALH2017,train
190,Malaysia,Unknown,PL,plantation_enrichment,1,0,1,0,1,0,,20.0,Neobalanocarpus heimii,Neobalanocarpus,heimii,Dipterocarpaceae,80.5,4.1,101.2666667,0.76,1,1,60.0,ALH2017,train
191,Malaysia,Unknown,PL,plantation_enrichment,1,0,1,0,1,0,,20.0,Melaleuca cajuputi,Melaleuca,cajuputi,Myrtaceae,0.0,4.1,101.2666667,0.756647186,1,1,60.0,ALH2017,train
192,Malaysia,Unknown,PL,plantation_enrichment,1,0,1,0,1,0,,20.0,Neobalanocarpus heimii,Neobalanocarpus,heimii,Dipterocarpaceae,63.9,4.1,101.2666667,0.76,1,1,60.0,ALH2017,train
193,Malaysia,Unknown,PL,plantation_enrichment,1,0,1,0,1,0,,20.0,Dryobalanops sumatrensis,Dryobalanops,sumatrensis,Dipterocarpaceae,66.7,4.1,101.2666667,0.65,1,1,60.0,ALH2017,train
194,Malaysia,Unknown,PL,plantation_enrichment,1,0,1,0,1,0,,20.0,Shorea parvifolia,Shorea,parvifolia,Dipterocarpaceae,55.6,4.1,101.2666667,0.405,1,1,60.0,ALH2017,train
195,Malaysia,Unknown,PL,plantation_enrichment,1,0,1,0,1,0,,20.0,Shorea acuminata,Shorea,acuminata,Dipterocarpaceae,63.9,4.1,101.2666667,0.42,1,1,60.0,ALH2017,train
196,Malaysia,Unknown,PL,plantation_enrichment,1,0,1,0,1,0,,20.0,Shorea curtisii,Shorea,curtisii,Dipterocarpaceae,55.6,4.1,101.2666667,0.526666667,1,1,60.0,ALH2017,train
197,Malaysia,Unknown,PL,plantation_enrichment,1,0,1,0,1,0,,20.0,Shorea macroptera,Shorea,macroptera,Dipterocarpaceae,55.6,4.1,101.2666667,0.425,1,1,60.0,ALH2017,train
198,Malaysia,Unknown,PL,plantation_enrichment,1,0,1,0,1,0,,20.0,Shorea assamica,Shorea,assamica,Dipterocarpaceae,63.9,4.1,101.2666667,0.464333333,1,1,60.0,ALH2017,train
199,Malaysia,Unknown,PL,plantation_enrichment,1,0,1,0,1,0,,20.0,Shorea ovalis,Shorea,ovalis,Dipterocarpaceae,55.6,4.1,101.2666667,0.43,1,1,60.0,ALH2017,train
200,Malaysia,Unknown,PL,plantation_enrichment,1,0,1,0,1,0,,20.0,Dryobalanops sumatrensis,Dryobalanops,sumatrensis,Dipterocarpaceae,75.0,4.1,101.2666667,0.65,1,1,60.0,ALH2017,train
201,Malaysia,Unknown,PL,plantation_enrichment,1,0,1,0,1,0,,20.0,Hopea pubescens,Hopea,pubescens,Dipterocarpaceae,47.0,4.1,101.2666667,0.5,1,1,60.0,ALH2017,train
202,Malaysia,Unknown,PL,plantation_enrichment,1,0,1,0,1,0,,20.0,Shorea platyclados,Shorea,platyclados,Dipterocarpaceae,50.0,4.1,101.2666667,0.556666667,1,1,60.0,ALH2017,train
203,Malaysia,Unknown,PL,plantation_enrichment,1,0,1,0,1,0,,20.0,Pentaspadon motleyi,Pentaspadon,motleyi,Anacardiaceae,80.6,4.1,101.2666667,0.5,1,1,60.0,ALH2017,train
204,Malaysia,Unknown,PL,plantation_enrichment,1,0,1,0,1,0,,20.0,Agathis borneensis,Agathis,borneensis,Araucariaceae,50.0,4.1,101.2666667,0.383333333,1,1,60.0,ALH2017,train
205,Malaysia,Unknown,PL,plantation_enrichment,1,0,1,0,1,0,,20.0,Aqularia sinensis,Aqularia,sinensis,Thymelaeaceae,55.6,4.1,101.2666667,0.529428571,1,1,60.0,ALH2017,train
206,Malaysia,Unknown,PL,plantation_enrichment,1,0,1,0,1,0,,20.0,Garcinia hombroniana,Garcinia,hombroniana,Clusiaceae,25.0,4.1,101.2666667,0.68,1,1,60.0,ALH2017,train
207,Malaysia,Unknown,PL,plantation_enrichment,1,0,1,0,1,0,,20.0,Palaquium gutta,Palaquium,gutta,Sapotaceae,27.8,4.1,101.2666667,0.615,1,1,60.0,ALH2017,train
208,Malaysia,Unknown,PL,plantation_enrichment,1,0,1,0,1,0,,20.0,Careya arborea,Careya,arborea,Lecythidaceae,8.3,4.1,101.2666667,0.731333333,1,1,60.0,ALH2017,train
209,Malaysia,Unknown,PL,plantation_enrichment,1,0,1,0,1,0,,20.0,Shorea parvifolia,Shorea,parvifolia,Dipterocarpaceae,72.2,4.1,101.2666667,0.405,1,1,60.0,ALH2017,train
210,Malaysia,Unknown,PL,plantation_enrichment,1,0,1,0,1,0,,20.0,Melaleuca cajuputi,Melaleuca,cajuputi,Myrtaceae,2.7,4.1,101.2666667,0.756647186,1,1,60.0,ALH2017,train
211,Malaysia,Unknown,PL,plantation_enrichment,1,0,1,0,1,0,,20.0,Shorea assamica,Shorea,assamica,Dipterocarpaceae,47.2,4.1,101.2666667,0.464333333,1,1,60.0,ALH2017,train
212,Malaysia,Unknown,PL,plantation_enrichment,1,0,1,0,1,0,,20.0,Shorea ovalis,Shorea,ovalis,Dipterocarpaceae,52.7,4.1,101.2666667,0.43,1,1,60.0,ALH2017,train
213,Malaysia,Sarawak,AG,open_degraded,0,0,0,0,1,0,30303.0303,14.0,Durio carinatus,Durio,carinatus,Malvaceae,80.01275979,3.2,113.0833333,0.46,1,0,12.0,AMA1998,train
214,Malaysia,Sarawak,AG,open_degraded,0,0,0,0,1,0,30303.0303,14.0,Durio carinatus,Durio,carinatus,Malvaceae,59.40147287,3.2,113.0833333,0.46,1,0,24.0,AMA1998,train
215,Malaysia,Sarawak,AG,open_degraded,0,0,0,0,1,0,30303.0303,14.0,Durio carinatus,Durio,carinatus,Malvaceae,48.92745932,3.2,113.0833333,0.46,1,0,36.0,AMA1998,train
216,Malaysia,Sarawak,AG,open_degraded,0,0,0,0,1,0,30303.0303,14.0,Durio carinatus,Durio,carinatus,Malvaceae,45.19754437,3.2,113.0833333,0.46,1,0,48.0,AMA1998,train
217,Malaysia,Sarawak,AG,open_degraded,0,0,0,0,1,0,30303.0303,14.0,Durio carinatus,Durio,carinatus,Malvaceae,34.04202281,3.2,113.0833333,0.46,1,0,72.0,AMA1998,train
218,Malaysia,Sarawak,AG,open_degraded,0,0,0,0,1,0,30303.0303,14.0,Cotylelobium burckii,Cotylelobium,burckii,Dipterocarpaceae,50.26089969,3.2,113.0833333,0.815,1,0,12.0,AMA1998,train
219,Malaysia,Sarawak,AG,open_degraded,0,0,0,0,1,0,30303.0303,14.0,Cotylelobium burckii,Cotylelobium,burckii,Dipterocarpaceae,39.45479358,3.2,113.0833333,0.815,1,0,24.0,AMA1998,train
220,Malaysia,Sarawak,AG,open_degraded,0,0,0,0,1,0,30303.0303,14.0,Cotylelobium burckii,Cotylelobium,burckii,Dipterocarpaceae,28.06900427,3.2,113.0833333,0.815,1,0,36.0,AMA1998,train
221,Malaysia,Sarawak,AG,open_degraded,0,0,0,0,1,0,30303.0303,14.0,Cotylelobium burckii,Cotylelobium,burckii,Dipterocarpaceae,13.59889471,3.2,113.0833333,0.815,1,0,48.0,AMA1998,train
222,Malaysia,Sarawak,AG,open_degraded,0,0,0,0,1,0,30303.0303,14.0,Cotylelobium burckii,Cotylelobium,burckii,Dipterocarpaceae,9.813631005,3.2,113.0833333,0.815,1,0,72.0,AMA1998,train
223,Malaysia,Sarawak,AG,open_degraded,0,0,0,0,1,0,30303.0303,14.0,Eugenia sp,Eugenia,sp,Myrtaceae,64.37948124,3.2,113.0833333,0.683,1,0,12.0,AMA1998,train
224,Malaysia,Sarawak,AG,open_degraded,0,0,0,0,1,0,30303.0303,14.0,Eugenia sp,Eugenia,sp,Myrtaceae,48.06046958,3.2,113.0833333,0.683,1,0,24.0,AMA1998,train
225,Malaysia,Sarawak,AG,open_degraded,0,0,0,0,1,0,30303.0303,14.0,Eugenia sp,Eugenia,sp,Myrtaceae,44.02803774,3.2,113.0833333,0.683,1,0,36.0,AMA1998,train
226,Malaysia,Sarawak,AG,open_degraded,0,0,0,0,1,0,30303.0303,14.0,Eugenia sp,Eugenia,sp,Myrtaceae,44.27309332,3.2,113.0833333,0.683,1,0,48.0,AMA1998,train
227,Malaysia,Sarawak,AG,open_degraded,0,0,0,0,1,0,30303.0303,14.0,Eugenia sp,Eugenia,sp,Myrtaceae,44.78221742,3.2,113.0833333,0.683,1,0,72.0,AMA1998,train
228,Malaysia,Sarawak,AG,open_degraded,0,0,0,1,1,0,30303.0303,16.0,Calophyllum blancoi,Calophyllum,blancoi,Clusiaceae,63.53784128,3.2,113.0833333,0.669211656,1,0,12.0,AMA1998,train
229,Malaysia,Sarawak,AG,open_degraded,0,0,0,1,1,0,30303.0303,16.0,Calophyllum blancoi,Calophyllum,blancoi,Clusiaceae,48.49736923,3.2,113.0833333,0.669211656,1,0,24.0,AMA1998,train
230,Malaysia,Sarawak,AG,open_degraded,0,0,0,1,1,0,30303.0303,16.0,Calophyllum blancoi,Calophyllum,blancoi,Clusiaceae,34.32334113,3.2,113.0833333,0.669211656,1,0,36.0,AMA1998,train
231,Malaysia,Sarawak,AG,open_degraded,0,0,0,1,1,0,30303.0303,16.0,Calophyllum blancoi,Calophyllum,blancoi,Clusiaceae,24.69572547,3.2,113.0833333,0.669211656,1,0,48.0,AMA1998,train
232,Malaysia,Sarawak,AG,open_degraded,0,0,0,1,1,0,30303.0303,16.0,Calophyllum blancoi,Calophyllum,blancoi,Clusiaceae,24.57377383,3.2,113.0833333,0.669211656,1,0,66.0,AMA1998,train
233,Malaysia,Sarawak,AG,open_degraded,0,0,0,1,1,0,30303.0303,16.0,Dryobalanops sumatrensis,Dryobalanops,sumatrensis,Dipterocarpaceae,63.82043744,3.2,113.0833333,0.65,1,0,12.0,AMA1998,train
234,Malaysia,Sarawak,AG,open_degraded,0,0,0,1,1,0,30303.0303,16.0,Dryobalanops sumatrensis,Dryobalanops,sumatrensis,Dipterocarpaceae,54.78288808,3.2,113.0833333,0.65,1,0,24.0,AMA1998,train
235,Malaysia,Sarawak,AG,open_degraded,0,0,0,1,1,0,30303.0303,16.0,Dryobalanops sumatrensis,Dryobalanops,sumatrensis,Dipterocarpaceae,44.87889477,3.2,113.0833333,0.65,1,0,36.0,AMA1998,train
236,Malaysia,Sarawak,AG,open_degraded,0,0,0,1,1,0,30303.0303,16.0,Dryobalanops sumatrensis,Dryobalanops,sumatrensis,Dipterocarpaceae,43.83798742,3.2,113.0833333,0.65,1,0,48.0,AMA1998,train
237,Malaysia,Sarawak,AG,open_degraded,0,0,0,1,1,0,30303.0303,16.0,Dryobalanops sumatrensis,Dryobalanops,sumatrensis,Dipterocarpaceae,43.43654887,3.2,113.0833333,0.65,1,0,66.0,AMA1998,train
238,Malaysia,Sarawak,AG,open_degraded,0,0,0,1,1,0,30303.0303,16.0,Durio carinatus,Durio,carinatus,Malvaceae,86.4160382,3.2,113.0833333,0.46,1,0,12.0,AMA1998,train
239,Malaysia,Sarawak,AG,open_degraded,0,0,0,1,1,0,30303.0303,16.0,Durio carinatus,Durio,carinatus,Malvaceae,65.05895481,3.2,113.0833333,0.46,1,0,24.0,AMA1998,train
240,Malaysia,Sarawak,AG,open_degraded,0,0,0,1,1,0,30303.0303,16.0,Durio carinatus,Durio,carinatus,Malvaceae,54.61153393,3.2,113.0833333,0.46,1,0,36.0,AMA1998,train
241,Malaysia,Sarawak,AG,open_degraded,0,0,0,1,1,0,30303.0303,16.0,Durio carinatus,Durio,carinatus,Malvaceae,44.71064987,3.2,113.0833333,0.46,1,0,48.0,AMA1998,train
242,Malaysia,Sarawak,AG,open_degraded,0,0,0,1,1,0,30303.0303,16.0,Durio carinatus,Durio,carinatus,Malvaceae,42.85581032,3.2,113.0833333,0.46,1,0,66.0,AMA1998,train
243,Malaysia,Sarawak,AG,open_degraded,0,0,0,1,1,0,30303.0303,16.0,Hopea beccariana,Hopea,beccariana,Dipterocarpaceae,34.37412552,3.2,113.0833333,0.653333333,1,0,12.0,AMA1998,train
244,Malaysia,Sarawak,AG,open_degraded,0,0,0,1,1,0,30303.0303,16.0,Hopea beccariana,Hopea,beccariana,Dipterocarpaceae,24.77449311,3.2,113.0833333,0.653333333,1,0,24.0,AMA1998,train
245,Malaysia,Sarawak,AG,open_degraded,0,0,0,1,1,0,30303.0303,16.0,Hopea beccariana,Hopea,beccariana,Dipterocarpaceae,14.88915529,3.2,113.0833333,0.653333333,1,0,36.0,AMA1998,train
246,Malaysia,Sarawak,AG,open_degraded,0,0,0,1,1,0,30303.0303,16.0,Hopea beccariana,Hopea,beccariana,Dipterocarpaceae,14.410331,3.2,113.0833333,0.653333333,1,0,48.0,AMA1998,train
247,Malaysia,Sarawak,AG,open_degraded,0,0,0,1,1,0,30303.0303,16.0,Hopea beccariana,Hopea,beccariana,Dipterocarpaceae,13.1300115,3.2,113.0833333,0.653333333,1,0,66.0,AMA1998,train
248,Malaysia,Sarawak,AG,open_degraded,0,0,0,1,1,0,30303.0303,16.0,Hopea kerangasensis,Hopea,kerangasensis,Dipterocarpaceae,34.39589026,3.2,113.0833333,0.714693989,1,0,12.0,AMA1998,train
249,Malaysia,Sarawak,AG,open_degraded,0,0,0,1,1,0,30303.0303,16.0,Hopea kerangasensis,Hopea,kerangasensis,Dipterocarpaceae,34.78350993,3.2,113.0833333,0.714693989,1,0,24.0,AMA1998,train
250,Malaysia,Sarawak,AG,open_degraded,0,0,0,1,1,0,30303.0303,16.0,Hopea kerangasensis,Hopea,kerangasensis,Dipterocarpaceae,24.87640737,3.2,113.0833333,0.714693989,1,0,36.0,AMA1998,train
251,Malaysia,Sarawak,AG,open_degraded,0,0,0,1,1,0,30303.0303,16.0,Hopea kerangasensis,Hopea,kerangasensis,Dipterocarpaceae,24.13053317,3.2,113.0833333,0.714693989,1,0,48.0,AMA1998,train
252,Malaysia,Sarawak,AG,open_degraded,0,0,0,1,1,0,30303.0303,16.0,Hopea kerangasensis,Hopea,kerangasensis,Dipterocarpaceae,14.00267395,3.2,113.0833333,0.714693989,1,0,66.0,AMA1998,train
253,Malaysia,Sarawak,AG,open_degraded,0,0,0,1,1,0,30303.0303,16.0,Pentaspadon motleyi,Pentaspadon,motleyi,Anacardiaceae,82.38196083,3.2,113.0833333,0.5,1,0,12.0,AMA1998,train
254,Malaysia,Sarawak,AG,open_degraded,0,0,0,1,1,0,30303.0303,16.0,Pentaspadon motleyi,Pentaspadon,motleyi,Anacardiaceae,81.35659973,3.2,113.0833333,0.5,1,0,24.0,AMA1998,train
255,Malaysia,Sarawak,AG,open_degraded,0,0,0,1,1,0,30303.0303,16.0,Pentaspadon motleyi,Pentaspadon,motleyi,Anacardiaceae,77.45552911,3.2,113.0833333,0.5,1,0,36.0,AMA1998,train
256,Malaysia,Sarawak,AG,open_degraded,0,0,0,1,1,0,30303.0303,16.0,Pentaspadon motleyi,Pentaspadon,motleyi,Anacardiaceae,76.98603256,3.2,113.0833333,0.5,1,0,48.0,AMA1998,train
257,Malaysia,Sarawak,AG,open_degraded,0,0,0,1,1,0,30303.0303,16.0,Pentaspadon motleyi,Pentaspadon,motleyi,Anacardiaceae,75.42622617,3.2,113.0833333,0.5,1,0,66.0,AMA1998,train
258,Malaysia,Sarawak,AG,open_degraded,0,0,0,0,1,0,30303.0303,14.0,Whiteodendron moultonianum,Whiteodendron,moultonianum,Myrtaceae,79.40138837,3.2,113.0833333,0.785,1,0,12.0,AMA1998,train
259,Malaysia,Sarawak,AG,open_degraded,0,0,0,0,1,0,30303.0303,14.0,Whiteodendron moultonianum,Whiteodendron,moultonianum,Myrtaceae,69.22777916,3.2,113.0833333,0.785,1,0,24.0,AMA1998,train
260,Malaysia,Sarawak,AG,open_degraded,0,0,0,0,1,0,30303.0303,14.0,Whiteodendron moultonianum,Whiteodendron,moultonianum,Myrtaceae,59.05628251,3.2,113.0833333,0.785,1,0,36.0,AMA1998,train
261,Malaysia,Sarawak,AG,open_degraded,0,0,0,0,1,0,30303.0303,14.0,Whiteodendron moultonianum,Whiteodendron,moultonianum,Myrtaceae,49.78599888,3.2,113.0833333,0.785,1,0,48.0,AMA1998,train
262,Malaysia,Sarawak,AG,open_degraded,0,0,0,0,1,0,30303.0303,14.0,Whiteodendron moultonianum,Whiteodendron,moultonianum,Myrtaceae,38.64949024,3.2,113.0833333,0.785,1,0,72.0,AMA1998,train
263,Malaysia,Sarawak,AG,open_degraded,0,0,0,1,1,0,30303.0303,16.0,Shorea leprosula,Shorea,leprosula,Dipterocarpaceae,58.0938924,3.2,113.0833333,0.44,1,0,12.0,AMA1998,train
264,Malaysia,Sarawak,AG,open_degraded,0,0,0,1,1,0,30303.0303,16.0,Shorea leprosula,Shorea,leprosula,Dipterocarpaceae,49.64019084,3.2,113.0833333,0.44,1,0,24.0,AMA1998,train
265,Malaysia,Sarawak,AG,open_degraded,0,0,0,1,1,0,30303.0303,16.0,Shorea leprosula,Shorea,leprosula,Dipterocarpaceae,38.89462756,3.2,113.0833333,0.44,1,0,36.0,AMA1998,train
266,Malaysia,Sarawak,AG,open_degraded,0,0,0,1,1,0,30303.0303,16.0,Shorea leprosula,Shorea,leprosula,Dipterocarpaceae,39.85054878,3.2,113.0833333,0.44,1,0,48.0,AMA1998,train
267,Malaysia,Sarawak,AG,open_degraded,0,0,0,1,1,0,30303.0303,16.0,Shorea leprosula,Shorea,leprosula,Dipterocarpaceae,39.41801775,3.2,113.0833333,0.44,1,0,66.0,AMA1998,train
268,Malaysia,Sarawak,AG,open_degraded,0,0,0,1,1,0,30303.0303,16.0,Shorea macrophylla,Shorea,macrophylla,Dipterocarpaceae,99.80066262,3.2,113.0833333,0.32,1,0,12.0,AMA1998,train
269,Malaysia,Sarawak,AG,open_degraded,0,0,0,1,1,0,30303.0303,16.0,Shorea macrophylla,Shorea,macrophylla,Dipterocarpaceae,90.21035794,3.2,113.0833333,0.32,1,0,24.0,AMA1998,train
270,Malaysia,Sarawak,AG,open_degraded,0,0,0,1,1,0,30303.0303,16.0,Shorea macrophylla,Shorea,macrophylla,Dipterocarpaceae,79.17287077,3.2,113.0833333,0.32,1,0,36.0,AMA1998,train
271,Malaysia,Sarawak,AG,open_degraded,0,0,0,1,1,0,30303.0303,16.0,Shorea macrophylla,Shorea,macrophylla,Dipterocarpaceae,79.84308659,3.2,113.0833333,0.32,1,0,48.0,AMA1998,train
272,Malaysia,Sarawak,AG,open_degraded,0,0,0,1,1,0,30303.0303,16.0,Shorea macrophylla,Shorea,macrophylla,Dipterocarpaceae,78.85158174,3.2,113.0833333,0.32,1,0,66.0,AMA1998,train
273,Malaysia,Sarawak,AG,open_degraded,0,0,0,1,1,0,30303.0303,16.0,Shorea materialis,Shorea,materialis,Dipterocarpaceae,52.9667414,3.2,113.0833333,0.745,1,0,12.0,AMA1998,train
274,Malaysia,Sarawak,AG,open_degraded,0,0,0,1,1,0,30303.0303,16.0,Shorea materialis,Shorea,materialis,Dipterocarpaceae,26.50427176,3.2,113.0833333,0.745,1,0,24.0,AMA1998,train
275,Malaysia,Sarawak,AG,open_degraded,0,0,0,1,1,0,30303.0303,16.0,Shorea materialis,Shorea,materialis,Dipterocarpaceae,10.30543186,3.2,113.0833333,0.745,1,0,36.0,AMA1998,train
276,Malaysia,Sarawak,AG,open_degraded,0,0,0,1,1,0,30303.0303,16.0,Shorea materialis,Shorea,materialis,Dipterocarpaceae,8.997474599,3.2,113.0833333,0.745,1,0,48.0,AMA1998,train
277,Malaysia,Sarawak,AG,open_degraded,0,0,0,1,1,0,30303.0303,16.0,Shorea materialis,Shorea,materialis,Dipterocarpaceae,9.40651353,3.2,113.0833333,0.745,1,0,66.0,AMA1998,train
278,Malaysia,Sarawak,AG,open_degraded,0,0,0,1,1,0,30303.0303,16.0,Shorea mecistopteryx,Shorea,mecistopteryx,Dipterocarpaceae,83.82914333,3.2,113.0833333,0.426666667,1,0,12.0,AMA1998,train
279,Malaysia,Sarawak,AG,open_degraded,0,0,0,1,1,0,30303.0303,16.0,Shorea mecistopteryx,Shorea,mecistopteryx,Dipterocarpaceae,84.216763,3.2,113.0833333,0.426666667,1,0,24.0,AMA1998,train
280,Malaysia,Sarawak,AG,open_degraded,0,0,0,1,1,0,30303.0303,16.0,Shorea mecistopteryx,Shorea,mecistopteryx,Dipterocarpaceae,74.30033269,3.2,113.0833333,0.426666667,1,0,36.0,AMA1998,train
281,Malaysia,Sarawak,AG,open_degraded,0,0,0,1,1,0,30303.0303,16.0,Shorea mecistopteryx,Shorea,mecistopteryx,Dipterocarpaceae,63.00512335,3.2,113.0833333,0.426666667,1,0,48.0,AMA1998,train
282,Malaysia,Sarawak,AG,open_degraded,0,0,0,1,1,0,30303.0303,16.0,Shorea mecistopteryx,Shorea,mecistopteryx,Dipterocarpaceae,63.41727153,3.2,113.0833333,0.426666667,1,0,66.0,AMA1998,train
283,Malaysia,Sarawak,AG,open_degraded,0,0,0,1,1,0,30303.0303,16.0,Shorea ovata,Shorea,ovata,Dipterocarpaceae,62.96643048,3.2,113.0833333,0.64,1,0,12.0,AMA1998,train
284,Malaysia,Sarawak,AG,open_degraded,0,0,0,1,1,0,30303.0303,16.0,Shorea ovata,Shorea,ovata,Dipterocarpaceae,49.36692243,3.2,113.0833333,0.64,1,0,24.0,AMA1998,train
285,Malaysia,Sarawak,AG,open_degraded,0,0,0,1,1,0,30303.0303,16.0,Shorea ovata,Shorea,ovata,Dipterocarpaceae,44.31992096,3.2,113.0833333,0.64,1,0,36.0,AMA1998,train
286,Malaysia,Sarawak,AG,open_degraded,0,0,0,1,1,0,30303.0303,16.0,Shorea ovata,Shorea,ovata,Dipterocarpaceae,42.99330821,3.2,113.0833333,0.64,1,0,48.0,AMA1998,train
287,Malaysia,Sarawak,AG,open_degraded,0,0,0,1,1,0,30303.0303,16.0,Shorea ovata,Shorea,ovata,Dipterocarpaceae,43.14462497,3.2,113.0833333,0.64,1,0,66.0,AMA1998,train
288,Malaysia,Sarawak,AG,open_degraded,0,0,0,1,1,0,30303.0303,16.0,Vatica sp,Vatica,sp,Dipterocarpaceae,45.25269555,3.2,113.0833333,0.706897436,1,0,12.0,AMA1998,train
289,Malaysia,Sarawak,AG,open_degraded,0,0,0,1,1,0,30303.0303,16.0,Vatica sp,Vatica,sp,Dipterocarpaceae,25.61606307,3.2,113.0833333,0.706897436,1,0,24.0,AMA1998,train
290,Malaysia,Sarawak,AG,open_degraded,0,0,0,1,1,0,30303.0303,16.0,Vatica sp,Vatica,sp,Dipterocarpaceae,10.0414912,3.2,113.0833333,0.706897436,1,0,36.0,AMA1998,train
291,Malaysia,Sarawak,AG,open_degraded,0,0,0,1,1,0,30303.0303,16.0,Vatica sp,Vatica,sp,Dipterocarpaceae,10.41667386,3.2,113.0833333,0.706897436,1,0,48.0,AMA1998,train
292,Malaysia,Sarawak,AG,open_degraded,0,0,0,1,1,0,30303.0303,16.0,Vatica sp,Vatica,sp,Dipterocarpaceae,8.844430472,3.2,113.0833333,0.706897436,1,0,66.0,AMA1998,train
293,Malaysia,Sarawak,AG,open_degraded,0,0,0,1,1,0,30303.0303,16.0,Whiteodendron moultonianum,Whiteodendron,moultonianum,Myrtaceae,74.68967971,3.2,113.0833333,0.785,1,0,12.0,AMA1998,train
294,Malaysia,Sarawak,AG,open_degraded,0,0,0,1,1,0,30303.0303,16.0,Whiteodendron moultonianum,Whiteodendron,moultonianum,Myrtaceae,63.93167944,3.2,113.0833333,0.785,1,0,24.0,AMA1998,train
295,Malaysia,Sarawak,AG,open_degraded,0,0,0,1,1,0,30303.0303,16.0,Whiteodendron moultonianum,Whiteodendron,moultonianum,Myrtaceae,63.47151065,3.2,113.0833333,0.785,1,0,36.0,AMA1998,train
296,Malaysia,Sarawak,AG,open_degraded,0,0,0,1,1,0,30303.0303,16.0,Whiteodendron moultonianum,Whiteodendron,moultonianum,Myrtaceae,53.28181193,3.2,113.0833333,0.785,1,0,48.0,AMA1998,train
297,Malaysia,Sarawak,AG,open_degraded,0,0,0,1,1,0,30303.0303,16.0,Whiteodendron moultonianum,Whiteodendron,moultonianum,Myrtaceae,52.84617165,3.2,113.0833333,0.785,1,0,66.0,AMA1998,train
298,Malaysia,Sarawak,AG,forest_enrichment,0,0,0,0,1,0,1111.111111,4.0,Eusideroxylon zwageri,Eusideroxylon,zwageri,Lauraceae,100.0,3.2,113.0833333,0.786666667,1,0,12.0,AMA1998,train
299,Malaysia,Sarawak,AG,forest_enrichment,0,0,0,0,1,0,1111.111111,4.0,Eusideroxylon zwageri,Eusideroxylon,zwageri,Lauraceae,96.27393449,3.2,113.0833333,0.786666667,1,0,24.0,AMA1998,train
300,Malaysia,Sarawak,AG,forest_enrichment,0,0,0,0,1,0,1111.111111,4.0,Eusideroxylon zwageri,Eusideroxylon,zwageri,Lauraceae,96.03066157,3.2,113.0833333,0.786666667,1,0,35.0,AMA1998,train
301,Malaysia,Sarawak,AG,forest_enrichment,0,0,0,0,1,0,1111.111111,4.0,Eusideroxylon zwageri,Eusideroxylon,zwageri,Lauraceae,96.07585596,3.2,113.0833333,0.786666667,1,0,48.0,AMA1998,train
302,Malaysia,Sarawak,AG,forest_enrichment,0,0,0,0,1,0,1111.111111,4.0,Eusideroxylon zwageri,Eusideroxylon,zwageri,Lauraceae,96.17683717,3.2,113.0833333,0.786666667,1,0,72.0,AMA1998,train
303,Malaysia,Sarawak,AG,forest_enrichment,0,0,0,0,1,0,1111.111111,4.0,Shorea macrophylla,Shorea,macrophylla,Dipterocarpaceae,85.63630522,3.2,113.0833333,0.32,1,0,12.0,AMA1998,train
304,Malaysia,Sarawak,AG,forest_enrichment,0,0,0,0,1,0,1111.111111,4.0,Shorea macrophylla,Shorea,macrophylla,Dipterocarpaceae,85.68503042,3.2,113.0833333,0.32,1,0,24.0,AMA1998,train
305,Malaysia,Sarawak,AG,forest_enrichment,0,0,0,0,1,0,1111.111111,4.0,Shorea macrophylla,Shorea,macrophylla,Dipterocarpaceae,84.85387736,3.2,113.0833333,0.32,1,0,35.0,AMA1998,train
306,Malaysia,Sarawak,AG,forest_enrichment,0,0,0,0,1,0,1111.111111,4.0,Shorea macrophylla,Shorea,macrophylla,Dipterocarpaceae,84.90119024,3.2,113.0833333,0.32,1,0,48.0,AMA1998,train
307,Malaysia,Sarawak,AG,forest_enrichment,0,0,0,0,1,0,1111.111111,4.0,Shorea macrophylla,Shorea,macrophylla,Dipterocarpaceae,85.88275587,3.2,113.0833333,0.32,1,0,72.0,AMA1998,train
308,Malaysia,Sarawak,AG,forest_enrichment,0,0,0,0,1,0,1111.111111,4.0,Shorea mecistopteryx,Shorea,mecistopteryx,Dipterocarpaceae,87.69512148,3.2,113.0833333,0.426666667,1,0,12.0,AMA1998,train
309,Malaysia,Sarawak,AG,forest_enrichment,0,0,0,0,1,0,1111.111111,4.0,Shorea mecistopteryx,Shorea,mecistopteryx,Dipterocarpaceae,73.62801487,3.2,113.0833333,0.426666667,1,0,24.0,AMA1998,train
310,Malaysia,Sarawak,AG,forest_enrichment,0,0,0,0,1,0,1111.111111,4.0,Shorea mecistopteryx,Shorea,mecistopteryx,Dipterocarpaceae,74.26532637,3.2,113.0833333,0.426666667,1,0,35.0,AMA1998,train
311,Malaysia,Sarawak,AG,forest_enrichment,0,0,0,0,1,0,1111.111111,4.0,Shorea mecistopteryx,Shorea,mecistopteryx,Dipterocarpaceae,73.72793684,3.2,113.0833333,0.426666667,1,0,48.0,AMA1998,train
312,Malaysia,Sarawak,AG,forest_enrichment,0,0,0,0,1,0,1111.111111,4.0,Shorea mecistopteryx,Shorea,mecistopteryx,Dipterocarpaceae,72.93985969,3.2,113.0833333,0.426666667,1,0,72.0,AMA1998,train
313,Malaysia,Sarawak,AG,open_degraded,0,0,0,0,1,0,30303.0303,14.0,Dryobalanops sumatrensis,Dryobalanops,sumatrensis,Dipterocarpaceae,54.84724165,3.2,113.0833333,0.65,1,0,12.0,AMA1998,train
314,Malaysia,Sarawak,AG,open_degraded,0,0,0,0,1,0,30303.0303,14.0,Dryobalanops sumatrensis,Dryobalanops,sumatrensis,Dipterocarpaceae,49.58995441,3.2,113.0833333,0.65,1,0,24.0,AMA1998,train
315,Malaysia,Sarawak,AG,open_degraded,0,0,0,0,1,0,30303.0303,14.0,Dryobalanops sumatrensis,Dryobalanops,sumatrensis,Dipterocarpaceae,43.71707066,3.2,113.0833333,0.65,1,0,36.0,AMA1998,train
316,Malaysia,Sarawak,AG,open_degraded,0,0,0,0,1,0,30303.0303,14.0,Dryobalanops sumatrensis,Dryobalanops,sumatrensis,Dipterocarpaceae,29.23217326,3.2,113.0833333,0.65,1,0,48.0,AMA1998,train
317,Malaysia,Sarawak,AG,open_degraded,0,0,0,0,1,0,30303.0303,14.0,Dryobalanops sumatrensis,Dryobalanops,sumatrensis,Dipterocarpaceae,15.94635818,3.2,113.0833333,0.65,1,0,72.0,AMA1998,train
318,Malaysia,Sarawak,AG,forest_enrichment,0,0,0,0,1,0,1111.111111,4.0,Pentaspadon motleyi,Pentaspadon,motleyi,Anacardiaceae,86.81241857,3.2,113.0833333,0.5,1,0,12.0,AMA1998,train
319,Malaysia,Sarawak,AG,forest_enrichment,0,0,0,0,1,0,1111.111111,4.0,Pentaspadon motleyi,Pentaspadon,motleyi,Anacardiaceae,68.91967757,3.2,113.0833333,0.5,1,0,24.0,AMA1998,train
320,Malaysia,Sarawak,AG,forest_enrichment,0,0,0,0,1,0,1111.111111,4.0,Pentaspadon motleyi,Pentaspadon,motleyi,Anacardiaceae,69.56087296,3.2,113.0833333,0.5,1,0,35.0,AMA1998,train
321,Malaysia,Sarawak,AG,forest_enrichment,0,0,0,0,1,0,1111.111111,4.0,Pentaspadon motleyi,Pentaspadon,motleyi,Anacardiaceae,68.43136632,3.2,113.0833333,0.5,1,0,48.0,AMA1998,train
322,Malaysia,Sarawak,AG,forest_enrichment,0,0,0,0,1,0,1111.111111,4.0,Pentaspadon motleyi,Pentaspadon,motleyi,Anacardiaceae,69.11634377,3.2,113.0833333,0.5,1,0,72.0,AMA1998,train
323,Malaysia,Sarawak,AG,open_degraded,0,0,0,0,1,0,10000.0,9.0,Durio carinatus,Durio,carinatus,Malvaceae,90.13481722,3.2,113.0833333,0.46,1,0,12.0,AMA1998,train
324,Malaysia,Sarawak,AG,open_degraded,0,0,0,0,1,0,10000.0,9.0,Durio carinatus,Durio,carinatus,Malvaceae,86.75353537,3.2,113.0833333,0.46,1,0,24.0,AMA1998,train
325,Malaysia,Sarawak,AG,open_degraded,0,0,0,0,1,0,10000.0,9.0,Durio carinatus,Durio,carinatus,Malvaceae,80.12726468,3.2,113.0833333,0.46,1,0,35.0,AMA1998,train
326,Malaysia,Sarawak,AG,open_degraded,0,0,0,0,1,0,10000.0,9.0,Durio carinatus,Durio,carinatus,Malvaceae,75.44208415,3.2,113.0833333,0.46,1,0,48.0,AMA1998,train
327,Malaysia,Sarawak,AG,open_degraded,0,0,0,0,1,0,10000.0,9.0,Durio carinatus,Durio,carinatus,Malvaceae,74.03314438,3.2,113.0833333,0.46,1,0,60.0,AMA1998,train
328,Malaysia,Sarawak,AG,open_degraded,0,0,0,0,1,0,10000.0,9.0,Shorea macrophylla,Shorea,macrophylla,Dipterocarpaceae,90.12787235,3.2,113.0833333,0.32,1,0,12.0,AMA1998,train
329,Malaysia,Sarawak,AG,open_degraded,0,0,0,0,1,0,10000.0,9.0,Shorea macrophylla,Shorea,macrophylla,Dipterocarpaceae,85.45918589,3.2,113.0833333,0.32,1,0,24.0,AMA1998,train
330,Malaysia,Sarawak,AG,open_degraded,0,0,0,0,1,0,10000.0,9.0,Shorea macrophylla,Shorea,macrophylla,Dipterocarpaceae,74.93858134,3.2,113.0833333,0.32,1,0,35.0,AMA1998,train
331,Malaysia,Sarawak,AG,open_degraded,0,0,0,0,1,0,10000.0,9.0,Shorea macrophylla,Shorea,macrophylla,Dipterocarpaceae,64.74264929,3.2,113.0833333,0.32,1,0,48.0,AMA1998,train
332,Malaysia,Sarawak,AG,open_degraded,0,0,0,0,1,0,10000.0,9.0,Shorea macrophylla,Shorea,macrophylla,Dipterocarpaceae,63.63841553,3.2,113.0833333,0.32,1,0,60.0,AMA1998,train
333,Malaysia,Sarawak,AG,open_degraded,0,0,0,0,1,0,10000.0,9.0,Dryobalanops sumatrensis,Dryobalanops,sumatrensis,Dipterocarpaceae,84.28637157,3.2,113.0833333,0.65,1,0,12.0,AMA1998,train
334,Malaysia,Sarawak,AG,open_degraded,0,0,0,0,1,0,10000.0,9.0,Dryobalanops sumatrensis,Dryobalanops,sumatrensis,Dipterocarpaceae,79.60900402,3.2,113.0833333,0.65,1,0,24.0,AMA1998,train
335,Malaysia,Sarawak,AG,open_degraded,0,0,0,0,1,0,10000.0,9.0,Dryobalanops sumatrensis,Dryobalanops,sumatrensis,Dipterocarpaceae,74.28229146,3.2,113.0833333,0.65,1,0,35.0,AMA1998,train
336,Malaysia,Sarawak,AG,open_degraded,0,0,0,0,1,0,10000.0,9.0,Dryobalanops sumatrensis,Dryobalanops,sumatrensis,Dipterocarpaceae,60.84744733,3.2,113.0833333,0.65,1,0,48.0,AMA1998,train
337,Malaysia,Sarawak,AG,open_degraded,0,0,0,0,1,0,10000.0,9.0,Dryobalanops sumatrensis,Dryobalanops,sumatrensis,Dipterocarpaceae,55.19085361,3.2,113.0833333,0.65,1,0,60.0,AMA1998,train
338,Malaysia,Sarawak,AG,open_degraded,0,0,0,0,1,0,10000.0,9.0,Hopea kerangasensis,Hopea,kerangasensis,Dipterocarpaceae,1.165869454,3.2,113.0833333,0.714693989,1,0,12.0,AMA1998,train
339,Malaysia,Sarawak,AG,open_degraded,0,0,0,0,1,0,10000.0,9.0,Hopea kerangasensis,Hopea,kerangasensis,Dipterocarpaceae,0.0,3.2,113.0833333,0.714693989,1,0,24.0,AMA1998,train
340,Malaysia,Sarawak,AG,open_degraded,0,0,0,0,1,0,10000.0,9.0,Hopea kerangasensis,Hopea,kerangasensis,Dipterocarpaceae,0.0,3.2,113.0833333,0.714693989,1,0,35.0,AMA1998,train
341,Malaysia,Sarawak,AG,open_degraded,0,0,0,0,1,0,10000.0,9.0,Hopea kerangasensis,Hopea,kerangasensis,Dipterocarpaceae,0.0,3.2,113.0833333,0.714693989,1,0,48.0,AMA1998,train
342,Malaysia,Sarawak,AG,open_degraded,0,0,0,0,1,0,10000.0,9.0,Hopea kerangasensis,Hopea,kerangasensis,Dipterocarpaceae,0.0,3.2,113.0833333,0.714693989,1,0,60.0,AMA1998,train
343,Malaysia,Sarawak,AG,open_degraded,0,0,0,0,1,0,10000.0,9.0,Shorea mecistopteryx,Shorea,mecistopteryx,Dipterocarpaceae,84.60496732,3.2,113.0833333,0.426666667,1,0,12.0,AMA1998,train
344,Malaysia,Sarawak,AG,open_degraded,0,0,0,0,1,0,10000.0,9.0,Shorea mecistopteryx,Shorea,mecistopteryx,Dipterocarpaceae,75.38565711,3.2,113.0833333,0.426666667,1,0,24.0,AMA1998,train
345,Malaysia,Sarawak,AG,open_degraded,0,0,0,0,1,0,10000.0,9.0,Shorea mecistopteryx,Shorea,mecistopteryx,Dipterocarpaceae,60.65038674,3.2,113.0833333,0.426666667,1,0,35.0,AMA1998,train
346,Malaysia,Sarawak,AG,open_degraded,0,0,0,0,1,0,10000.0,9.0,Shorea mecistopteryx,Shorea,mecistopteryx,Dipterocarpaceae,58.57126735,3.2,113.0833333,0.426666667,1,0,48.0,AMA1998,train
347,Malaysia,Sarawak,AG,open_degraded,0,0,0,0,1,0,10000.0,9.0,Shorea mecistopteryx,Shorea,mecistopteryx,Dipterocarpaceae,59.41593673,3.2,113.0833333,0.426666667,1,0,60.0,AMA1998,train
348,Malaysia,Sarawak,AG,open_degraded,0,0,0,0,1,0,10000.0,9.0,Shorea ovata,Shorea,ovata,Dipterocarpaceae,74.87000078,3.2,113.0833333,0.64,1,0,12.0,AMA1998,train
349,Malaysia,Sarawak,AG,open_degraded,0,0,0,0,1,0,10000.0,9.0,Shorea ovata,Shorea,ovata,Dipterocarpaceae,64.67580495,3.2,113.0833333,0.64,1,0,24.0,AMA1998,train
350,Malaysia,Sarawak,AG,open_degraded,0,0,0,0,1,0,10000.0,9.0,Shorea ovata,Shorea,ovata,Dipterocarpaceae,54.47726858,3.2,113.0833333,0.64,1,0,35.0,AMA1998,train
351,Malaysia,Sarawak,AG,open_degraded,0,0,0,0,1,0,10000.0,9.0,Shorea ovata,Shorea,ovata,Dipterocarpaceae,54.34965666,3.2,113.0833333,0.64,1,0,48.0,AMA1998,train
352,Malaysia,Sarawak,AG,open_degraded,0,0,0,0,1,0,10000.0,9.0,Shorea ovata,Shorea,ovata,Dipterocarpaceae,49.67576155,3.2,113.0833333,0.64,1,0,60.0,AMA1998,train
353,Malaysia,Sarawak,AG,open_degraded,0,0,0,0,1,0,10000.0,9.0,Shorea leprosula,Shorea,leprosula,Dipterocarpaceae,84.93484847,3.2,113.0833333,0.44,1,0,12.0,AMA1998,train
354,Malaysia,Sarawak,AG,open_degraded,0,0,0,0,1,0,10000.0,9.0,Shorea leprosula,Shorea,leprosula,Dipterocarpaceae,64.99787313,3.2,113.0833333,0.44,1,0,24.0,AMA1998,train
355,Malaysia,Sarawak,AG,open_degraded,0,0,0,0,1,0,10000.0,9.0,Shorea leprosula,Shorea,leprosula,Dipterocarpaceae,58.69974738,3.2,113.0833333,0.44,1,0,35.0,AMA1998,train
356,Malaysia,Sarawak,AG,open_degraded,0,0,0,0,1,0,10000.0,9.0,Shorea leprosula,Shorea,leprosula,Dipterocarpaceae,50.13585895,3.2,113.0833333,0.44,1,0,48.0,AMA1998,train
357,Malaysia,Sarawak,AG,open_degraded,0,0,0,0,1,0,10000.0,9.0,Shorea leprosula,Shorea,leprosula,Dipterocarpaceae,34.41441754,3.2,113.0833333,0.44,1,0,60.0,AMA1998,train
358,Malaysia,Sarawak,AG,open_degraded,0,0,0,0,1,0,10000.0,9.0,Cotylelobium burckii,Cotylelobium,burckii,Dipterocarpaceae,25.84792479,3.2,113.0833333,0.815,1,0,12.0,AMA1998,train
359,Malaysia,Sarawak,AG,open_degraded,0,0,0,0,1,0,10000.0,9.0,Cotylelobium burckii,Cotylelobium,burckii,Dipterocarpaceae,1.039125641,3.2,113.0833333,0.815,1,0,24.0,AMA1998,train
360,Malaysia,Sarawak,AG,open_degraded,0,0,0,0,1,0,10000.0,9.0,Cotylelobium burckii,Cotylelobium,burckii,Dipterocarpaceae,0.910645612,3.2,113.0833333,0.815,1,0,35.0,AMA1998,train
361,Malaysia,Sarawak,AG,open_degraded,0,0,0,0,1,0,10000.0,9.0,Cotylelobium burckii,Cotylelobium,burckii,Dipterocarpaceae,1.433246812,3.2,113.0833333,0.815,1,0,48.0,AMA1998,train
362,Malaysia,Sarawak,AG,open_degraded,0,0,0,0,1,0,10000.0,9.0,Cotylelobium burckii,Cotylelobium,burckii,Dipterocarpaceae,0.0,3.2,113.0833333,0.815,1,0,60.0,AMA1998,train
363,Malaysia,Sarawak,AG,open_degraded,0,0,0,0,1,0,10000.0,9.0,Eugenia sp,Eugenia,sp,Myrtaceae,84.93224415,3.2,113.0833333,0.683,1,0,12.0,AMA1998,train
364,Malaysia,Sarawak,AG,open_degraded,0,0,0,0,1,0,10000.0,9.0,Eugenia sp,Eugenia,sp,Myrtaceae,70.19523756,3.2,113.0833333,0.683,1,0,24.0,AMA1998,train
365,Malaysia,Sarawak,AG,open_degraded,0,0,0,0,1,0,10000.0,9.0,Eugenia sp,Eugenia,sp,Myrtaceae,71.04164316,3.2,113.0833333,0.683,1,0,35.0,AMA1998,train
366,Malaysia,Sarawak,AG,open_degraded,0,0,0,0,1,0,10000.0,9.0,Eugenia sp,Eugenia,sp,Myrtaceae,60.5210386,3.2,113.0833333,0.683,1,0,48.0,AMA1998,train
367,Malaysia,Sarawak,AG,open_degraded,0,0,0,0,1,0,10000.0,9.0,Eugenia sp,Eugenia,sp,Myrtaceae,54.22117663,3.2,113.0833333,0.683,1,0,60.0,AMA1998,train
368,Malaysia,Sarawak,AG,open_degraded,0,0,0,0,1,0,30303.0303,14.0,Shorea ovata,Shorea,ovata,Dipterocarpaceae,42.28560805,3.2,113.0833333,0.64,1,0,12.0,AMA1998,train
369,Malaysia,Sarawak,AG,open_degraded,0,0,0,0,1,0,30303.0303,14.0,Shorea ovata,Shorea,ovata,Dipterocarpaceae,33.63937114,3.2,113.0833333,0.64,1,0,24.0,AMA1998,train
370,Malaysia,Sarawak,AG,open_degraded,0,0,0,0,1,0,30303.0303,14.0,Shorea ovata,Shorea,ovata,Dipterocarpaceae,28.6761506,3.2,113.0833333,0.64,1,0,36.0,AMA1998,train
371,Malaysia,Sarawak,AG,open_degraded,0,0,0,0,1,0,30303.0303,14.0,Shorea ovata,Shorea,ovata,Dipterocarpaceae,18.50676649,3.2,113.0833333,0.64,1,0,48.0,AMA1998,train
372,Malaysia,Sarawak,AG,open_degraded,0,0,0,0,1,0,30303.0303,14.0,Shorea ovata,Shorea,ovata,Dipterocarpaceae,14.10801881,3.2,113.0833333,0.64,1,0,72.0,AMA1998,train
373,Malaysia,Sarawak,AG,open_degraded,0,0,0,0,1,0,30303.0303,14.0,Shorea gibbosa,Shorea,gibbosa,Dipterocarpaceae,58.23619133,3.2,113.0833333,0.455,1,0,12.0,AMA1998,train
374,Malaysia,Sarawak,AG,open_degraded,0,0,0,0,1,0,30303.0303,14.0,Shorea gibbosa,Shorea,gibbosa,Dipterocarpaceae,44.67997009,3.2,113.0833333,0.455,1,0,24.0,AMA1998,train
375,Malaysia,Sarawak,AG,open_degraded,0,0,0,0,1,0,30303.0303,14.0,Shorea gibbosa,Shorea,gibbosa,Dipterocarpaceae,32.97265095,3.2,113.0833333,0.455,1,0,36.0,AMA1998,train
376,Malaysia,Sarawak,AG,open_degraded,0,0,0,0,1,0,30303.0303,14.0,Shorea gibbosa,Shorea,gibbosa,Dipterocarpaceae,24.34120187,3.2,113.0833333,0.455,1,0,48.0,AMA1998,train
377,Malaysia,Sarawak,AG,open_degraded,0,0,0,0,1,0,30303.0303,14.0,Shorea gibbosa,Shorea,gibbosa,Dipterocarpaceae,14.10801881,3.2,113.0833333,0.455,1,0,72.0,AMA1998,train
378,Malaysia,Sarawak,AG,open_degraded,0,0,0,0,1,0,30303.0303,14.0,Shorea mecistopteryx,Shorea,mecistopteryx,Dipterocarpaceae,73.89059536,3.2,113.0833333,0.426666667,1,0,12.0,AMA1998,train
379,Malaysia,Sarawak,AG,open_degraded,0,0,0,0,1,0,30303.0303,14.0,Shorea mecistopteryx,Shorea,mecistopteryx,Dipterocarpaceae,75.66724832,3.2,113.0833333,0.426666667,1,0,24.0,AMA1998,train
380,Malaysia,Sarawak,AG,open_degraded,0,0,0,0,1,0,30303.0303,14.0,Shorea mecistopteryx,Shorea,mecistopteryx,Dipterocarpaceae,58.74742797,3.2,113.0833333,0.426666667,1,0,36.0,AMA1998,train
381,Malaysia,Sarawak,AG,open_degraded,0,0,0,0,1,0,30303.0303,14.0,Shorea mecistopteryx,Shorea,mecistopteryx,Dipterocarpaceae,59.9253848,3.2,113.0833333,0.426666667,1,0,48.0,AMA1998,train
382,Malaysia,Sarawak,AG,open_degraded,0,0,0,0,1,0,30303.0303,14.0,Shorea mecistopteryx,Shorea,mecistopteryx,Dipterocarpaceae,53.99081464,3.2,113.0833333,0.426666667,1,0,72.0,AMA1998,train
383,Malaysia,Sarawak,AG,open_degraded,0,0,0,0,1,0,30303.0303,14.0,Hopea kerangasensis,Hopea,kerangasensis,Dipterocarpaceae,69.58353226,3.2,113.0833333,0.714693989,1,0,12.0,AMA1998,train
384,Malaysia,Sarawak,AG,open_degraded,0,0,0,0,1,0,30303.0303,14.0,Hopea kerangasensis,Hopea,kerangasensis,Dipterocarpaceae,64.30511955,3.2,113.0833333,0.714693989,1,0,24.0,AMA1998,train
385,Malaysia,Sarawak,AG,open_degraded,0,0,0,0,1,0,30303.0303,14.0,Hopea kerangasensis,Hopea,kerangasensis,Dipterocarpaceae,54.14629818,3.2,113.0833333,0.714693989,1,0,36.0,AMA1998,train
386,Malaysia,Sarawak,AG,open_degraded,0,0,0,0,1,0,30303.0303,14.0,Hopea kerangasensis,Hopea,kerangasensis,Dipterocarpaceae,48.87422311,3.2,113.0833333,0.714693989,1,0,48.0,AMA1998,train
387,Malaysia,Sarawak,AG,open_degraded,0,0,0,0,1,0,30303.0303,14.0,Hopea kerangasensis,Hopea,kerangasensis,Dipterocarpaceae,49.07871777,3.2,113.0833333,0.714693989,1,0,72.0,AMA1998,train
388,Malaysia,Sarawak,AG,open_degraded,0,0,0,0,1,0,30303.0303,14.0,Shorea leprosula,Shorea,leprosula,Dipterocarpaceae,59.143742,3.2,113.0833333,0.44,1,0,12.0,AMA1998,train
389,Malaysia,Sarawak,AG,open_degraded,0,0,0,0,1,0,30303.0303,14.0,Shorea leprosula,Shorea,leprosula,Dipterocarpaceae,38.8497598,3.2,113.0833333,0.44,1,0,24.0,AMA1998,train
390,Malaysia,Sarawak,AG,open_degraded,0,0,0,0,1,0,30303.0303,14.0,Shorea leprosula,Shorea,leprosula,Dipterocarpaceae,28.68248824,3.2,113.0833333,0.44,1,0,36.0,AMA1998,train
391,Malaysia,Sarawak,AG,open_degraded,0,0,0,0,1,0,30303.0303,14.0,Shorea leprosula,Shorea,leprosula,Dipterocarpaceae,14.52123322,3.2,113.0833333,0.44,1,0,48.0,AMA1998,train
392,Malaysia,Sarawak,AG,open_degraded,0,0,0,0,1,0,30303.0303,14.0,Shorea leprosula,Shorea,leprosula,Dipterocarpaceae,8.895517595,3.2,113.0833333,0.44,1,0,72.0,AMA1998,train
393,Malaysia,Sarawak,AG,open_degraded,0,0,0,0,1,0,30303.0303,14.0,Hopea beccariana,Hopea,beccariana,Dipterocarpaceae,64.68411068,3.2,113.0833333,0.653333333,1,0,12.0,AMA1998,train
394,Malaysia,Sarawak,AG,open_degraded,0,0,0,0,1,0,30303.0303,14.0,Hopea beccariana,Hopea,beccariana,Dipterocarpaceae,48.98703318,3.2,113.0833333,0.653333333,1,0,24.0,AMA1998,train
395,Malaysia,Sarawak,AG,open_degraded,0,0,0,0,1,0,30303.0303,14.0,Hopea beccariana,Hopea,beccariana,Dipterocarpaceae,44.32210444,3.2,113.0833333,0.653333333,1,0,36.0,AMA1998,train
396,Malaysia,Sarawak,AG,open_degraded,0,0,0,0,1,0,30303.0303,14.0,Hopea beccariana,Hopea,beccariana,Dipterocarpaceae,34.45312467,3.2,113.0833333,0.653333333,1,0,48.0,AMA1998,train
397,Malaysia,Sarawak,AG,open_degraded,0,0,0,0,1,0,30303.0303,14.0,Hopea beccariana,Hopea,beccariana,Dipterocarpaceae,34.65550678,3.2,113.0833333,0.653333333,1,0,72.0,AMA1998,train
398,Sri Lanka,Unknown,PL,plantation_enrichment,1,1,0,0,0,0,,5.0,Dipterocarpus zeylanicus,Dipterocarpus,zeylanicus,Dipterocarpaceae,98.22179732,6.35,80.35,0.69,1,1,24.0,APMS1997,train
399,Sri Lanka,Unknown,PL,plantation_enrichment,1,1,0,0,0,0,,5.0,Shorea disticha,Shorea,disticha,Dipterocarpaceae,93.40344168,6.35,80.35,0.583246313,1,1,24.0,APMS1997,train
400,Sri Lanka,Unknown,PL,plantation_enrichment,1,1,0,0,0,0,,5.0,Shorea disticha,Shorea,disticha,Dipterocarpaceae,89.84703633,6.35,80.35,0.583246313,1,1,24.0,APMS1997,train
401,Sri Lanka,Unknown,PL,plantation_enrichment,1,1,0,0,0,0,,5.0,Shorea disticha,Shorea,disticha,Dipterocarpaceae,95.00956023,6.35,80.35,0.583246313,1,1,24.0,APMS1997,train
402,Sri Lanka,Unknown,PL,plantation_enrichment,1,1,0,0,0,0,,5.0,Shorea megistophylla,Shorea,megistophylla,Dipterocarpaceae,98.22179732,6.35,80.35,0.583246313,1,1,24.0,APMS1997,train
403,Sri Lanka,Unknown,PL,plantation_enrichment,1,1,0,0,0,0,,5.0,Shorea megistophylla,Shorea,megistophylla,Dipterocarpaceae,99.94263862,6.35,80.35,0.583246313,1,1,24.0,APMS1997,train
404,Sri Lanka,Unknown,PL,plantation_enrichment,1,1,0,0,0,0,,5.0,Shorea megistophylla,Shorea,megistophylla,Dipterocarpaceae,96.50095602,6.35,80.35,0.583246313,1,1,24.0,APMS1997,train
405,Sri Lanka,Unknown,PL,plantation_enrichment,1,1,0,0,0,0,,5.0,Shorea megistophylla,Shorea,megistophylla,Dipterocarpaceae,98.2791587,6.35,80.35,0.583246313,1,1,24.0,APMS1997,train
406,Sri Lanka,Unknown,PL,plantation_enrichment,1,1,0,0,0,0,,5.0,Shorea trapezifolia,Shorea,trapezifolia,Dipterocarpaceae,88.41300191,6.35,80.35,0.583246313,1,1,24.0,APMS1997,train
407,Sri Lanka,Unknown,PL,plantation_enrichment,1,1,0,0,0,0,,5.0,Shorea trapezifolia,Shorea,trapezifolia,Dipterocarpaceae,94.89483748,6.35,80.35,0.583246313,1,1,24.0,APMS1997,train
408,Sri Lanka,Unknown,PL,plantation_enrichment,1,1,0,0,0,0,,5.0,Shorea trapezifolia,Shorea,trapezifolia,Dipterocarpaceae,91.68260038,6.35,80.35,0.583246313,1,1,24.0,APMS1997,train
409,Sri Lanka,Unknown,PL,plantation_enrichment,1,1,0,0,0,0,,5.0,Dipterocarpus zeylanicus,Dipterocarpus,zeylanicus,Dipterocarpaceae,99.94263862,6.35,80.35,0.69,1,1,24.0,APMS1997,train
410,Sri Lanka,Unknown,PL,plantation_enrichment,1,1,0,0,0,0,,5.0,Shorea trapezifolia,Shorea,trapezifolia,Dipterocarpaceae,81.52963671,6.35,80.35,0.583246313,1,1,24.0,APMS1997,train
411,Sri Lanka,Unknown,PL,plantation_enrichment,1,1,0,0,0,0,,5.0,Dipterocarpus zeylanicus,Dipterocarpus,zeylanicus,Dipterocarpaceae,94.8374761,6.35,80.35,0.69,1,1,24.0,APMS1997,train
412,Sri Lanka,Unknown,PL,plantation_enrichment,1,1,0,0,0,0,,5.0,Dipterocarpus zeylanicus,Dipterocarpus,zeylanicus,Dipterocarpaceae,93.1166348,6.35,80.35,0.69,1,1,24.0,APMS1997,train
413,Sri Lanka,Unknown,PL,plantation_enrichment,1,1,0,0,0,0,,5.0,Mesua ferrea,Mesua,ferrea,Calophyllaceae,91.51051625,6.35,80.35,0.92,1,1,24.0,APMS1997,train
414,Sri Lanka,Unknown,PL,plantation_enrichment,1,1,0,0,0,0,,5.0,Mesua ferrea,Mesua,ferrea,Calophyllaceae,99.88527725,6.35,80.35,0.92,1,1,24.0,APMS1997,train
415,Sri Lanka,Unknown,PL,plantation_enrichment,1,1,0,0,0,0,,5.0,Mesua ferrea,Mesua,ferrea,Calophyllaceae,89.84703633,6.35,80.35,0.92,1,1,24.0,APMS1997,train
416,Sri Lanka,Unknown,PL,plantation_enrichment,1,1,0,0,0,0,,5.0,Mesua ferrea,Mesua,ferrea,Calophyllaceae,90.01912046,6.35,80.35,0.92,1,1,24.0,APMS1997,train
417,Sri Lanka,Unknown,PL,plantation_enrichment,1,1,0,0,0,0,,5.0,Shorea disticha,Shorea,disticha,Dipterocarpaceae,96.73040153,6.35,80.35,0.583246313,1,1,24.0,APMS1997,train
482,Indonesia,Jambi,DR,open_degraded,1,0,0,0,0,0,,8.0,Persea americana,Persea,americana,Lauraceae,74.0,-1.133333333,103.5666667,0.548666667,1,1,12.0,BUDI2018REGP_Agroforestry,train
483,Indonesia,Jambi,DR,open_degraded,1,0,0,0,0,0,,8.0,Mangifera indica,Mangifera,indica,Anacardiaceae,63.0,-1.133333333,103.5666667,0.5525,1,1,12.0,BUDI2018REGP_Agroforestry,train
484,Indonesia,Jambi,DR,open_degraded,1,0,0,0,0,0,,8.0,Dyera polyphylla,Dyera,polyphylla,Apocynaceae,60.0,-1.133333333,103.5666667,0.33,1,1,12.0,BUDI2018REGP_Agroforestry,train
485,Indonesia,Jambi,DR,open_degraded,1,0,0,0,0,0,,8.0,Archidendron jiringa,Archidendron,jiringa,Fabaceae,56.0,-1.133333333,103.5666667,0.317,1,1,12.0,BUDI2018REGP_Agroforestry,train
486,Indonesia,Jambi,DR,open_degraded,1,0,0,0,0,0,,8.0,Parkia speciosa,Parkia,speciosa,Fabaceae,53.0,-1.133333333,103.5666667,0.395,1,1,12.0,BUDI2018REGP_Agroforestry,train
487,Indonesia,Jambi,DR,open_degraded,1,0,0,0,0,0,,8.0,Artocarpus heterophyllus,Artocarpus,heterophyllus,Moraceae,28.0,-1.133333333,103.5666667,0.491666667,1,1,12.0,BUDI2018REGP_Agroforestry,train
488,Indonesia,Jambi,DR,open_degraded,1,0,0,0,1,0,,5.0,Dyera polyphylla,Dyera,polyphylla,Apocynaceae,48.21,-1.133333333,103.5666667,0.33,1,1,12.0,BUDI2018REGP_Paludiculture,train
489,Indonesia,Jambi,DR,open_degraded,1,0,0,0,1,0,,5.0,Dyera polyphylla,Dyera,polyphylla,Apocynaceae,93.21,-1.133333333,103.5666667,0.33,1,1,2.0,BUDI2018REGP_Paludiculture,train
490,Indonesia,Jambi,DR,open_degraded,1,0,0,0,1,0,,5.0,Dyera polyphylla,Dyera,polyphylla,Apocynaceae,51.83,-1.133333333,103.5666667,0.33,1,1,12.0,BUDI2018REGP_Paludiculture,train
491,Indonesia,Jambi,DR,open_degraded,1,0,0,0,1,0,,5.0,Dyera polyphylla,Dyera,polyphylla,Apocynaceae,93.33,-1.133333333,103.5666667,0.33,1,1,2.0,BUDI2018REGP_Paludiculture,train
492,Indonesia,Jambi,DR,open_degraded,1,0,0,0,1,0,,5.0,Parkia speciosa,Parkia,speciosa,Fabaceae,39.29,-1.133333333,103.5666667,0.395,1,1,12.0,BUDI2018REGP_Paludiculture,train
493,Indonesia,Jambi,DR,open_degraded,1,0,0,0,1,0,,5.0,Parkia speciosa,Parkia,speciosa,Fabaceae,93.75,-1.133333333,103.5666667,0.395,1,1,2.0,BUDI2018REGP_Paludiculture,train
494,Indonesia,Jambi,DR,open_degraded,1,0,0,0,1,0,,5.0,Archidendron jiringa,Archidendron,jiringa,Fabaceae,29.46,-1.133333333,103.5666667,0.317,1,1,12.0,BUDI2018REGP_Paludiculture,train
495,Indonesia,Jambi,DR,open_degraded,1,0,0,0,1,0,,5.0,Archidendron jiringa,Archidendron,jiringa,Fabaceae,89.29,-1.133333333,103.5666667,0.317,1,1,2.0,BUDI2018REGP_Paludiculture,train
496,Indonesia,Jambi,DR,open_degraded,1,0,0,0,1,0,,5.0,Artocarpus heterophyllus,Artocarpus,heterophyllus,Moraceae,51.79,-1.133333333,103.5666667,0.491666667,1,1,12.0,BUDI2018REGP_Paludiculture,train
497,Indonesia,Jambi,DR,open_degraded,1,0,0,0,1,0,,5.0,Artocarpus heterophyllus,Artocarpus,heterophyllus,Moraceae,91.07,-1.133333333,103.5666667,0.491666667,1,1,2.0,BUDI2018REGP_Paludiculture,train
498,Indonesia,Jambi,DR,open_degraded,1,0,0,0,1,0,,5.0,Nephelium maingayi,Nephelium,maingayi,Sapindaceae,56.25,-1.133333333,103.5666667,0.7782,1,1,12.0,BUDI2018REGP_Paludiculture,train
499,Indonesia,Jambi,DR,open_degraded,1,0,0,0,1,0,,5.0,Nephelium maingayi,Nephelium,maingayi,Sapindaceae,95.54,-1.133333333,103.5666667,0.7782,1,1,2.0,BUDI2018REGP_Paludiculture,train
506,Indonesia,Jambi,F,open_degraded,0,0,0,0,0,0,,36.0,Shorea leprosula,Shorea,leprosula,Dipterocarpaceae,43.1,-1.36,103.89,0.44,0,1,12.0,DARY2016PHR_HRG,train
507,Indonesia,Jambi,F,open_degraded,0,0,0,0,0,0,,36.0,Shorea balangeran,Shorea,balangeran,Dipterocarpaceae,33.3,-1.36,103.89,0.69,0,1,12.0,DARY2016PHR_HRG,train
508,Indonesia,Jambi,F,open_degraded,0,0,0,0,0,0,,36.0,Shorea johorensis,Shorea,johorensis,Dipterocarpaceae,14.3,-1.36,103.89,0.393333333,0,1,12.0,DARY2016PHR_HRG,train
509,Indonesia,Jambi,F,open_degraded,0,0,0,0,0,0,,36.0,Shorea virenscens,Shorea,virenscens,Dipterocarpaceae,0.0,-1.36,103.89,0.583246313,0,1,12.0,DARY2016PHR_HRG,train
510,Indonesia,Jambi,F,open_degraded,0,0,0,0,0,0,,36.0,Hopea odorata,Hopea,odorata,Dipterocarpaceae,33.3,-1.36,103.89,0.635,0,1,12.0,DARY2016PHR_HRG,train
511,Indonesia,Jambi,F,open_degraded,0,0,0,0,0,0,,36.0,Anisoptera marginata,Anisoptera,marginata,Dipterocarpaceae,42.5,-1.36,103.89,0.526666667,0,1,12.0,DARY2016PHR_HRG,train
512,Indonesia,Jambi,F,open_degraded,0,0,0,0,0,0,,36.0,Schleichera oleosa,Schleichera,oleosa,Sapindaceae,18.03,-1.36,103.89,0.89675,0,1,12.0,DARY2016PHR_HRG,train
513,Indonesia,Jambi,F,open_degraded,0,0,0,0,0,0,,36.0,Calophyllum inophyllum,Calophyllum,inophyllum,Calophyllaceae,52.6,-1.36,103.89,0.5846,0,1,12.0,DARY2016PHR_HRG,train
514,Indonesia,Jambi,F,open_degraded,0,0,0,0,0,0,,36.0,Gonystylus bancanus,Gonystylus,bancanus,Thymelaeaceae,27.0,-1.36,103.89,0.52,0,1,12.0,DARY2016PHR_HRG,train
515,Indonesia,Jambi,F,open_degraded,0,0,0,0,0,0,,36.0,Stemonurus scorpioides,Stemonurus,scorpiodes,Stemonuraceae,37.9,-1.36,103.89,0.51,0,1,12.0,DARY2016PHR_HRG,train
516,Indonesia,Jambi,F,open_degraded,0,0,0,0,0,0,,36.0,Diospyros malam,Diospyros,malam,Ebenaceae,52.0,-1.36,103.89,0.605,0,1,12.0,DARY2016PHR_HRG,train
517,Indonesia,Jambi,F,open_degraded,0,0,0,0,0,0,,36.0,Shorea selanica,Shorea,selanica,Dipterocarpaceae,39.7,-1.36,103.89,0.37,0,1,12.0,DARY2016PHR_HRG,train
518,Indonesia,Jambi,F,open_degraded,0,0,0,0,0,0,,36.0,Calophyllum soulattri,Calophyllum,soulattri,Clusiaceae,69.0,-1.36,103.89,0.669211656,0,1,12.0,DARY2016PHR_HRG,train
519,Indonesia,Jambi,F,open_degraded,0,0,0,0,0,0,,36.0,Lithocarpus bennettii,Lithocarpus,bennettii,Fagaceae,50.0,-1.36,103.89,0.71,0,1,12.0,DARY2016PHR_HRG,train
520,Indonesia,Jambi,F,open_degraded,0,0,0,0,0,0,,36.0,Homalium caryophyllaceum,Homalium,caryophyllaceum,Salicaceae,48.8,-1.36,103.89,0.75,0,1,12.0,DARY2016PHR_HRG,train
521,Indonesia,Jambi,F,open_degraded,0,0,0,0,0,0,,36.0,Dillenia excelsa,Dillenia,excelsa,Dilleniaceae,21.4,-1.36,103.89,0.68,0,1,12.0,DARY2016PHR_HRG,train
522,Indonesia,Jambi,F,open_degraded,0,0,0,0,0,0,,36.0,Shorea parvifolia,Shorea,parvifolia,Dipterocarpaceae,23.1,-1.36,103.89,0.405,0,1,12.0,DARY2016PHR_HRG,train
523,Indonesia,Jambi,F,open_degraded,0,0,0,0,0,0,,36.0,Shorea stenoptera,Shorea,stenoptera,Dipterocarpaceae,66.7,-1.36,103.89,0.33,0,1,12.0,DARY2016PHR_HRG,train
524,Indonesia,Jambi,F,open_degraded,0,0,0,0,0,0,,36.0,Shorea pinanga,Shorea,pinanga,Dipterocarpaceae,25.0,-1.36,103.89,0.363333333,0,1,12.0,DARY2016PHR_HRG,train
525,Indonesia,Jambi,F,open_degraded,0,0,0,0,0,0,,36.0,Shorea multiflora,Shorea,multiflora,Dipterocarpaceae,28.6,-1.36,103.89,0.51,0,1,12.0,DARY2016PHR_HRG,train
526,Indonesia,Jambi,F,open_degraded,0,0,0,0,0,0,,36.0,Shorea macrophylla,Shorea,macrophylla,Dipterocarpaceae,60.0,-1.36,103.89,0.32,0,1,12.0,DARY2016PHR_HRG,train
527,Indonesia,Jambi,F,open_degraded,0,0,0,0,0,0,,36.0,Shorea seminis,Shorea,seminis,Dipterocarpaceae,46.7,-1.36,103.89,0.72,0,1,12.0,DARY2016PHR_HRG,train
528,Indonesia,Jambi,F,open_degraded,0,0,0,0,0,0,,36.0,Shorea smithiana,Shorea,smithiana,Dipterocarpaceae,36.1,-1.36,103.89,0.355,0,1,12.0,DARY2016PHR_HRG,train
529,Indonesia,Jambi,F,open_degraded,0,0,0,0,0,0,,36.0,Shorea javanica,Shorea,javanica,Dipterocarpaceae,47.1,-1.36,103.89,0.51,0,1,12.0,DARY2016PHR_HRG,train
530,Indonesia,Jambi,F,open_degraded,0,0,0,0,0,0,,36.0,Shorea fallax,Shorea,fallax,Dipterocarpaceae,50.0,-1.36,103.89,0.5,0,1,12.0,DARY2016PHR_HRG,train
531,Indonesia,Jambi,F,open_degraded,0,0,0,0,0,0,,36.0,Shorea ovalis,Shorea,ovalis,Dipterocarpaceae,19.3,-1.36,103.89,0.43,0,1,12.0,DARY2016PHR_HRG,train
532,Indonesia,Jambi,F,open_degraded,0,0,0,0,0,0,,36.0,Shorea guiso,Shorea,guiso,Dipterocarpaceae,47.4,-1.36,103.89,0.705,0,1,12.0,DARY2016PHR_HRG,train
533,Indonesia,Jambi,F,open_degraded,0,0,0,0,0,0,,36.0,Shorea uliginosa,Shorea,uliginosa,Dipterocarpaceae,50.0,-1.36,103.89,0.51,0,1,12.0,DARY2016PHR_HRG,train
534,Indonesia,Jambi,F,open_degraded,0,0,0,0,0,0,,10.0,Xylopia fusca,Xylopia,fusca,Annonaceae,43.8,-1.66,102.84,0.34,0,1,12.0,DARY2016PHR_PTWKS,train
535,Indonesia,Jambi,F,open_degraded,0,0,0,0,0,0,,10.0,Xylopia fusca,Xylopia,fusca,Annonaceae,33.3,-1.66,102.84,0.34,0,1,24.0,DARY2016PHR_PTWKS,train
536,Indonesia,Jambi,F,open_degraded,0,0,0,0,0,0,,10.0,Calophyllum inophyllum,Calophyllum,inophyllum,Calophyllaceae,33.3,-1.66,102.84,0.5846,0,1,12.0,DARY2016PHR_PTWKS,train
537,Indonesia,Jambi,F,open_degraded,0,0,0,0,0,0,,10.0,Calophyllum inophyllum,Calophyllum,inophyllum,Calophyllaceae,22.2,-1.66,102.84,0.5846,0,1,24.0,DARY2016PHR_PTWKS,train
538,Indonesia,Jambi,F,open_degraded,0,0,0,0,0,0,,10.0,Stemonurus scorpioides,Stemonurus,scorpiodes,Stemonuraceae,12.3,-1.66,102.84,0.51,0,1,12.0,DARY2016PHR_PTWKS,train
539,Indonesia,Jambi,F,open_degraded,0,0,0,0,0,0,,10.0,Stemonurus scorpioides,Stemonurus,scorpiodes,Stemonuraceae,16.7,-1.66,102.84,0.51,0,1,24.0,DARY2016PHR_PTWKS,train
540,Indonesia,Jambi,F,open_degraded,0,0,0,0,0,0,,10.0,Homalium caryophyllaceum,Homalium,caryophyllaceum,Salicaceae,33.3,-1.66,102.84,0.75,0,1,12.0,DARY2016PHR_PTWKS,train
541,Indonesia,Jambi,F,open_degraded,0,0,0,0,0,0,,10.0,Homalium caryophyllaceum,Homalium,caryophyllaceum,Salicaceae,13.9,-1.66,102.84,0.75,0,1,24.0,DARY2016PHR_PTWKS,train
542,Indonesia,Jambi,F,open_degraded,0,0,0,0,0,0,,10.0,Shorea balangeran,Shorea,balangeran,Dipterocarpaceae,35.6,-1.66,102.84,0.69,0,1,12.0,DARY2016PHR_PTWKS,train
543,Indonesia,Jambi,F,open_degraded,0,0,0,0,0,0,,10.0,Shorea balangeran,Shorea,balangeran,Dipterocarpaceae,27.8,-1.66,102.84,0.69,0,1,24.0,DARY2016PHR_PTWKS,train
544,Indonesia,Jambi,F,open_degraded,0,0,0,0,0,0,,10.0,Shorea selanica,Shorea,selanica,Dipterocarpaceae,22.2,-1.66,102.84,0.37,0,1,12.0,DARY2016PHR_PTWKS,train
545,Indonesia,Jambi,F,open_degraded,0,0,0,0,0,0,,10.0,Shorea selanica,Shorea,selanica,Dipterocarpaceae,11.1,-1.66,102.84,0.37,0,1,24.0,DARY2016PHR_PTWKS,train
546,Indonesia,Jambi,F,open_degraded,0,0,0,0,0,0,,10.0,Shorea leprosula,Shorea,leprosula,Dipterocarpaceae,13.9,-1.66,102.84,0.44,0,1,12.0,DARY2016PHR_PTWKS,train
547,Indonesia,Jambi,F,open_degraded,0,0,0,0,0,0,,10.0,Shorea leprosula,Shorea,leprosula,Dipterocarpaceae,0.0,-1.66,102.84,0.44,0,1,24.0,DARY2016PHR_PTWKS,train
548,Vietnam,Thua Thien Hue,PL,plantation_enrichment,1,1,0,0,0,0,,1.0,Hopea odorata,Hopea,odorata,Dipterocarpaceae,91.35802469,16.05,107.1166667,0.635,1,1,23.0,DT2014,train
549,Vietnam,Thua Thien Hue,PL,plantation_enrichment,1,1,0,0,0,0,,1.0,Hopea odorata,Hopea,odorata,Dipterocarpaceae,95.23809524,16.05,107.1166667,0.635,1,1,23.0,DT2014,train
550,Vietnam,Thua Thien Hue,PL,plantation_enrichment,1,1,0,0,0,0,,1.0,Hopea odorata,Hopea,odorata,Dipterocarpaceae,94.87179487,16.05,107.1166667,0.635,1,1,23.0,DT2014,train
551,Vietnam,Thua Thien Hue,PL,plantation_enrichment,1,1,0,0,0,0,,1.0,Hopea odorata,Hopea,odorata,Dipterocarpaceae,100.0,16.05,107.1166667,0.635,1,1,23.0,DT2014,train
596,Thailand,Chiang Mai,F,open_degraded,1,0,0,0,1,0,,24.0,Erythrina subumbrans,Erythrina,subumbrans,Fabaceae,80.0,18.86666667,94.85,0.23,1,1,8.0,ES2019,train
597,Thailand,Chiang Mai,F,open_degraded,1,0,0,0,1,0,,24.0,Melia azedarach,Melia,azedarach,Meliaceae,100.0,18.86666667,94.85,0.437777778,1,1,8.0,ES2019,train
598,Thailand,Chiang Mai,F,open_degraded,1,0,0,0,1,0,,24.0,Prunus campanulata,Prunus,campanulata,Rosaceae,61.5,18.86666667,94.85,0.585666667,1,1,8.0,ES2019,train
599,Thailand,Chiang Mai,F,open_degraded,1,0,0,0,1,0,,24.0,Sapindus rarak,Sapindus,rarak,Sapindaceae,95.0,18.86666667,94.85,0.51,1,1,8.0,ES2019,train
600,Thailand,Chiang Mai,F,open_degraded,1,0,0,0,1,0,,24.0,Erythrina subumbrans,Erythrina,subumbrans,Fabaceae,100.0,18.86666667,94.85,0.23,1,1,8.0,ES2019,train
601,Thailand,Chiang Mai,F,open_degraded,1,0,0,0,1,0,,24.0,Gmelina arborea,Gmelina,arborea,Lamiaceae,91.7,18.86666667,94.85,0.42975,1,1,8.0,ES2019,train
602,Thailand,Chiang Mai,F,open_degraded,1,0,0,0,1,0,,24.0,Hovenia dulcis,Hovenia,dulcis,Rhamnaceae,80.0,18.86666667,94.85,0.543,1,1,8.0,ES2019,train
603,Thailand,Chiang Mai,F,open_degraded,1,0,0,0,1,0,,24.0,Melia azedarach,Melia,azedarach,Meliaceae,93.3,18.86666667,94.85,0.437777778,1,1,8.0,ES2019,train
604,Thailand,Chiang Mai,F,open_degraded,1,0,0,0,1,0,,24.0,Prunus campanulata,Prunus,campanulata,Rosaceae,80.0,18.86666667,94.85,0.585666667,1,1,8.0,ES2019,train
605,Thailand,Chiang Mai,F,open_degraded,1,0,0,0,1,0,,24.0,Sapindus rarak,Sapindus,rarak,Sapindaceae,95.2,18.86666667,94.85,0.51,1,1,8.0,ES2019,train
606,Thailand,Chiang Mai,F,open_degraded,1,0,0,0,1,0,,24.0,Erythrina subumbrans,Erythrina,subumbrans,Fabaceae,92.9,18.86666667,94.85,0.23,1,1,8.0,ES2019,train
607,Thailand,Chiang Mai,F,open_degraded,1,0,0,0,1,0,,24.0,Gmelina arborea,Gmelina,arborea,Lamiaceae,58.3,18.86666667,94.85,0.42975,1,1,8.0,ES2019,train
608,Thailand,Chiang Mai,F,open_degraded,1,0,0,0,1,0,,24.0,Gmelina arborea,Gmelina,arborea,Lamiaceae,72.7,18.86666667,94.85,0.42975,1,1,8.0,ES2019,train
609,Thailand,Chiang Mai,F,open_degraded,1,0,0,0,1,0,,24.0,Hovenia dulcis,Hovenia,dulcis,Rhamnaceae,76.9,18.86666667,94.85,0.543,1,1,8.0,ES2019,train
610,Thailand,Chiang Mai,F,open_degraded,1,0,0,0,1,0,,24.0,Melia azedarach,Melia,azedarach,Meliaceae,85.7,18.86666667,94.85,0.437777778,1,1,8.0,ES2019,train
611,Thailand,Chiang Mai,F,open_degraded,1,0,0,0,1,0,,24.0,Prunus campanulata,Prunus,campanulata,Rosaceae,62.5,18.86666667,94.85,0.585666667,1,1,8.0,ES2019,train
612,Thailand,Chiang Mai,F,open_degraded,1,0,0,0,1,0,,24.0,Sapindus rarak,Sapindus,rarak,Sapindaceae,70.0,18.86666667,94.85,0.51,1,1,8.0,ES2019,train
613,Thailand,Chiang Mai,F,open_degraded,1,0,0,0,1,0,,24.0,Hovenia dulcis,Hovenia,dulcis,Rhamnaceae,87.5,18.86666667,94.85,0.543,1,1,8.0,ES2019,train
614,Thailand,Chiang Mai,F,open_degraded,1,0,0,0,1,0,,24.0,Melia azedarach,Melia,azedarach,Meliaceae,84.6,18.86666667,94.85,0.437777778,1,1,8.0,ES2019,train
615,Thailand,Chiang Mai,F,open_degraded,1,0,0,0,1,0,,24.0,Prunus campanulata,Prunus,campanulata,Rosaceae,85.7,18.86666667,94.85,0.585666667,1,1,8.0,ES2019,train
616,Thailand,Chiang Mai,F,open_degraded,1,0,0,0,1,0,,24.0,Sapindus rarak,Sapindus,rarak,Sapindaceae,84.2,18.86666667,94.85,0.51,1,1,8.0,ES2019,train
617,Thailand,Chiang Mai,F,open_degraded,1,0,0,0,1,0,,24.0,Gmelina arborea,Gmelina,arborea,Lamiaceae,66.7,18.86666667,94.85,0.42975,1,1,8.0,ES2019,train
618,Thailand,Chiang Mai,F,open_degraded,1,0,0,0,1,0,,24.0,Hovenia dulcis,Hovenia,dulcis,Rhamnaceae,60.0,18.86666667,94.85,0.543,1,1,8.0,ES2019,train
619,Sri Lanka,Unknown,PL,open_degraded,1,0,0,0,0,1,,4.0,Dimocarpus longan,Dimocarpus,longan,Sapindaceae,18.23413307,7.375,80.84027778,0.7,1,1,28.0,GAMTA2011,train
620,Sri Lanka,Unknown,PL,open_degraded,1,0,0,0,0,1,,4.0,Syzygium spathulatum,Syzygium,spathulatum,Myrtaceae,3.515824231,7.375,80.84027778,0.664366667,1,1,28.0,GAMTA2011,train
621,Sri Lanka,Unknown,PL,open_degraded,1,0,0,0,0,1,,4.0,Macaranga indica,Macaranga,indica,Euphorbiaceae,2.401744518,7.375,80.84027778,0.382929167,1,1,28.0,GAMTA2011,train
622,Sri Lanka,Unknown,PL,open_degraded,1,0,0,0,0,1,,4.0,Symplocos cochinchinensis,Symplocos,cochinchinensis,Symplocaceae,32.35967063,7.375,80.84027778,0.515,1,1,28.0,GAMTA2011,train
623,Sri Lanka,Unknown,PL,open_degraded,0,0,0,0,0,1,,4.0,Dimocarpus longan,Dimocarpus,longan,Sapindaceae,32.34418826,7.375,80.84027778,0.7,1,1,28.0,GAMTA2011,train
624,Sri Lanka,Unknown,PL,open_degraded,0,0,0,0,0,1,,4.0,Syzygium spathulatum,Syzygium,spathulatum,Myrtaceae,4.708413064,7.375,80.84027778,0.664366667,1,1,28.0,GAMTA2011,train
625,Sri Lanka,Unknown,PL,open_degraded,0,0,0,0,0,1,,4.0,Macaranga indica,Macaranga,indica,Euphorbiaceae,22.80508871,7.375,80.84027778,0.382929167,1,1,28.0,GAMTA2011,train
626,Sri Lanka,Unknown,PL,open_degraded,0,0,0,0,0,1,,4.0,Symplocos cochinchinensis,Symplocos,cochinchinensis,Symplocaceae,53.1858578,7.375,80.84027778,0.515,1,1,28.0,GAMTA2011,train
725,Indonesia,Central Kalimantan,F,open_degraded,0,0,0,0,0,0,22500.0,3.0,Shorea balangeran,Shorea,balangeran,Dipterocarpaceae,78.75,-2.184444444,113.5408333,0.69,0,0,12.0,GLL2013RFWA_DegF,train
726,Indonesia,Central Kalimantan,F,open_degraded,0,0,0,0,0,0,22500.0,3.0,Shorea balangeran,Shorea,balangeran,Dipterocarpaceae,98.75,-2.184444444,113.5408333,0.69,0,0,5.0,GLL2013RFWA_DegF,train
727,Indonesia,Central Kalimantan,F,open_degraded,0,0,0,0,0,0,22500.0,3.0,Dyera polyphylla,Dyera,polyphylla,Apocynaceae,45.83333333,-2.184444444,113.5408333,0.33,0,0,7.0,GLL2013RFWA_DegF,train
728,Indonesia,Central Kalimantan,F,open_degraded,0,0,0,0,0,0,22500.0,3.0,Dyera polyphylla,Dyera,polyphylla,Apocynaceae,73.68421053,-2.184444444,113.5408333,0.33,0,0,4.0,GLL2013RFWA_DegF,train
729,Indonesia,Central Kalimantan,F,open_degraded,1,0,0,0,0,0,22500.0,3.0,Dyera polyphylla,Dyera,polyphylla,Apocynaceae,41.66666667,-2.184444444,113.5408333,0.33,1,0,7.0,GLL2013RFWA_DegF,train
730,Indonesia,Central Kalimantan,F,open_degraded,1,0,0,0,0,0,22500.0,3.0,Dyera polyphylla,Dyera,polyphylla,Apocynaceae,88.23529412,-2.184444444,113.5408333,0.33,1,0,4.0,GLL2013RFWA_DegF,train
731,Indonesia,Central Kalimantan,F,open_degraded,0,0,0,0,1,0,22500.0,3.0,Dyera polyphylla,Dyera,polyphylla,Apocynaceae,30.43478261,-2.184444444,113.5408333,0.33,1,0,7.0,GLL2013RFWA_DegF,train
732,Indonesia,Central Kalimantan,F,open_degraded,0,0,0,0,1,0,22500.0,3.0,Dyera polyphylla,Dyera,polyphylla,Apocynaceae,93.33333333,-2.184444444,113.5408333,0.33,1,0,4.0,GLL2013RFWA_DegF,train
733,Indonesia,Central Kalimantan,F,open_degraded,0,0,0,0,0,0,22500.0,3.0,Dyera polyphylla,Dyera,polyphylla,Apocynaceae,41.66666667,-2.184444444,113.5408333,0.33,0,0,7.0,GLL2013RFWA_DegF,train
734,Indonesia,Central Kalimantan,F,open_degraded,0,0,0,0,0,0,22500.0,3.0,Dyera polyphylla,Dyera,polyphylla,Apocynaceae,88.23529412,-2.184444444,113.5408333,0.33,0,0,4.0,GLL2013RFWA_DegF,train
735,Indonesia,Central Kalimantan,F,open_degraded,0,0,0,0,1,0,22500.0,3.0,Shorea balangeran,Shorea,balangeran,Dipterocarpaceae,92.5,-2.184444444,113.5408333,0.69,1,0,12.0,GLL2013RFWA_DegF,train
736,Indonesia,Central Kalimantan,F,open_degraded,0,0,0,0,1,0,22500.0,3.0,Shorea balangeran,Shorea,balangeran,Dipterocarpaceae,100.0,-2.184444444,113.5408333,0.69,1,0,5.0,GLL2013RFWA_DegF,train
737,Indonesia,Central Kalimantan,F,open_degraded,0,0,0,0,0,0,22500.0,3.0,Shorea balangeran,Shorea,balangeran,Dipterocarpaceae,54.16666667,-2.184444444,113.5408333,0.69,0,0,7.0,GLL2013RFWA_DegF,train
738,Indonesia,Central Kalimantan,F,open_degraded,0,0,0,0,0,0,22500.0,3.0,Shorea balangeran,Shorea,balangeran,Dipterocarpaceae,100.0,-2.184444444,113.5408333,0.69,0,0,4.0,GLL2013RFWA_DegF,train
739,Indonesia,Central Kalimantan,F,open_degraded,1,0,0,0,0,0,22500.0,3.0,Shorea balangeran,Shorea,balangeran,Dipterocarpaceae,69.56521739,-2.184444444,113.5408333,0.69,1,0,7.0,GLL2013RFWA_DegF,train
740,Indonesia,Central Kalimantan,F,open_degraded,1,0,0,0,0,0,22500.0,3.0,Shorea balangeran,Shorea,balangeran,Dipterocarpaceae,87.5,-2.184444444,113.5408333,0.69,1,0,4.0,GLL2013RFWA_DegF,train
741,Indonesia,Central Kalimantan,F,open_degraded,0,0,0,0,1,0,22500.0,3.0,Shorea balangeran,Shorea,balangeran,Dipterocarpaceae,62.5,-2.184444444,113.5408333,0.69,1,0,7.0,GLL2013RFWA_DegF,train
742,Indonesia,Central Kalimantan,F,open_degraded,0,0,0,0,1,0,22500.0,3.0,Shorea balangeran,Shorea,balangeran,Dipterocarpaceae,93.33333333,-2.184444444,113.5408333,0.69,1,0,4.0,GLL2013RFWA_DegF,train
743,Indonesia,Central Kalimantan,F,open_degraded,0,0,0,0,0,0,22500.0,3.0,Shorea balangeran,Shorea,balangeran,Dipterocarpaceae,70.83333333,-2.184444444,113.5408333,0.69,0,0,7.0,GLL2013RFWA_DegF,train
744,Indonesia,Central Kalimantan,F,open_degraded,0,0,0,0,0,0,22500.0,3.0,Shorea balangeran,Shorea,balangeran,Dipterocarpaceae,82.35294118,-2.184444444,113.5408333,0.69,0,0,4.0,GLL2013RFWA_DegF,train
745,Indonesia,Central Kalimantan,F,open_degraded,0,0,0,0,0,0,22500.0,3.0,Combretocarpus rotundatus,Combretocarpus,rotundatus,Anisophylleaceae,61.9047619,-2.184444444,113.5408333,0.61,0,0,7.0,GLL2013RFWA_DegF,train
746,Indonesia,Central Kalimantan,F,open_degraded,0,0,0,0,0,0,22500.0,3.0,Combretocarpus rotundatus,Combretocarpus,rotundatus,Anisophylleaceae,94.44444444,-2.184444444,113.5408333,0.61,0,0,4.0,GLL2013RFWA_DegF,train
747,Indonesia,Central Kalimantan,F,open_degraded,1,0,0,0,0,0,22500.0,3.0,Combretocarpus rotundatus,Combretocarpus,rotundatus,Anisophylleaceae,85.71428571,-2.184444444,113.5408333,0.61,1,0,7.0,GLL2013RFWA_DegF,train
748,Indonesia,Central Kalimantan,F,open_degraded,1,0,0,0,0,0,22500.0,3.0,Combretocarpus rotundatus,Combretocarpus,rotundatus,Anisophylleaceae,100.0,-2.184444444,113.5408333,0.61,1,0,4.0,GLL2013RFWA_DegF,train
749,Indonesia,Central Kalimantan,F,open_degraded,0,0,0,0,1,0,22500.0,3.0,Combretocarpus rotundatus,Combretocarpus,rotundatus,Anisophylleaceae,76.19047619,-2.184444444,113.5408333,0.61,1,0,7.0,GLL2013RFWA_DegF,train
750,Indonesia,Central Kalimantan,F,open_degraded,0,0,0,0,1,0,22500.0,3.0,Combretocarpus rotundatus,Combretocarpus,rotundatus,Anisophylleaceae,92.85714286,-2.184444444,113.5408333,0.61,1,0,4.0,GLL2013RFWA_DegF,train
751,Indonesia,Central Kalimantan,F,open_degraded,0,0,0,0,0,0,22500.0,3.0,Combretocarpus rotundatus,Combretocarpus,rotundatus,Anisophylleaceae,100.0,-2.184444444,113.5408333,0.61,0,0,7.0,GLL2013RFWA_DegF,train
752,Indonesia,Central Kalimantan,F,open_degraded,0,0,0,0,0,0,22500.0,3.0,Combretocarpus rotundatus,Combretocarpus,rotundatus,Anisophylleaceae,100.0,-2.184444444,113.5408333,0.61,0,0,5.0,GLL2013RFWA_DegF,train
753,Indonesia,Central Kalimantan,F,open_degraded,0,0,0,0,0,0,22500.0,3.0,Dyera polyphylla,Dyera,polyphylla,Apocynaceae,85.71428571,-2.184444444,113.5408333,0.33,0,0,11.0,GLL2013RFWA_DegF,train
754,Indonesia,Central Kalimantan,F,open_degraded,0,0,0,0,0,0,22500.0,3.0,Dyera polyphylla,Dyera,polyphylla,Apocynaceae,85.71428571,-2.184444444,113.5408333,0.33,0,0,5.0,GLL2013RFWA_DegF,train
755,Indonesia,Central Kalimantan,F,open_degraded,0,0,0,0,1,0,22500.0,3.0,Dyera polyphylla,Dyera,polyphylla,Apocynaceae,90.0,-2.184444444,113.5408333,0.33,1,0,11.0,GLL2013RFWA_DegF,train
756,Indonesia,Central Kalimantan,F,open_degraded,0,0,0,0,1,0,22500.0,3.0,Dyera polyphylla,Dyera,polyphylla,Apocynaceae,90.0,-2.184444444,113.5408333,0.33,1,0,5.0,GLL2013RFWA_DegF,train
757,Indonesia,Central Kalimantan,F,open_degraded,0,0,0,0,1,0,22500.0,3.0,Dyera polyphylla,Dyera,polyphylla,Apocynaceae,92.5,-2.184444444,113.5408333,0.33,1,0,11.0,GLL2013RFWA_DegF,train
758,Indonesia,Central Kalimantan,F,open_degraded,0,0,0,0,1,0,22500.0,3.0,Dyera polyphylla,Dyera,polyphylla,Apocynaceae,92.5,-2.184444444,113.5408333,0.33,1,0,5.0,GLL2013RFWA_DegF,train
759,Indonesia,Central Kalimantan,F,forest_enrichment,0,0,0,0,0,0,22500.0,3.0,Shorea balangeran,Shorea,balangeran,Dipterocarpaceae,93.75,-2.184444444,113.5408333,0.69,0,0,12.0,GLL2013RFWA_FE,train
760,Indonesia,Central Kalimantan,F,forest_enrichment,0,0,0,0,1,0,22500.0,3.0,Shorea balangeran,Shorea,balangeran,Dipterocarpaceae,100.0,-2.184444444,113.5408333,0.69,1,0,7.0,GLL2013RFWA_FE,train
761,Indonesia,Central Kalimantan,F,forest_enrichment,0,0,0,0,1,0,22500.0,3.0,Shorea balangeran,Shorea,balangeran,Dipterocarpaceae,100.0,-2.184444444,113.5408333,0.69,1,0,5.0,GLL2013RFWA_FE,train
762,Indonesia,Central Kalimantan,F,forest_enrichment,0,0,0,0,0,0,22500.0,3.0,Shorea balangeran,Shorea,balangeran,Dipterocarpaceae,95.83333333,-2.184444444,113.5408333,0.69,0,0,5.0,GLL2013RFWA_FE,train
763,Indonesia,Central Kalimantan,F,forest_enrichment,0,0,0,0,0,0,22500.0,3.0,Combretocarpus rotundatus,Combretocarpus,rotundatus,Anisophylleaceae,90.47619048,-2.184444444,113.5408333,0.61,0,0,7.0,GLL2013RFWA_FE,train
764,Indonesia,Central Kalimantan,F,forest_enrichment,0,0,0,0,0,0,22500.0,3.0,Combretocarpus rotundatus,Combretocarpus,rotundatus,Anisophylleaceae,95.23809524,-2.184444444,113.5408333,0.61,0,0,5.0,GLL2013RFWA_FE,train
765,Indonesia,Central Kalimantan,F,forest_enrichment,1,0,0,0,0,0,22500.0,3.0,Combretocarpus rotundatus,Combretocarpus,rotundatus,Anisophylleaceae,57.14285714,-2.184444444,113.5408333,0.61,1,0,7.0,GLL2013RFWA_FE,train
766,Indonesia,Central Kalimantan,F,forest_enrichment,1,0,0,0,0,0,22500.0,3.0,Combretocarpus rotundatus,Combretocarpus,rotundatus,Anisophylleaceae,61.9047619,-2.184444444,113.5408333,0.61,1,0,5.0,GLL2013RFWA_FE,train
767,Indonesia,Central Kalimantan,F,forest_enrichment,0,0,0,0,1,0,22500.0,3.0,Combretocarpus rotundatus,Combretocarpus,rotundatus,Anisophylleaceae,80.95238095,-2.184444444,113.5408333,0.61,1,0,7.0,GLL2013RFWA_FE,train
768,Indonesia,Central Kalimantan,F,forest_enrichment,0,0,0,0,1,0,22500.0,3.0,Combretocarpus rotundatus,Combretocarpus,rotundatus,Anisophylleaceae,85.71428571,-2.184444444,113.5408333,0.61,1,0,5.0,GLL2013RFWA_FE,train
769,Indonesia,Central Kalimantan,F,forest_enrichment,0,0,0,0,0,0,22500.0,3.0,Combretocarpus rotundatus,Combretocarpus,rotundatus,Anisophylleaceae,14.28571429,-2.184444444,113.5408333,0.61,0,0,7.0,GLL2013RFWA_FE,train
770,Indonesia,Central Kalimantan,F,forest_enrichment,0,0,0,0,0,0,22500.0,3.0,Combretocarpus rotundatus,Combretocarpus,rotundatus,Anisophylleaceae,23.80952381,-2.184444444,113.5408333,0.61,0,0,5.0,GLL2013RFWA_FE,train
771,Indonesia,Central Kalimantan,F,forest_enrichment,0,0,0,0,0,0,22500.0,3.0,Dyera polyphylla,Dyera,polyphylla,Apocynaceae,91.66666667,-2.184444444,113.5408333,0.33,0,0,5.0,GLL2013RFWA_FE,train
772,Indonesia,Central Kalimantan,F,forest_enrichment,0,0,0,0,0,0,22500.0,3.0,Shorea balangeran,Shorea,balangeran,Dipterocarpaceae,95.83333333,-2.184444444,113.5408333,0.69,0,0,7.0,GLL2013RFWA_FE,train
773,Indonesia,Central Kalimantan,F,forest_enrichment,0,0,0,0,1,0,22500.0,3.0,Shorea balangeran,Shorea,balangeran,Dipterocarpaceae,92.5,-2.184444444,113.5408333,0.69,1,0,12.0,GLL2013RFWA_FE,train
774,Indonesia,Central Kalimantan,F,forest_enrichment,0,0,0,0,0,0,22500.0,3.0,Dyera polyphylla,Dyera,polyphylla,Apocynaceae,92.0,-2.184444444,113.5408333,0.33,0,0,11.0,GLL2013RFWA_FE,train
775,Indonesia,Central Kalimantan,F,forest_enrichment,0,0,0,0,0,0,22500.0,3.0,Dyera polyphylla,Dyera,polyphylla,Apocynaceae,92.0,-2.184444444,113.5408333,0.33,0,0,5.0,GLL2013RFWA_FE,train
776,Indonesia,Central Kalimantan,F,forest_enrichment,0,0,0,0,1,0,22500.0,3.0,Dyera polyphylla,Dyera,polyphylla,Apocynaceae,100.0,-2.184444444,113.5408333,0.33,1,0,11.0,GLL2013RFWA_FE,train
777,Indonesia,Central Kalimantan,F,forest_enrichment,0,0,0,0,1,0,22500.0,3.0,Dyera polyphylla,Dyera,polyphylla,Apocynaceae,90.0,-2.184444444,113.5408333,0.33,1,0,11.0,GLL2013RFWA_FE,train
778,Indonesia,Central Kalimantan,F,forest_enrichment,1,0,0,0,0,0,22500.0,3.0,Dyera polyphylla,Dyera,polyphylla,Apocynaceae,87.5,-2.184444444,113.5408333,0.33,1,0,7.0,GLL2013RFWA_FE,train
779,Indonesia,Central Kalimantan,F,forest_enrichment,1,0,0,0,0,0,22500.0,3.0,Dyera polyphylla,Dyera,polyphylla,Apocynaceae,87.5,-2.184444444,113.5408333,0.33,1,0,5.0,GLL2013RFWA_FE,train
780,Indonesia,Central Kalimantan,F,forest_enrichment,0,0,0,0,1,0,22500.0,3.0,Dyera polyphylla,Dyera,polyphylla,Apocynaceae,95.83333333,-2.184444444,113.5408333,0.33,1,0,7.0,GLL2013RFWA_FE,train
781,Indonesia,Central Kalimantan,F,forest_enrichment,0,0,0,0,0,0,22500.0,3.0,Dyera polyphylla,Dyera,polyphylla,Apocynaceae,75.0,-2.184444444,113.5408333,0.33,0,0,7.0,GLL2013RFWA_FE,train
782,Indonesia,Central Kalimantan,F,forest_enrichment,0,0,0,0,0,0,22500.0,3.0,Dyera polyphylla,Dyera,polyphylla,Apocynaceae,79.16666667,-2.184444444,113.5408333,0.33,0,0,5.0,GLL2013RFWA_FE,train
783,Indonesia,Central Kalimantan,F,forest_enrichment,1,0,0,0,0,0,22500.0,3.0,Shorea balangeran,Shorea,balangeran,Dipterocarpaceae,100.0,-2.184444444,113.5408333,0.69,1,0,7.0,GLL2013RFWA_FE,train
784,Indonesia,Central Kalimantan,F,forest_enrichment,1,0,0,0,0,0,22500.0,3.0,Shorea balangeran,Shorea,balangeran,Dipterocarpaceae,100.0,-2.184444444,113.5408333,0.69,1,0,5.0,GLL2013RFWA_FE,train
785,Indonesia,Central Kalimantan,F,open_degraded,0,0,0,0,0,0,22500.0,3.0,Shorea balangeran,Shorea,balangeran,Dipterocarpaceae,81.25,-2.184444444,113.5408333,0.69,0,0,12.0,GLL2013RFWA_OCDisF,train
786,Indonesia,Central Kalimantan,F,open_degraded,0,0,0,0,1,0,22500.0,3.0,Shorea balangeran,Shorea,balangeran,Dipterocarpaceae,66.66666667,-2.184444444,113.5408333,0.69,1,0,7.0,GLL2013RFWA_OCDisF,train
787,Indonesia,Central Kalimantan,F,open_degraded,0,0,0,0,0,0,22500.0,3.0,Shorea balangeran,Shorea,balangeran,Dipterocarpaceae,83.33333333,-2.184444444,113.5408333,0.69,0,0,7.0,GLL2013RFWA_OCDisF,train
788,Indonesia,Central Kalimantan,F,open_degraded,0,0,0,0,0,0,22500.0,3.0,Shorea balangeran,Shorea,balangeran,Dipterocarpaceae,100.0,-2.184444444,113.5408333,0.69,0,0,5.0,GLL2013RFWA_OCDisF,train
789,Indonesia,Central Kalimantan,F,open_degraded,0,0,0,0,0,0,22500.0,3.0,Combretocarpus rotundatus,Combretocarpus,rotundatus,Anisophylleaceae,80.95238095,-2.184444444,113.5408333,0.61,0,0,7.0,GLL2013RFWA_OCDisF,train
790,Indonesia,Central Kalimantan,F,open_degraded,1,0,0,0,0,0,22500.0,3.0,Combretocarpus rotundatus,Combretocarpus,rotundatus,Anisophylleaceae,90.47619048,-2.184444444,113.5408333,0.61,1,0,7.0,GLL2013RFWA_OCDisF,train
791,Indonesia,Central Kalimantan,F,open_degraded,1,0,0,0,0,0,22500.0,3.0,Combretocarpus rotundatus,Combretocarpus,rotundatus,Anisophylleaceae,100.0,-2.184444444,113.5408333,0.61,1,0,5.0,GLL2013RFWA_OCDisF,train
792,Indonesia,Central Kalimantan,F,open_degraded,0,0,0,0,1,0,22500.0,3.0,Combretocarpus rotundatus,Combretocarpus,rotundatus,Anisophylleaceae,100.0,-2.184444444,113.5408333,0.61,1,0,7.0,GLL2013RFWA_OCDisF,train
793,Indonesia,Central Kalimantan,F,open_degraded,0,0,0,0,1,0,22500.0,3.0,Combretocarpus rotundatus,Combretocarpus,rotundatus,Anisophylleaceae,100.0,-2.184444444,113.5408333,0.61,1,0,5.0,GLL2013RFWA_OCDisF,train
794,Indonesia,Central Kalimantan,F,open_degraded,0,0,0,0,0,0,22500.0,3.0,Combretocarpus rotundatus,Combretocarpus,rotundatus,Anisophylleaceae,71.42857143,-2.184444444,113.5408333,0.61,0,0,7.0,GLL2013RFWA_OCDisF,train
795,Indonesia,Central Kalimantan,F,open_degraded,0,0,0,0,0,0,22500.0,3.0,Combretocarpus rotundatus,Combretocarpus,rotundatus,Anisophylleaceae,85.71428571,-2.184444444,113.5408333,0.61,0,0,5.0,GLL2013RFWA_OCDisF,train
796,Indonesia,Central Kalimantan,F,open_degraded,0,0,0,0,0,0,22500.0,3.0,Dyera polyphylla,Dyera,polyphylla,Apocynaceae,79.16666667,-2.184444444,113.5408333,0.33,0,0,7.0,GLL2013RFWA_OCDisF,train
797,Indonesia,Central Kalimantan,F,open_degraded,0,0,0,0,0,0,22500.0,3.0,Dyera polyphylla,Dyera,polyphylla,Apocynaceae,100.0,-2.184444444,113.5408333,0.33,0,0,5.0,GLL2013RFWA_OCDisF,train
798,Indonesia,Central Kalimantan,F,open_degraded,0,0,0,0,0,0,22500.0,3.0,Shorea balangeran,Shorea,balangeran,Dipterocarpaceae,95.83333333,-2.184444444,113.5408333,0.69,0,0,7.0,GLL2013RFWA_OCDisF,train
799,Indonesia,Central Kalimantan,F,open_degraded,0,0,0,0,1,0,22500.0,3.0,Shorea balangeran,Shorea,balangeran,Dipterocarpaceae,76.25,-2.184444444,113.5408333,0.69,1,0,12.0,GLL2013RFWA_OCDisF,train
800,Indonesia,Central Kalimantan,F,open_degraded,0,0,0,0,1,0,22500.0,3.0,Shorea balangeran,Shorea,balangeran,Dipterocarpaceae,97.5,-2.184444444,113.5408333,0.69,1,0,5.0,GLL2013RFWA_OCDisF,train
801,Indonesia,Central Kalimantan,F,open_degraded,0,0,0,0,0,0,22500.0,3.0,Dyera polyphylla,Dyera,polyphylla,Apocynaceae,95.91836735,-2.184444444,113.5408333,0.33,0,0,11.0,GLL2013RFWA_OCDisF,train
802,Indonesia,Central Kalimantan,F,open_degraded,0,0,0,0,0,0,22500.0,3.0,Dyera polyphylla,Dyera,polyphylla,Apocynaceae,95.91836735,-2.184444444,113.5408333,0.33,0,0,5.0,GLL2013RFWA_OCDisF,train
803,Indonesia,Central Kalimantan,F,open_degraded,0,0,0,0,1,0,22500.0,3.0,Dyera polyphylla,Dyera,polyphylla,Apocynaceae,88.0,-2.184444444,113.5408333,0.33,1,0,11.0,GLL2013RFWA_OCDisF,train
804,Indonesia,Central Kalimantan,F,open_degraded,0,0,0,0,1,0,22500.0,3.0,Dyera polyphylla,Dyera,polyphylla,Apocynaceae,95.0,-2.184444444,113.5408333,0.33,1,0,11.0,GLL2013RFWA_OCDisF,train
805,Indonesia,Central Kalimantan,F,open_degraded,0,0,0,0,1,0,22500.0,3.0,Dyera polyphylla,Dyera,polyphylla,Apocynaceae,95.0,-2.184444444,113.5408333,0.33,1,0,5.0,GLL2013RFWA_OCDisF,train
806,Indonesia,Central Kalimantan,F,open_degraded,1,0,0,0,0,0,22500.0,3.0,Dyera polyphylla,Dyera,polyphylla,Apocynaceae,70.83333333,-2.184444444,113.5408333,0.33,1,0,7.0,GLL2013RFWA_OCDisF,train
807,Indonesia,Central Kalimantan,F,open_degraded,1,0,0,0,0,0,22500.0,3.0,Dyera polyphylla,Dyera,polyphylla,Apocynaceae,100.0,-2.184444444,113.5408333,0.33,1,0,5.0,GLL2013RFWA_OCDisF,train
808,Indonesia,Central Kalimantan,F,open_degraded,0,0,0,0,1,0,22500.0,3.0,Dyera polyphylla,Dyera,polyphylla,Apocynaceae,83.33333333,-2.184444444,113.5408333,0.33,1,0,7.0,GLL2013RFWA_OCDisF,train
809,Indonesia,Central Kalimantan,F,open_degraded,0,0,0,0,1,0,22500.0,3.0,Dyera polyphylla,Dyera,polyphylla,Apocynaceae,100.0,-2.184444444,113.5408333,0.33,1,0,5.0,GLL2013RFWA_OCDisF,train
810,Indonesia,Central Kalimantan,F,open_degraded,0,0,0,0,0,0,22500.0,3.0,Dyera polyphylla,Dyera,polyphylla,Apocynaceae,87.5,-2.184444444,113.5408333,0.33,0,0,7.0,GLL2013RFWA_OCDisF,train
811,Indonesia,Central Kalimantan,F,open_degraded,0,0,0,0,0,0,22500.0,3.0,Dyera polyphylla,Dyera,polyphylla,Apocynaceae,75.0,-2.184444444,113.5408333,0.33,0,0,5.0,GLL2013RFWA_OCDisF,train
812,Indonesia,Central Kalimantan,F,open_degraded,1,0,0,0,0,0,22500.0,3.0,Shorea balangeran,Shorea,balangeran,Dipterocarpaceae,95.83333333,-2.184444444,113.5408333,0.69,1,0,7.0,GLL2013RFWA_OCDisF,train
813,Indonesia,Central Kalimantan,F,open_degraded,1,0,0,0,0,0,22500.0,3.0,Shorea balangeran,Shorea,balangeran,Dipterocarpaceae,100.0,-2.184444444,113.5408333,0.69,1,0,5.0,GLL2013RFWA_OCDisF,train
814,Malaysia,Sabah,LG,forest_enrichment,1,0,0,0,0,0,,34.0,Baccaurea angulata,Baccaurea,angulata,Phyllanthaceae,100.0,4.6,117.2,0.625769231,1,1,14.0,GM2016,train
815,Malaysia,Sabah,LG,forest_enrichment,1,0,0,0,0,0,,34.0,Baccaurea angulata,Baccaurea,angulata,Phyllanthaceae,70.0,4.6,117.2,0.625769231,1,1,135.0,GM2016,train
816,Malaysia,Sabah,LG,forest_enrichment,1,0,0,0,0,0,,34.0,Baccaurea angulata,Baccaurea,angulata,Phyllanthaceae,90.0,4.6,117.2,0.625769231,1,1,25.0,GM2016,train
817,Malaysia,Sabah,LG,forest_enrichment,1,0,0,0,0,0,,34.0,Baccaurea angulata,Baccaurea,angulata,Phyllanthaceae,85.0,4.6,117.2,0.625769231,1,1,41.0,GM2016,train
818,Malaysia,Sabah,LG,forest_enrichment,1,0,0,0,0,0,,34.0,Baccaurea angulata,Baccaurea,angulata,Phyllanthaceae,80.0,4.6,117.2,0.625769231,1,1,53.0,GM2016,train
819,Malaysia,Sabah,LG,forest_enrichment,1,0,0,0,0,0,,34.0,Baccaurea angulata,Baccaurea,angulata,Phyllanthaceae,80.0,4.6,117.2,0.625769231,1,1,108.0,GM2016,train
820,Malaysia,Sabah,LG,forest_enrichment,1,0,0,0,0,0,,34.0,Hopea ferruginea,Hopea,ferruginea,Dipterocarpaceae,85.0,4.6,117.2,0.58,1,1,14.0,GM2016,train
821,Malaysia,Sabah,LG,forest_enrichment,1,0,0,0,0,0,,34.0,Hopea ferruginea,Hopea,ferruginea,Dipterocarpaceae,45.0,4.6,117.2,0.58,1,1,135.0,GM2016,train
822,Malaysia,Sabah,LG,forest_enrichment,1,0,0,0,0,0,,34.0,Hopea ferruginea,Hopea,ferruginea,Dipterocarpaceae,60.0,4.6,117.2,0.58,1,1,25.0,GM2016,train
823,Malaysia,Sabah,LG,forest_enrichment,1,0,0,0,0,0,,34.0,Hopea ferruginea,Hopea,ferruginea,Dipterocarpaceae,65.0,4.6,117.2,0.58,1,1,41.0,GM2016,train
824,Malaysia,Sabah,LG,forest_enrichment,1,0,0,0,0,0,,34.0,Hopea ferruginea,Hopea,ferruginea,Dipterocarpaceae,45.0,4.6,117.2,0.58,1,1,53.0,GM2016,train
825,Malaysia,Sabah,LG,forest_enrichment,1,0,0,0,0,0,,34.0,Hopea ferruginea,Hopea,ferruginea,Dipterocarpaceae,50.0,4.6,117.2,0.58,1,1,108.0,GM2016,train
826,Malaysia,Sabah,LG,forest_enrichment,1,0,0,0,0,0,,34.0,Intsia palembanica,Intsia,palembanica,Fabaceae,66.66666667,4.6,117.2,0.658666667,1,1,14.0,GM2016,train
827,Malaysia,Sabah,LG,forest_enrichment,1,0,0,0,0,0,,34.0,Intsia palembanica,Intsia,palembanica,Fabaceae,11.11111111,4.6,117.2,0.658666667,1,1,135.0,GM2016,train
828,Malaysia,Sabah,LG,forest_enrichment,1,0,0,0,0,0,,34.0,Intsia palembanica,Intsia,palembanica,Fabaceae,38.88888889,4.6,117.2,0.658666667,1,1,25.0,GM2016,train
829,Malaysia,Sabah,LG,forest_enrichment,1,0,0,0,0,0,,34.0,Intsia palembanica,Intsia,palembanica,Fabaceae,27.77777778,4.6,117.2,0.658666667,1,1,41.0,GM2016,train
830,Malaysia,Sabah,LG,forest_enrichment,1,0,0,0,0,0,,34.0,Intsia palembanica,Intsia,palembanica,Fabaceae,22.22222222,4.6,117.2,0.658666667,1,1,53.0,GM2016,train
831,Malaysia,Sabah,LG,forest_enrichment,1,0,0,0,0,0,,34.0,Intsia palembanica,Intsia,palembanica,Fabaceae,11.11111111,4.6,117.2,0.658666667,1,1,108.0,GM2016,train
832,Malaysia,Sabah,LG,forest_enrichment,1,0,0,0,0,0,,34.0,Koompassia excelsa,Koompassia,excelsa,Fabaceae,90.90909091,4.6,117.2,0.685,1,1,14.0,GM2016,train
833,Malaysia,Sabah,LG,forest_enrichment,1,0,0,0,0,0,,34.0,Koompassia excelsa,Koompassia,excelsa,Fabaceae,72.72727273,4.6,117.2,0.685,1,1,135.0,GM2016,train
834,Malaysia,Sabah,LG,forest_enrichment,1,0,0,0,0,0,,34.0,Koompassia excelsa,Koompassia,excelsa,Fabaceae,90.90909091,4.6,117.2,0.685,1,1,25.0,GM2016,train
835,Malaysia,Sabah,LG,forest_enrichment,1,0,0,0,0,0,,34.0,Koompassia excelsa,Koompassia,excelsa,Fabaceae,95.45454545,4.6,117.2,0.685,1,1,41.0,GM2016,train
836,Malaysia,Sabah,LG,forest_enrichment,1,0,0,0,0,0,,34.0,Koompassia excelsa,Koompassia,excelsa,Fabaceae,81.81818182,4.6,117.2,0.685,1,1,53.0,GM2016,train
837,Malaysia,Sabah,LG,forest_enrichment,1,0,0,0,0,0,,34.0,Koompassia excelsa,Koompassia,excelsa,Fabaceae,72.72727273,4.6,117.2,0.685,1,1,108.0,GM2016,train
838,Malaysia,Sabah,LG,forest_enrichment,1,0,0,0,0,0,,34.0,Mangifera pajang,Mangifera,pajang,Anacardiaceae,100.0,4.6,117.2,0.49,1,1,14.0,GM2016,train
839,Malaysia,Sabah,LG,forest_enrichment,1,0,0,0,0,0,,34.0,Mangifera pajang,Mangifera,pajang,Anacardiaceae,75.0,4.6,117.2,0.49,1,1,135.0,GM2016,train
840,Malaysia,Sabah,LG,forest_enrichment,1,0,0,0,0,0,,34.0,Mangifera pajang,Mangifera,pajang,Anacardiaceae,95.0,4.6,117.2,0.49,1,1,25.0,GM2016,train
841,Malaysia,Sabah,LG,forest_enrichment,1,0,0,0,0,0,,34.0,Mangifera pajang,Mangifera,pajang,Anacardiaceae,75.0,4.6,117.2,0.49,1,1,41.0,GM2016,train
842,Malaysia,Sabah,LG,forest_enrichment,1,0,0,0,0,0,,34.0,Mangifera pajang,Mangifera,pajang,Anacardiaceae,80.0,4.6,117.2,0.49,1,1,53.0,GM2016,train
843,Malaysia,Sabah,LG,forest_enrichment,1,0,0,0,0,0,,34.0,Mangifera pajang,Mangifera,pajang,Anacardiaceae,75.0,4.6,117.2,0.49,1,1,108.0,GM2016,train
844,Malaysia,Sabah,LG,forest_enrichment,1,0,0,0,0,0,,34.0,Mangifera sp,Mangifera,sp,Anacardiaceae,100.0,4.6,117.2,0.500529412,1,1,14.0,GM2016,train
845,Malaysia,Sabah,LG,forest_enrichment,1,0,0,0,0,0,,34.0,Mangifera sp,Mangifera,sp,Anacardiaceae,65.0,4.6,117.2,0.500529412,1,1,135.0,GM2016,train
846,Malaysia,Sabah,LG,forest_enrichment,1,0,0,0,0,0,,34.0,Mangifera sp,Mangifera,sp,Anacardiaceae,95.0,4.6,117.2,0.500529412,1,1,25.0,GM2016,train
847,Malaysia,Sabah,LG,forest_enrichment,1,0,0,0,0,0,,34.0,Mangifera sp,Mangifera,sp,Anacardiaceae,90.0,4.6,117.2,0.500529412,1,1,41.0,GM2016,train
848,Malaysia,Sabah,LG,forest_enrichment,1,0,0,0,0,0,,34.0,Mangifera sp,Mangifera,sp,Anacardiaceae,85.0,4.6,117.2,0.500529412,1,1,53.0,GM2016,train
849,Malaysia,Sabah,LG,forest_enrichment,1,0,0,0,0,0,,34.0,Mangifera sp,Mangifera,sp,Anacardiaceae,70.0,4.6,117.2,0.500529412,1,1,108.0,GM2016,train
850,Malaysia,Sabah,LG,forest_enrichment,1,0,0,0,0,0,,34.0,Parashorea malaanonan,Parashorea,malaanonan,Dipterocarpaceae,95.0,4.6,117.2,0.415,1,1,14.0,GM2016,train
851,Malaysia,Sabah,LG,forest_enrichment,1,0,0,0,0,0,,34.0,Parashorea malaanonan,Parashorea,malaanonan,Dipterocarpaceae,80.0,4.6,117.2,0.415,1,1,135.0,GM2016,train
852,Malaysia,Sabah,LG,forest_enrichment,1,0,0,0,0,0,,34.0,Parashorea malaanonan,Parashorea,malaanonan,Dipterocarpaceae,90.0,4.6,117.2,0.415,1,1,25.0,GM2016,train
853,Malaysia,Sabah,LG,forest_enrichment,1,0,0,0,0,0,,34.0,Parashorea malaanonan,Parashorea,malaanonan,Dipterocarpaceae,85.0,4.6,117.2,0.415,1,1,41.0,GM2016,train
854,Malaysia,Sabah,LG,forest_enrichment,1,0,0,0,0,0,,34.0,Parashorea malaanonan,Parashorea,malaanonan,Dipterocarpaceae,85.0,4.6,117.2,0.415,1,1,53.0,GM2016,train
855,Malaysia,Sabah,LG,forest_enrichment,1,0,0,0,0,0,,34.0,Parashorea malaanonan,Parashorea,malaanonan,Dipterocarpaceae,80.0,4.6,117.2,0.415,1,1,108.0,GM2016,train
856,Malaysia,Sabah,LG,forest_enrichment,1,0,0,0,0,0,,34.0,Parashorea smythiesii,Parashorea,smythiesii,Dipterocarpaceae,95.23809524,4.6,117.2,0.6,1,1,14.0,GM2016,train
857,Malaysia,Sabah,LG,forest_enrichment,1,0,0,0,0,0,,34.0,Parashorea smythiesii,Parashorea,smythiesii,Dipterocarpaceae,57.14285714,4.6,117.2,0.6,1,1,135.0,GM2016,train
858,Malaysia,Sabah,LG,forest_enrichment,1,0,0,0,0,0,,34.0,Parashorea smythiesii,Parashorea,smythiesii,Dipterocarpaceae,85.71428571,4.6,117.2,0.6,1,1,25.0,GM2016,train
859,Malaysia,Sabah,LG,forest_enrichment,1,0,0,0,0,0,,34.0,Parashorea smythiesii,Parashorea,smythiesii,Dipterocarpaceae,85.71428571,4.6,117.2,0.6,1,1,41.0,GM2016,train
860,Malaysia,Sabah,LG,forest_enrichment,1,0,0,0,0,0,,34.0,Parashorea smythiesii,Parashorea,smythiesii,Dipterocarpaceae,66.66666667,4.6,117.2,0.6,1,1,53.0,GM2016,train
861,Malaysia,Sabah,LG,forest_enrichment,1,0,0,0,0,0,,34.0,Parashorea smythiesii,Parashorea,smythiesii,Dipterocarpaceae,61.9047619,4.6,117.2,0.6,1,1,108.0,GM2016,train
862,Malaysia,Sabah,LG,forest_enrichment,1,0,0,0,0,0,,34.0,Parashorea tomentella,Parashorea,tomentella,Dipterocarpaceae,95.0,4.6,117.2,0.5535,1,1,14.0,GM2016,train
863,Malaysia,Sabah,LG,forest_enrichment,1,0,0,0,0,0,,34.0,Parashorea tomentella,Parashorea,tomentella,Dipterocarpaceae,55.0,4.6,117.2,0.5535,1,1,135.0,GM2016,train
864,Malaysia,Sabah,LG,forest_enrichment,1,0,0,0,0,0,,34.0,Parashorea tomentella,Parashorea,tomentella,Dipterocarpaceae,90.0,4.6,117.2,0.5535,1,1,25.0,GM2016,train
865,Malaysia,Sabah,LG,forest_enrichment,1,0,0,0,0,0,,34.0,Parashorea tomentella,Parashorea,tomentella,Dipterocarpaceae,85.0,4.6,117.2,0.5535,1,1,41.0,GM2016,train
866,Malaysia,Sabah,LG,forest_enrichment,1,0,0,0,0,0,,34.0,Parashorea tomentella,Parashorea,tomentella,Dipterocarpaceae,70.0,4.6,117.2,0.5535,1,1,53.0,GM2016,train
867,Malaysia,Sabah,LG,forest_enrichment,1,0,0,0,0,0,,34.0,Parashorea tomentella,Parashorea,tomentella,Dipterocarpaceae,60.0,4.6,117.2,0.5535,1,1,108.0,GM2016,train
868,Malaysia,Sabah,LG,forest_enrichment,1,0,0,0,0,0,,34.0,Pentace adenophora,Pentace,adenophora,Malvaceae,100.0,4.6,117.2,0.604833333,1,1,14.0,GM2016,train
869,Malaysia,Sabah,LG,forest_enrichment,1,0,0,0,0,0,,34.0,Pentace adenophora,Pentace,adenophora,Malvaceae,63.15789474,4.6,117.2,0.604833333,1,1,135.0,GM2016,train
870,Malaysia,Sabah,LG,forest_enrichment,1,0,0,0,0,0,,34.0,Pentace adenophora,Pentace,adenophora,Malvaceae,89.47368421,4.6,117.2,0.604833333,1,1,25.0,GM2016,train
871,Malaysia,Sabah,LG,forest_enrichment,1,0,0,0,0,0,,34.0,Pentace adenophora,Pentace,adenophora,Malvaceae,68.42105263,4.6,117.2,0.604833333,1,1,41.0,GM2016,train
872,Malaysia,Sabah,LG,forest_enrichment,1,0,0,0,0,0,,34.0,Pentace adenophora,Pentace,adenophora,Malvaceae,68.42105263,4.6,117.2,0.604833333,1,1,53.0,GM2016,train
873,Malaysia,Sabah,LG,forest_enrichment,1,0,0,0,0,0,,34.0,Pentace adenophora,Pentace,adenophora,Malvaceae,63.15789474,4.6,117.2,0.604833333,1,1,108.0,GM2016,train
874,Malaysia,Sabah,LG,forest_enrichment,1,0,0,0,0,0,,34.0,Pentace laxiflora,Pentace,laxiflora,Malvaceae,100.0,4.6,117.2,0.604833333,1,1,14.0,GM2016,train
875,Malaysia,Sabah,LG,forest_enrichment,1,0,0,0,0,0,,34.0,Pentace laxiflora,Pentace,laxiflora,Malvaceae,95.23809524,4.6,117.2,0.604833333,1,1,135.0,GM2016,train
876,Malaysia,Sabah,LG,forest_enrichment,1,0,0,0,0,0,,34.0,Pentace laxiflora,Pentace,laxiflora,Malvaceae,95.23809524,4.6,117.2,0.604833333,1,1,25.0,GM2016,train
877,Malaysia,Sabah,LG,forest_enrichment,1,0,0,0,0,0,,34.0,Pentace laxiflora,Pentace,laxiflora,Malvaceae,95.23809524,4.6,117.2,0.604833333,1,1,41.0,GM2016,train
878,Malaysia,Sabah,LG,forest_enrichment,1,0,0,0,0,0,,34.0,Pentace laxiflora,Pentace,laxiflora,Malvaceae,95.23809524,4.6,117.2,0.604833333,1,1,53.0,GM2016,train
879,Malaysia,Sabah,LG,forest_enrichment,1,0,0,0,0,0,,34.0,Pentace laxiflora,Pentace,laxiflora,Malvaceae,95.23809524,4.6,117.2,0.604833333,1,1,108.0,GM2016,train
880,Malaysia,Sabah,LG,forest_enrichment,1,0,0,0,0,0,,34.0,Baccaurea sp,Baccaurea,sp.,Phyllanthaceae,95.0,4.6,117.2,0.625769231,1,1,14.0,GM2016,train
881,Malaysia,Sabah,LG,forest_enrichment,1,0,0,0,0,0,,34.0,Baccaurea sp,Baccaurea,sp.,Phyllanthaceae,65.0,4.6,117.2,0.625769231,1,1,135.0,GM2016,train
882,Malaysia,Sabah,LG,forest_enrichment,1,0,0,0,0,0,,34.0,Baccaurea sp,Baccaurea,sp.,Phyllanthaceae,90.0,4.6,117.2,0.625769231,1,1,25.0,GM2016,train
883,Malaysia,Sabah,LG,forest_enrichment,1,0,0,0,0,0,,34.0,Baccaurea sp,Baccaurea,sp.,Phyllanthaceae,85.0,4.6,117.2,0.625769231,1,1,41.0,GM2016,train
884,Malaysia,Sabah,LG,forest_enrichment,1,0,0,0,0,0,,34.0,Baccaurea sp,Baccaurea,sp.,Phyllanthaceae,70.0,4.6,117.2,0.625769231,1,1,53.0,GM2016,train
885,Malaysia,Sabah,LG,forest_enrichment,1,0,0,0,0,0,,34.0,Baccaurea sp,Baccaurea,sp.,Phyllanthaceae,65.0,4.6,117.2,0.625769231,1,1,108.0,GM2016,train
886,Malaysia,Sabah,LG,forest_enrichment,1,0,0,0,0,0,,34.0,Shorea beccariana,Shorea,beccariana,Dipterocarpaceae,90.0,4.6,117.2,0.47,1,1,14.0,GM2016,train
887,Malaysia,Sabah,LG,forest_enrichment,1,0,0,0,0,0,,34.0,Shorea beccariana,Shorea,beccariana,Dipterocarpaceae,50.0,4.6,117.2,0.47,1,1,135.0,GM2016,train
888,Malaysia,Sabah,LG,forest_enrichment,1,0,0,0,0,0,,34.0,Shorea beccariana,Shorea,beccariana,Dipterocarpaceae,80.0,4.6,117.2,0.47,1,1,25.0,GM2016,train
889,Malaysia,Sabah,LG,forest_enrichment,1,0,0,0,0,0,,34.0,Shorea beccariana,Shorea,beccariana,Dipterocarpaceae,60.0,4.6,117.2,0.47,1,1,41.0,GM2016,train
890,Malaysia,Sabah,LG,forest_enrichment,1,0,0,0,0,0,,34.0,Shorea beccariana,Shorea,beccariana,Dipterocarpaceae,60.0,4.6,117.2,0.47,1,1,53.0,GM2016,train
891,Malaysia,Sabah,LG,forest_enrichment,1,0,0,0,0,0,,34.0,Shorea beccariana,Shorea,beccariana,Dipterocarpaceae,50.0,4.6,117.2,0.47,1,1,108.0,GM2016,train
892,Malaysia,Sabah,LG,forest_enrichment,1,0,0,0,0,0,,34.0,Shorea faguetioides,Shorea,faguetioides,Dipterocarpaceae,100.0,4.6,117.2,0.583246313,1,1,14.0,GM2016,train
893,Malaysia,Sabah,LG,forest_enrichment,1,0,0,0,0,0,,34.0,Shorea faguetioides,Shorea,faguetioides,Dipterocarpaceae,50.0,4.6,117.2,0.583246313,1,1,135.0,GM2016,train
894,Malaysia,Sabah,LG,forest_enrichment,1,0,0,0,0,0,,34.0,Shorea faguetioides,Shorea,faguetioides,Dipterocarpaceae,95.0,4.6,117.2,0.583246313,1,1,25.0,GM2016,train
895,Malaysia,Sabah,LG,forest_enrichment,1,0,0,0,0,0,,34.0,Shorea faguetioides,Shorea,faguetioides,Dipterocarpaceae,70.0,4.6,117.2,0.583246313,1,1,41.0,GM2016,train
896,Malaysia,Sabah,LG,forest_enrichment,1,0,0,0,0,0,,34.0,Shorea faguetioides,Shorea,faguetioides,Dipterocarpaceae,60.0,4.6,117.2,0.583246313,1,1,53.0,GM2016,train
897,Malaysia,Sabah,LG,forest_enrichment,1,0,0,0,0,0,,34.0,Shorea faguetioides,Shorea,faguetioides,Dipterocarpaceae,55.0,4.6,117.2,0.583246313,1,1,108.0,GM2016,train
898,Malaysia,Sabah,LG,forest_enrichment,1,0,0,0,0,0,,34.0,Shorea falciferoides,Shorea,falciferoides,Dipterocarpaceae,100.0,4.6,117.2,0.72,1,1,14.0,GM2016,train
899,Malaysia,Sabah,LG,forest_enrichment,1,0,0,0,0,0,,34.0,Shorea falciferoides,Shorea,falciferoides,Dipterocarpaceae,65.0,4.6,117.2,0.72,1,1,135.0,GM2016,train
900,Malaysia,Sabah,LG,forest_enrichment,1,0,0,0,0,0,,34.0,Shorea falciferoides,Shorea,falciferoides,Dipterocarpaceae,80.0,4.6,117.2,0.72,1,1,25.0,GM2016,train
901,Malaysia,Sabah,LG,forest_enrichment,1,0,0,0,0,0,,34.0,Shorea falciferoides,Shorea,falciferoides,Dipterocarpaceae,85.0,4.6,117.2,0.72,1,1,41.0,GM2016,train
902,Malaysia,Sabah,LG,forest_enrichment,1,0,0,0,0,0,,34.0,Shorea falciferoides,Shorea,falciferoides,Dipterocarpaceae,75.0,4.6,117.2,0.72,1,1,53.0,GM2016,train
903,Malaysia,Sabah,LG,forest_enrichment,1,0,0,0,0,0,,34.0,Shorea falciferoides,Shorea,falciferoides,Dipterocarpaceae,70.0,4.6,117.2,0.72,1,1,108.0,GM2016,train
904,Malaysia,Sabah,LG,forest_enrichment,1,0,0,0,0,0,,34.0,Shorea fallax,Shorea,fallax,Dipterocarpaceae,95.0,4.6,117.2,0.5,1,1,14.0,GM2016,train
905,Malaysia,Sabah,LG,forest_enrichment,1,0,0,0,0,0,,34.0,Shorea fallax,Shorea,fallax,Dipterocarpaceae,70.0,4.6,117.2,0.5,1,1,135.0,GM2016,train
906,Malaysia,Sabah,LG,forest_enrichment,1,0,0,0,0,0,,34.0,Shorea fallax,Shorea,fallax,Dipterocarpaceae,90.0,4.6,117.2,0.5,1,1,25.0,GM2016,train
907,Malaysia,Sabah,LG,forest_enrichment,1,0,0,0,0,0,,34.0,Shorea fallax,Shorea,fallax,Dipterocarpaceae,80.0,4.6,117.2,0.5,1,1,41.0,GM2016,train
908,Malaysia,Sabah,LG,forest_enrichment,1,0,0,0,0,0,,34.0,Shorea fallax,Shorea,fallax,Dipterocarpaceae,65.0,4.6,117.2,0.5,1,1,53.0,GM2016,train
909,Malaysia,Sabah,LG,forest_enrichment,1,0,0,0,0,0,,34.0,Shorea fallax,Shorea,fallax,Dipterocarpaceae,70.0,4.6,117.2,0.5,1,1,108.0,GM2016,train
910,Malaysia,Sabah,LG,forest_enrichment,1,0,0,0,0,0,,34.0,Shorea leprosula,Shorea,leprosula,Dipterocarpaceae,100.0,4.6,117.2,0.44,1,1,14.0,GM2016,train
911,Malaysia,Sabah,LG,forest_enrichment,1,0,0,0,0,0,,34.0,Shorea leprosula,Shorea,leprosula,Dipterocarpaceae,30.0,4.6,117.2,0.44,1,1,135.0,GM2016,train
912,Malaysia,Sabah,LG,forest_enrichment,1,0,0,0,0,0,,34.0,Shorea leprosula,Shorea,leprosula,Dipterocarpaceae,80.0,4.6,117.2,0.44,1,1,25.0,GM2016,train
913,Malaysia,Sabah,LG,forest_enrichment,1,0,0,0,0,0,,34.0,Shorea leprosula,Shorea,leprosula,Dipterocarpaceae,75.0,4.6,117.2,0.44,1,1,41.0,GM2016,train
914,Malaysia,Sabah,LG,forest_enrichment,1,0,0,0,0,0,,34.0,Shorea leprosula,Shorea,leprosula,Dipterocarpaceae,65.0,4.6,117.2,0.44,1,1,53.0,GM2016,train
915,Malaysia,Sabah,LG,forest_enrichment,1,0,0,0,0,0,,34.0,Shorea leprosula,Shorea,leprosula,Dipterocarpaceae,45.0,4.6,117.2,0.44,1,1,108.0,GM2016,train
916,Malaysia,Sabah,LG,forest_enrichment,1,0,0,0,0,0,,34.0,Shorea leptoderma,Shorea,leptoderma,Dipterocarpaceae,95.0,4.6,117.2,0.583246313,1,1,14.0,GM2016,train
917,Malaysia,Sabah,LG,forest_enrichment,1,0,0,0,0,0,,34.0,Shorea leptoderma,Shorea,leptoderma,Dipterocarpaceae,80.0,4.6,117.2,0.583246313,1,1,135.0,GM2016,train
918,Malaysia,Sabah,LG,forest_enrichment,1,0,0,0,0,0,,34.0,Shorea leptoderma,Shorea,leptoderma,Dipterocarpaceae,95.0,4.6,117.2,0.583246313,1,1,25.0,GM2016,train
919,Malaysia,Sabah,LG,forest_enrichment,1,0,0,0,0,0,,34.0,Shorea leptoderma,Shorea,leptoderma,Dipterocarpaceae,90.0,4.6,117.2,0.583246313,1,1,41.0,GM2016,train
920,Malaysia,Sabah,LG,forest_enrichment,1,0,0,0,0,0,,34.0,Shorea leptoderma,Shorea,leptoderma,Dipterocarpaceae,80.0,4.6,117.2,0.583246313,1,1,53.0,GM2016,train
921,Malaysia,Sabah,LG,forest_enrichment,1,0,0,0,0,0,,34.0,Shorea leptoderma,Shorea,leptoderma,Dipterocarpaceae,80.0,4.6,117.2,0.583246313,1,1,108.0,GM2016,train
922,Malaysia,Sabah,LG,forest_enrichment,1,0,0,0,0,0,,34.0,Shorea macrophylla,Shorea,macrophylla,Dipterocarpaceae,95.0,4.6,117.2,0.32,1,1,14.0,GM2016,train
923,Malaysia,Sabah,LG,forest_enrichment,1,0,0,0,0,0,,34.0,Shorea macrophylla,Shorea,macrophylla,Dipterocarpaceae,70.0,4.6,117.2,0.32,1,1,135.0,GM2016,train
924,Malaysia,Sabah,LG,forest_enrichment,1,0,0,0,0,0,,34.0,Shorea macrophylla,Shorea,macrophylla,Dipterocarpaceae,95.0,4.6,117.2,0.32,1,1,25.0,GM2016,train
925,Malaysia,Sabah,LG,forest_enrichment,1,0,0,0,0,0,,34.0,Shorea macrophylla,Shorea,macrophylla,Dipterocarpaceae,90.0,4.6,117.2,0.32,1,1,41.0,GM2016,train
926,Malaysia,Sabah,LG,forest_enrichment,1,0,0,0,0,0,,34.0,Shorea macrophylla,Shorea,macrophylla,Dipterocarpaceae,85.0,4.6,117.2,0.32,1,1,53.0,GM2016,train
927,Malaysia,Sabah,LG,forest_enrichment,1,0,0,0,0,0,,34.0,Shorea macrophylla,Shorea,macrophylla,Dipterocarpaceae,75.0,4.6,117.2,0.32,1,1,108.0,GM2016,train
928,Malaysia,Sabah,LG,forest_enrichment,1,0,0,0,0,0,,34.0,Shorea macroptera,Shorea,macroptera,Dipterocarpaceae,85.0,4.6,117.2,0.425,1,1,14.0,GM2016,train
929,Malaysia,Sabah,LG,forest_enrichment,1,0,0,0,0,0,,34.0,Shorea macroptera,Shorea,macroptera,Dipterocarpaceae,55.0,4.6,117.2,0.425,1,1,135.0,GM2016,train
930,Malaysia,Sabah,LG,forest_enrichment,1,0,0,0,0,0,,34.0,Shorea macroptera,Shorea,macroptera,Dipterocarpaceae,70.0,4.6,117.2,0.425,1,1,25.0,GM2016,train
931,Malaysia,Sabah,LG,forest_enrichment,1,0,0,0,0,0,,34.0,Shorea macroptera,Shorea,macroptera,Dipterocarpaceae,75.0,4.6,117.2,0.425,1,1,41.0,GM2016,train
932,Malaysia,Sabah,LG,forest_enrichment,1,0,0,0,0,0,,34.0,Shorea macroptera,Shorea,macroptera,Dipterocarpaceae,65.0,4.6,117.2,0.425,1,1,53.0,GM2016,train
933,Malaysia,Sabah,LG,forest_enrichment,1,0,0,0,0,0,,34.0,Shorea macroptera,Shorea,macroptera,Dipterocarpaceae,50.0,4.6,117.2,0.425,1,1,108.0,GM2016,train
934,Malaysia,Sabah,LG,forest_enrichment,1,0,0,0,0,0,,34.0,Shorea ovalis,Shorea,ovalis,Dipterocarpaceae,100.0,4.6,117.2,0.43,1,1,14.0,GM2016,train
935,Malaysia,Sabah,LG,forest_enrichment,1,0,0,0,0,0,,34.0,Shorea ovalis,Shorea,ovalis,Dipterocarpaceae,80.0,4.6,117.2,0.43,1,1,135.0,GM2016,train
936,Malaysia,Sabah,LG,forest_enrichment,1,0,0,0,0,0,,34.0,Shorea ovalis,Shorea,ovalis,Dipterocarpaceae,100.0,4.6,117.2,0.43,1,1,25.0,GM2016,train
937,Malaysia,Sabah,LG,forest_enrichment,1,0,0,0,0,0,,34.0,Shorea ovalis,Shorea,ovalis,Dipterocarpaceae,100.0,4.6,117.2,0.43,1,1,41.0,GM2016,train
938,Malaysia,Sabah,LG,forest_enrichment,1,0,0,0,0,0,,34.0,Shorea ovalis,Shorea,ovalis,Dipterocarpaceae,90.0,4.6,117.2,0.43,1,1,53.0,GM2016,train
939,Malaysia,Sabah,LG,forest_enrichment,1,0,0,0,0,0,,34.0,Shorea ovalis,Shorea,ovalis,Dipterocarpaceae,85.0,4.6,117.2,0.43,1,1,108.0,GM2016,train
940,Malaysia,Sabah,LG,forest_enrichment,1,0,0,0,0,0,,34.0,Shorea parvifolia,Shorea,parvifolia,Dipterocarpaceae,85.0,4.6,117.2,0.405,1,1,14.0,GM2016,train
941,Malaysia,Sabah,LG,forest_enrichment,1,0,0,0,0,0,,34.0,Shorea parvifolia,Shorea,parvifolia,Dipterocarpaceae,15.0,4.6,117.2,0.405,1,1,135.0,GM2016,train
942,Malaysia,Sabah,LG,forest_enrichment,1,0,0,0,0,0,,34.0,Shorea parvifolia,Shorea,parvifolia,Dipterocarpaceae,65.0,4.6,117.2,0.405,1,1,25.0,GM2016,train
943,Malaysia,Sabah,LG,forest_enrichment,1,0,0,0,0,0,,34.0,Shorea parvifolia,Shorea,parvifolia,Dipterocarpaceae,45.0,4.6,117.2,0.405,1,1,41.0,GM2016,train
944,Malaysia,Sabah,LG,forest_enrichment,1,0,0,0,0,0,,34.0,Shorea parvifolia,Shorea,parvifolia,Dipterocarpaceae,35.0,4.6,117.2,0.405,1,1,53.0,GM2016,train
945,Malaysia,Sabah,LG,forest_enrichment,1,0,0,0,0,0,,34.0,Shorea parvifolia,Shorea,parvifolia,Dipterocarpaceae,25.0,4.6,117.2,0.405,1,1,108.0,GM2016,train
946,Malaysia,Sabah,LG,forest_enrichment,1,0,0,0,0,0,,34.0,Canarium sp,Canarium,sp.,Burseraceae,100.0,4.6,117.2,0.517,1,1,14.0,GM2016,train
947,Malaysia,Sabah,LG,forest_enrichment,1,0,0,0,0,0,,34.0,Canarium sp,Canarium,sp.,Burseraceae,50.0,4.6,117.2,0.517,1,1,135.0,GM2016,train
948,Malaysia,Sabah,LG,forest_enrichment,1,0,0,0,0,0,,34.0,Canarium sp,Canarium,sp.,Burseraceae,100.0,4.6,117.2,0.517,1,1,25.0,GM2016,train
949,Malaysia,Sabah,LG,forest_enrichment,1,0,0,0,0,0,,34.0,Canarium sp,Canarium,sp.,Burseraceae,100.0,4.6,117.2,0.517,1,1,41.0,GM2016,train
950,Malaysia,Sabah,LG,forest_enrichment,1,0,0,0,0,0,,34.0,Canarium sp,Canarium,sp.,Burseraceae,85.0,4.6,117.2,0.517,1,1,53.0,GM2016,train
951,Malaysia,Sabah,LG,forest_enrichment,1,0,0,0,0,0,,34.0,Canarium sp,Canarium,sp.,Burseraceae,70.0,4.6,117.2,0.517,1,1,108.0,GM2016,train
952,Malaysia,Sabah,LG,forest_enrichment,1,0,0,0,0,0,,34.0,Shorea pauciflora,Shorea,pauciflora,Dipterocarpaceae,95.0,4.6,117.2,0.5325,1,1,14.0,GM2016,train
953,Malaysia,Sabah,LG,forest_enrichment,1,0,0,0,0,0,,34.0,Shorea pauciflora,Shorea,pauciflora,Dipterocarpaceae,60.0,4.6,117.2,0.5325,1,1,135.0,GM2016,train
954,Malaysia,Sabah,LG,forest_enrichment,1,0,0,0,0,0,,34.0,Shorea pauciflora,Shorea,pauciflora,Dipterocarpaceae,90.0,4.6,117.2,0.5325,1,1,25.0,GM2016,train
955,Malaysia,Sabah,LG,forest_enrichment,1,0,0,0,0,0,,34.0,Shorea pauciflora,Shorea,pauciflora,Dipterocarpaceae,85.0,4.6,117.2,0.5325,1,1,41.0,GM2016,train
956,Malaysia,Sabah,LG,forest_enrichment,1,0,0,0,0,0,,34.0,Shorea pauciflora,Shorea,pauciflora,Dipterocarpaceae,75.0,4.6,117.2,0.5325,1,1,53.0,GM2016,train
957,Malaysia,Sabah,LG,forest_enrichment,1,0,0,0,0,0,,34.0,Shorea pauciflora,Shorea,pauciflora,Dipterocarpaceae,55.0,4.6,117.2,0.5325,1,1,108.0,GM2016,train
958,Malaysia,Sabah,LG,forest_enrichment,1,0,0,0,0,0,,34.0,Shorea platyclados,Shorea,platyclados,Dipterocarpaceae,95.0,4.6,117.2,0.556666667,1,1,14.0,GM2016,train
959,Malaysia,Sabah,LG,forest_enrichment,1,0,0,0,0,0,,34.0,Shorea platyclados,Shorea,platyclados,Dipterocarpaceae,30.0,4.6,117.2,0.556666667,1,1,135.0,GM2016,train
960,Malaysia,Sabah,LG,forest_enrichment,1,0,0,0,0,0,,34.0,Shorea platyclados,Shorea,platyclados,Dipterocarpaceae,80.0,4.6,117.2,0.556666667,1,1,25.0,GM2016,train
961,Malaysia,Sabah,LG,forest_enrichment,1,0,0,0,0,0,,34.0,Shorea platyclados,Shorea,platyclados,Dipterocarpaceae,50.0,4.6,117.2,0.556666667,1,1,41.0,GM2016,train
962,Malaysia,Sabah,LG,forest_enrichment,1,0,0,0,0,0,,34.0,Shorea platyclados,Shorea,platyclados,Dipterocarpaceae,45.0,4.6,117.2,0.556666667,1,1,53.0,GM2016,train
963,Malaysia,Sabah,LG,forest_enrichment,1,0,0,0,0,0,,34.0,Shorea platyclados,Shorea,platyclados,Dipterocarpaceae,30.0,4.6,117.2,0.556666667,1,1,108.0,GM2016,train
964,Malaysia,Sabah,LG,forest_enrichment,1,0,0,0,0,0,,34.0,Shorea xanthophylla,Shorea,xanthophylla,Dipterocarpaceae,95.0,4.6,117.2,0.52,1,1,14.0,GM2016,train
965,Malaysia,Sabah,LG,forest_enrichment,1,0,0,0,0,0,,34.0,Shorea xanthophylla,Shorea,xanthophylla,Dipterocarpaceae,65.0,4.6,117.2,0.52,1,1,135.0,GM2016,train
966,Malaysia,Sabah,LG,forest_enrichment,1,0,0,0,0,0,,34.0,Shorea xanthophylla,Shorea,xanthophylla,Dipterocarpaceae,80.0,4.6,117.2,0.52,1,1,25.0,GM2016,train
967,Malaysia,Sabah,LG,forest_enrichment,1,0,0,0,0,0,,34.0,Shorea xanthophylla,Shorea,xanthophylla,Dipterocarpaceae,80.0,4.6,117.2,0.52,1,1,41.0,GM2016,train
968,Malaysia,Sabah,LG,forest_enrichment,1,0,0,0,0,0,,34.0,Shorea xanthophylla,Shorea,xanthophylla,Dipterocarpaceae,70.0,4.6,117.2,0.52,1,1,53.0,GM2016,train
969,Malaysia,Sabah,LG,forest_enrichment,1,0,0,0,0,0,,34.0,Shorea xanthophylla,Shorea,xanthophylla,Dipterocarpaceae,65.0,4.6,117.2,0.52,1,1,108.0,GM2016,train
970,Malaysia,Sabah,LG,forest_enrichment,1,0,0,0,0,0,,34.0,Sindora beccariana,Sindora,beccariana,Fabaceae,90.0,4.6,117.2,0.545,1,1,14.0,GM2016,train
971,Malaysia,Sabah,LG,forest_enrichment,1,0,0,0,0,0,,34.0,Sindora beccariana,Sindora,beccariana,Fabaceae,50.0,4.6,117.2,0.545,1,1,135.0,GM2016,train
972,Malaysia,Sabah,LG,forest_enrichment,1,0,0,0,0,0,,34.0,Sindora beccariana,Sindora,beccariana,Fabaceae,80.0,4.6,117.2,0.545,1,1,25.0,GM2016,train
973,Malaysia,Sabah,LG,forest_enrichment,1,0,0,0,0,0,,34.0,Sindora beccariana,Sindora,beccariana,Fabaceae,75.0,4.6,117.2,0.545,1,1,41.0,GM2016,train
974,Malaysia,Sabah,LG,forest_enrichment,1,0,0,0,0,0,,34.0,Sindora beccariana,Sindora,beccariana,Fabaceae,60.0,4.6,117.2,0.545,1,1,53.0,GM2016,train
975,Malaysia,Sabah,LG,forest_enrichment,1,0,0,0,0,0,,34.0,Sindora beccariana,Sindora,beccariana,Fabaceae,45.0,4.6,117.2,0.545,1,1,108.0,GM2016,train
976,Malaysia,Sabah,LG,forest_enrichment,1,0,0,0,0,0,,34.0,Walsura pinnata,Walsura,pinnata,Meliaceae,100.0,4.6,117.2,0.868,1,1,14.0,GM2016,train
977,Malaysia,Sabah,LG,forest_enrichment,1,0,0,0,0,0,,34.0,Walsura pinnata,Walsura,pinnata,Meliaceae,70.0,4.6,117.2,0.868,1,1,135.0,GM2016,train
978,Malaysia,Sabah,LG,forest_enrichment,1,0,0,0,0,0,,34.0,Walsura pinnata,Walsura,pinnata,Meliaceae,95.0,4.6,117.2,0.868,1,1,25.0,GM2016,train
979,Malaysia,Sabah,LG,forest_enrichment,1,0,0,0,0,0,,34.0,Walsura pinnata,Walsura,pinnata,Meliaceae,90.0,4.6,117.2,0.868,1,1,41.0,GM2016,train
980,Malaysia,Sabah,LG,forest_enrichment,1,0,0,0,0,0,,34.0,Walsura pinnata,Walsura,pinnata,Meliaceae,80.0,4.6,117.2,0.868,1,1,53.0,GM2016,train
981,Malaysia,Sabah,LG,forest_enrichment,1,0,0,0,0,0,,34.0,Walsura pinnata,Walsura,pinnata,Meliaceae,65.0,4.6,117.2,0.868,1,1,108.0,GM2016,train
982,Malaysia,Sabah,LG,forest_enrichment,1,0,0,0,0,0,,34.0,Diospyros sp,Diospyros,sp.,Ebenaceae,95.0,4.6,117.2,0.7728,1,1,14.0,GM2016,train
983,Malaysia,Sabah,LG,forest_enrichment,1,0,0,0,0,0,,34.0,Diospyros sp,Diospyros,sp.,Ebenaceae,60.0,4.6,117.2,0.7728,1,1,135.0,GM2016,train
984,Malaysia,Sabah,LG,forest_enrichment,1,0,0,0,0,0,,34.0,Diospyros sp,Diospyros,sp.,Ebenaceae,85.0,4.6,117.2,0.7728,1,1,25.0,GM2016,train
985,Malaysia,Sabah,LG,forest_enrichment,1,0,0,0,0,0,,34.0,Diospyros sp,Diospyros,sp.,Ebenaceae,75.0,4.6,117.2,0.7728,1,1,41.0,GM2016,train
986,Malaysia,Sabah,LG,forest_enrichment,1,0,0,0,0,0,,34.0,Diospyros sp,Diospyros,sp.,Ebenaceae,75.0,4.6,117.2,0.7728,1,1,53.0,GM2016,train
987,Malaysia,Sabah,LG,forest_enrichment,1,0,0,0,0,0,,34.0,Diospyros sp,Diospyros,sp.,Ebenaceae,65.0,4.6,117.2,0.7728,1,1,108.0,GM2016,train
988,Malaysia,Sabah,LG,forest_enrichment,1,0,0,0,0,0,,34.0,Dipterocarpus conformis,Dipterocarpus,conformis,Dipterocarpaceae,90.0,4.6,117.2,0.765,1,1,14.0,GM2016,train
989,Malaysia,Sabah,LG,forest_enrichment,1,0,0,0,0,0,,34.0,Dipterocarpus conformis,Dipterocarpus,conformis,Dipterocarpaceae,60.0,4.6,117.2,0.765,1,1,135.0,GM2016,train
990,Malaysia,Sabah,LG,forest_enrichment,1,0,0,0,0,0,,34.0,Dipterocarpus conformis,Dipterocarpus,conformis,Dipterocarpaceae,85.0,4.6,117.2,0.765,1,1,25.0,GM2016,train
991,Malaysia,Sabah,LG,forest_enrichment,1,0,0,0,0,0,,34.0,Dipterocarpus conformis,Dipterocarpus,conformis,Dipterocarpaceae,85.0,4.6,117.2,0.765,1,1,41.0,GM2016,train
992,Malaysia,Sabah,LG,forest_enrichment,1,0,0,0,0,0,,34.0,Dipterocarpus conformis,Dipterocarpus,conformis,Dipterocarpaceae,65.0,4.6,117.2,0.765,1,1,53.0,GM2016,train
993,Malaysia,Sabah,LG,forest_enrichment,1,0,0,0,0,0,,34.0,Dipterocarpus conformis,Dipterocarpus,conformis,Dipterocarpaceae,60.0,4.6,117.2,0.765,1,1,108.0,GM2016,train
994,Malaysia,Sabah,LG,forest_enrichment,1,0,0,0,0,0,,34.0,Dryobalanops keithii,Dryobalanops,keithii,Dipterocarpaceae,100.0,4.6,117.2,0.63,1,1,14.0,GM2016,train
995,Malaysia,Sabah,LG,forest_enrichment,1,0,0,0,0,0,,34.0,Dryobalanops keithii,Dryobalanops,keithii,Dipterocarpaceae,68.42105263,4.6,117.2,0.63,1,1,135.0,GM2016,train
996,Malaysia,Sabah,LG,forest_enrichment,1,0,0,0,0,0,,34.0,Dryobalanops keithii,Dryobalanops,keithii,Dipterocarpaceae,78.94736842,4.6,117.2,0.63,1,1,25.0,GM2016,train
997,Malaysia,Sabah,LG,forest_enrichment,1,0,0,0,0,0,,34.0,Dryobalanops keithii,Dryobalanops,keithii,Dipterocarpaceae,73.68421053,4.6,117.2,0.63,1,1,41.0,GM2016,train
998,Malaysia,Sabah,LG,forest_enrichment,1,0,0,0,0,0,,34.0,Dryobalanops keithii,Dryobalanops,keithii,Dipterocarpaceae,68.42105263,4.6,117.2,0.63,1,1,53.0,GM2016,train
999,Malaysia,Sabah,LG,forest_enrichment,1,0,0,0,0,0,,34.0,Dryobalanops keithii,Dryobalanops,keithii,Dipterocarpaceae,68.42105263,4.6,117.2,0.63,1,1,108.0,GM2016,train
1000,Malaysia,Sabah,LG,forest_enrichment,1,0,0,0,0,0,,34.0,Dryobalanops lanceolata,Dryobalanops,lanceolata,Dipterocarpaceae,100.0,4.6,117.2,0.62,1,1,14.0,GM2016,train
1001,Malaysia,Sabah,LG,forest_enrichment,1,0,0,0,0,0,,34.0,Dryobalanops lanceolata,Dryobalanops,lanceolata,Dipterocarpaceae,70.0,4.6,117.2,0.62,1,1,135.0,GM2016,train
1002,Malaysia,Sabah,LG,forest_enrichment,1,0,0,0,0,0,,34.0,Dryobalanops lanceolata,Dryobalanops,lanceolata,Dipterocarpaceae,95.0,4.6,117.2,0.62,1,1,25.0,GM2016,train
1003,Malaysia,Sabah,LG,forest_enrichment,1,0,0,0,0,0,,34.0,Dryobalanops lanceolata,Dryobalanops,lanceolata,Dipterocarpaceae,85.0,4.6,117.2,0.62,1,1,41.0,GM2016,train
1004,Malaysia,Sabah,LG,forest_enrichment,1,0,0,0,0,0,,34.0,Dryobalanops lanceolata,Dryobalanops,lanceolata,Dipterocarpaceae,80.0,4.6,117.2,0.62,1,1,53.0,GM2016,train
1005,Malaysia,Sabah,LG,forest_enrichment,1,0,0,0,0,0,,34.0,Dryobalanops lanceolata,Dryobalanops,lanceolata,Dipterocarpaceae,70.0,4.6,117.2,0.62,1,1,108.0,GM2016,train
1006,Malaysia,Sabah,LG,forest_enrichment,1,0,0,0,0,0,,34.0,Durio sp,Durio,sp,Malvaceae,100.0,4.6,117.2,0.543648148,1,1,14.0,GM2016,train
1007,Malaysia,Sabah,LG,forest_enrichment,1,0,0,0,0,0,,34.0,Durio sp,Durio,sp,Malvaceae,70.0,4.6,117.2,0.543648148,1,1,135.0,GM2016,train
1008,Malaysia,Sabah,LG,forest_enrichment,1,0,0,0,0,0,,34.0,Durio sp,Durio,sp,Malvaceae,95.0,4.6,117.2,0.543648148,1,1,25.0,GM2016,train
1009,Malaysia,Sabah,LG,forest_enrichment,1,0,0,0,0,0,,34.0,Durio sp,Durio,sp,Malvaceae,85.0,4.6,117.2,0.543648148,1,1,41.0,GM2016,train
1010,Malaysia,Sabah,LG,forest_enrichment,1,0,0,0,0,0,,34.0,Durio sp,Durio,sp,Malvaceae,75.0,4.6,117.2,0.543648148,1,1,53.0,GM2016,train
1011,Malaysia,Sabah,LG,forest_enrichment,1,0,0,0,0,0,,34.0,Durio sp,Durio,sp,Malvaceae,75.0,4.6,117.2,0.543648148,1,1,108.0,GM2016,train
1012,Indonesia,South Sumatra,F,open_degraded,0,0,0,0,0,0,,15.0,Shorea pauciflora,Shorea,pauciflora,Dipterocarpaceae,90.0,-3.17,104.1669444,0.5325,0,1,7.0,HADI2018JFLH,train
1013,Indonesia,South Sumatra,F,open_degraded,0,0,0,0,0,0,,15.0,Shorea pauciflora,Shorea,pauciflora,Dipterocarpaceae,100.0,-3.17,104.1669444,0.5325,0,1,4.0,HADI2018JFLH,train
1014,Indonesia,South Sumatra,F,open_degraded,0,0,0,0,0,0,,15.0,Alstonia scholaris,Alstonia,scholaris,Apocynaceae,100.0,-3.17,104.1669444,0.382,0,1,7.0,HADI2018JFLH,train
1015,Indonesia,South Sumatra,F,open_degraded,0,0,0,0,0,0,,15.0,Alstonia scholaris,Alstonia,scholaris,Apocynaceae,100.0,-3.17,104.1669444,0.382,0,1,4.0,HADI2018JFLH,train
1016,Indonesia,South Sumatra,F,open_degraded,0,0,0,0,0,0,,15.0,Diospyros siamang,Diospyros,siamang,Ebenaceae,90.0,-3.17,104.1669444,0.52,0,1,7.0,HADI2018JFLH,train
1017,Indonesia,South Sumatra,F,open_degraded,0,0,0,0,0,0,,15.0,Diospyros siamang,Diospyros,siamang,Ebenaceae,100.0,-3.17,104.1669444,0.52,0,1,4.0,HADI2018JFLH,train
1018,Indonesia,South Sumatra,F,open_degraded,0,0,0,0,0,0,,15.0,Dyera polyphylla,Dyera,polyphylla,Apocynaceae,100.0,-3.17,104.1669444,0.33,0,1,7.0,HADI2018JFLH,train
1019,Indonesia,South Sumatra,F,open_degraded,0,0,0,0,0,0,,15.0,Dyera polyphylla,Dyera,polyphylla,Apocynaceae,100.0,-3.17,104.1669444,0.33,0,1,4.0,HADI2018JFLH,train
1020,Indonesia,South Sumatra,F,open_degraded,0,0,0,0,0,0,,15.0,Endospermum duodenum,Endospermum,duodenum,Euphorbiaceae,100.0,-3.17,104.1669444,0.349185185,0,1,7.0,HADI2018JFLH,train
1021,Indonesia,South Sumatra,F,open_degraded,0,0,0,0,0,0,,15.0,Endospermum duodenum,Endospermum,duodenum,Euphorbiaceae,100.0,-3.17,104.1669444,0.349185185,0,1,4.0,HADI2018JFLH,train
1022,Indonesia,South Sumatra,F,open_degraded,0,0,0,0,0,0,,15.0,Alstonia pneumatophora,Alstonia,pneumatophora,Apocynaceae,90.0,-3.17,104.1669444,0.295,0,1,7.0,HADI2018JFLH,train
1023,Indonesia,South Sumatra,F,open_degraded,0,0,0,0,0,0,,15.0,Alstonia pneumatophora,Alstonia,pneumatophora,Apocynaceae,100.0,-3.17,104.1669444,0.295,0,1,4.0,HADI2018JFLH,train
1024,Indonesia,South Sumatra,F,open_degraded,0,0,0,0,0,0,,15.0,Aquilaria malaccensis,Aquilaria,malaccensis,Thymelaeaceae,100.0,-3.17,104.1669444,0.32,0,1,7.0,HADI2018JFLH,train
1025,Indonesia,South Sumatra,F,open_degraded,0,0,0,0,0,0,,15.0,Aquilaria malaccensis,Aquilaria,malaccensis,Thymelaeaceae,100.0,-3.17,104.1669444,0.32,0,1,4.0,HADI2018JFLH,train
1026,Indonesia,South Sumatra,F,open_degraded,0,0,0,0,0,0,,15.0,Hopea mengarawan,Hopea,mengarawan,Dipterocarpaceae,100.0,-3.17,104.1669444,0.56,0,1,7.0,HADI2018JFLH,train
1027,Indonesia,South Sumatra,F,open_degraded,0,0,0,0,0,0,,15.0,Hopea mengarawan,Hopea,mengarawan,Dipterocarpaceae,100.0,-3.17,104.1669444,0.56,0,1,4.0,HADI2018JFLH,train
1028,Indonesia,South Sumatra,F,open_degraded,0,0,0,0,0,0,,15.0,Fagraea fragrans,Fagraea,fragrans,Gentianaceae,100.0,-3.17,104.1669444,0.688,0,1,7.0,HADI2018JFLH,train
1029,Indonesia,South Sumatra,F,open_degraded,0,0,0,0,0,0,,15.0,Fagraea fragrans,Fagraea,fragrans,Gentianaceae,100.0,-3.17,104.1669444,0.688,0,1,4.0,HADI2018JFLH,train
1030,Indonesia,South Sumatra,F,open_degraded,0,0,0,0,0,0,,15.0,Dialium indum,Dialium,indum,Fabaceae,100.0,-3.17,104.1669444,0.82,0,1,7.0,HADI2018JFLH,train
1031,Indonesia,South Sumatra,F,open_degraded,0,0,0,0,0,0,,15.0,Dialium indum,Dialium,indum,Fabaceae,100.0,-3.17,104.1669444,0.82,0,1,4.0,HADI2018JFLH,train
1032,China,Hong Kong,F,open_degraded,0,0,0,1,1,0,,4.0,Schima superba,Schima,superba,Theaceae,97.48863264,22.43333333,114.1166667,0.5375,1,1,12.0,HBCH2003,train
1033,China,Hong Kong,F,open_degraded,0,0,0,1,1,0,,4.0,Schima superba,Schima,superba,Theaceae,97.33359418,22.43333333,114.1166667,0.5375,1,1,24.0,HBCH2003,train
1034,China,Hong Kong,F,open_degraded,0,0,0,1,1,0,,4.0,Schima superba,Schima,superba,Theaceae,100.0,22.43333333,114.1166667,0.5375,1,1,4.0,HBCH2003,train
1035,China,Hong Kong,F,open_degraded,0,0,0,1,1,0,,4.0,Castanopsis fissa,Castanopsis,fissa,Fagaceae,75.87548638,22.43333333,114.1166667,0.4446,1,1,12.0,HBCH2003,train
1036,China,Hong Kong,F,open_degraded,0,0,0,1,1,0,,4.0,Castanopsis fissa,Castanopsis,fissa,Fagaceae,64.20233463,22.43333333,114.1166667,0.4446,1,1,24.0,HBCH2003,train
1037,China,Hong Kong,F,open_degraded,0,0,0,1,1,0,,4.0,Castanopsis fissa,Castanopsis,fissa,Fagaceae,89.88326848,22.43333333,114.1166667,0.4446,1,1,4.0,HBCH2003,train
1038,China,Hong Kong,F,open_degraded,0,0,0,1,1,0,,4.0,Schefflera heptaphylla,Schefflera,heptaphylla,Araliaceae,88.81127376,22.43333333,114.1166667,0.394552976,1,1,12.0,HBCH2003,train
1039,China,Hong Kong,F,open_degraded,0,0,0,1,1,0,,4.0,Schefflera heptaphylla,Schefflera,heptaphylla,Araliaceae,73.22431412,22.43333333,114.1166667,0.394552976,1,1,24.0,HBCH2003,train
1040,China,Hong Kong,F,open_degraded,0,0,0,1,1,0,,4.0,Schefflera heptaphylla,Schefflera,heptaphylla,Araliaceae,95.41719092,22.43333333,114.1166667,0.394552976,1,1,4.0,HBCH2003,train
1041,China,Hong Kong,F,open_degraded,0,0,0,1,1,0,,4.0,Triadica cochinchinensis,Triadica,cochinchinensis,Euphorbiaceae,46.30350195,22.43333333,114.1166667,0.544977248,1,1,12.0,HBCH2003,train
1042,China,Hong Kong,F,open_degraded,0,0,0,1,1,0,,4.0,Triadica cochinchinensis,Triadica,cochinchinensis,Euphorbiaceae,15.95330739,22.43333333,114.1166667,0.544977248,1,1,24.0,HBCH2003,train
1043,China,Hong Kong,F,open_degraded,0,0,0,1,1,0,,4.0,Triadica cochinchinensis,Triadica,cochinchinensis,Euphorbiaceae,74.70817121,22.43333333,114.1166667,0.544977248,1,1,4.0,HBCH2003,train
1044,Malaysia,Sabah,LG,forest_enrichment,0,0,0,0,0,0,,5.0,Duabanga moluccana,Duabanga,moluccana,Lythraceae,35.0,4.966666667,117.8,0.332333333,0,1,12.0,HBE2003,train
1045,Malaysia,Sabah,LG,forest_enrichment,0,0,0,0,0,0,,5.0,Octomeles sumatrana,Octomeles,sumatrana,Tetramelaceae,50.0,4.966666667,117.8,0.301,0,1,12.0,HBE2003,train
1046,Malaysia,Sabah,LG,forest_enrichment,0,0,0,0,0,0,,5.0,Macaranga pearsonii,Macaranga,pearsonii,Euphorbiaceae,67.0,4.966666667,117.8,0.382929167,0,1,12.0,HBE2003,train
1047,Malaysia,Sabah,LG,forest_enrichment,0,0,0,0,0,0,,5.0,Macaranga gigantea,Macaranga,gigantea,Euphorbiaceae,63.0,4.966666667,117.8,0.295,0,1,12.0,HBE2003,train
1048,Malaysia,Sabah,LG,forest_enrichment,0,0,0,0,0,0,,5.0,Neonauclea longipedunculata,Neonauclea,longipedunculata,Rubiaceae,78.0,4.966666667,117.8,0.650794118,0,1,12.0,HBE2003,train
1049,Malaysia,Sabah,LG,forest_enrichment,0,0,0,0,0,0,,5.0,Octomeles sumatrana,Octomeles,sumatrana,Tetramelaceae,74.0,4.966666667,117.8,0.301,0,1,12.0,HBE2003,train
1050,Malaysia,Sabah,LG,forest_enrichment,0,0,0,0,0,0,,5.0,Duabanga moluccana,Duabanga,moluccana,Lythraceae,27.0,4.966666667,117.8,0.332333333,0,1,12.0,HBE2003,train
1051,Malaysia,Sabah,LG,forest_enrichment,0,0,0,0,0,0,,5.0,Macaranga pearsonii,Macaranga,pearsonii,Euphorbiaceae,52.0,4.966666667,117.8,0.382929167,0,1,12.0,HBE2003,train
1052,Malaysia,Sabah,LG,forest_enrichment,0,0,0,0,0,0,,5.0,Macaranga gigantea,Macaranga,gigantea,Euphorbiaceae,35.0,4.966666667,117.8,0.295,0,1,12.0,HBE2003,train
1053,Malaysia,Sabah,LG,forest_enrichment,0,0,0,0,0,0,,5.0,Neonauclea longipedunculata,Neonauclea,longipedunculata,Rubiaceae,62.0,4.966666667,117.8,0.650794118,0,1,12.0,HBE2003,train
1054,Malaysia,Sarawak,AG,open_degraded,1,0,0,0,0,0,,1.0,Dryobalanops beccarii,Dryobalanops,beccarii,Dipterocarpaceae,28.88462515,3.65,113.7,0.503333333,1,1,12.0,HD2009,train
1055,Malaysia,Sarawak,AG,open_degraded,1,0,0,0,0,0,,1.0,Dryobalanops beccarii,Dryobalanops,beccarii,Dipterocarpaceae,16.1536074,3.65,113.7,0.503333333,1,1,24.0,HD2009,train
1056,Malaysia,Sarawak,AG,open_degraded,1,0,0,0,0,0,,1.0,Dryobalanops beccarii,Dryobalanops,beccarii,Dipterocarpaceae,15.72754719,3.65,113.7,0.503333333,1,1,36.0,HD2009,train
1057,Malaysia,Sarawak,AG,open_degraded,1,0,0,0,0,0,,1.0,Dryobalanops beccarii,Dryobalanops,beccarii,Dipterocarpaceae,12.81002229,3.65,113.7,0.503333333,1,1,50.0,HD2009,train
1058,Malaysia,Sarawak,AG,open_degraded,1,0,0,0,0,0,,1.0,Dryobalanops beccarii,Dryobalanops,beccarii,Dipterocarpaceae,6.69845659,3.65,113.7,0.503333333,1,1,81.0,HD2009,train
1059,Malaysia,Sarawak,AG,open_degraded,1,0,0,0,0,0,,1.0,Dryobalanops beccarii,Dryobalanops,beccarii,Dipterocarpaceae,94.40196383,3.65,113.7,0.503333333,1,1,1.0,HD2009,train
1060,Malaysia,Sarawak,AG,forest_enrichment,1,0,0,0,0,0,,1.0,Shorea parvifolia,Shorea,parvifolia,Dipterocarpaceae,65.03864942,3.65,113.7,0.405,1,1,12.0,HD2009,train
1061,Malaysia,Sarawak,AG,forest_enrichment,1,0,0,0,0,0,,1.0,Shorea parvifolia,Shorea,parvifolia,Dipterocarpaceae,61.20646091,3.65,113.7,0.405,1,1,24.0,HD2009,train
1062,Malaysia,Sarawak,AG,forest_enrichment,1,0,0,0,0,0,,1.0,Shorea parvifolia,Shorea,parvifolia,Dipterocarpaceae,53.66841977,3.65,113.7,0.405,1,1,36.0,HD2009,train
1063,Malaysia,Sarawak,AG,forest_enrichment,1,0,0,0,0,0,,1.0,Shorea parvifolia,Shorea,parvifolia,Dipterocarpaceae,45.45190814,3.65,113.7,0.405,1,1,50.0,HD2009,train
1064,Malaysia,Sarawak,AG,forest_enrichment,1,0,0,0,0,0,,1.0,Shorea parvifolia,Shorea,parvifolia,Dipterocarpaceae,24.6641961,3.65,113.7,0.405,1,1,81.0,HD2009,train
1065,Malaysia,Sarawak,AG,forest_enrichment,1,0,0,0,0,0,,1.0,Shorea parvifolia,Shorea,parvifolia,Dipterocarpaceae,90.34793839,3.65,113.7,0.405,1,1,1.0,HD2009,train
1066,Malaysia,Sarawak,AG,forest_enrichment,1,0,0,0,0,0,,1.0,Shorea seminis,Shorea,seminis,Dipterocarpaceae,68.96909918,3.65,113.7,0.72,1,1,12.0,HD2009,train
1067,Malaysia,Sarawak,AG,forest_enrichment,1,0,0,0,0,0,,1.0,Shorea seminis,Shorea,seminis,Dipterocarpaceae,63.97493246,3.65,113.7,0.72,1,1,24.0,HD2009,train
1068,Malaysia,Sarawak,AG,forest_enrichment,1,0,0,0,0,0,,1.0,Shorea seminis,Shorea,seminis,Dipterocarpaceae,61.05049068,3.65,113.7,0.72,1,1,36.0,HD2009,train
1069,Malaysia,Sarawak,AG,forest_enrichment,1,0,0,0,0,0,,1.0,Shorea seminis,Shorea,seminis,Dipterocarpaceae,59.30206442,3.65,113.7,0.72,1,1,50.0,HD2009,train
1070,Malaysia,Sarawak,AG,forest_enrichment,1,0,0,0,0,0,,1.0,Shorea seminis,Shorea,seminis,Dipterocarpaceae,50.52405997,3.65,113.7,0.72,1,1,81.0,HD2009,train
1071,Malaysia,Sarawak,AG,forest_enrichment,1,0,0,0,0,0,,1.0,Shorea seminis,Shorea,seminis,Dipterocarpaceae,86.67951861,3.65,113.7,0.72,1,1,3.0,HD2009,train
1072,Malaysia,Sarawak,AG,forest_enrichment,1,0,0,0,0,0,,1.0,Shorea virescens,Shorea,virescens,Dipterocarpaceae,92.74364109,3.65,113.7,0.435,1,1,12.0,HD2009,train
1073,Malaysia,Sarawak,AG,forest_enrichment,1,0,0,0,0,0,,1.0,Shorea virescens,Shorea,virescens,Dipterocarpaceae,86.82145152,3.65,113.7,0.435,1,1,24.0,HD2009,train
1074,Malaysia,Sarawak,AG,forest_enrichment,1,0,0,0,0,0,,1.0,Shorea virescens,Shorea,virescens,Dipterocarpaceae,86.89163812,3.65,113.7,0.435,1,1,36.0,HD2009,train
1075,Malaysia,Sarawak,AG,forest_enrichment,1,0,0,0,0,0,,1.0,Shorea virescens,Shorea,virescens,Dipterocarpaceae,84.92641325,3.65,113.7,0.435,1,1,50.0,HD2009,train
1076,Malaysia,Sarawak,AG,forest_enrichment,1,0,0,0,0,0,,1.0,Shorea virescens,Shorea,virescens,Dipterocarpaceae,81.6853519,3.65,113.7,0.435,1,1,81.0,HD2009,train
1077,Malaysia,Sarawak,AG,forest_enrichment,1,0,0,0,0,0,,1.0,Shorea virescens,Shorea,virescens,Dipterocarpaceae,95.21420951,3.65,113.7,0.435,1,1,3.0,HD2009,train
1078,Malaysia,Sarawak,LG,forest_enrichment,1,0,0,0,0,0,,1.0,Dryobalanops beccarii,Dryobalanops,beccarii,Dipterocarpaceae,69.41427106,3.65,113.7,0.503333333,1,1,12.0,HD2009,train
1079,Malaysia,Sarawak,LG,forest_enrichment,1,0,0,0,0,0,,1.0,Dryobalanops beccarii,Dryobalanops,beccarii,Dipterocarpaceae,55.73104337,3.65,113.7,0.503333333,1,1,24.0,HD2009,train
1080,Malaysia,Sarawak,LG,forest_enrichment,1,0,0,0,0,0,,1.0,Dryobalanops beccarii,Dryobalanops,beccarii,Dipterocarpaceae,49.08471634,3.65,113.7,0.503333333,1,1,36.0,HD2009,train
1081,Malaysia,Sarawak,LG,forest_enrichment,1,0,0,0,0,0,,1.0,Dryobalanops beccarii,Dryobalanops,beccarii,Dipterocarpaceae,46.65711054,3.65,113.7,0.503333333,1,1,50.0,HD2009,train
1082,Malaysia,Sarawak,LG,forest_enrichment,1,0,0,0,0,0,,1.0,Dryobalanops beccarii,Dryobalanops,beccarii,Dipterocarpaceae,44.82851582,3.65,113.7,0.503333333,1,1,81.0,HD2009,train
1083,Malaysia,Sarawak,LG,forest_enrichment,1,0,0,0,0,0,,1.0,Dryobalanops beccarii,Dryobalanops,beccarii,Dipterocarpaceae,93.41285079,3.65,113.7,0.503333333,1,1,3.0,HD2009,train
1084,Malaysia,Sarawak,LG,forest_enrichment,1,0,0,0,0,0,,1.0,Parashorea macrophylla,Parashorea,macrophylla,Dipterocarpaceae,67.53899161,3.65,113.7,0.53,1,1,12.0,HD2009,train
1085,Malaysia,Sarawak,LG,forest_enrichment,1,0,0,0,0,0,,1.0,Parashorea macrophylla,Parashorea,macrophylla,Dipterocarpaceae,54.32655638,3.65,113.7,0.53,1,1,24.0,HD2009,train
1086,Malaysia,Sarawak,LG,forest_enrichment,1,0,0,0,0,0,,1.0,Parashorea macrophylla,Parashorea,macrophylla,Dipterocarpaceae,42.74940165,3.65,113.7,0.53,1,1,36.0,HD2009,train
1087,Malaysia,Sarawak,LG,forest_enrichment,1,0,0,0,0,0,,1.0,Parashorea macrophylla,Parashorea,macrophylla,Dipterocarpaceae,41.25549039,3.65,113.7,0.53,1,1,50.0,HD2009,train
1088,Malaysia,Sarawak,LG,forest_enrichment,1,0,0,0,0,0,,1.0,Parashorea macrophylla,Parashorea,macrophylla,Dipterocarpaceae,40.37374083,3.65,113.7,0.53,1,1,81.0,HD2009,train
1089,Malaysia,Sarawak,LG,forest_enrichment,1,0,0,0,0,0,,1.0,Parashorea macrophylla,Parashorea,macrophylla,Dipterocarpaceae,85.66910392,3.65,113.7,0.53,1,1,3.0,HD2009,train
1090,Malaysia,Sarawak,LG,forest_enrichment,1,0,0,0,0,0,,1.0,Shorea macrophylla,Shorea,macrophylla,Dipterocarpaceae,98.76055338,3.65,113.7,0.32,1,1,12.0,HD2009,train
1091,Malaysia,Sarawak,LG,forest_enrichment,1,0,0,0,0,0,,1.0,Shorea macrophylla,Shorea,macrophylla,Dipterocarpaceae,91.41395545,3.65,113.7,0.32,1,1,24.0,HD2009,train
1092,Malaysia,Sarawak,LG,forest_enrichment,1,0,0,0,0,0,,1.0,Shorea macrophylla,Shorea,macrophylla,Dipterocarpaceae,86.64422293,3.65,113.7,0.32,1,1,36.0,HD2009,train
1093,Malaysia,Sarawak,LG,forest_enrichment,1,0,0,0,0,0,,1.0,Shorea macrophylla,Shorea,macrophylla,Dipterocarpaceae,86.33058047,3.65,113.7,0.32,1,1,50.0,HD2009,train
1094,Malaysia,Sarawak,LG,forest_enrichment,1,0,0,0,0,0,,1.0,Shorea macrophylla,Shorea,macrophylla,Dipterocarpaceae,49.05512743,3.65,113.7,0.32,1,1,81.0,HD2009,train
1095,Malaysia,Sarawak,LG,forest_enrichment,1,0,0,0,0,0,,1.0,Shorea parvifolia,Shorea,parvifolia,Dipterocarpaceae,71.9937666,3.65,113.7,0.405,1,1,12.0,HD2009,train
1096,Malaysia,Sarawak,LG,forest_enrichment,1,0,0,0,0,0,,1.0,Shorea parvifolia,Shorea,parvifolia,Dipterocarpaceae,38.5911733,3.65,113.7,0.405,1,1,24.0,HD2009,train
1097,Malaysia,Sarawak,LG,forest_enrichment,1,0,0,0,0,0,,1.0,Shorea parvifolia,Shorea,parvifolia,Dipterocarpaceae,29.13718734,3.65,113.7,0.405,1,1,36.0,HD2009,train
1098,Malaysia,Sarawak,LG,forest_enrichment,1,0,0,0,0,0,,1.0,Shorea parvifolia,Shorea,parvifolia,Dipterocarpaceae,26.22958365,3.65,113.7,0.405,1,1,50.0,HD2009,train
1099,Malaysia,Sarawak,LG,forest_enrichment,1,0,0,0,0,0,,1.0,Shorea parvifolia,Shorea,parvifolia,Dipterocarpaceae,17.84014097,3.65,113.7,0.405,1,1,81.0,HD2009,train
1100,Malaysia,Sarawak,LG,forest_enrichment,1,0,0,0,0,0,,1.0,Shorea seminis,Shorea,seminis,Dipterocarpaceae,94.76079009,3.65,113.7,0.72,1,1,12.0,HD2009,train
1101,Malaysia,Sarawak,LG,forest_enrichment,1,0,0,0,0,0,,1.0,Shorea seminis,Shorea,seminis,Dipterocarpaceae,96.09689382,3.65,113.7,0.72,1,1,24.0,HD2009,train
1102,Malaysia,Sarawak,LG,forest_enrichment,1,0,0,0,0,0,,1.0,Shorea seminis,Shorea,seminis,Dipterocarpaceae,81.47997159,3.65,113.7,0.72,1,1,36.0,HD2009,train
1103,Malaysia,Sarawak,LG,forest_enrichment,1,0,0,0,0,0,,1.0,Shorea seminis,Shorea,seminis,Dipterocarpaceae,76.46497988,3.65,113.7,0.72,1,1,50.0,HD2009,train
1104,Malaysia,Sarawak,LG,forest_enrichment,1,0,0,0,0,0,,1.0,Shorea seminis,Shorea,seminis,Dipterocarpaceae,66.90184372,3.65,113.7,0.72,1,1,81.0,HD2009,train
1105,Malaysia,Sarawak,LG,forest_enrichment,1,0,0,0,0,0,,1.0,Shorea seminis,Shorea,seminis,Dipterocarpaceae,97.16472476,3.65,113.7,0.72,1,1,3.0,HD2009,train
1106,Malaysia,Sarawak,LG,forest_enrichment,1,0,0,0,0,0,,1.0,Shorea virescens,Shorea,virescens,Dipterocarpaceae,97.34554588,3.65,113.7,0.435,1,1,12.0,HD2009,train
1107,Malaysia,Sarawak,LG,forest_enrichment,1,0,0,0,0,0,,1.0,Shorea virescens,Shorea,virescens,Dipterocarpaceae,72.38828542,3.65,113.7,0.435,1,1,24.0,HD2009,train
1108,Malaysia,Sarawak,LG,forest_enrichment,1,0,0,0,0,0,,1.0,Shorea virescens,Shorea,virescens,Dipterocarpaceae,65.51905526,3.65,113.7,0.435,1,1,36.0,HD2009,train
1109,Malaysia,Sarawak,LG,forest_enrichment,1,0,0,0,0,0,,1.0,Shorea virescens,Shorea,virescens,Dipterocarpaceae,60.2745851,3.65,113.7,0.435,1,1,50.0,HD2009,train
1110,Malaysia,Sarawak,LG,forest_enrichment,1,0,0,0,0,0,,1.0,Shorea virescens,Shorea,virescens,Dipterocarpaceae,57.03229794,3.65,113.7,0.435,1,1,81.0,HD2009,train
1111,Malaysia,Sarawak,AG,open_degraded,1,0,0,0,0,0,,1.0,Parashorea macrophylla,Parashorea,macrophylla,Dipterocarpaceae,34.75635563,3.65,113.7,0.53,1,1,12.0,HD2009,train
1112,Malaysia,Sarawak,AG,open_degraded,1,0,0,0,0,0,,1.0,Parashorea macrophylla,Parashorea,macrophylla,Dipterocarpaceae,17.00008465,3.65,113.7,0.53,1,1,24.0,HD2009,train
1113,Malaysia,Sarawak,AG,open_degraded,1,0,0,0,0,0,,1.0,Parashorea macrophylla,Parashorea,macrophylla,Dipterocarpaceae,10.69947236,3.65,113.7,0.53,1,1,36.0,HD2009,train
1114,Malaysia,Sarawak,AG,open_degraded,1,0,0,0,0,0,,1.0,Parashorea macrophylla,Parashorea,macrophylla,Dipterocarpaceae,6.661775909,3.65,113.7,0.53,1,1,50.0,HD2009,train
1115,Malaysia,Sarawak,AG,open_degraded,1,0,0,0,0,0,,1.0,Parashorea macrophylla,Parashorea,macrophylla,Dipterocarpaceae,6.709742953,3.65,113.7,0.53,1,1,81.0,HD2009,train
1116,Malaysia,Sarawak,AG,open_degraded,1,0,0,0,0,0,,1.0,Parashorea macrophylla,Parashorea,macrophylla,Dipterocarpaceae,95.51367061,3.65,113.7,0.53,1,1,1.0,HD2009,train
1117,Malaysia,Sarawak,AG,open_degraded,1,0,0,0,0,0,,1.0,Shorea macrophylla,Shorea,macrophylla,Dipterocarpaceae,40.61962134,3.65,113.7,0.32,1,1,12.0,HD2009,train
1118,Malaysia,Sarawak,AG,open_degraded,1,0,0,0,0,0,,1.0,Shorea macrophylla,Shorea,macrophylla,Dipterocarpaceae,13.65085635,3.65,113.7,0.32,1,1,24.0,HD2009,train
1119,Malaysia,Sarawak,AG,open_degraded,1,0,0,0,0,0,,1.0,Shorea macrophylla,Shorea,macrophylla,Dipterocarpaceae,3.738607827,3.65,113.7,0.32,1,1,36.0,HD2009,train
1120,Malaysia,Sarawak,AG,open_degraded,1,0,0,0,0,0,,1.0,Shorea macrophylla,Shorea,macrophylla,Dipterocarpaceae,3.030388533,3.65,113.7,0.32,1,1,50.0,HD2009,train
1121,Malaysia,Sarawak,AG,open_degraded,1,0,0,0,0,0,,1.0,Shorea macrophylla,Shorea,macrophylla,Dipterocarpaceae,0.843655653,3.65,113.7,0.32,1,1,81.0,HD2009,train
1122,Malaysia,Sarawak,AG,open_degraded,1,0,0,0,0,0,,1.0,Shorea macrophylla,Shorea,macrophylla,Dipterocarpaceae,94.40760701,3.65,113.7,0.32,1,1,1.0,HD2009,train
1123,Malaysia,Sarawak,AG,open_degraded,1,0,0,0,0,0,,1.0,Shorea parvifolia,Shorea,parvifolia,Dipterocarpaceae,43.13083717,3.65,113.7,0.405,1,1,12.0,HD2009,train
1124,Malaysia,Sarawak,AG,open_degraded,1,0,0,0,0,0,,1.0,Shorea parvifolia,Shorea,parvifolia,Dipterocarpaceae,30.41110578,3.65,113.7,0.405,1,1,24.0,HD2009,train
1125,Malaysia,Sarawak,AG,open_degraded,1,0,0,0,0,0,,1.0,Shorea parvifolia,Shorea,parvifolia,Dipterocarpaceae,27.47100815,3.65,113.7,0.405,1,1,36.0,HD2009,train
1126,Malaysia,Sarawak,AG,open_degraded,1,0,0,0,0,0,,1.0,Shorea parvifolia,Shorea,parvifolia,Dipterocarpaceae,22.57836968,3.65,113.7,0.405,1,1,50.0,HD2009,train
1127,Malaysia,Sarawak,AG,open_degraded,1,0,0,0,0,0,,1.0,Shorea parvifolia,Shorea,parvifolia,Dipterocarpaceae,19.27993002,3.65,113.7,0.405,1,1,81.0,HD2009,train
1128,Malaysia,Sarawak,AG,open_degraded,1,0,0,0,0,0,,1.0,Shorea parvifolia,Shorea,parvifolia,Dipterocarpaceae,94.69258768,3.65,113.7,0.405,1,1,1.0,HD2009,train
1129,Malaysia,Sarawak,AG,open_degraded,1,0,0,0,0,0,,1.0,Shorea seminis,Shorea,seminis,Dipterocarpaceae,51.24008916,3.65,113.7,0.72,1,1,12.0,HD2009,train
1130,Malaysia,Sarawak,AG,open_degraded,1,0,0,0,0,0,,1.0,Shorea seminis,Shorea,seminis,Dipterocarpaceae,51.64357665,3.65,113.7,0.72,1,1,24.0,HD2009,train
1131,Malaysia,Sarawak,AG,open_degraded,1,0,0,0,0,0,,1.0,Shorea seminis,Shorea,seminis,Dipterocarpaceae,50.37103919,3.65,113.7,0.72,1,1,36.0,HD2009,train
1132,Malaysia,Sarawak,AG,open_degraded,1,0,0,0,0,0,,1.0,Shorea seminis,Shorea,seminis,Dipterocarpaceae,47.72156542,3.65,113.7,0.72,1,1,50.0,HD2009,train
1133,Malaysia,Sarawak,AG,open_degraded,1,0,0,0,0,0,,1.0,Shorea seminis,Shorea,seminis,Dipterocarpaceae,45.54329731,3.65,113.7,0.72,1,1,81.0,HD2009,train
1134,Malaysia,Sarawak,AG,open_degraded,1,0,0,0,0,0,,1.0,Shorea seminis,Shorea,seminis,Dipterocarpaceae,89.38235377,3.65,113.7,0.72,1,1,1.0,HD2009,train
1135,Malaysia,Sarawak,AG,open_degraded,1,0,0,0,0,0,,1.0,Shorea virescens,Shorea,virescens,Dipterocarpaceae,51.51378347,3.65,113.7,0.435,1,1,12.0,HD2009,train
1136,Malaysia,Sarawak,AG,open_degraded,1,0,0,0,0,0,,1.0,Shorea virescens,Shorea,virescens,Dipterocarpaceae,38.50624982,3.65,113.7,0.435,1,1,24.0,HD2009,train
1137,Malaysia,Sarawak,AG,open_degraded,1,0,0,0,0,0,,1.0,Shorea virescens,Shorea,virescens,Dipterocarpaceae,39.19189639,3.65,113.7,0.435,1,1,36.0,HD2009,train
1138,Malaysia,Sarawak,AG,open_degraded,1,0,0,0,0,0,,1.0,Shorea virescens,Shorea,virescens,Dipterocarpaceae,36.2715499,3.65,113.7,0.435,1,1,50.0,HD2009,train
1139,Malaysia,Sarawak,AG,open_degraded,1,0,0,0,0,0,,1.0,Shorea virescens,Shorea,virescens,Dipterocarpaceae,11.46412347,3.65,113.7,0.435,1,1,81.0,HD2009,train
1140,Malaysia,Sarawak,AG,open_degraded,1,0,0,0,0,0,,1.0,Shorea virescens,Shorea,virescens,Dipterocarpaceae,89.09455151,3.65,113.7,0.435,1,1,1.0,HD2009,train
1141,Malaysia,Sarawak,AG,forest_enrichment,1,0,0,0,0,0,,1.0,Dryobalanops beccarii,Dryobalanops,beccarii,Dipterocarpaceae,62.27173757,3.65,113.7,0.503333333,1,1,12.0,HD2009,train
1142,Malaysia,Sarawak,AG,forest_enrichment,1,0,0,0,0,0,,1.0,Dryobalanops beccarii,Dryobalanops,beccarii,Dipterocarpaceae,62.81763337,3.65,113.7,0.503333333,1,1,24.0,HD2009,train
1143,Malaysia,Sarawak,AG,forest_enrichment,1,0,0,0,0,0,,1.0,Dryobalanops beccarii,Dryobalanops,beccarii,Dipterocarpaceae,56.8985632,3.65,113.7,0.503333333,1,1,36.0,HD2009,train
1144,Malaysia,Sarawak,AG,forest_enrichment,1,0,0,0,0,0,,1.0,Dryobalanops beccarii,Dryobalanops,beccarii,Dipterocarpaceae,53.53272567,3.65,113.7,0.503333333,1,1,50.0,HD2009,train
1145,Malaysia,Sarawak,AG,forest_enrichment,1,0,0,0,0,0,,1.0,Dryobalanops beccarii,Dryobalanops,beccarii,Dipterocarpaceae,51.44428432,3.65,113.7,0.503333333,1,1,81.0,HD2009,train
1146,Malaysia,Sarawak,AG,forest_enrichment,1,0,0,0,0,0,,1.0,Dryobalanops beccarii,Dryobalanops,beccarii,Dipterocarpaceae,94.26279112,3.65,113.7,0.503333333,1,1,1.0,HD2009,train
1147,Malaysia,Sarawak,AG,forest_enrichment,1,0,0,0,0,0,,1.0,Parashorea macrophylla,Parashorea,macrophylla,Dipterocarpaceae,87.20201888,3.65,113.7,0.53,1,1,12.0,HD2009,train
1148,Malaysia,Sarawak,AG,forest_enrichment,1,0,0,0,0,0,,1.0,Parashorea macrophylla,Parashorea,macrophylla,Dipterocarpaceae,86.82457093,3.65,113.7,0.53,1,1,24.0,HD2009,train
1149,Malaysia,Sarawak,AG,forest_enrichment,1,0,0,0,0,0,,1.0,Parashorea macrophylla,Parashorea,macrophylla,Dipterocarpaceae,87.59350415,3.65,113.7,0.53,1,1,36.0,HD2009,train
1150,Malaysia,Sarawak,AG,forest_enrichment,1,0,0,0,0,0,,1.0,Parashorea macrophylla,Parashorea,macrophylla,Dipterocarpaceae,81.69159071,3.65,113.7,0.53,1,1,50.0,HD2009,train
1151,Malaysia,Sarawak,AG,forest_enrichment,1,0,0,0,0,0,,1.0,Parashorea macrophylla,Parashorea,macrophylla,Dipterocarpaceae,81.90994903,3.65,113.7,0.53,1,1,81.0,HD2009,train
1152,Malaysia,Sarawak,AG,forest_enrichment,1,0,0,0,0,0,,1.0,Parashorea macrophylla,Parashorea,macrophylla,Dipterocarpaceae,94.95997804,3.65,113.7,0.53,1,1,1.0,HD2009,train
1153,Malaysia,Sarawak,AG,forest_enrichment,1,0,0,0,0,0,,1.0,Shorea macrophylla,Shorea,macrophylla,Dipterocarpaceae,77.74242453,3.65,113.7,0.32,1,1,12.0,HD2009,train
1154,Malaysia,Sarawak,AG,forest_enrichment,1,0,0,0,0,0,,1.0,Shorea macrophylla,Shorea,macrophylla,Dipterocarpaceae,77.82040964,3.65,113.7,0.32,1,1,24.0,HD2009,train
1155,Malaysia,Sarawak,AG,forest_enrichment,1,0,0,0,0,0,,1.0,Shorea macrophylla,Shorea,macrophylla,Dipterocarpaceae,64.97938074,3.65,113.7,0.32,1,1,36.0,HD2009,train
1156,Malaysia,Sarawak,AG,forest_enrichment,1,0,0,0,0,0,,1.0,Shorea macrophylla,Shorea,macrophylla,Dipterocarpaceae,61.84905825,3.65,113.7,0.32,1,1,50.0,HD2009,train
1157,Malaysia,Sarawak,AG,forest_enrichment,1,0,0,0,0,0,,1.0,Shorea macrophylla,Shorea,macrophylla,Dipterocarpaceae,51.67044115,3.65,113.7,0.32,1,1,81.0,HD2009,train
1158,Malaysia,Sarawak,AG,forest_enrichment,1,0,0,0,0,0,,1.0,Shorea macrophylla,Shorea,macrophylla,Dipterocarpaceae,94.27370903,3.65,113.7,0.32,1,1,1.0,HD2009,train
1159,Malaysia,Unknown,LG,forest_enrichment,1,0,0,0,0,0,,1.0,Shorea curtisii,Shorea,curtisii,Dipterocarpaceae,25.0,4.533333333,101.2166667,0.526666667,1,1,216.0,HD2016,train
1160,Malaysia,Unknown,LG,forest_enrichment,1,0,0,0,0,0,,1.0,Shorea curtisii,Shorea,curtisii,Dipterocarpaceae,22.0,4.533333333,101.2166667,0.526666667,1,1,216.0,HD2016,train
1161,Malaysia,Unknown,LG,forest_enrichment,1,0,0,0,0,0,,1.0,Shorea curtisii,Shorea,curtisii,Dipterocarpaceae,34.0,4.533333333,101.2166667,0.526666667,1,1,216.0,HD2016,train
1162,Malaysia,Unknown,LG,forest_enrichment,1,0,0,0,0,0,,1.0,Shorea curtisii,Shorea,curtisii,Dipterocarpaceae,40.0,4.533333333,101.2166667,0.526666667,1,1,216.0,HD2016,train
1163,Thailand,Chiang Mai,F,open_degraded,1,0,0,0,0,0,,6.0,Beilschmiedia sp,Beilschmiedia,sp.,Lauraceae,93.0,18.83333333,98.83333333,0.606285714,1,1,4.0,HK1997,train
1164,Thailand,Chiang Mai,F,open_degraded,0,0,0,0,0,0,,6.0,Beilschmiedia sp,Beilschmiedia,sp.,Lauraceae,93.0,18.83333333,98.83333333,0.606285714,0,1,8.0,HK1997,train
1165,Thailand,Chiang Mai,F,open_degraded,0,0,0,0,0,0,,6.0,Prunus campanulata,Prunus,campanulata,Rosaceae,70.0,18.83333333,98.83333333,0.585666667,0,1,8.0,HK1997,train
1166,Thailand,Chiang Mai,F,open_degraded,0,0,0,0,0,0,,6.0,Engelhardia spicata,Engelhardia,spicata,Juglandaceae,67.0,18.83333333,98.83333333,0.487918283,0,1,8.0,HK1997,train
1167,Thailand,Chiang Mai,F,open_degraded,1,0,0,0,0,0,,6.0,Prunus campanulata,Prunus,campanulata,Rosaceae,97.0,18.83333333,98.83333333,0.585666667,1,1,4.0,HK1997,train
1168,Thailand,Chiang Mai,F,open_degraded,1,0,0,0,0,0,,6.0,Engelhardia spicata,Engelhardia,spicata,Juglandaceae,97.0,18.83333333,98.83333333,0.487918283,1,1,4.0,HK1997,train
1169,Thailand,Chiang Mai,F,open_degraded,0,0,0,0,0,0,,6.0,Beilschmiedia sp,Beilschmiedia,sp.,Lauraceae,97.0,18.83333333,98.83333333,0.606285714,0,1,4.0,HK1997,train
1170,Thailand,Chiang Mai,F,open_degraded,0,0,0,0,0,0,,6.0,Prunus campanulata,Prunus,campanulata,Rosaceae,93.0,18.83333333,98.83333333,0.585666667,0,1,4.0,HK1997,train
1171,Thailand,Chiang Mai,F,open_degraded,0,0,0,0,0,0,,6.0,Engelhardia spicata,Engelhardia,spicata,Juglandaceae,87.0,18.83333333,98.83333333,0.487918283,0,1,4.0,HK1997,train
1172,Thailand,Chiang Mai,F,open_degraded,1,0,0,0,0,0,,6.0,Beilschmiedia sp,Beilschmiedia,sp.,Lauraceae,37.0,18.83333333,98.83333333,0.606285714,1,1,8.0,HK1997,train
1173,Thailand,Chiang Mai,F,open_degraded,1,0,0,0,0,0,,6.0,Prunus campanulata,Prunus,campanulata,Rosaceae,53.0,18.83333333,98.83333333,0.585666667,1,1,8.0,HK1997,train
1174,Thailand,Chiang Mai,F,open_degraded,1,0,0,0,0,0,,6.0,Engelhardia spicata,Engelhardia,spicata,Juglandaceae,27.0,18.83333333,98.83333333,0.487918283,1,1,8.0,HK1997,train
1175,Malaysia,Negeri Sembilan,LG,open_degraded,1,0,0,0,1,0,,1.0,Azadirachta excelsa,Azadirachta,excelsa,Meliaceae,73.3,3.25,102.35,0.505,1,1,72.0,HMZ2009,train
1176,Malaysia,Negeri Sembilan,LG,open_degraded,1,0,0,0,1,0,,1.0,Intsia palembanica,Intsia,palembanica,Fabaceae,47.4,3.25,102.35,0.658666667,1,1,72.0,HMZ2009,train
1177,Malaysia,Negeri Sembilan,LG,open_degraded,1,0,0,0,1,0,,1.0,Cinnamomum verum,Cinnamomum,verum,Lauraceae,77.5,3.25,102.35,0.498,1,1,72.0,HMZ2009,train
1178,Malaysia,Negeri Sembilan,LG,open_degraded,1,0,0,0,1,0,,1.0,Neobalanocarpus heimii,Neobalanocarpus,heimii,Dipterocarpaceae,17.5,3.25,102.35,0.76,1,1,72.0,HMZ2009,train
1179,Malaysia,Negeri Sembilan,LG,open_degraded,1,0,0,0,1,0,,1.0,Dryobalanops sumatrensis,Dryobalanops,sumatrensis,Dipterocarpaceae,8.1,3.25,102.35,0.65,1,1,72.0,HMZ2009,train
1180,Malaysia,Negeri Sembilan,LG,open_degraded,1,0,0,0,1,0,,1.0,Hopea nervosa,Hopea,nervosa,Dipterocarpaceae,38.5,3.25,102.35,0.613333333,1,1,72.0,HMZ2009,train
1181,Malaysia,Negeri Sembilan,LG,open_degraded,1,0,0,0,1,0,,1.0,Shorea assamica,Shorea,assamica,Dipterocarpaceae,8.1,3.25,102.35,0.464333333,1,1,72.0,HMZ2009,train
1182,Malaysia,Negeri Sembilan,LG,open_degraded,1,0,0,0,1,0,,1.0,Shorea leprosula,Shorea,leprosula,Dipterocarpaceae,21.5,3.25,102.35,0.44,1,1,72.0,HMZ2009,train
1183,Malaysia,Negeri Sembilan,LG,open_degraded,1,0,0,0,1,0,,1.0,Shorea parvifolia,Shorea,parvifolia,Dipterocarpaceae,29.6,3.25,102.35,0.405,1,1,72.0,HMZ2009,train
1184,Malaysia,Sarawak,AG,open_degraded,1,0,0,0,1,0,,1.0,Dryobalanops lanceolata,Dryobalanops,lanceolata,Dipterocarpaceae,98.9516122,3.683333333,113.65,0.62,1,1,11.0,IKO2005,train
1185,Malaysia,Sarawak,AG,open_degraded,1,0,0,0,1,0,,1.0,Dryobalanops lanceolata,Dryobalanops,lanceolata,Dipterocarpaceae,93.55033928,3.683333333,113.65,0.62,1,1,29.0,IKO2005,train
1186,Malaysia,Sarawak,AG,open_degraded,1,0,0,0,1,0,,1.0,Dryobalanops lanceolata,Dryobalanops,lanceolata,Dipterocarpaceae,87.03402144,3.683333333,113.65,0.62,1,1,34.0,IKO2005,train
1187,Malaysia,Sarawak,AG,open_degraded,1,0,0,0,1,0,,1.0,Dryobalanops lanceolata,Dryobalanops,lanceolata,Dipterocarpaceae,99.97895038,3.683333333,113.65,0.62,1,1,4.0,IKO2005,train
1188,Malaysia,Sarawak,AG,open_degraded,1,0,0,0,1,0,,1.0,Dryobalanops lanceolata,Dryobalanops,lanceolata,Dipterocarpaceae,49.85121234,3.683333333,113.65,0.62,1,1,11.0,IKO2005,train
1189,Malaysia,Sarawak,AG,open_degraded,1,0,0,0,1,0,,1.0,Dryobalanops lanceolata,Dryobalanops,lanceolata,Dipterocarpaceae,50.85047759,3.683333333,113.65,0.62,1,1,29.0,IKO2005,train
1190,Malaysia,Sarawak,AG,open_degraded,1,0,0,0,1,0,,1.0,Dryobalanops lanceolata,Dryobalanops,lanceolata,Dipterocarpaceae,38.09698751,3.683333333,113.65,0.62,1,1,34.0,IKO2005,train
1191,Malaysia,Sarawak,AG,open_degraded,1,0,0,0,1,0,,1.0,Dryobalanops lanceolata,Dryobalanops,lanceolata,Dipterocarpaceae,100.0,3.683333333,113.65,0.62,1,1,4.0,IKO2005,train
1192,Malaysia,Sarawak,AG,open_degraded,1,0,0,0,1,0,,1.0,Dryobalanops lanceolata,Dryobalanops,lanceolata,Dipterocarpaceae,29.79059515,3.683333333,113.65,0.62,1,1,11.0,IKO2005,train
1193,Malaysia,Sarawak,AG,open_degraded,1,0,0,0,1,0,,1.0,Dryobalanops lanceolata,Dryobalanops,lanceolata,Dipterocarpaceae,29.93570904,3.683333333,113.65,0.62,1,1,29.0,IKO2005,train
1194,Malaysia,Sarawak,AG,open_degraded,1,0,0,0,1,0,,1.0,Dryobalanops lanceolata,Dryobalanops,lanceolata,Dipterocarpaceae,15.46105805,3.683333333,113.65,0.62,1,1,34.0,IKO2005,train
1195,Malaysia,Sarawak,AG,open_degraded,1,0,0,0,1,0,,1.0,Dryobalanops lanceolata,Dryobalanops,lanceolata,Dipterocarpaceae,86.33908891,3.683333333,113.65,0.62,1,1,4.0,IKO2005,train
1196,Malaysia,Sarawak,AG,open_degraded,1,0,0,0,1,0,,1.0,Dryobalanops lanceolata,Dryobalanops,lanceolata,Dipterocarpaceae,99.99265246,3.683333333,113.65,0.62,1,1,11.0,IKO2005,train
1197,Malaysia,Sarawak,AG,open_degraded,1,0,0,0,1,0,,1.0,Dryobalanops lanceolata,Dryobalanops,lanceolata,Dipterocarpaceae,95.26818516,3.683333333,113.65,0.62,1,1,29.0,IKO2005,train
1198,Malaysia,Sarawak,AG,open_degraded,1,0,0,0,1,0,,1.0,Dryobalanops lanceolata,Dryobalanops,lanceolata,Dipterocarpaceae,88.81888317,3.683333333,113.65,0.62,1,1,34.0,IKO2005,train
1199,Malaysia,Sarawak,AG,open_degraded,1,0,0,0,1,0,,1.0,Dryobalanops lanceolata,Dryobalanops,lanceolata,Dipterocarpaceae,86.52645114,3.683333333,113.65,0.62,1,1,11.0,IKO2005,train
1200,Malaysia,Sarawak,AG,open_degraded,1,0,0,0,1,0,,1.0,Dryobalanops lanceolata,Dryobalanops,lanceolata,Dipterocarpaceae,86.95444526,3.683333333,113.65,0.62,1,1,29.0,IKO2005,train
1201,Malaysia,Sarawak,AG,open_degraded,1,0,0,0,1,0,,1.0,Dryobalanops lanceolata,Dryobalanops,lanceolata,Dipterocarpaceae,86.24908156,3.683333333,113.65,0.62,1,1,34.0,IKO2005,train
1202,Malaysia,Sarawak,AG,open_degraded,1,0,0,0,1,0,,1.0,Dryobalanops lanceolata,Dryobalanops,lanceolata,Dipterocarpaceae,94.84386481,3.683333333,113.65,0.62,1,1,11.0,IKO2005,train
1203,Malaysia,Sarawak,AG,open_degraded,1,0,0,0,1,0,,1.0,Dryobalanops lanceolata,Dryobalanops,lanceolata,Dipterocarpaceae,92.97207935,3.683333333,113.65,0.62,1,1,29.0,IKO2005,train
1204,Malaysia,Sarawak,AG,open_degraded,1,0,0,0,1,0,,1.0,Dryobalanops lanceolata,Dryobalanops,lanceolata,Dipterocarpaceae,94.25606172,3.683333333,113.65,0.62,1,1,34.0,IKO2005,train
1205,Malaysia,Sarawak,AG,open_degraded,1,0,0,0,1,0,,1.0,Dryobalanops lanceolata,Dryobalanops,lanceolata,Dipterocarpaceae,94.35525349,3.683333333,113.65,0.62,1,1,4.0,IKO2005,train
1206,Malaysia,Sarawak,AG,open_degraded,1,0,0,0,0,0,,1.0,Dryobalanops lanceolata,Dryobalanops,lanceolata,Dipterocarpaceae,94.83468038,3.683333333,113.65,0.62,1,1,11.0,IKO2005,train
1207,Malaysia,Sarawak,AG,open_degraded,1,0,0,0,0,0,,1.0,Dryobalanops lanceolata,Dryobalanops,lanceolata,Dipterocarpaceae,87.53122704,3.683333333,113.65,0.62,1,1,29.0,IKO2005,train
1208,Malaysia,Sarawak,AG,open_degraded,1,0,0,0,0,0,,1.0,Dryobalanops lanceolata,Dryobalanops,lanceolata,Dipterocarpaceae,81.65686995,3.683333333,113.65,0.62,1,1,34.0,IKO2005,train
1209,Malaysia,Sarawak,AG,open_degraded,1,0,0,0,0,0,,1.0,Dryobalanops lanceolata,Dryobalanops,lanceolata,Dipterocarpaceae,100.0,3.683333333,113.65,0.62,1,1,4.0,IKO2005,train
1210,Malaysia,Selangor,LG,forest_enrichment,1,0,0,0,0,0,,3.0,Anisoptera marginata,Anisoptera,marginata,Dipterocarpaceae,99.0,3.016666667,101.6166667,0.526666667,1,1,12.0,IMF2020,train
1211,Malaysia,Selangor,LG,forest_enrichment,1,0,0,0,0,0,,3.0,Shorea assamica,Shorea,assamica,Dipterocarpaceae,91.0,3.016666667,101.6166667,0.464333333,1,1,12.0,IMF2020,train
1212,Malaysia,Selangor,LG,forest_enrichment,1,0,0,0,0,0,,3.0,Shorea platyclados,Shorea,platyclados,Dipterocarpaceae,85.0,3.016666667,101.6166667,0.556666667,1,1,12.0,IMF2020,train
1213,Malaysia,Selangor,LG,open_degraded,1,0,0,0,1,0,1111.111111,6.0,Anisoptera marginata,Anisoptera,marginata,Dipterocarpaceae,82.49450549,3.435555556,101.4191667,0.526666667,1,0,8.0,IP2001RGAP,train
1214,Malaysia,Selangor,LG,open_degraded,1,0,0,0,1,0,1111.111111,6.0,Anisoptera marginata,Anisoptera,marginata,Dipterocarpaceae,88.56959707,3.435555556,101.4191667,0.526666667,1,0,5.0,IP2001RGAP,train
1215,Malaysia,Selangor,LG,open_degraded,1,0,1,0,1,0,1111.111111,6.0,Durio carinatus,Durio,carinatus,Malvaceae,30.14103836,3.435555556,101.4191667,0.46,1,0,8.0,IP2001RGAP,train
1216,Malaysia,Selangor,LG,open_degraded,1,0,1,0,1,0,1111.111111,6.0,Durio carinatus,Durio,carinatus,Malvaceae,41.99215526,3.435555556,101.4191667,0.46,1,0,5.0,IP2001RGAP,train
1217,Malaysia,Selangor,LG,open_degraded,1,0,1,0,1,0,1111.111111,6.0,Durio carinatus,Durio,carinatus,Malvaceae,80.74144822,3.435555556,101.4191667,0.46,1,0,8.0,IP2001RGAP,train
1218,Malaysia,Selangor,LG,open_degraded,1,0,1,0,1,0,1111.111111,6.0,Durio carinatus,Durio,carinatus,Malvaceae,90.08410374,3.435555556,101.4191667,0.46,1,0,5.0,IP2001RGAP,train
1219,Malaysia,Selangor,LG,open_degraded,1,1,0,0,1,0,1111.111111,6.0,Durio carinatus,Durio,carinatus,Malvaceae,75.27387035,3.435555556,101.4191667,0.46,1,0,8.0,IP2001RGAP,train
1220,Malaysia,Selangor,LG,open_degraded,1,1,0,0,1,0,1111.111111,6.0,Durio carinatus,Durio,carinatus,Malvaceae,87.35031481,3.435555556,101.4191667,0.46,1,0,5.0,IP2001RGAP,train
1221,Malaysia,Selangor,LG,open_degraded,1,0,0,0,1,0,1111.111111,6.0,Madhuca motleyana,Ganua,motleyana,Sapotaceae,100.0,3.435555556,101.4191667,0.46,1,0,8.0,IP2001RGAP,train
1222,Malaysia,Selangor,LG,open_degraded,1,0,0,0,1,0,1111.111111,6.0,Madhuca motleyana,Ganua,motleyana,Sapotaceae,100.0,3.435555556,101.4191667,0.46,1,0,5.0,IP2001RGAP,train
1223,Malaysia,Selangor,LG,open_degraded,1,0,1,0,1,0,1111.111111,6.0,Madhuca motleyana,Ganua,motleyana,Sapotaceae,75.0084251,3.435555556,101.4191667,0.46,1,0,8.0,IP2001RGAP,train
1224,Malaysia,Selangor,LG,open_degraded,1,0,1,0,1,0,1111.111111,6.0,Madhuca motleyana,Ganua,motleyana,Sapotaceae,77.00693601,3.435555556,101.4191667,0.46,1,0,5.0,IP2001RGAP,train
1225,Malaysia,Selangor,LG,open_degraded,1,0,1,0,1,0,1111.111111,6.0,Madhuca motleyana,Ganua,motleyana,Sapotaceae,100.0,3.435555556,101.4191667,0.46,1,0,8.0,IP2001RGAP,train
1226,Malaysia,Selangor,LG,open_degraded,1,0,1,0,1,0,1111.111111,6.0,Madhuca motleyana,Ganua,motleyana,Sapotaceae,100.0,3.435555556,101.4191667,0.46,1,0,5.0,IP2001RGAP,train
1227,Malaysia,Selangor,LG,open_degraded,1,1,0,0,1,0,1111.111111,6.0,Madhuca motleyana,Ganua,motleyana,Sapotaceae,93.23484463,3.435555556,101.4191667,0.46,1,0,8.0,IP2001RGAP,train
1228,Malaysia,Selangor,LG,open_degraded,1,1,0,0,1,0,1111.111111,6.0,Madhuca motleyana,Ganua,motleyana,Sapotaceae,95.70672832,3.435555556,101.4191667,0.46,1,0,5.0,IP2001RGAP,train
1229,Malaysia,Selangor,LG,open_degraded,1,0,0,0,1,0,1111.111111,6.0,Gonystylus bancanus,Gonystylus,bancanus,Thymelaeaceae,93.65012307,3.435555556,101.4191667,0.52,1,0,8.0,IP2001RGAP,train
1230,Malaysia,Selangor,LG,open_degraded,1,0,0,0,1,0,1111.111111,6.0,Gonystylus bancanus,Gonystylus,bancanus,Thymelaeaceae,95.87505496,3.435555556,101.4191667,0.52,1,0,5.0,IP2001RGAP,train
1231,Malaysia,Selangor,LG,open_degraded,1,0,1,0,1,0,1111.111111,6.0,Gonystylus bancanus,Gonystylus,bancanus,Thymelaeaceae,29.69443676,3.435555556,101.4191667,0.52,1,0,8.0,IP2001RGAP,train
1232,Malaysia,Selangor,LG,open_degraded,1,0,1,0,1,0,1111.111111,6.0,Gonystylus bancanus,Gonystylus,bancanus,Thymelaeaceae,46.84822469,3.435555556,101.4191667,0.52,1,0,5.0,IP2001RGAP,train
1233,Malaysia,Selangor,LG,open_degraded,1,0,1,0,1,0,1111.111111,6.0,Gonystylus bancanus,Gonystylus,bancanus,Thymelaeaceae,87.40939853,3.435555556,101.4191667,0.52,1,0,8.0,IP2001RGAP,train
1234,Malaysia,Selangor,LG,open_degraded,1,0,1,0,1,0,1111.111111,6.0,Gonystylus bancanus,Gonystylus,bancanus,Thymelaeaceae,95.64967884,3.435555556,101.4191667,0.52,1,0,5.0,IP2001RGAP,train
1235,Malaysia,Selangor,LG,open_degraded,1,0,1,0,1,0,1111.111111,6.0,Anisoptera marginata,Anisoptera,marginata,Dipterocarpaceae,63.003663,3.435555556,101.4191667,0.526666667,1,0,8.0,IP2001RGAP,train
1236,Malaysia,Selangor,LG,open_degraded,1,0,1,0,1,0,1111.111111,6.0,Anisoptera marginata,Anisoptera,marginata,Dipterocarpaceae,67.03113553,3.435555556,101.4191667,0.526666667,1,0,5.0,IP2001RGAP,train
1237,Malaysia,Selangor,LG,open_degraded,1,1,0,0,1,0,1111.111111,6.0,Gonystylus bancanus,Gonystylus,bancanus,Thymelaeaceae,80.28113087,3.435555556,101.4191667,0.52,1,0,8.0,IP2001RGAP,train
1238,Malaysia,Selangor,LG,open_degraded,1,1,0,0,1,0,1111.111111,6.0,Gonystylus bancanus,Gonystylus,bancanus,Thymelaeaceae,89.41149273,3.435555556,101.4191667,0.52,1,0,5.0,IP2001RGAP,train
1239,Malaysia,Selangor,LG,open_degraded,1,0,0,0,1,0,1111.111111,6.0,Shorea platycarpa,Shorea,platycarpa,Dipterocarpaceae,93.40150006,3.435555556,101.4191667,0.59,1,0,8.0,IP2001RGAP,train
1240,Malaysia,Selangor,LG,open_degraded,1,0,0,0,1,0,1111.111111,6.0,Shorea platycarpa,Shorea,platycarpa,Dipterocarpaceae,95.71526231,3.435555556,101.4191667,0.59,1,0,5.0,IP2001RGAP,train
1241,Malaysia,Selangor,LG,open_degraded,1,0,1,0,1,0,1111.111111,6.0,Shorea platycarpa,Shorea,platycarpa,Dipterocarpaceae,49.11383257,3.435555556,101.4191667,0.59,1,0,8.0,IP2001RGAP,train
1242,Malaysia,Selangor,LG,open_degraded,1,0,1,0,1,0,1111.111111,6.0,Shorea platycarpa,Shorea,platycarpa,Dipterocarpaceae,57.27626079,3.435555556,101.4191667,0.59,1,0,5.0,IP2001RGAP,train
1243,Malaysia,Selangor,LG,open_degraded,1,0,1,0,1,0,1111.111111,6.0,Shorea platycarpa,Shorea,platycarpa,Dipterocarpaceae,80.30626196,3.435555556,101.4191667,0.59,1,0,8.0,IP2001RGAP,train
1244,Malaysia,Selangor,LG,open_degraded,1,0,1,0,1,0,1111.111111,6.0,Shorea platycarpa,Shorea,platycarpa,Dipterocarpaceae,87.27626079,3.435555556,101.4191667,0.59,1,0,5.0,IP2001RGAP,train
1245,Malaysia,Selangor,LG,open_degraded,1,1,0,0,1,0,1111.111111,6.0,Shorea platycarpa,Shorea,platycarpa,Dipterocarpaceae,93.39954686,3.435555556,101.4191667,0.59,1,0,8.0,IP2001RGAP,train
1246,Malaysia,Selangor,LG,open_degraded,1,1,0,0,1,0,1111.111111,6.0,Shorea platycarpa,Shorea,platycarpa,Dipterocarpaceae,93.71069182,3.435555556,101.4191667,0.59,1,0,5.0,IP2001RGAP,train
1247,Malaysia,Selangor,LG,open_degraded,1,0,1,0,1,0,1111.111111,6.0,Anisoptera marginata,Anisoptera,marginata,Dipterocarpaceae,93.91758242,3.435555556,101.4191667,0.526666667,1,0,8.0,IP2001RGAP,train
1248,Malaysia,Selangor,LG,open_degraded,1,0,1,0,1,0,1111.111111,6.0,Anisoptera marginata,Anisoptera,marginata,Dipterocarpaceae,95.6043956,3.435555556,101.4191667,0.526666667,1,0,5.0,IP2001RGAP,train
1249,Malaysia,Selangor,LG,open_degraded,1,1,0,0,1,0,1111.111111,6.0,Anisoptera marginata,Anisoptera,marginata,Dipterocarpaceae,81.97985348,3.435555556,101.4191667,0.526666667,1,0,8.0,IP2001RGAP,train
1250,Malaysia,Selangor,LG,open_degraded,1,1,0,0,1,0,1111.111111,6.0,Anisoptera marginata,Anisoptera,marginata,Dipterocarpaceae,82.92857143,3.435555556,101.4191667,0.526666667,1,0,5.0,IP2001RGAP,train
1251,Malaysia,Selangor,LG,open_degraded,1,0,0,0,1,0,1111.111111,6.0,Calophyllum ferrugineum,Calophyllum,ferrugineum,Clusiaceae,63.62130461,3.435555556,101.4191667,0.669211656,1,0,8.0,IP2001RGAP,train
1252,Malaysia,Selangor,LG,open_degraded,1,0,0,0,1,0,1111.111111,6.0,Calophyllum ferrugineum,Calophyllum,ferrugineum,Clusiaceae,79.77163375,3.435555556,101.4191667,0.669211656,1,0,5.0,IP2001RGAP,train
1253,Malaysia,Selangor,LG,open_degraded,1,0,1,0,1,0,1111.111111,6.0,Calophyllum ferrugineum,Calophyllum,ferrugineum,Clusiaceae,44.1141979,3.435555556,101.4191667,0.669211656,1,0,8.0,IP2001RGAP,train
1254,Malaysia,Selangor,LG,open_degraded,1,0,1,0,1,0,1111.111111,6.0,Calophyllum ferrugineum,Calophyllum,ferrugineum,Clusiaceae,49.94117738,3.435555556,101.4191667,0.669211656,1,0,5.0,IP2001RGAP,train
1255,Malaysia,Selangor,LG,open_degraded,1,0,1,0,1,0,1111.111111,6.0,Calophyllum ferrugineum,Calophyllum,ferrugineum,Clusiaceae,56.45987691,3.435555556,101.4191667,0.669211656,1,0,8.0,IP2001RGAP,train
1256,Malaysia,Selangor,LG,open_degraded,1,0,1,0,1,0,1111.111111,6.0,Calophyllum ferrugineum,Calophyllum,ferrugineum,Clusiaceae,73.08932553,3.435555556,101.4191667,0.669211656,1,0,5.0,IP2001RGAP,train
1257,Malaysia,Selangor,LG,open_degraded,1,1,0,0,1,0,1111.111111,6.0,Calophyllum ferrugineum,Calophyllum,ferrugineum,Clusiaceae,63.91872465,3.435555556,101.4191667,0.669211656,1,0,8.0,IP2001RGAP,train
1258,Malaysia,Selangor,LG,open_degraded,1,1,0,0,1,0,1111.111111,6.0,Calophyllum ferrugineum,Calophyllum,ferrugineum,Clusiaceae,77.71895516,3.435555556,101.4191667,0.669211656,1,0,5.0,IP2001RGAP,train
1259,Malaysia,Selangor,LG,open_degraded,1,0,0,0,1,0,1111.111111,6.0,Durio carinatus,Durio,carinatus,Malvaceae,75.04335006,3.435555556,101.4191667,0.46,1,0,8.0,IP2001RGAP,train
1260,Malaysia,Selangor,LG,open_degraded,1,0,0,0,1,0,1111.111111,6.0,Durio carinatus,Durio,carinatus,Malvaceae,85.07237373,3.435555556,101.4191667,0.46,1,0,5.0,IP2001RGAP,train
1261,Malaysia,Pahang,LG,open_degraded,1,0,0,0,0,0,,2.0,Anisoptera marginata,Anisoptera,marginata,Dipterocarpaceae,84.0,3.92,102.58,0.526666667,1,1,9.0,IP2007RWE_SungaiKarang,train
1262,Malaysia,Pahang,LG,open_degraded,1,0,0,0,0,0,,2.0,Anisoptera marginata,Anisoptera,marginata,Dipterocarpaceae,84.33333333,3.92,102.58,0.526666667,1,1,9.0,IP2007RWE_SungaiKarang,train
1263,Malaysia,Pahang,LG,open_degraded,1,0,0,0,0,0,,2.0,Gonystylus bancanus,Gonystylus,bancanus,Thymelaeaceae,80.66666667,3.92,102.58,0.52,1,1,9.0,IP2007RWE_SungaiKarang,train
1264,Malaysia,Pahang,LG,open_degraded,1,0,0,0,0,0,,2.0,Gonystylus bancanus,Gonystylus,bancanus,Thymelaeaceae,74.0,3.92,102.58,0.52,1,1,9.0,IP2007RWE_SungaiKarang,train
1265,Malaysia,Pahang,LG,open_degraded,0,0,0,0,0,0,,2.0,Anisoptera marginata,Anisoptera,marginata,Dipterocarpaceae,59.33333333,3.92,102.58,0.526666667,0,1,3.0,IP2007RWE_SungaiKarang,train
1266,Malaysia,Pahang,LG,open_degraded,0,0,0,0,0,0,,2.0,Gonystylus bancanus,Gonystylus,bancanus,Thymelaeaceae,25.66666667,3.92,102.58,0.52,0,1,3.0,IP2007RWE_SungaiKarang,train
1282,Indonesia,Riau,DR,open_degraded,1,0,1,0,1,1,1666.666667,1.0,Cratoxylum arborescens,Cratoxylum,arborescens,Hypericaceae,91.38,0.329166667,101.6855556,0.433333333,1,0,24.0,JA2018GPOT,train
1283,Indonesia,Riau,DR,open_degraded,1,0,1,0,1,1,1666.666667,1.0,Cratoxylum arborescens,Cratoxylum,arborescens,Hypericaceae,88.23,0.329166667,101.6855556,0.433333333,1,0,36.0,JA2018GPOT,train
1284,Indonesia,Riau,DR,open_degraded,1,0,1,0,1,1,1666.666667,1.0,Cratoxylum arborescens,Cratoxylum,arborescens,Hypericaceae,88.23,0.329166667,101.6855556,0.433333333,1,0,42.0,JA2018GPOT,train
1285,Indonesia,Riau,DR,open_degraded,1,0,1,0,1,1,1666.666667,1.0,Cratoxylum arborescens,Cratoxylum,arborescens,Hypericaceae,79.98,0.329166667,101.6855556,0.433333333,1,0,66.0,JA2018GPOT,train
1286,Indonesia,Riau,DR,open_degraded,1,0,1,0,1,1,1666.666667,1.0,Macaranga pruinosa,Macaranga,pruinosa,Euphorbiaceae,93.73,0.329166667,101.6855556,0.31,1,0,24.0,JA2018GPOT,train
1287,Indonesia,Riau,DR,open_degraded,1,0,1,0,1,1,1666.666667,1.0,Macaranga pruinosa,Macaranga,pruinosa,Euphorbiaceae,90.59,0.329166667,101.6855556,0.31,1,0,36.0,JA2018GPOT,train
1288,Indonesia,Riau,DR,open_degraded,1,0,1,0,1,1,1666.666667,1.0,Macaranga pruinosa,Macaranga,pruinosa,Euphorbiaceae,81.94,0.329166667,101.6855556,0.31,1,0,42.0,JA2018GPOT,train
1289,Indonesia,Riau,DR,open_degraded,1,0,1,0,1,1,1666.666667,1.0,Macaranga pruinosa,Macaranga,pruinosa,Euphorbiaceae,65.82,0.329166667,101.6855556,0.31,1,0,66.0,JA2018GPOT,train
1290,Indonesia,Riau,DR,open_degraded,1,0,1,0,1,1,1666.666667,1.0,Macaranga gigantea,Macaranga,gigantea,Euphorbiaceae,70.74,0.329166667,101.6855556,0.295,1,0,24.0,JA2018GPOT,train
1291,Indonesia,Riau,DR,open_degraded,1,0,1,0,1,1,1666.666667,1.0,Macaranga gigantea,Macaranga,gigantea,Euphorbiaceae,67.59,0.329166667,101.6855556,0.295,1,0,36.0,JA2018GPOT,train
1292,Indonesia,Riau,DR,open_degraded,1,0,1,0,1,1,1666.666667,1.0,Macaranga gigantea,Macaranga,gigantea,Euphorbiaceae,67.59,0.329166667,101.6855556,0.295,1,0,42.0,JA2018GPOT,train
1293,Indonesia,Riau,DR,open_degraded,1,0,1,0,1,1,1666.666667,1.0,Macaranga gigantea,Macaranga,gigantea,Euphorbiaceae,31.43,0.329166667,101.6855556,0.295,1,0,66.0,JA2018GPOT,train
1294,Indonesia,Riau,DR,open_degraded,1,0,1,0,1,1,1666.666667,1.0,Acacia crassicarpa,Acacia,crassicarpa,Fabaceae,86.46,0.329166667,101.6855556,0.5965,1,0,24.0,JA2018GPOT,train
1295,Indonesia,Riau,DR,open_degraded,1,0,1,0,1,1,1666.666667,1.0,Acacia crassicarpa,Acacia,crassicarpa,Fabaceae,53.44,0.329166667,101.6855556,0.5965,1,0,36.0,JA2018GPOT,train
1296,Indonesia,Riau,DR,open_degraded,1,0,1,0,1,1,1666.666667,1.0,Acacia crassicarpa,Acacia,crassicarpa,Fabaceae,30.44,0.329166667,101.6855556,0.5965,1,0,42.0,JA2018GPOT,train
1297,Indonesia,Riau,DR,open_degraded,1,0,1,0,1,1,1666.666667,1.0,Acacia crassicarpa,Acacia,crassicarpa,Fabaceae,22.38,0.329166667,101.6855556,0.5965,1,0,66.0,JA2018GPOT,train
1298,Indonesia,Sumatra,AG,forest_enrichment,0,0,0,0,0,0,,38.0,Adenanthera pavonina,Adenanthera,pavonina,Fabaceae,67.0,-2.095833333,103.3463889,0.687,0,1,24.0,KR2018,train
1299,Indonesia,Sumatra,AG,forest_enrichment,0,0,0,0,0,0,,38.0,Sterculia oblongata,Sterculia,oblongata,Malvaceae,50.0,-2.095833333,103.3463889,0.22,0,1,24.0,KR2018,train
1300,Indonesia,Sumatra,AG,forest_enrichment,0,0,0,0,0,0,,38.0,Palaquium sp,Palaquium,sp.,Sapotaceae,49.0,-2.095833333,103.3463889,0.443,0,1,24.0,KR2018,train
1301,Indonesia,Sumatra,AG,forest_enrichment,0,0,0,0,0,0,,38.0,Eusideroxylon zwageri,Eusideroxylon,zwageri,Lauraceae,48.0,-2.095833333,103.3463889,0.786666667,0,1,24.0,KR2018,train
1302,Indonesia,Sumatra,AG,forest_enrichment,0,0,0,0,0,0,,38.0,Sindora leiocarpa,Sindora,leiocarpa,Fabaceae,47.0,-2.095833333,103.3463889,0.51,0,1,24.0,KR2018,train
1303,Indonesia,Sumatra,AG,forest_enrichment,0,0,0,0,0,0,,38.0,Terminalia subspathulata,Terminalia,subspathulata,Combretaceae,46.0,-2.095833333,103.3463889,0.54,0,1,24.0,KR2018,train
1304,Indonesia,Sumatra,AG,forest_enrichment,0,0,0,0,0,0,,38.0,Baccaurea sp,Baccaurea,sp.,Phyllanthaceae,46.0,-2.095833333,103.3463889,0.625769231,0,1,24.0,KR2018,train
1305,Indonesia,Sumatra,AG,forest_enrichment,0,0,0,0,0,0,,38.0,Irvingia malayana,Irvingia,malayana,Irvingiaceae,46.0,-2.095833333,103.3463889,0.883333333,0,1,24.0,KR2018,train
1306,Indonesia,Sumatra,AG,forest_enrichment,0,0,0,0,0,0,,38.0,Koompassia malaccensis,Koompassia,malaccensis,Fabaceae,45.0,-2.095833333,103.3463889,0.76,0,1,24.0,KR2018,train
1307,Indonesia,Sumatra,AG,forest_enrichment,0,0,0,0,0,0,,38.0,Scaphium macropodum,Scaphium,macropodum,Malvaceae,44.0,-2.095833333,103.3463889,0.53,0,1,24.0,KR2018,train
1308,Indonesia,Sumatra,AG,forest_enrichment,0,0,0,0,0,0,,38.0,Horsfeldia irya,Hors?eldia,irya,Magnoliaceae,44.0,-2.095833333,103.3463889,0.441512037,0,1,24.0,KR2018,train
1309,Indonesia,Sumatra,AG,forest_enrichment,0,0,0,0,0,0,,38.0,Nageia wallichiana,Nageia,wallichiana,Podocarpaceae,62.0,-2.095833333,103.3463889,0.521333333,0,1,24.0,KR2018,train
1310,Indonesia,Sumatra,AG,forest_enrichment,0,0,0,0,0,0,,38.0,Dillenia eximia,Dillenia,eximia,Dilleniaceae,42.0,-2.095833333,103.3463889,0.68,0,1,24.0,KR2018,train
1311,Indonesia,Sumatra,AG,forest_enrichment,0,0,0,0,0,0,,38.0,Intsia palembanica,Intsia,palembanica,Fabaceae,41.0,-2.095833333,103.3463889,0.658666667,0,1,24.0,KR2018,train
1312,Indonesia,Sumatra,AG,forest_enrichment,0,0,0,0,0,0,,38.0,Allophylus cobbe,Allophylus,cobbe,Sapindaceae,39.0,-2.095833333,103.3463889,0.385,0,1,24.0,KR2018,train
1313,Indonesia,Sumatra,AG,forest_enrichment,0,0,0,0,0,0,,38.0,Shorea palembanica,Shorea,palembanica,Dipterocarpaceae,39.0,-2.095833333,103.3463889,0.453333333,0,1,24.0,KR2018,train
1314,Indonesia,Sumatra,AG,forest_enrichment,0,0,0,0,0,0,,38.0,Baccaurea bracteata,Baccaurea,bracteata,Phyllanthaceae,38.0,-2.095833333,103.3463889,0.635,0,1,24.0,KR2018,train
1315,Indonesia,Sumatra,AG,forest_enrichment,0,0,0,0,0,0,,38.0,Shorea ovalis,Shorea,ovalis,Dipterocarpaceae,37.0,-2.095833333,103.3463889,0.43,0,1,24.0,KR2018,train
1316,Indonesia,Sumatra,AG,forest_enrichment,0,0,0,0,0,0,,38.0,Xerospermum noronhianum,Xerospermum,noronhianum,Sapindaceae,34.0,-2.095833333,103.3463889,0.77,0,1,24.0,KR2018,train
1317,Indonesia,Sumatra,AG,forest_enrichment,0,0,0,0,0,0,,38.0,Kokoona ochracea,Kokoona,ochracea,Primulaceae,31.0,-2.095833333,103.3463889,0.639267989,0,1,24.0,KR2018,train
1318,Indonesia,Sumatra,AG,forest_enrichment,0,0,0,0,0,0,,38.0,Archidendron ellipticum,Archidendron,ellipticum,Fabaceae,27.0,-2.095833333,103.3463889,0.45,0,1,24.0,KR2018,train
1319,Indonesia,Sumatra,AG,forest_enrichment,0,0,0,0,0,0,,38.0,Endospermum diadenum,Endospermum,diadenum,Euphorbiaceae,26.0,-2.095833333,103.3463889,0.366666667,0,1,24.0,KR2018,train
1320,Indonesia,Sumatra,AG,forest_enrichment,0,0,0,0,0,0,,38.0,Peronema canescens,Peronema,canescens,Lamiaceae,61.0,-2.095833333,103.3463889,0.57,0,1,24.0,KR2018,train
1321,Indonesia,Sumatra,AG,forest_enrichment,0,0,0,0,0,0,,38.0,Parkia speciosa,Parkia,speciosa,Fabaceae,25.0,-2.095833333,103.3463889,0.395,0,1,24.0,KR2018,train
1322,Indonesia,Sumatra,AG,forest_enrichment,0,0,0,0,0,0,,38.0,Durio griffithii,Durio,gri?thii,Malvaceae,23.0,-2.095833333,103.3463889,0.543648148,0,1,24.0,KR2018,train
1323,Indonesia,Sumatra,AG,forest_enrichment,0,0,0,0,0,0,,38.0,Artocarpus elasticus,Artocarpus,elasticus,Moraceae,18.0,-2.095833333,103.3463889,0.363333333,0,1,24.0,KR2018,train
1324,Indonesia,Sumatra,AG,forest_enrichment,0,0,0,0,0,0,,38.0,Shorea leprosula,Shorea,leprosula,Dipterocarpaceae,17.0,-2.095833333,103.3463889,0.44,0,1,24.0,KR2018,train
1325,Indonesia,Sumatra,AG,forest_enrichment,0,0,0,0,0,0,,38.0,Artocarpus integer,Artocarpus,integer,Moraceae,13.0,-2.095833333,103.3463889,0.551,0,1,24.0,KR2018,train
1326,Indonesia,Sumatra,AG,forest_enrichment,0,0,0,0,0,0,,38.0,Alstonia scholaris,Alstonia,scholaris,Apocynaceae,11.0,-2.095833333,103.3463889,0.382,0,1,24.0,KR2018,train
1327,Indonesia,Sumatra,AG,forest_enrichment,0,0,0,0,0,0,,38.0,Bhesa paniculata,Bhesa,paniculata,Centroplacaceae,9.0,-2.095833333,103.3463889,0.655,0,1,24.0,KR2018,train
1328,Indonesia,Sumatra,AG,forest_enrichment,0,0,0,0,0,0,,38.0,Archidendron jiringa,Archidendron,jiringa,Fabaceae,8.0,-2.095833333,103.3463889,0.317,0,1,24.0,KR2018,train
1329,Indonesia,Sumatra,AG,forest_enrichment,0,0,0,0,0,0,,38.0,Archidendron bubalinum,Archidendron,bubalinum,Fabaceae,4.0,-2.095833333,103.3463889,0.38,0,1,24.0,KR2018,train
1330,Indonesia,Sumatra,AG,forest_enrichment,0,0,0,0,0,0,,38.0,Dyera costulata,Dyera,costulata,Apocynaceae,58.0,-2.095833333,103.3463889,0.3375,0,1,24.0,KR2018,train
1331,Indonesia,Sumatra,AG,forest_enrichment,0,0,0,0,0,0,,38.0,Syzygium sp,Syzygium,sp.,Myrtaceae,58.0,-2.095833333,103.3463889,0.679166667,0,1,24.0,KR2018,train
1332,Indonesia,Sumatra,AG,forest_enrichment,0,0,0,0,0,0,,38.0,Aqularia sinensis,Aqularia,sinensis,Thymelaeaceae,58.0,-2.095833333,103.3463889,0.529428571,0,1,24.0,KR2018,train
1333,Indonesia,Sumatra,AG,forest_enrichment,0,0,0,0,0,0,,38.0,Dacryodes rostrata,Dacryodes,rostrata,Burseraceae,51.0,-2.095833333,103.3463889,0.55,0,1,24.0,KR2018,train
1334,Indonesia,Sumatra,AG,forest_enrichment,0,0,0,0,0,0,,38.0,Hopea mengarawan,Hopea,mengarawan,Dipterocarpaceae,50.0,-2.095833333,103.3463889,0.56,0,1,24.0,KR2018,train
1335,Indonesia,Sumatra,AG,forest_enrichment,0,0,0,0,0,0,,38.0,Palaquium gutta,Palaquium,gutta,Sapotaceae,50.0,-2.095833333,103.3463889,0.615,0,1,24.0,KR2018,train
1336,Indonesia,Central Kalimantan,F,open_degraded,0,1,0,0,0,0,1111.111111,3.0,Alstonia spatulata,Alstonia,spatulata,Apocynaceae,0.76,-2.285277778,114.4677778,0.34,1,0,34.0,GLLB2014_1,train
1337,Indonesia,Central Kalimantan,F,open_degraded,0,1,0,0,0,0,1111.111111,3.0,Dyera polyphylla,Dyera,polyphylla,Apocynaceae,0.82,-2.285277778,114.4677778,0.33,1,0,34.0,GLLB2014_1,train
1338,Indonesia,Central Kalimantan,F,open_degraded,0,1,0,0,0,0,1111.111111,3.0,Shorea balangeran,Shorea,balangeran,Dipterocarpaceae,0.92,-2.285277778,114.4677778,0.69,1,0,34.0,GLLB2014_1,train
1342,Indonesia,Central Kalimantan,F,open_degraded,0,1,0,0,0,0,1111.111111,22.0,Diospyros evena,Diospyros,evena,Ebenaceae,1.0,-2.239722222,114.4852778,0.58,1,0,36.0,GLLB2014_3,train
1343,Indonesia,Central Kalimantan,F,open_degraded,0,1,0,0,0,0,1111.111111,22.0,Angelesia splendens,Angelesia,splendens,Chrysobalanaceae,0.9,-2.239722222,114.4852778,0.805709207,1,0,36.0,GLLB2014_3,train
1344,Indonesia,Central Kalimantan,F,open_degraded,0,1,0,0,0,0,1111.111111,22.0,Planchonella malaccensis,Planchonella,malaccensis,Sapotaceae,0.89,-2.239722222,114.4852778,0.714868812,1,0,36.0,GLLB2014_3,train
1345,Indonesia,Central Kalimantan,F,open_degraded,0,0,0,0,0,0,1111.111111,22.0,Saraca declinata,Saraca,declinata,Fabaceae,1.0,-2.239722222,114.4852778,0.44,0,0,36.0,GLLB2014_3,train
1346,Indonesia,Central Kalimantan,F,open_degraded,0,0,0,0,0,0,1111.111111,22.0,Shorea balangeran,Shorea,balangeran,Dipterocarpaceae,1.0,-2.239722222,114.4852778,0.69,0,0,36.0,GLLB2014_3,train
1347,Indonesia,Central Kalimantan,F,open_degraded,0,0,0,0,0,0,1111.111111,22.0,Syzygium sp,Syzygium,sp.,Myrtaceae,1.0,-2.239722222,114.4852778,0.679166667,0,0,36.0,GLLB2014_3,train
1348,Indonesia,Central Kalimantan,F,open_degraded,0,0,0,0,0,0,1111.111111,22.0,Baccaurea bracteata,Baccaurea,bracteata,Phyllanthaceae,1.0,-2.237222222,114.4852778,0.635,0,0,36.0,GLLB2014_4,train
1349,Indonesia,Central Kalimantan,F,open_degraded,0,0,0,0,0,0,1111.111111,22.0,Diospyros evena,Diospyros,evena,Ebenaceae,1.0,-2.237222222,114.4852778,0.58,0,0,36.0,GLLB2014_4,train
1350,Indonesia,Central Kalimantan,F,open_degraded,0,0,0,0,0,0,1111.111111,22.0,Angelesia splendens,Angelesia,splendens,Chrysobalanaceae,0.958333333,-2.237222222,114.4852778,0.805709207,0,0,36.0,GLLB2014_4,train
1351,Indonesia,Central Kalimantan,F,open_degraded,0,0,0,0,0,0,1111.111111,22.0,Planchonella malaccensis,Planchonella,malaccensis,Sapotaceae,0.5,-2.237222222,114.4852778,0.714868812,0,0,36.0,GLLB2014_4,train
1352,Indonesia,Central Kalimantan,F,open_degraded,0,0,0,0,0,0,1111.111111,22.0,Shorea balangeran,Shorea,balangeran,Dipterocarpaceae,0.930936073,-2.237222222,114.4852778,0.69,0,0,36.0,GLLB2014_4,train
1353,Indonesia,Central Kalimantan,F,open_degraded,0,0,0,0,0,0,1111.111111,22.0,Syzygium sp,Syzygium,sp.,Myrtaceae,0.725752508,-2.237222222,114.4852778,0.679166667,0,0,36.0,GLLB2014_4,train
1354,Indonesia,Central Kalimantan,F,open_degraded,0,0,0,0,0,0,1111.111111,22.0,Syzygium sp,Syzygium,sp.,Myrtaceae,0.4375,-2.237222222,114.4852778,0.679166667,0,0,36.0,GLLB2014_4,train
1355,Indonesia,Central Kalimantan,F,open_degraded,0,0,0,0,0,0,1111.111111,22.0,Syzygium sp,Syzygium,sp.,Myrtaceae,0.888888889,-2.237222222,114.4852778,0.679166667,0,0,36.0,GLLB2014_4,train
1356,Malaysia,Unknown,M,open_degraded,0,0,0,0,0,0,,1.0,Falcataria moluccana,Falcataria,moluccana,Fabaceae,93.5,3.23,101.63,0.702416609,0,1,45.5,L1984,train
1357,Malaysia,Unknown,M,open_degraded,0,0,0,0,0,0,,1.0,Peronema canescens,Peronema,canescens,Lamiaceae,85.4,3.23,101.63,0.57,0,1,12.0,L1984,train
1358,Malaysia,Unknown,M,open_degraded,0,0,0,0,0,0,,1.0,Araucaria hunsteinii,Araucaria,hunsteinii,Araucariaceae,37.5,3.23,101.63,0.387,0,1,44.5,L1984,train
1359,Malaysia,Unknown,M,open_degraded,0,0,0,0,0,0,,1.0,Gmelina arborea,Gmelina,arborea,Lamiaceae,27.5,3.23,101.63,0.42975,0,1,44.5,L1984,train
1363,China,Jiangxi,AG,open_degraded,0,0,1,0,0,0,,4.0,Schima superba,Schima,superba,Theaceae,73.8,29.10916667,117.9233333,0.5375,1,1,18.0,LAC2012,train
1364,China,Jiangxi,AG,open_degraded,0,0,1,0,0,0,,4.0,Elaeocarpus sylvestris,Elaeocarpus,sylvestris,Elaeocarpaceae,95.0,29.10916667,117.9233333,0.475,1,1,18.0,LAC2012,train
1365,China,Jiangxi,AG,open_degraded,0,0,1,0,0,0,,4.0,Castanopsis indica,Castanopsis,indica,Fagaceae,95.0,29.10916667,117.9233333,0.59575,1,1,18.0,LAC2012,train
1366,China,Jiangxi,AG,open_degraded,0,0,1,0,0,0,,4.0,Castanea henryi,Castanea,henryi,Fagaceae,74.6,29.10916667,117.9233333,0.541,1,1,18.0,LAC2012,train
1367,Indonesia,Central Kalimantan,F,open_degraded,0,0,0,0,1,0,,1.0,Shorea balangeran,Shorea,balangeran,Dipterocarpaceae,66.66,-2.351666667,114.0922222,0.69,1,1,36.0,LAZ2003SRSC,train
1368,Malaysia,Sarawak,LG,forest_enrichment,0,0,0,0,0,0,,1.0,Shorea macrophylla,Shorea,macrophylla,Dipterocarpaceae,94.15584416,1.400277778,110.31,0.32,0,1,17.0,LHS1997,train
1369,Malaysia,Sarawak,LG,forest_enrichment,0,0,0,0,0,0,,1.0,Shorea macrophylla,Shorea,macrophylla,Dipterocarpaceae,81.16883117,1.400277778,110.31,0.32,0,1,150.5,LHS1997,train
1370,Malaysia,Sarawak,LG,forest_enrichment,0,0,0,0,0,0,,1.0,Shorea macrophylla,Shorea,macrophylla,Dipterocarpaceae,88.96103896,1.400277778,110.31,0.32,0,1,25.0,LHS1997,train
1371,Malaysia,Sarawak,LG,forest_enrichment,0,0,0,0,0,0,,1.0,Shorea macrophylla,Shorea,macrophylla,Dipterocarpaceae,87.66233766,1.400277778,110.31,0.32,0,1,39.5,LHS1997,train
1372,Malaysia,Sarawak,LG,forest_enrichment,0,0,0,0,0,0,,1.0,Shorea macrophylla,Shorea,macrophylla,Dipterocarpaceae,85.06493506,1.400277778,110.31,0.32,0,1,51.0,LHS1997,train
1373,Malaysia,Sarawak,LG,forest_enrichment,0,0,0,0,0,0,,1.0,Shorea macrophylla,Shorea,macrophylla,Dipterocarpaceae,81.16883117,1.400277778,110.31,0.32,0,1,104.0,LHS1997,train
1374,Malaysia,Sarawak,LG,forest_enrichment,0,0,0,0,0,0,,1.0,Shorea macrophylla,Shorea,macrophylla,Dipterocarpaceae,79.22077922,1.400277778,110.31,0.32,0,1,253.0,LHS1997,train
1375,Indonesia,Central Kalimantan,F,open_degraded,0,0,0,0,0,0,43050.0,3.0,Shorea balangeran,Shorea,balangeran,Dipterocarpaceae,56.85,-2.315555556,114.0586111,0.69,0,0,12.0,LIM2008BLTS_2families,train
1376,Indonesia,Central Kalimantan,F,open_degraded,0,0,0,0,0,0,43050.0,3.0,Dyera polyphylla,Dyera,polyphylla,Apocynaceae,67.86,-2.315555556,114.0586111,0.33,0,0,12.0,LIM2008BLTS_2families,train
1377,Indonesia,Central Kalimantan,F,open_degraded,0,0,0,0,0,0,43050.0,3.0,Melaleuca cajuputi,Melaleuca,cajuputi,Myrtaceae,72.33,-2.315555556,114.0586111,0.756647186,0,0,12.0,LIM2008BLTS_2families,train
1378,Indonesia,Central Kalimantan,F,open_degraded,0,0,0,0,0,0,43050.0,3.0,Shorea balangeran,Shorea,balangeran,Dipterocarpaceae,55.08,-2.315555556,114.0586111,0.69,0,0,12.0,LIM2008BLTS_8families,train
1379,Indonesia,Central Kalimantan,F,open_degraded,0,0,0,0,0,0,43050.0,3.0,Shorea balangeran,Shorea,balangeran,Dipterocarpaceae,55.08,-2.315555556,114.0586111,0.69,0,0,24.0,LIM2008BLTS_8families,train
1380,Indonesia,Central Kalimantan,F,open_degraded,0,0,0,0,0,0,43050.0,3.0,Dyera polyphylla,Dyera,polyphylla,Apocynaceae,81.25,-2.315555556,114.0586111,0.33,0,0,12.0,LIM2008BLTS_8families,train
1381,Indonesia,Central Kalimantan,F,open_degraded,0,0,0,0,0,0,43050.0,3.0,Dyera polyphylla,Dyera,polyphylla,Apocynaceae,70.59,-2.315555556,114.0586111,0.33,0,0,24.0,LIM2008BLTS_8families,train
1382,Indonesia,Central Kalimantan,F,open_degraded,0,0,0,0,0,0,43050.0,3.0,Melaleuca cajuputi,Melaleuca,cajuputi,Myrtaceae,84.75,-2.315555556,114.0586111,0.756647186,0,0,12.0,LIM2008BLTS_8families,train
1383,Indonesia,Central Kalimantan,F,open_degraded,0,0,0,0,0,0,43050.0,3.0,Melaleuca cajuputi,Melaleuca,cajuputi,Myrtaceae,74.29,-2.315555556,114.0586111,0.756647186,0,0,24.0,LIM2008BLTS_8families,train
1384,Indonesia,Jambi,F,open_degraded,1,0,0,0,0,0,1111.111111,11.0,Dyera polyphylla,Dyera,polyphylla,Apocynaceae,76.0,-0.95,103.3388889,0.33,1,0,12.0,LISN2018KPDA,train
1385,Indonesia,Jambi,F,open_degraded,1,0,0,0,0,0,1111.111111,11.0,Shorea balangeran,Shorea,balangeran,Dipterocarpaceae,94.0,-0.95,103.3388889,0.69,1,0,12.0,LISN2018KPDA,train
1386,Indonesia,Jambi,F,open_degraded,1,0,0,0,0,0,1111.111111,11.0,Elaeocarpus floribundus,Elaeocarpus,floribundus,Elaeocarpaceae,80.0,-0.95,103.3388889,0.58,1,0,12.0,LISN2018KPDA,train
1387,Indonesia,Jambi,F,open_degraded,1,0,0,0,0,0,1111.111111,11.0,Fagraea crenulata,Fagraea,crenulata,Gentianaceae,78.0,-0.95,103.3388889,0.47,1,0,12.0,LISN2018KPDA,train
1388,Indonesia,Jambi,F,open_degraded,1,0,0,0,0,0,1111.111111,11.0,Alstonia pneumatophora,Alstonia,pneumatophora,Apocynaceae,81.0,-0.95,103.3388889,0.295,1,0,12.0,LISN2018KPDA,train
1389,Indonesia,Jambi,F,open_degraded,1,0,0,0,0,0,1111.111111,11.0,Aquilaria microcarpa,Aquilaria,microcarpa,Thymelaeaceae,38.0,-0.95,103.3388889,0.337666667,1,0,12.0,LISN2018KPDA,train
1390,Indonesia,Jambi,F,open_degraded,1,0,0,0,0,0,100.0,11.0,Metroxylon sagu,Metroxylon,sagu,Arecaceae,0.0,-0.95,103.3388889,0.551760417,1,0,12.0,LISN2018KPDA,train
1391,Indonesia,Jambi,F,open_degraded,1,0,0,0,0,0,1111.111111,11.0,Mangifera indica,Mangifera,indica,Anacardiaceae,100.0,-0.95,103.3388889,0.5525,1,0,12.0,LISN2018KPDA,train
1392,Indonesia,Jambi,F,open_degraded,1,0,0,0,0,0,1111.111111,11.0,Nephelium lappaceum,Nephelium,lappaceum,Sapindaceae,100.0,-0.95,103.3388889,0.7102,1,0,12.0,LISN2018KPDA,train
1393,Indonesia,Central Kalimantan,F,open_degraded,0,0,0,0,0,0,4444.444444,1.0,Alseodaphne coriacea,Alseodaphne,coriacea,Lauraceae,57.00934579,-2.330555556,114.025,0.5631,0,0,14.0,LM2017PNTS,train
1394,Indonesia,Central Kalimantan,F,open_degraded,0,0,0,0,0,0,4444.444444,1.0,Alseodaphne coriacea,Alseodaphne,coriacea,Lauraceae,1.0,-2.330555556,114.025,0.5631,0,0,24.0,LM2017PNTS,train
1395,Indonesia,Central Kalimantan,F,open_degraded,0,0,0,0,0,0,4444.444444,1.0,Alseodaphne coriacea,Alseodaphne,coriacea,Lauraceae,85.04672897,-2.330555556,114.025,0.5631,0,0,5.0,LM2017PNTS,train
1396,Indonesia,Central Kalimantan,F,open_degraded,0,0,0,0,0,0,4444.444444,1.0,Lithocarpus dasystachyus,Lithocarpus,dasystachyus,Fagaceae,68.57142857,-2.330555556,114.025,0.673393116,0,0,14.0,LM2017PNTS,train
1397,Indonesia,Central Kalimantan,F,open_degraded,0,0,0,0,0,0,4444.444444,1.0,Lithocarpus dasystachyus,Lithocarpus,dasystachyus,Fagaceae,3.0,-2.330555556,114.025,0.673393116,0,0,24.0,LM2017PNTS,train
1398,Indonesia,Central Kalimantan,F,open_degraded,0,0,0,0,0,0,4444.444444,1.0,Lithocarpus dasystachyus,Lithocarpus,dasystachyus,Fagaceae,82.85714286,-2.330555556,114.025,0.673393116,0,0,5.0,LM2017PNTS,train
1399,Indonesia,Central Kalimantan,F,open_degraded,0,0,0,0,0,0,4444.444444,1.0,Baccaurea bracteata,Baccaurea,bracteata,Phyllanthaceae,57.00934579,-2.330555556,114.025,0.635,0,0,14.0,LM2017PNTS,train
1400,Indonesia,Central Kalimantan,F,open_degraded,0,0,0,0,0,0,4444.444444,1.0,Baccaurea bracteata,Baccaurea,bracteata,Phyllanthaceae,0.0,-2.330555556,114.025,0.635,0,0,24.0,LM2017PNTS,train
1401,Indonesia,Central Kalimantan,F,open_degraded,0,0,0,0,0,0,4444.444444,1.0,Baccaurea bracteata,Baccaurea,bracteata,Phyllanthaceae,87.85046729,-2.330555556,114.025,0.635,0,0,5.0,LM2017PNTS,train
1402,Indonesia,Central Kalimantan,F,open_degraded,0,0,0,0,0,0,4444.444444,1.0,Palaquium leiocarpum,Palaquium,leiocarpum,Sapotaceae,24.07407407,-2.330555556,114.025,0.71,0,0,14.0,LM2017PNTS,train
1403,Indonesia,Central Kalimantan,F,open_degraded,0,0,0,0,0,0,4444.444444,1.0,Palaquium leiocarpum,Palaquium,leiocarpum,Sapotaceae,0.0,-2.330555556,114.025,0.71,0,0,24.0,LM2017PNTS,train
1404,Indonesia,Central Kalimantan,F,open_degraded,0,0,0,0,0,0,4444.444444,1.0,Palaquium leiocarpum,Palaquium,leiocarpum,Sapotaceae,53.7037037,-2.330555556,114.025,0.71,0,0,5.0,LM2017PNTS,train
1405,Indonesia,Central Kalimantan,F,open_degraded,0,0,0,0,0,0,4444.444444,1.0,Aglaia rubiginosa,Aglaia,rubiginosa,Meliaceae,58.82352941,-2.330555556,114.025,0.76,0,0,14.0,LM2017PNTS,train
1406,Indonesia,Central Kalimantan,F,open_degraded,0,0,0,0,0,0,4444.444444,1.0,Aglaia rubiginosa,Aglaia,rubiginosa,Meliaceae,12.0,-2.330555556,114.025,0.76,0,0,24.0,LM2017PNTS,train
1407,Indonesia,Central Kalimantan,F,open_degraded,0,0,0,0,0,0,4444.444444,1.0,Aglaia rubiginosa,Aglaia,rubiginosa,Meliaceae,88.23529412,-2.330555556,114.025,0.76,0,0,5.0,LM2017PNTS,train
1408,Indonesia,Central Kalimantan,F,open_degraded,0,0,0,0,0,0,4444.444444,1.0,Artocarpus integer,Artocarpus,integer,Moraceae,27.77777778,-2.330555556,114.025,0.551,0,0,14.0,LM2017PNTS,train
1409,Indonesia,Central Kalimantan,F,open_degraded,0,0,0,0,0,0,4444.444444,1.0,Artocarpus integer,Artocarpus,integer,Moraceae,0.0,-2.330555556,114.025,0.551,0,0,24.0,LM2017PNTS,train
1410,Indonesia,Central Kalimantan,F,open_degraded,0,0,0,0,0,0,4444.444444,1.0,Artocarpus integer,Artocarpus,integer,Moraceae,66.66666667,-2.330555556,114.025,0.551,0,0,5.0,LM2017PNTS,train
1411,Indonesia,Central Kalimantan,F,open_degraded,0,0,0,0,0,0,4444.444444,1.0,Durio zibethinus,Durio,zibethinus,Malvaceae,35.29411765,-2.330555556,114.025,0.516,0,0,14.0,LM2017PNTS,train
1412,Indonesia,Central Kalimantan,F,open_degraded,0,0,0,0,0,0,4444.444444,1.0,Durio zibethinus,Durio,zibethinus,Malvaceae,6.0,-2.330555556,114.025,0.516,0,0,24.0,LM2017PNTS,train
1413,Indonesia,Central Kalimantan,F,open_degraded,0,0,0,0,0,0,4444.444444,1.0,Durio zibethinus,Durio,zibethinus,Malvaceae,70.58823529,-2.330555556,114.025,0.516,0,0,5.0,LM2017PNTS,train
1414,Indonesia,Central Kalimantan,F,open_degraded,0,0,0,0,0,0,4444.444444,1.0,Sandoricum beccarianum,Sandoricum,beccarianum,Meliaceae,69.44444444,-2.330555556,114.025,0.38,0,0,14.0,LM2017PNTS,train
1415,Indonesia,Central Kalimantan,F,open_degraded,0,0,0,0,0,0,4444.444444,1.0,Sandoricum beccarianum,Sandoricum,beccarianum,Meliaceae,3.0,-2.330555556,114.025,0.38,0,0,24.0,LM2017PNTS,train
1416,Indonesia,Central Kalimantan,F,open_degraded,0,0,0,0,0,0,4444.444444,1.0,Sandoricum beccarianum,Sandoricum,beccarianum,Meliaceae,83.33333333,-2.330555556,114.025,0.38,0,0,5.0,LM2017PNTS,train
1417,Indonesia,Central Kalimantan,F,open_degraded,0,0,0,0,0,0,4444.444444,1.0,Nephelium maingayi,Nephelium,maingayi,Sapindaceae,51.92307692,-2.330555556,114.025,0.7782,0,0,14.0,LM2017PNTS,train
1418,Indonesia,Central Kalimantan,F,open_degraded,0,0,0,0,0,0,4444.444444,1.0,Nephelium maingayi,Nephelium,maingayi,Sapindaceae,0.0,-2.330555556,114.025,0.7782,0,0,24.0,LM2017PNTS,train
1419,Indonesia,Central Kalimantan,F,open_degraded,0,0,0,0,0,0,4444.444444,1.0,Nephelium maingayi,Nephelium,maingayi,Sapindaceae,76.92307692,-2.330555556,114.025,0.7782,0,0,5.0,LM2017PNTS,train
1420,Indonesia,Central Kalimantan,F,open_degraded,0,0,0,0,0,0,4444.444444,1.0,Syzygium leptostemon,Syzygium,leptostemon,Myrtaceae,91.66666667,-2.330555556,114.025,0.664366667,0,0,14.0,LM2017PNTS,train
1421,Indonesia,Central Kalimantan,F,open_degraded,0,0,0,0,0,0,4444.444444,1.0,Syzygium leptostemon,Syzygium,leptostemon,Myrtaceae,0.0,-2.330555556,114.025,0.664366667,0,0,24.0,LM2017PNTS,train
1422,Indonesia,Central Kalimantan,F,open_degraded,0,0,0,0,0,0,4444.444444,1.0,Syzygium leptostemon,Syzygium,leptostemon,Myrtaceae,95.37037037,-2.330555556,114.025,0.664366667,0,0,5.0,LM2017PNTS,train
1423,Indonesia,Central Kalimantan,F,open_degraded,1,0,0,0,0,0,4444.444444,1.0,Dyera polyphylla,Dyera,polyphylla,Apocynaceae,0.0,-2.330555556,114.025,0.33,1,0,14.0,LM2017PNTS,train
1424,Indonesia,Central Kalimantan,F,open_degraded,1,0,0,0,0,0,4444.444444,1.0,Dyera polyphylla,Dyera,polyphylla,Apocynaceae,0.0,-2.330555556,114.025,0.33,1,0,20.0,LM2017PNTS,train
1425,Indonesia,Central Kalimantan,F,open_degraded,1,0,0,0,0,0,4444.444444,1.0,Dyera polyphylla,Dyera,polyphylla,Apocynaceae,22.22222222,-2.330555556,114.025,0.33,1,0,5.0,LM2017PNTS,train
1426,Indonesia,Central Kalimantan,F,open_degraded,0,0,0,0,0,0,4444.444444,1.0,Dyera polyphylla,Dyera,polyphylla,Apocynaceae,64.81481481,-2.330555556,114.025,0.33,0,0,14.0,LM2017PNTS,train
1427,Indonesia,Central Kalimantan,F,open_degraded,0,0,0,0,0,0,4444.444444,1.0,Dyera polyphylla,Dyera,polyphylla,Apocynaceae,24.0,-2.330555556,114.025,0.33,0,0,24.0,LM2017PNTS,train
1428,Indonesia,Central Kalimantan,F,open_degraded,0,0,0,0,0,0,4444.444444,1.0,Dyera polyphylla,Dyera,polyphylla,Apocynaceae,81.48148148,-2.330555556,114.025,0.33,0,0,5.0,LM2017PNTS,train
1429,Indonesia,Central Kalimantan,F,open_degraded,1,0,0,0,0,0,4444.444444,1.0,Dyera polyphylla,Dyera,polyphylla,Apocynaceae,11.11111111,-2.330555556,114.025,0.33,1,0,14.0,LM2017PNTS,train
1430,Indonesia,Central Kalimantan,F,open_degraded,1,0,0,0,0,0,4444.444444,1.0,Dyera polyphylla,Dyera,polyphylla,Apocynaceae,7.407407407,-2.330555556,114.025,0.33,1,0,20.0,LM2017PNTS,train
1431,Indonesia,Central Kalimantan,F,open_degraded,1,0,0,0,0,0,4444.444444,1.0,Dyera polyphylla,Dyera,polyphylla,Apocynaceae,38.88888889,-2.330555556,114.025,0.33,1,0,5.0,LM2017PNTS,train
1432,Indonesia,Central Kalimantan,F,open_degraded,0,0,0,0,1,0,4444.444444,1.0,Dyera polyphylla,Dyera,polyphylla,Apocynaceae,55.55555556,-2.330555556,114.025,0.33,1,0,14.0,LM2017PNTS,train
1433,Indonesia,Central Kalimantan,F,open_degraded,0,0,0,0,1,0,4444.444444,1.0,Dyera polyphylla,Dyera,polyphylla,Apocynaceae,53.7037037,-2.330555556,114.025,0.33,1,0,20.0,LM2017PNTS,train
1434,Indonesia,Central Kalimantan,F,open_degraded,0,0,0,0,1,0,4444.444444,1.0,Dyera polyphylla,Dyera,polyphylla,Apocynaceae,77.77777778,-2.330555556,114.025,0.33,1,0,5.0,LM2017PNTS,train
1435,Indonesia,Central Kalimantan,F,open_degraded,1,0,0,1,0,0,4444.444444,1.0,Dyera polyphylla,Dyera,polyphylla,Apocynaceae,0.0,-2.330555556,114.025,0.33,1,0,14.0,LM2017PNTS,train
1436,Indonesia,Central Kalimantan,F,open_degraded,1,0,0,1,0,0,4444.444444,1.0,Dyera polyphylla,Dyera,polyphylla,Apocynaceae,0.0,-2.330555556,114.025,0.33,1,0,20.0,LM2017PNTS,train
1437,Indonesia,Central Kalimantan,F,open_degraded,1,0,0,1,0,0,4444.444444,1.0,Dyera polyphylla,Dyera,polyphylla,Apocynaceae,22.22222222,-2.330555556,114.025,0.33,1,0,5.0,LM2017PNTS,train
1438,Indonesia,Central Kalimantan,F,open_degraded,1,0,0,1,0,0,4444.444444,1.0,Dyera polyphylla,Dyera,polyphylla,Apocynaceae,27.77777778,-2.330555556,114.025,0.33,1,0,14.0,LM2017PNTS,train
1439,Indonesia,Central Kalimantan,F,open_degraded,1,0,0,1,0,0,4444.444444,1.0,Dyera polyphylla,Dyera,polyphylla,Apocynaceae,24.07407407,-2.330555556,114.025,0.33,1,0,20.0,LM2017PNTS,train
1440,Indonesia,Central Kalimantan,F,open_degraded,1,0,0,1,0,0,4444.444444,1.0,Dyera polyphylla,Dyera,polyphylla,Apocynaceae,59.25925926,-2.330555556,114.025,0.33,1,0,5.0,LM2017PNTS,train
1441,Indonesia,Central Kalimantan,F,open_degraded,1,0,0,0,0,0,4444.444444,1.0,Shorea balangeran,Shorea,balangeran,Dipterocarpaceae,82.40740741,-2.330555556,114.025,0.69,1,0,14.0,LM2017PNTS,train
1442,Indonesia,Central Kalimantan,F,open_degraded,1,0,0,0,0,0,4444.444444,1.0,Shorea balangeran,Shorea,balangeran,Dipterocarpaceae,82.40740741,-2.330555556,114.025,0.69,1,0,20.0,LM2017PNTS,train
1443,Indonesia,Central Kalimantan,F,open_degraded,1,0,0,0,0,0,4444.444444,1.0,Shorea balangeran,Shorea,balangeran,Dipterocarpaceae,94.44444444,-2.330555556,114.025,0.69,1,0,5.0,LM2017PNTS,train
1444,Indonesia,Central Kalimantan,F,open_degraded,1,0,0,0,0,0,4444.444444,1.0,Shorea balangeran,Shorea,balangeran,Dipterocarpaceae,75.0,-2.330555556,114.025,0.69,1,0,14.0,LM2017PNTS,train
1445,Indonesia,Central Kalimantan,F,open_degraded,0,0,0,0,1,0,4444.444444,1.0,Shorea balangeran,Shorea,balangeran,Dipterocarpaceae,73.14814815,-2.330555556,114.025,0.69,1,0,20.0,LM2017PNTS,train
1446,Indonesia,Central Kalimantan,F,open_degraded,1,0,0,0,0,0,4444.444444,1.0,Shorea balangeran,Shorea,balangeran,Dipterocarpaceae,77.77777778,-2.330555556,114.025,0.69,1,0,5.0,LM2017PNTS,train
1447,Indonesia,Central Kalimantan,F,open_degraded,0,0,0,0,1,0,4444.444444,1.0,Shorea balangeran,Shorea,balangeran,Dipterocarpaceae,94.44444444,-2.330555556,114.025,0.69,1,0,14.0,LM2017PNTS,train
1448,Indonesia,Central Kalimantan,F,open_degraded,0,0,0,0,1,0,4444.444444,1.0,Shorea balangeran,Shorea,balangeran,Dipterocarpaceae,92.59259259,-2.330555556,114.025,0.69,1,0,20.0,LM2017PNTS,train
1449,Indonesia,Central Kalimantan,F,open_degraded,0,0,0,0,1,0,4444.444444,1.0,Shorea balangeran,Shorea,balangeran,Dipterocarpaceae,96.2962963,-2.330555556,114.025,0.69,1,0,5.0,LM2017PNTS,train
1450,Indonesia,Central Kalimantan,F,open_degraded,0,0,0,1,0,0,4444.444444,1.0,Shorea balangeran,Shorea,balangeran,Dipterocarpaceae,87.5,-2.330555556,114.025,0.69,1,0,14.0,LM2017PNTS,train
1451,Indonesia,Central Kalimantan,F,open_degraded,0,0,0,1,0,0,4444.444444,1.0,Shorea balangeran,Shorea,balangeran,Dipterocarpaceae,87.5,-2.330555556,114.025,0.69,1,0,20.0,LM2017PNTS,train
1452,Indonesia,Central Kalimantan,F,open_degraded,0,0,0,1,0,0,4444.444444,1.0,Shorea balangeran,Shorea,balangeran,Dipterocarpaceae,95.83333333,-2.330555556,114.025,0.69,1,0,5.0,LM2017PNTS,train
1453,Indonesia,Central Kalimantan,F,open_degraded,1,0,0,0,1,0,4444.444444,1.0,Shorea balangeran,Shorea,balangeran,Dipterocarpaceae,90.74074074,-2.330555556,114.025,0.69,1,0,14.0,LM2017PNTS,train
1454,Indonesia,Central Kalimantan,F,open_degraded,1,0,0,0,1,0,4444.444444,1.0,Shorea balangeran,Shorea,balangeran,Dipterocarpaceae,89.81481481,-2.330555556,114.025,0.69,1,0,20.0,LM2017PNTS,train
1455,Indonesia,Central Kalimantan,F,open_degraded,1,0,0,0,1,0,4444.444444,1.0,Shorea balangeran,Shorea,balangeran,Dipterocarpaceae,95.37037037,-2.330555556,114.025,0.69,1,0,5.0,LM2017PNTS,train
1456,Indonesia,Central Kalimantan,F,open_degraded,1,0,0,1,0,0,4444.444444,1.0,Shorea balangeran,Shorea,balangeran,Dipterocarpaceae,100.0,-2.330555556,114.025,0.69,1,0,14.0,LM2017PNTS,train
1457,Indonesia,Central Kalimantan,F,open_degraded,1,0,0,1,0,0,4444.444444,1.0,Shorea balangeran,Shorea,balangeran,Dipterocarpaceae,100.0,-2.330555556,114.025,0.69,1,0,20.0,LM2017PNTS,train
1458,Indonesia,Central Kalimantan,F,open_degraded,1,0,0,1,0,0,4444.444444,1.0,Shorea balangeran,Shorea,balangeran,Dipterocarpaceae,100.0,-2.330555556,114.025,0.69,1,0,5.0,LM2017PNTS,train
1459,Indonesia,Central Kalimantan,F,open_degraded,0,0,0,0,0,0,4444.444444,1.0,Shorea balangeran,Shorea,balangeran,Dipterocarpaceae,93.51851852,-2.330555556,114.025,0.69,0,0,14.0,LM2017PNTS,train
1460,Indonesia,Central Kalimantan,F,open_degraded,0,0,0,0,0,0,4444.444444,1.0,Shorea balangeran,Shorea,balangeran,Dipterocarpaceae,22.0,-2.330555556,114.025,0.69,0,0,24.0,LM2017PNTS,train
1461,Indonesia,Central Kalimantan,F,open_degraded,0,0,0,0,0,0,4444.444444,1.0,Shorea balangeran,Shorea,balangeran,Dipterocarpaceae,97.22222222,-2.330555556,114.025,0.69,0,0,5.0,LM2017PNTS,train
1462,Indonesia,Central Kalimantan,F,open_degraded,1,0,0,1,1,0,4444.444444,1.0,Shorea balangeran,Shorea,balangeran,Dipterocarpaceae,87.5,-2.330555556,114.025,0.69,1,0,14.0,LM2017PNTS,train
1463,Indonesia,Central Kalimantan,F,open_degraded,1,0,0,1,1,0,4444.444444,1.0,Shorea balangeran,Shorea,balangeran,Dipterocarpaceae,87.5,-2.330555556,114.025,0.69,1,0,20.0,LM2017PNTS,train
1464,Indonesia,Central Kalimantan,F,open_degraded,1,0,0,1,1,0,4444.444444,1.0,Shorea balangeran,Shorea,balangeran,Dipterocarpaceae,95.83333333,-2.330555556,114.025,0.69,1,0,5.0,LM2017PNTS,train
1465,Indonesia,Central Kalimantan,F,open_degraded,1,0,0,0,1,0,4444.444444,1.0,Shorea balangeran,Shorea,balangeran,Dipterocarpaceae,81.48148148,-2.330555556,114.025,0.69,1,0,14.0,LM2017PNTS,train
1466,Indonesia,Central Kalimantan,F,open_degraded,1,0,0,0,1,0,4444.444444,1.0,Shorea balangeran,Shorea,balangeran,Dipterocarpaceae,79.62962963,-2.330555556,114.025,0.69,1,0,20.0,LM2017PNTS,train
1467,Indonesia,Central Kalimantan,F,open_degraded,1,0,0,0,1,0,4444.444444,1.0,Shorea balangeran,Shorea,balangeran,Dipterocarpaceae,84.25925926,-2.330555556,114.025,0.69,1,0,5.0,LM2017PNTS,train
1468,Indonesia,Central Kalimantan,F,open_degraded,1,0,0,1,1,0,4444.444444,1.0,Shorea balangeran,Shorea,balangeran,Dipterocarpaceae,95.83333333,-2.330555556,114.025,0.69,1,0,14.0,LM2017PNTS,train
1469,Indonesia,Central Kalimantan,F,open_degraded,1,0,0,1,1,0,4444.444444,1.0,Shorea balangeran,Shorea,balangeran,Dipterocarpaceae,95.83333333,-2.330555556,114.025,0.69,1,0,20.0,LM2017PNTS,train
1470,Indonesia,Central Kalimantan,F,open_degraded,1,0,0,0,0,0,4444.444444,1.0,Alstonia pneumatophora,Alstonia,pneumatophora,Apocynaceae,39.81481481,-2.330555556,114.025,0.295,1,0,14.0,LM2017PNTS,train
1471,Indonesia,Central Kalimantan,F,open_degraded,1,0,0,0,0,0,4444.444444,1.0,Alstonia pneumatophora,Alstonia,pneumatophora,Apocynaceae,36.11111111,-2.330555556,114.025,0.295,1,0,20.0,LM2017PNTS,train
1472,Indonesia,Central Kalimantan,F,open_degraded,1,0,0,0,0,0,4444.444444,1.0,Alstonia pneumatophora,Alstonia,pneumatophora,Apocynaceae,82.40740741,-2.330555556,114.025,0.295,1,0,5.0,LM2017PNTS,train
1473,Indonesia,Central Kalimantan,F,open_degraded,1,0,0,0,0,0,4444.444444,1.0,Alstonia pneumatophora,Alstonia,pneumatophora,Apocynaceae,49.07407407,-2.330555556,114.025,0.295,1,0,14.0,LM2017PNTS,train
1474,Indonesia,Central Kalimantan,F,open_degraded,1,0,0,0,0,0,4444.444444,1.0,Alstonia pneumatophora,Alstonia,pneumatophora,Apocynaceae,48.14814815,-2.330555556,114.025,0.295,1,0,20.0,LM2017PNTS,train
1475,Indonesia,Central Kalimantan,F,open_degraded,1,0,0,0,0,0,4444.444444,1.0,Alstonia pneumatophora,Alstonia,pneumatophora,Apocynaceae,68.51851852,-2.330555556,114.025,0.295,1,0,5.0,LM2017PNTS,train
1476,Indonesia,Central Kalimantan,F,open_degraded,0,0,0,0,1,0,4444.444444,1.0,Alstonia pneumatophora,Alstonia,pneumatophora,Apocynaceae,78.7037037,-2.330555556,114.025,0.295,1,0,14.0,LM2017PNTS,train
1477,Indonesia,Central Kalimantan,F,open_degraded,0,0,0,0,1,0,4444.444444,1.0,Alstonia pneumatophora,Alstonia,pneumatophora,Apocynaceae,71.2962963,-2.330555556,114.025,0.295,1,0,20.0,LM2017PNTS,train
1478,Indonesia,Central Kalimantan,F,open_degraded,0,0,0,0,1,0,4444.444444,1.0,Alstonia pneumatophora,Alstonia,pneumatophora,Apocynaceae,91.66666667,-2.330555556,114.025,0.295,1,0,5.0,LM2017PNTS,train
1479,Indonesia,Central Kalimantan,F,open_degraded,0,0,0,1,0,0,4444.444444,1.0,Alstonia pneumatophora,Alstonia,pneumatophora,Apocynaceae,50.0,-2.330555556,114.025,0.295,1,0,14.0,LM2017PNTS,train
1480,Indonesia,Central Kalimantan,F,open_degraded,0,0,0,1,0,0,4444.444444,1.0,Alstonia pneumatophora,Alstonia,pneumatophora,Apocynaceae,33.33333333,-2.330555556,114.025,0.295,1,0,20.0,LM2017PNTS,train
1481,Indonesia,Central Kalimantan,F,open_degraded,0,0,0,1,0,0,4444.444444,1.0,Alstonia pneumatophora,Alstonia,pneumatophora,Apocynaceae,95.83333333,-2.330555556,114.025,0.295,1,0,5.0,LM2017PNTS,train
1482,Indonesia,Central Kalimantan,F,open_degraded,1,0,0,0,1,0,4444.444444,1.0,Alstonia pneumatophora,Alstonia,pneumatophora,Apocynaceae,64.81481481,-2.330555556,114.025,0.295,1,0,14.0,LM2017PNTS,train
1483,Indonesia,Central Kalimantan,F,open_degraded,1,0,0,0,1,0,4444.444444,1.0,Alstonia pneumatophora,Alstonia,pneumatophora,Apocynaceae,57.40740741,-2.330555556,114.025,0.295,1,0,20.0,LM2017PNTS,train
1484,Indonesia,Central Kalimantan,F,open_degraded,1,0,0,0,1,0,4444.444444,1.0,Alstonia pneumatophora,Alstonia,pneumatophora,Apocynaceae,88.88888889,-2.330555556,114.025,0.295,1,0,5.0,LM2017PNTS,train
1485,Indonesia,Central Kalimantan,F,open_degraded,1,0,0,1,0,0,4444.444444,1.0,Alstonia pneumatophora,Alstonia,pneumatophora,Apocynaceae,37.5,-2.330555556,114.025,0.295,1,0,14.0,LM2017PNTS,train
1486,Indonesia,Central Kalimantan,F,open_degraded,1,0,0,1,0,0,4444.444444,1.0,Alstonia pneumatophora,Alstonia,pneumatophora,Apocynaceae,29.16666667,-2.330555556,114.025,0.295,1,0,20.0,LM2017PNTS,train
1487,Indonesia,Central Kalimantan,F,open_degraded,1,0,0,1,0,0,4444.444444,1.0,Alstonia pneumatophora,Alstonia,pneumatophora,Apocynaceae,91.66666667,-2.330555556,114.025,0.295,1,0,5.0,LM2017PNTS,train
1488,Indonesia,Central Kalimantan,F,open_degraded,0,0,0,0,0,0,4444.444444,1.0,Dacryodes rostrata,Dacryodes,rostrata,Burseraceae,87.03703704,-2.330555556,114.025,0.55,0,0,14.0,LM2017PNTS,train
1489,Indonesia,Central Kalimantan,F,open_degraded,0,0,0,0,0,0,4444.444444,1.0,Dacryodes rostrata,Dacryodes,rostrata,Burseraceae,21.0,-2.330555556,114.025,0.55,0,0,24.0,LM2017PNTS,train
1490,Indonesia,Central Kalimantan,F,open_degraded,0,0,0,0,0,0,4444.444444,1.0,Dacryodes rostrata,Dacryodes,rostrata,Burseraceae,92.59259259,-2.330555556,114.025,0.55,0,0,5.0,LM2017PNTS,train
1491,Indonesia,Central Kalimantan,F,open_degraded,1,0,0,1,1,0,4444.444444,1.0,Alstonia pneumatophora,Alstonia,pneumatophora,Apocynaceae,75.0,-2.330555556,114.025,0.295,1,0,14.0,LM2017PNTS,train
1492,Indonesia,Central Kalimantan,F,open_degraded,1,0,0,1,1,0,4444.444444,1.0,Alstonia pneumatophora,Alstonia,pneumatophora,Apocynaceae,70.83333333,-2.330555556,114.025,0.295,1,0,20.0,LM2017PNTS,train
1493,Indonesia,Central Kalimantan,F,open_degraded,1,0,0,1,1,0,4444.444444,1.0,Alstonia pneumatophora,Alstonia,pneumatophora,Apocynaceae,91.66666667,-2.330555556,114.025,0.295,1,0,5.0,LM2017PNTS,train
1494,Indonesia,Central Kalimantan,F,open_degraded,1,0,0,0,1,0,4444.444444,1.0,Alstonia pneumatophora,Alstonia,pneumatophora,Apocynaceae,66.66666667,-2.330555556,114.025,0.295,1,0,14.0,LM2017PNTS,train
1495,Indonesia,Central Kalimantan,F,open_degraded,1,0,0,0,1,0,4444.444444,1.0,Alstonia pneumatophora,Alstonia,pneumatophora,Apocynaceae,64.81481481,-2.330555556,114.025,0.295,1,0,20.0,LM2017PNTS,train
1496,Indonesia,Central Kalimantan,F,open_degraded,1,0,0,0,1,0,4444.444444,1.0,Alstonia pneumatophora,Alstonia,pneumatophora,Apocynaceae,75.92592593,-2.330555556,114.025,0.295,1,0,5.0,LM2017PNTS,train
1497,Indonesia,Central Kalimantan,F,open_degraded,1,0,0,1,0,0,4444.444444,1.0,Alstonia pneumatophora,Alstonia,pneumatophora,Apocynaceae,79.16666667,-2.330555556,114.025,0.295,1,0,14.0,LM2017PNTS,train
1498,Indonesia,Central Kalimantan,F,open_degraded,1,0,0,1,0,0,4444.444444,1.0,Alstonia pneumatophora,Alstonia,pneumatophora,Apocynaceae,79.16666667,-2.330555556,114.025,0.295,1,0,20.0,LM2017PNTS,train
1499,Indonesia,Central Kalimantan,F,open_degraded,1,0,0,1,0,0,4444.444444,1.0,Alstonia pneumatophora,Alstonia,pneumatophora,Apocynaceae,95.83333333,-2.330555556,114.025,0.295,1,0,5.0,LM2017PNTS,train
1500,Indonesia,Central Kalimantan,F,open_degraded,1,0,0,1,1,0,4444.444444,1.0,Alstonia pneumatophora,Alstonia,pneumatophora,Apocynaceae,41.66666667,-2.330555556,114.025,0.295,1,0,14.0,LM2017PNTS,train
1501,Indonesia,Central Kalimantan,F,open_degraded,1,0,0,1,1,0,4444.444444,1.0,Alstonia pneumatophora,Alstonia,pneumatophora,Apocynaceae,41.66666667,-2.330555556,114.025,0.295,1,0,20.0,LM2017PNTS,train
1502,Indonesia,Central Kalimantan,F,open_degraded,1,0,0,1,1,0,4444.444444,1.0,Alstonia pneumatophora,Alstonia,pneumatophora,Apocynaceae,75.0,-2.330555556,114.025,0.295,1,0,5.0,LM2017PNTS,train
1503,Indonesia,Central Kalimantan,F,open_degraded,1,0,0,0,0,0,4444.444444,1.0,Campnosperma squamatum,Campnosperma,squamatum,Anacardiaceae,48.14814815,-2.330555556,114.025,0.39,1,0,14.0,LM2017PNTS,train
1504,Indonesia,Central Kalimantan,F,open_degraded,1,0,0,0,0,0,4444.444444,1.0,Campnosperma squamatum,Campnosperma,squamatum,Anacardiaceae,38.88888889,-2.330555556,114.025,0.39,1,0,20.0,LM2017PNTS,train
1505,Indonesia,Central Kalimantan,F,open_degraded,1,0,0,0,0,0,4444.444444,1.0,Campnosperma squamatum,Campnosperma,squamatum,Anacardiaceae,76.85185185,-2.330555556,114.025,0.39,1,0,5.0,LM2017PNTS,train
1506,Indonesia,Central Kalimantan,F,open_degraded,1,0,0,0,0,0,4444.444444,1.0,Campnosperma squamatum,Campnosperma,squamatum,Anacardiaceae,44.44444444,-2.330555556,114.025,0.39,1,0,14.0,LM2017PNTS,train
1507,Indonesia,Central Kalimantan,F,open_degraded,1,0,0,0,0,0,4444.444444,1.0,Campnosperma squamatum,Campnosperma,squamatum,Anacardiaceae,35.18518519,-2.330555556,114.025,0.39,1,0,20.0,LM2017PNTS,train
1508,Indonesia,Central Kalimantan,F,open_degraded,1,0,0,0,0,0,4444.444444,1.0,Campnosperma squamatum,Campnosperma,squamatum,Anacardiaceae,62.96296296,-2.330555556,114.025,0.39,1,0,5.0,LM2017PNTS,train
1509,Indonesia,Central Kalimantan,F,open_degraded,1,0,0,0,0,0,4444.444444,1.0,Dacryodes rostrata,Dacryodes,rostrata,Burseraceae,71.2962963,-2.330555556,114.025,0.55,1,0,14.0,LM2017PNTS,train
1510,Indonesia,Central Kalimantan,F,open_degraded,1,0,0,0,0,0,4444.444444,1.0,Dacryodes rostrata,Dacryodes,rostrata,Burseraceae,70.37037037,-2.330555556,114.025,0.55,1,0,20.0,LM2017PNTS,train
1511,Indonesia,Central Kalimantan,F,open_degraded,1,0,0,0,0,0,4444.444444,1.0,Dacryodes rostrata,Dacryodes,rostrata,Burseraceae,78.7037037,-2.330555556,114.025,0.55,1,0,5.0,LM2017PNTS,train
1512,Indonesia,Central Kalimantan,F,open_degraded,1,0,0,0,0,0,4444.444444,1.0,Dacryodes rostrata,Dacryodes,rostrata,Burseraceae,77.77777778,-2.330555556,114.025,0.55,1,0,14.0,LM2017PNTS,train
1513,Indonesia,Central Kalimantan,F,open_degraded,1,0,0,0,0,0,4444.444444,1.0,Dacryodes rostrata,Dacryodes,rostrata,Burseraceae,74.07407407,-2.330555556,114.025,0.55,1,0,20.0,LM2017PNTS,train
1514,Indonesia,Central Kalimantan,F,open_degraded,1,0,0,0,0,0,4444.444444,1.0,Dacryodes rostrata,Dacryodes,rostrata,Burseraceae,81.48148148,-2.330555556,114.025,0.55,1,0,5.0,LM2017PNTS,train
1515,Indonesia,Central Kalimantan,F,open_degraded,0,0,0,0,0,0,4444.444444,1.0,Gymnacranthera farquhariana,Gymnacranthera,farquhariana,Myristicaceae,66.98113208,-2.330555556,114.025,0.58,0,0,14.0,LM2017PNTS,train
1516,Indonesia,Central Kalimantan,F,open_degraded,0,0,0,0,0,0,4444.444444,1.0,Gymnacranthera farquhariana,Gymnacranthera,farquhariana,Myristicaceae,0.0,-2.330555556,114.025,0.58,0,0,24.0,LM2017PNTS,train
1517,Indonesia,Central Kalimantan,F,open_degraded,0,0,0,0,0,0,4444.444444,1.0,Gymnacranthera farquhariana,Gymnacranthera,farquhariana,Myristicaceae,87.73584906,-2.330555556,114.025,0.58,0,0,5.0,LM2017PNTS,train
1518,Indonesia,Central Kalimantan,F,open_degraded,0,0,0,0,0,0,4444.444444,1.0,Horsfieldia crassifolia,Horsfieldia,crassifolia,Magnoliaceae,80.18867925,-2.330555556,114.025,0.441512037,0,0,14.0,LM2017PNTS,train
1519,Indonesia,Central Kalimantan,F,open_degraded,0,0,0,0,0,0,4444.444444,1.0,Horsfieldia crassifolia,Horsfieldia,crassifolia,Magnoliaceae,3.0,-2.330555556,114.025,0.441512037,0,0,24.0,LM2017PNTS,train
1520,Indonesia,Central Kalimantan,F,open_degraded,0,0,0,0,0,0,4444.444444,1.0,Horsfieldia crassifolia,Horsfieldia,crassifolia,Magnoliaceae,93.39622642,-2.330555556,114.025,0.441512037,0,0,5.0,LM2017PNTS,train
1521,Indonesia,Central Kalimantan,F,open_degraded,0,0,0,0,0,0,4444.444444,1.0,Alstonia pneumatophora,Alstonia,pneumatophora,Apocynaceae,36.11111111,-2.330555556,114.025,0.295,0,0,14.0,LM2017PNTS,train
1522,Indonesia,Central Kalimantan,F,open_degraded,0,0,0,0,0,0,4444.444444,1.0,Alstonia pneumatophora,Alstonia,pneumatophora,Apocynaceae,6.0,-2.330555556,114.025,0.295,0,0,24.0,LM2017PNTS,train
1523,Indonesia,Central Kalimantan,F,open_degraded,0,0,0,0,0,0,4444.444444,1.0,Alstonia pneumatophora,Alstonia,pneumatophora,Apocynaceae,88.88888889,-2.330555556,114.025,0.295,0,0,5.0,LM2017PNTS,train
1524,Indonesia,Central Kalimantan,F,open_degraded,0,0,0,0,0,0,4444.444444,1.0,Adenanthera pavonina,Adenanthera,pavonina,Fabaceae,88.78504673,-2.330555556,114.025,0.687,0,0,14.0,LM2017PNTS,train
1525,Indonesia,Central Kalimantan,F,open_degraded,0,0,0,0,0,0,4444.444444,1.0,Adenanthera pavonina,Adenanthera,pavonina,Fabaceae,0.0,-2.330555556,114.025,0.687,0,0,24.0,LM2017PNTS,train
1526,Indonesia,Central Kalimantan,F,open_degraded,0,0,0,0,0,0,4444.444444,1.0,Adenanthera pavonina,Adenanthera,pavonina,Fabaceae,93.45794393,-2.330555556,114.025,0.687,0,0,5.0,LM2017PNTS,train
1527,Indonesia,Central Kalimantan,F,open_degraded,0,0,0,0,0,0,4444.444444,1.0,Campnosperma squamatum,Campnosperma,squamatum,Anacardiaceae,72.22222222,-2.330555556,114.025,0.39,0,0,14.0,LM2017PNTS,train
1528,Indonesia,Central Kalimantan,F,open_degraded,0,0,0,0,0,0,4444.444444,1.0,Campnosperma squamatum,Campnosperma,squamatum,Anacardiaceae,3.0,-2.330555556,114.025,0.39,0,0,24.0,LM2017PNTS,train
1529,Indonesia,Central Kalimantan,F,open_degraded,0,0,0,0,0,0,4444.444444,1.0,Campnosperma squamatum,Campnosperma,squamatum,Anacardiaceae,98.14814815,-2.330555556,114.025,0.39,0,0,5.0,LM2017PNTS,train
1530,Indonesia,Central Kalimantan,F,open_degraded,0,0,0,0,0,0,4444.444444,1.0,Adenanthera pavonina,Adenanthera,pavonina,Fabaceae,10.0,-2.330555556,114.025,0.687,0,0,12.0,LM2017PNTS_NatExp,train
1531,Indonesia,Central Kalimantan,F,open_degraded,0,0,0,0,0,0,4444.444444,1.0,Adenanthera pavonina,Adenanthera,pavonina,Fabaceae,3.0,-2.330555556,114.025,0.687,0,0,24.0,LM2017PNTS_NatExp,train
1532,Indonesia,Central Kalimantan,F,open_degraded,0,0,0,0,0,0,4444.444444,1.0,Campnosperma squamatum,Campnosperma,squamatum,Anacardiaceae,0.0,-2.330555556,114.025,0.39,0,0,12.0,LM2017PNTS_NatExp,train
1533,Indonesia,Central Kalimantan,F,open_degraded,0,0,0,0,0,0,4444.444444,1.0,Campnosperma squamatum,Campnosperma,squamatum,Anacardiaceae,0.0,-2.330555556,114.025,0.39,0,0,24.0,LM2017PNTS_NatExp,train
1534,Indonesia,Central Kalimantan,F,open_degraded,0,0,0,0,0,0,4444.444444,1.0,Dacryodes rostrata,Dacryodes,rostrata,Burseraceae,73.0,-2.330555556,114.025,0.55,0,0,12.0,LM2017PNTS_NatExp,train
1535,Indonesia,Central Kalimantan,F,open_degraded,0,0,0,0,0,0,4444.444444,1.0,Dacryodes rostrata,Dacryodes,rostrata,Burseraceae,65.0,-2.330555556,114.025,0.55,0,0,24.0,LM2017PNTS_NatExp,train
1536,Indonesia,Central Kalimantan,F,open_degraded,0,0,0,0,0,0,4444.444444,1.0,Horsfieldia crassifolia,Horsfieldia,crassifolia,Magnoliaceae,5.0,-2.330555556,114.025,0.441512037,0,0,12.0,LM2017PNTS_NatExp,train
1537,Indonesia,Central Kalimantan,F,open_degraded,0,0,0,0,0,0,4444.444444,1.0,Horsfieldia crassifolia,Horsfieldia,crassifolia,Magnoliaceae,5.0,-2.330555556,114.025,0.441512037,0,0,24.0,LM2017PNTS_NatExp,train
1538,Indonesia,Central Kalimantan,F,open_degraded,0,0,0,0,0,0,4444.444444,1.0,Shorea balangeran,Shorea,balangeran,Dipterocarpaceae,95.0,-2.330555556,114.025,0.69,0,0,12.0,LM2017PNTS_NatExp,train
1539,Indonesia,Central Kalimantan,F,open_degraded,0,0,0,0,0,0,4444.444444,1.0,Shorea balangeran,Shorea,balangeran,Dipterocarpaceae,82.0,-2.330555556,114.025,0.69,0,0,24.0,LM2017PNTS_NatExp,train
1548,China,Guangdong,LG,open_degraded,0,1,0,0,0,0,,1.0,Castanopsis fissa,Castanopsis,fissa,Fagaceae,95.0,21.46361111,110.905,0.4446,1,1,15.0,LN2014,train
1549,China,Guangdong,LG,open_degraded,0,1,0,0,0,0,,1.0,Castanopsis fissa,Castanopsis,fissa,Fagaceae,95.0,21.46361111,110.905,0.4446,1,1,21.0,LN2014,train
1550,China,Guangdong,LG,open_degraded,0,1,0,0,0,0,,1.0,Castanopsis fissa,Castanopsis,fissa,Fagaceae,95.0,21.46361111,110.905,0.4446,1,1,5.0,LN2014,train
1551,China,Guangdong,LG,open_degraded,0,1,0,0,0,0,,1.0,Castanopsis fissa,Castanopsis,fissa,Fagaceae,83.0,21.46361111,110.905,0.4446,1,1,15.0,LN2014,train
1552,China,Guangdong,LG,open_degraded,0,1,0,0,0,0,,1.0,Castanopsis fissa,Castanopsis,fissa,Fagaceae,83.0,21.46361111,110.905,0.4446,1,1,21.0,LN2014,train
1553,China,Guangdong,LG,open_degraded,0,1,0,0,0,0,,1.0,Castanopsis fissa,Castanopsis,fissa,Fagaceae,87.0,21.46361111,110.905,0.4446,1,1,5.0,LN2014,train
1554,China,Guangdong,LG,open_degraded,0,0,0,0,0,0,,1.0,Castanopsis fissa,Castanopsis,fissa,Fagaceae,67.0,21.46361111,110.905,0.4446,0,1,15.0,LN2014,train
1555,China,Guangdong,LG,open_degraded,0,0,0,0,0,0,,1.0,Castanopsis fissa,Castanopsis,fissa,Fagaceae,66.0,21.46361111,110.905,0.4446,0,1,21.0,LN2014,train
1556,China,Guangdong,LG,open_degraded,0,0,0,0,0,0,,1.0,Castanopsis fissa,Castanopsis,fissa,Fagaceae,70.0,21.46361111,110.905,0.4446,0,1,5.0,LN2014,train
1557,China,Guangdong,LG,open_degraded,0,1,0,0,0,0,,1.0,Syzygium hancei,Syzygium,hancei,Myrtaceae,75.0,21.46361111,110.905,0.664366667,1,1,15.0,LN2014,train
1558,China,Guangdong,LG,open_degraded,0,1,0,0,0,0,,1.0,Syzygium hancei,Syzygium,hancei,Myrtaceae,75.0,21.46361111,110.905,0.664366667,1,1,21.0,LN2014,train
1559,China,Guangdong,LG,open_degraded,0,1,0,0,0,0,,1.0,Syzygium hancei,Syzygium,hancei,Myrtaceae,89.0,21.46361111,110.905,0.664366667,1,1,5.0,LN2014,train
1560,China,Guangdong,LG,open_degraded,0,1,0,0,0,0,,1.0,Syzygium hancei,Syzygium,hancei,Myrtaceae,88.0,21.46361111,110.905,0.664366667,1,1,15.0,LN2014,train
1561,China,Guangdong,LG,open_degraded,0,1,0,0,0,0,,1.0,Syzygium hancei,Syzygium,hancei,Myrtaceae,88.0,21.46361111,110.905,0.664366667,1,1,21.0,LN2014,train
1562,China,Guangdong,LG,open_degraded,0,1,0,0,0,0,,1.0,Syzygium hancei,Syzygium,hancei,Myrtaceae,88.0,21.46361111,110.905,0.664366667,1,1,5.0,LN2014,train
1563,China,Guangdong,LG,open_degraded,0,0,0,0,0,0,,1.0,Syzygium hancei,Syzygium,hancei,Myrtaceae,64.0,21.46361111,110.905,0.664366667,0,1,15.0,LN2014,train
1564,China,Guangdong,LG,open_degraded,0,0,0,0,0,0,,1.0,Syzygium hancei,Syzygium,hancei,Myrtaceae,64.0,21.46361111,110.905,0.664366667,0,1,21.0,LN2014,train
1565,China,Guangdong,LG,open_degraded,0,0,0,0,0,0,,1.0,Syzygium hancei,Syzygium,hancei,Myrtaceae,85.0,21.46361111,110.905,0.664366667,0,1,5.0,LN2014,train
1596,China,Yunnan,AG,open_degraded,1,0,0,1,1,0,,34.0,Acer oliverianum,Acer,oliverianum,Sapindaceae,60.0,27.15,98.48333333,0.517526,1,1,24.0,LY2017,train
1597,China,Yunnan,AG,open_degraded,1,0,0,1,1,0,,34.0,Crataegus scabrifolia,Crataegus,scabrifolia,Rosaceae,76.0,27.15,98.48333333,0.66,1,1,24.0,LY2017,train
1598,China,Yunnan,AG,open_degraded,1,0,0,1,1,0,,34.0,Quercus lamellosa,Quercus,lamellosa,Fagaceae,20.0,27.15,98.48333333,0.7,1,1,24.0,LY2017,train
1599,China,Yunnan,AG,open_degraded,1,0,0,1,1,0,,34.0,Diospyros kaki,Diospyros,kaki,Ebenaceae,97.0,27.15,98.48333333,0.630333333,1,1,24.0,LY2017,train
1600,China,Yunnan,AG,open_degraded,1,0,0,1,1,0,,34.0,Elaeocarpus lanceifolius,Elaeocarpus,lanceifolius,Elaeocarpaceae,16.0,27.15,98.48333333,0.523,1,1,24.0,LY2017,train
1601,China,Yunnan,AG,open_degraded,1,0,0,1,1,0,,34.0,Heynea trijuga,Heynea,trijuga,Meliaceae,90.0,27.15,98.48333333,0.594346098,1,1,24.0,LY2017,train
1602,China,Yunnan,AG,open_degraded,1,0,0,1,1,0,,34.0,Ilex polyneura,Ilex,polyneura,Aquifoliaceae,78.0,27.15,98.48333333,0.5627,1,1,24.0,LY2017,train
1603,China,Yunnan,AG,open_degraded,1,0,0,1,1,0,,34.0,Ligustrum lucidum,Ligustrum,lucidum,Oleaceae,93.0,27.15,98.48333333,0.579333333,1,1,24.0,LY2017,train
1604,China,Yunnan,AG,open_degraded,1,0,0,1,1,0,,34.0,Lindera communis,Lindera,communis,Lauraceae,92.0,27.15,98.48333333,0.45195,1,1,24.0,LY2017,train
1605,China,Yunnan,AG,open_degraded,1,0,0,1,1,0,,34.0,Lindera megaphylla,Lindera,megaphylla,Lauraceae,8.0,27.15,98.48333333,0.45195,1,1,24.0,LY2017,train
1606,China,Yunnan,AG,open_degraded,1,0,0,1,1,0,,34.0,Lindera thomsonii,Lindera,thomsonii,Lauraceae,90.0,27.15,98.48333333,0.45195,1,1,24.0,LY2017,train
1607,China,Yunnan,AG,open_degraded,1,0,0,1,1,0,,34.0,Actinodaphne obovata,Actinodaphne,obovata,Lauraceae,0.0,27.15,98.48333333,0.51,1,1,24.0,LY2017,train
1608,China,Yunnan,AG,open_degraded,1,0,0,1,1,0,,34.0,Lithocarpus hancei,Lithocarpus,hancei,Fagaceae,28.0,27.15,98.48333333,0.673393116,1,1,24.0,LY2017,train
1609,China,Yunnan,AG,open_degraded,1,0,0,1,1,0,,34.0,Litsea mollis,Litsea,mollis,Lauraceae,12.0,27.15,98.48333333,0.425466667,1,1,24.0,LY2017,train
1610,China,Yunnan,AG,open_degraded,1,0,0,1,1,0,,34.0,Machilus rufipes,Machilus,rufipes,Lauraceae,72.0,27.15,98.48333333,0.56441757,1,1,24.0,LY2017,train
1611,China,Yunnan,AG,open_degraded,1,0,0,1,1,0,,34.0,Machilus yunnanensis,Machilus,yunnanensis,Lauraceae,84.0,27.15,98.48333333,0.56441757,1,1,24.0,LY2017,train
1612,China,Yunnan,AG,open_degraded,1,0,0,1,1,0,,34.0,Manglietia hookeri,Manglietia,hookeri,Magnoliaceae,39.0,27.15,98.48333333,0.412375,1,1,24.0,LY2017,train
1613,China,Yunnan,AG,open_degraded,1,0,0,1,1,0,,34.0,Michelia doltsopa,Michelia,doltsopa,Magnoliaceae,91.0,27.15,98.48333333,0.488018519,1,1,24.0,LY2017,train
1614,China,Yunnan,AG,open_degraded,1,0,0,1,1,0,,34.0,Myrsine semiserrata,Myrsine,semiserrata,Primulaceae,36.0,27.15,98.48333333,0.703,1,1,24.0,LY2017,train
1615,China,Yunnan,AG,open_degraded,1,0,0,1,1,0,,34.0,Prunus wilsonii,Prunus,wilsonii,Rosaceae,71.0,27.15,98.48333333,0.585666667,1,1,24.0,LY2017,train
1616,China,Yunnan,AG,open_degraded,1,0,0,1,1,0,,34.0,Polyspora longicarpa,Polyspora,longicarpa,Theaceae,16.0,27.15,98.48333333,0.576065476,1,1,24.0,LY2017,train
1617,China,Yunnan,AG,open_degraded,1,0,0,1,1,0,,34.0,Quercus acutissima,Quercus,acutissima,Fagaceae,90.0,27.15,98.48333333,0.7334,1,1,24.0,LY2017,train
1618,China,Yunnan,AG,open_degraded,1,0,0,1,1,0,,34.0,Magnolia cathcartii,Magnolia,cathcartii,Magnoliaceae,4.0,27.15,98.48333333,0.504583333,1,1,24.0,LY2017,train
1619,China,Yunnan,AG,open_degraded,1,0,0,1,1,0,,34.0,Schima wallichii,Schima,wallichii,Theaceae,36.0,27.15,98.48333333,0.55775,1,1,24.0,LY2017,train
1620,China,Yunnan,AG,open_degraded,1,0,0,1,1,0,,34.0,Sorbus corymbifera,Sorbus,corymbifera,Rosaceae,94.0,27.15,98.48333333,0.6053,1,1,24.0,LY2017,train
1621,China,Yunnan,AG,open_degraded,1,0,0,1,1,0,,34.0,Symplocos paniculata,Symplocos,paniculata,Symplocaceae,48.0,27.15,98.48333333,0.533541667,1,1,24.0,LY2017,train
1622,China,Yunnan,AG,open_degraded,1,0,0,1,1,0,,34.0,Tetradium ruticarpum,Tetradium,ruticarpum,Rutaceae,53.0,27.15,98.48333333,0.232,1,1,24.0,LY2017,train
1623,China,Yunnan,AG,open_degraded,1,0,0,1,1,0,,34.0,Turpinia cochinchinensis,Turpinia,cochinchinensis,Staphyleaceae,0.0,27.15,98.48333333,0.394,1,1,24.0,LY2017,train
1624,China,Yunnan,AG,open_degraded,1,0,0,1,1,0,,34.0,Alnus nepalensis,Alnus,nepalensis,Betulaceae,94.0,27.15,98.48333333,0.409666667,1,1,24.0,LY2017,train
1625,China,Yunnan,AG,open_degraded,1,0,0,1,1,0,,34.0,Betula alnoides,Betula,alnoides,Betulaceae,58.0,27.15,98.48333333,0.5515,1,1,24.0,LY2017,train
1626,China,Yunnan,AG,open_degraded,1,0,0,1,1,0,,34.0,Celtis cerasifera,Celtis,cerasifera,Cannabaceae,44.0,27.15,98.48333333,0.566228571,1,1,24.0,LY2017,train
1627,China,Yunnan,AG,open_degraded,1,0,0,1,1,0,,34.0,Prunus cerasoides,Prunus,cerasoides,Rosaceae,87.0,27.15,98.48333333,0.585666667,1,1,24.0,LY2017,train
1628,China,Yunnan,AG,open_degraded,1,0,0,1,1,0,,34.0,Prunus serrulata,Prunus,serrulata,Rosaceae,92.0,27.15,98.48333333,0.585666667,1,1,24.0,LY2017,train
1629,China,Yunnan,AG,open_degraded,1,0,0,1,1,0,,34.0,Choerospondias axillaris,Choerospondias,axillaris,Anacardiaceae,55.0,27.15,98.48333333,0.487,1,1,24.0,LY2017,train
1714,Indonesia,Central Kalimantan,F,open_degraded,1,0,0,0,0,0,2500.0,8.0,Melaleuca cajuputi,Melaleuca,cajuputi,Myrtaceae,0.675675676,-2.308055556,113.9044444,0.756647186,1,0,21.0,MBHC2011SSNA,train
1715,Indonesia,Central Kalimantan,F,open_degraded,1,0,0,0,0,0,2500.0,8.0,Melaleuca cajuputi,Melaleuca,cajuputi,Myrtaceae,0.0,-2.308055556,113.9044444,0.756647186,1,0,32.0,MBHC2011SSNA,train
1716,Indonesia,Central Kalimantan,F,open_degraded,1,0,0,0,0,0,2500.0,8.0,Ternstroemia magnifica,Ternstroemia,magnifica,Pentaphylacaceae,0.0,-2.308055556,113.9044444,0.615666667,1,0,21.0,MBHC2011SSNA,train
1717,Indonesia,Central Kalimantan,F,open_degraded,1,0,0,0,0,0,2500.0,8.0,Ternstroemia magnifica,Ternstroemia,magnifica,Pentaphylacaceae,0.0,-2.308055556,113.9044444,0.615666667,1,0,32.0,MBHC2011SSNA,train
1718,Indonesia,Central Kalimantan,F,open_degraded,1,0,0,0,0,0,2500.0,8.0,Combretocarpus rotundatus,Combretocarpus,rotundatus,Anisophylleaceae,50.0,-2.308055556,113.9044444,0.61,1,0,21.0,MBHC2011SSNA,train
1719,Indonesia,Central Kalimantan,F,open_degraded,1,0,0,0,0,0,2500.0,8.0,Combretocarpus rotundatus,Combretocarpus,rotundatus,Anisophylleaceae,0.0,-2.308055556,113.9044444,0.61,1,0,32.0,MBHC2011SSNA,train
1720,Indonesia,Central Kalimantan,F,open_degraded,1,0,0,0,0,0,2500.0,8.0,Shorea balangeran,Shorea,balangeran,Dipterocarpaceae,44.9044586,-2.308055556,113.9044444,0.69,1,0,21.0,MBHC2011SSNA,train
1721,Indonesia,Central Kalimantan,F,open_degraded,1,0,0,0,0,0,2500.0,8.0,Shorea balangeran,Shorea,balangeran,Dipterocarpaceae,20.51282051,-2.308055556,113.9044444,0.69,1,0,32.0,MBHC2011SSNA,train
1722,Indonesia,Central Kalimantan,F,open_degraded,1,0,0,0,0,0,2500.0,8.0,Cratoxylum glaucum,Cratoxylum,glaucum,Hypericaceae,0.0,-2.308055556,113.9044444,0.48,1,0,21.0,MBHC2011SSNA,train
1723,Indonesia,Central Kalimantan,F,open_degraded,1,0,0,0,0,0,2500.0,8.0,Cratoxylum glaucum,Cratoxylum,glaucum,Hypericaceae,0.0,-2.308055556,113.9044444,0.48,1,0,32.0,MBHC2011SSNA,train
1724,Indonesia,Central Kalimantan,F,open_degraded,1,0,0,0,0,0,2500.0,8.0,Dyera polyphylla,Dyera,polyphylla,Apocynaceae,0.0,-2.308055556,113.9044444,0.33,1,0,21.0,MBHC2011SSNA,train
1725,Indonesia,Central Kalimantan,F,open_degraded,1,0,0,0,0,0,2500.0,8.0,Dyera polyphylla,Dyera,polyphylla,Apocynaceae,0.0,-2.308055556,113.9044444,0.33,1,0,32.0,MBHC2011SSNA,train
1726,Indonesia,Central Kalimantan,F,open_degraded,1,0,0,0,0,0,2500.0,8.0,Calophyllum sclerophyllum,Calophyllum,sclerophyllum,Clusiaceae,0.0,-2.308055556,113.9044444,0.669211656,1,0,21.0,MBHC2011SSNA,train
1727,Indonesia,Central Kalimantan,F,open_degraded,1,0,0,0,0,0,2500.0,8.0,Calophyllum sclerophyllum,Calophyllum,sclerophyllum,Clusiaceae,0.0,-2.308055556,113.9044444,0.669211656,1,0,32.0,MBHC2011SSNA,train
1728,Indonesia,Central Kalimantan,F,open_degraded,1,0,0,0,0,0,2500.0,8.0,Lophopetalum rigidum,Lophopetalum,cf.,Celastraceae,86.36363636,-2.308055556,113.9044444,0.524428571,1,0,21.0,MBHC2011SSNA,train
1729,Indonesia,Central Kalimantan,F,open_degraded,1,0,0,0,0,0,2500.0,8.0,Lophopetalum rigidum,Lophopetalum,cf.,Celastraceae,82.60869565,-2.308055556,113.9044444,0.524428571,1,0,32.0,MBHC2011SSNA,train
1730,Vietnam,Dong Nai,PL,forest_enrichment,1,0,0,0,0,0,,1.0,Afzelia xylocarpa,Afzelia,xylocarpa,Fabaceae,98.8,11.11416667,107.4013889,0.669883983,1,1,12.0,MJ2013,train
1731,Vietnam,Dong Nai,PL,forest_enrichment,1,0,0,0,0,0,,1.0,Afzelia xylocarpa,Afzelia,xylocarpa,Fabaceae,95.6,11.11416667,107.4013889,0.669883983,1,1,48.0,MJ2013,train
1732,Vietnam,Dong Nai,PL,forest_enrichment,1,0,0,0,0,0,,1.0,Shorea roxburghii,Shorea,roxburghii,Dipterocarpaceae,99.4,11.11416667,107.4013889,0.7,1,1,12.0,MJ2013,train
1733,Vietnam,Dong Nai,PL,forest_enrichment,1,0,0,0,0,0,,1.0,Shorea roxburghii,Shorea,roxburghii,Dipterocarpaceae,98.1,11.11416667,107.4013889,0.7,1,1,48.0,MJ2013,train
1734,Vietnam,Dong Nai,PL,forest_enrichment,1,0,0,0,0,0,,1.0,Shorea thorelii,Shorea,thorelii,Dipterocarpaceae,98.7,11.11416667,107.4013889,0.583246313,1,1,12.0,MJ2013,train
1735,Vietnam,Dong Nai,PL,forest_enrichment,1,0,0,0,0,0,,1.0,Shorea thorelii,Shorea,thorelii,Dipterocarpaceae,78.8,11.11416667,107.4013889,0.583246313,1,1,48.0,MJ2013,train
1736,Vietnam,Dong Nai,PL,forest_enrichment,1,0,0,0,0,0,,1.0,Xylia xylocarpa,Xylia,xylocarpa,Fabaceae,98.1,11.11416667,107.4013889,0.68,1,1,12.0,MJ2013,train
1737,Vietnam,Dong Nai,PL,forest_enrichment,1,0,0,0,0,0,,1.0,Xylia xylocarpa,Xylia,xylocarpa,Fabaceae,84.4,11.11416667,107.4013889,0.68,1,1,48.0,MJ2013,train
1738,Vietnam,Dong Nai,PL,forest_enrichment,1,0,0,0,0,0,,1.0,Dipterocarpus scaber,Dipterocarpus,scaber,Dipterocarpaceae,96.2,11.11416667,107.4013889,0.654277244,1,1,12.0,MJ2013,train
1739,Vietnam,Dong Nai,PL,forest_enrichment,1,0,0,0,0,0,,1.0,Dipterocarpus scaber,Dipterocarpus,scaber,Dipterocarpaceae,88.4,11.11416667,107.4013889,0.654277244,1,1,48.0,MJ2013,train
1740,Vietnam,Dong Nai,PL,forest_enrichment,1,0,0,0,0,0,,1.0,Dalbergia bariensis,Dalbergia,bariensis,Fabaceae,98.6,11.11416667,107.4013889,0.786836977,1,1,12.0,MJ2013,train
1741,Vietnam,Dong Nai,PL,forest_enrichment,1,0,0,0,0,0,,1.0,Dalbergia bariensis,Dalbergia,bariensis,Fabaceae,91.1,11.11416667,107.4013889,0.786836977,1,1,48.0,MJ2013,train
1742,Vietnam,Dong Nai,PL,forest_enrichment,1,0,0,0,0,0,,2.0,Dipterocarpus costatus,Dipterocarpus,costatus,Dipterocarpaceae,36.2,11.11416667,107.4013889,0.755,1,1,12.0,MJ2013,train
1743,Vietnam,Dong Nai,PL,forest_enrichment,1,0,0,0,0,0,,2.0,Dipterocarpus costatus,Dipterocarpus,costatus,Dipterocarpaceae,8.8,11.11416667,107.4013889,0.755,1,1,48.0,MJ2013,train
1744,Vietnam,Dong Nai,PL,forest_enrichment,1,0,0,0,0,0,,1.0,Dipterocarpus dyeri,Dipterocarpus,dyeri,Dipterocarpaceae,96.9,11.11416667,107.4013889,0.64,1,1,12.0,MJ2013,train
1745,Vietnam,Dong Nai,PL,forest_enrichment,1,0,0,0,0,0,,1.0,Dipterocarpus dyeri,Dipterocarpus,dyeri,Dipterocarpaceae,81.3,11.11416667,107.4013889,0.64,1,1,48.0,MJ2013,train
1746,Vietnam,Dong Nai,PL,forest_enrichment,1,0,0,0,0,0,,1.0,Dipterocarpus turbinatus,Dipterocarpus,turbinatus,Dipterocarpaceae,91.9,11.11416667,107.4013889,0.619,1,1,12.0,MJ2013,train
1747,Vietnam,Dong Nai,PL,forest_enrichment,1,0,0,0,0,0,,1.0,Dipterocarpus turbinatus,Dipterocarpus,turbinatus,Dipterocarpaceae,73.6,11.11416667,107.4013889,0.619,1,1,48.0,MJ2013,train
1748,Vietnam,Dong Nai,PL,forest_enrichment,1,0,0,0,0,0,,1.0,Hopea odorata,Hopea,odorata,Dipterocarpaceae,100.0,11.11416667,107.4013889,0.635,1,1,12.0,MJ2013,train
1749,Vietnam,Dong Nai,PL,forest_enrichment,1,0,0,0,0,0,,1.0,Hopea odorata,Hopea,odorata,Dipterocarpaceae,95.6,11.11416667,107.4013889,0.635,1,1,48.0,MJ2013,train
1750,Vietnam,Dong Nai,PL,forest_enrichment,1,0,0,0,0,0,,1.0,Litsea pierrei,Litsea,pierrei,Lauraceae,100.0,11.11416667,107.4013889,0.425466667,1,1,12.0,MJ2013,train
1751,Vietnam,Dong Nai,PL,forest_enrichment,1,0,0,0,0,0,,1.0,Litsea pierrei,Litsea,pierrei,Lauraceae,83.2,11.11416667,107.4013889,0.425466667,1,1,48.0,MJ2013,train
1752,Vietnam,Dong Nai,PL,forest_enrichment,1,0,0,0,0,0,,1.0,Sindora siamensis,Sindora,siamensis,Fabaceae,95.6,11.11416667,107.4013889,0.716,1,1,12.0,MJ2013,train
1753,Vietnam,Dong Nai,PL,forest_enrichment,1,0,0,0,0,0,,1.0,Sindora siamensis,Sindora,siamensis,Fabaceae,80.0,11.11416667,107.4013889,0.716,1,1,48.0,MJ2013,train
1754,Malaysia,Sabah,LG,forest_enrichment,1,0,0,0,0,0,,32.0,Artocarpus odoratissimus,Artocarpus,odoratissimus,Moraceae,83.33,4.616666667,117.2,0.55,1,1,12.0,MJ2016,train
1755,Malaysia,Sabah,LG,forest_enrichment,1,0,0,0,0,0,,32.0,Mangifera pajang,Mangifera,pajang,Anacardiaceae,85.0,4.616666667,117.2,0.49,1,1,12.0,MJ2016,train
1756,Malaysia,Sabah,LG,forest_enrichment,1,0,0,0,0,0,,32.0,Nephelium lappaceum,Nephelium,lappaceum,Sapindaceae,66.67,4.616666667,117.2,0.7102,1,1,12.0,MJ2016,train
1757,Malaysia,Sabah,LG,forest_enrichment,1,0,0,0,0,0,,32.0,Parashorea malaanonan,Parashorea,malaanonan,Dipterocarpaceae,71.88,4.616666667,117.2,0.415,1,1,12.0,MJ2016,train
1758,Malaysia,Sabah,LG,forest_enrichment,1,0,0,0,0,0,,32.0,Parashorea smythiesii,Parashorea,smythiesii,Dipterocarpaceae,55.0,4.616666667,117.2,0.6,1,1,12.0,MJ2016,train
1759,Malaysia,Sabah,LG,forest_enrichment,1,0,0,0,0,0,,32.0,Parashorea tomentella,Parashorea,tomentella,Dipterocarpaceae,65.85,4.616666667,117.2,0.5535,1,1,12.0,MJ2016,train
1760,Malaysia,Sabah,LG,forest_enrichment,1,0,0,0,0,0,,32.0,Pentace adenophora,Pentace,adenophora,Malvaceae,70.83,4.616666667,117.2,0.604833333,1,1,12.0,MJ2016,train
1761,Malaysia,Sabah,LG,forest_enrichment,1,0,0,0,0,0,,32.0,Shorea acuminatissima,Shorea,acuminatissima,Dipterocarpaceae,76.92,4.616666667,117.2,0.39,1,1,12.0,MJ2016,train
1762,Malaysia,Sabah,LG,forest_enrichment,1,0,0,0,0,0,,32.0,Shorea agamii,Shorea,agamii,Dipterocarpaceae,86.49,4.616666667,117.2,0.583246313,1,1,12.0,MJ2016,train
1763,Malaysia,Sabah,LG,forest_enrichment,1,0,0,0,0,0,,32.0,Shorea argentifolia,Shorea,argentifolia,Dipterocarpaceae,38.89,4.616666667,117.2,0.52,1,1,12.0,MJ2016,train
1764,Malaysia,Sabah,LG,forest_enrichment,1,0,0,0,0,0,,32.0,Shorea falciferoides,Shorea,falciferoides,Dipterocarpaceae,87.27,4.616666667,117.2,0.72,1,1,12.0,MJ2016,train
1765,Malaysia,Sabah,LG,forest_enrichment,1,0,0,0,0,0,,32.0,Baccaurea motleyana,Baccaurea,motleyana,Phyllanthaceae,94.4,4.616666667,117.2,0.51,1,1,12.0,MJ2016,train
1766,Malaysia,Sabah,LG,forest_enrichment,1,0,0,0,0,0,,32.0,Shorea faguetiana,Shorea,faguetiana,Dipterocarpaceae,60.53,4.616666667,117.2,0.48,1,1,12.0,MJ2016,train
1767,Malaysia,Sabah,LG,forest_enrichment,1,0,0,0,0,0,,32.0,Shorea fallax,Shorea,fallax,Dipterocarpaceae,69.23,4.616666667,117.2,0.5,1,1,12.0,MJ2016,train
1768,Malaysia,Sabah,LG,forest_enrichment,1,0,0,0,0,0,,32.0,Shorea gibbosa,Shorea,gibbosa,Dipterocarpaceae,48.72,4.616666667,117.2,0.455,1,1,12.0,MJ2016,train
1769,Malaysia,Sabah,LG,forest_enrichment,1,0,0,0,0,0,,32.0,Shorea leprosula,Shorea,leprosula,Dipterocarpaceae,63.33,4.616666667,117.2,0.44,1,1,12.0,MJ2016,train
1770,Malaysia,Sabah,LG,forest_enrichment,1,0,0,0,0,0,,32.0,Shorea leptoderma,Shorea,leptoderma,Dipterocarpaceae,87.72,4.616666667,117.2,0.583246313,1,1,12.0,MJ2016,train
1771,Malaysia,Sabah,LG,forest_enrichment,1,0,0,0,0,0,,32.0,Shorea macroptera,Shorea,macroptera,Dipterocarpaceae,75.61,4.616666667,117.2,0.425,1,1,12.0,MJ2016,train
1772,Malaysia,Sabah,LG,forest_enrichment,1,0,0,0,0,0,,32.0,Shorea ovalis,Shorea,ovalis,Dipterocarpaceae,64.52,4.616666667,117.2,0.43,1,1,12.0,MJ2016,train
1773,Malaysia,Sabah,LG,forest_enrichment,1,0,0,0,0,0,,32.0,Shorea parvifolia,Shorea,parvifolia,Dipterocarpaceae,48.48,4.616666667,117.2,0.405,1,1,12.0,MJ2016,train
1774,Malaysia,Sabah,LG,forest_enrichment,1,0,0,0,0,0,,32.0,Shorea parvistipulata,Shorea,parvistipulata,Dipterocarpaceae,44.12,4.616666667,117.2,0.4,1,1,12.0,MJ2016,train
1775,Malaysia,Sabah,LG,forest_enrichment,1,0,0,0,0,0,,32.0,Shorea pauciflora,Shorea,pauciflora,Dipterocarpaceae,80.0,4.616666667,117.2,0.5325,1,1,12.0,MJ2016,train
1776,Malaysia,Sabah,LG,forest_enrichment,1,0,0,0,0,0,,32.0,Dipterocarpus gracilis,Dipterocarpus,gracilis,Dipterocarpaceae,91.4,4.616666667,117.2,0.603333333,1,1,12.0,MJ2016,train
1777,Malaysia,Sabah,LG,forest_enrichment,1,0,0,0,0,0,,32.0,Shorea seminis,Shorea,seminis,Dipterocarpaceae,75.0,4.616666667,117.2,0.72,1,1,12.0,MJ2016,train
1778,Malaysia,Sabah,LG,forest_enrichment,1,0,0,0,0,0,,32.0,Shorea smithiana,Shorea,smithiana,Dipterocarpaceae,54.84,4.616666667,117.2,0.355,1,1,12.0,MJ2016,train
1779,Malaysia,Sabah,LG,forest_enrichment,1,0,0,0,0,0,,32.0,Shorea xanthophylla,Shorea,xanthophylla,Dipterocarpaceae,78.79,4.616666667,117.2,0.52,1,1,12.0,MJ2016,train
1780,Malaysia,Sabah,LG,forest_enrichment,1,0,0,0,0,0,,32.0,Dryobalanops keithii,Dryobalanops,keithii,Dipterocarpaceae,47.22,4.616666667,117.2,0.63,1,1,12.0,MJ2016,train
1781,Malaysia,Sabah,LG,forest_enrichment,1,0,0,0,0,0,,32.0,Dryobalanops lanceolata,Dryobalanops,lanceolata,Dipterocarpaceae,69.44,4.616666667,117.2,0.62,1,1,12.0,MJ2016,train
1782,Malaysia,Sabah,LG,forest_enrichment,1,0,0,0,0,0,,32.0,Ficus benjamina,Ficus,benjamina,Moraceae,40.54,4.616666667,117.2,0.459333333,1,1,12.0,MJ2016,train
1783,Malaysia,Sabah,LG,forest_enrichment,1,0,0,0,0,0,,32.0,Heritiera simplicifolia,Heritiera,simplicifolia,Malvaceae,78.33,4.616666667,117.2,0.673333333,1,1,12.0,MJ2016,train
1784,Malaysia,Sabah,LG,forest_enrichment,1,0,0,0,0,0,,32.0,Hopea ferruginea,Hopea,ferruginea,Dipterocarpaceae,75.76,4.616666667,117.2,0.58,1,1,12.0,MJ2016,train
1785,Malaysia,Sabah,LG,forest_enrichment,1,0,0,0,0,0,,32.0,Koompassia excelsa,Koompassia,excelsa,Fabaceae,82.5,4.616666667,117.2,0.685,1,1,12.0,MJ2016,train
1786,Malaysia,Pasoh,LG,forest_enrichment,1,0,0,0,1,0,,3.0,Hopea odorata,Hopea,odorata,Dipterocarpaceae,97.0,3.05,102.35,0.635,1,1,12.0,MMAM1999,train
1787,Malaysia,Pasoh,LG,forest_enrichment,1,0,0,0,1,0,,3.0,Vitex pinnata,Vitex,pinnata,Lamiaceae,76.0,3.05,102.35,0.565170667,1,1,12.0,MMAM1999,train
1788,Malaysia,Pasoh,LG,forest_enrichment,1,0,0,0,1,0,,3.0,Vitex pinnata,Vitex,pinnata,Lamiaceae,87.0,3.05,102.35,0.565170667,1,1,12.0,MMAM1999,train
1789,Malaysia,Pasoh,LG,forest_enrichment,1,0,0,0,1,0,,3.0,Vitex pinnata,Vitex,pinnata,Lamiaceae,97.0,3.05,102.35,0.565170667,1,1,12.0,MMAM1999,train
1790,Malaysia,Pasoh,LG,forest_enrichment,1,0,0,0,1,0,,3.0,Hopea odorata,Hopea,odorata,Dipterocarpaceae,93.0,3.05,102.35,0.635,1,1,12.0,MMAM1999,train
1791,Malaysia,Pasoh,LG,forest_enrichment,1,0,0,0,1,0,,3.0,Hopea odorata,Hopea,odorata,Dipterocarpaceae,96.0,3.05,102.35,0.635,1,1,12.0,MMAM1999,train
1792,Malaysia,Pasoh,LG,forest_enrichment,1,0,0,0,1,0,,3.0,Azadirachta excelsa,Azadirachta,excelsa,Meliaceae,90.0,3.05,102.35,0.505,1,1,12.0,MMAM1999,train
1793,Malaysia,Pasoh,LG,forest_enrichment,1,0,0,0,1,0,,3.0,Azadirachta excelsa,Azadirachta,excelsa,Meliaceae,85.0,3.05,102.35,0.505,1,1,12.0,MMAM1999,train
1794,Malaysia,Pasoh,LG,forest_enrichment,1,0,0,0,1,0,,3.0,Azadirachta excelsa,Azadirachta,excelsa,Meliaceae,88.0,3.05,102.35,0.505,1,1,12.0,MMAM1999,train
1795,Malaysia,Pasoh,LG,forest_enrichment,1,0,0,0,1,0,,3.0,Azadirachta excelsa,Azadirachta,excelsa,Meliaceae,96.0,3.05,102.35,0.505,1,1,12.0,MMAM1999,train
1796,Malaysia,Pasoh,LG,forest_enrichment,1,0,0,0,1,0,,3.0,Vitex pinnata,Vitex,pinnata,Lamiaceae,94.0,3.05,102.35,0.565170667,1,1,12.0,MMAM1999,train
1797,Malaysia,Selangor,M,open_degraded,0,1,0,0,0,0,,1.0,Acacia mangium,Acacia,mangium,Fabaceae,93.0,2.983333333,101.8666667,0.507,1,1,12.0,MNIKM1998,train
1798,Malaysia,Selangor,M,open_degraded,0,1,0,0,0,0,,1.0,Ceiba pentandra,Ceiba,pentandra,Malvaceae,87.0,2.983333333,101.8666667,0.305212121,1,1,12.0,MNIKM1998,train
1799,Malaysia,Selangor,M,open_degraded,0,1,0,0,0,0,,1.0,Casuarina equisetifolia,Casuarina,equisetifolia,Casuarinaceae,89.0,2.983333333,101.8666667,0.80875,1,1,12.0,MNIKM1998,train
1800,Indonesia,Central Kalimantan,LG,open_degraded,0,0,0,1,0,0,200.0,1.0,Gonystylus bancanus,Gonystylus,bancanus,Thymelaeaceae,45.0,-1.515,113.4488889,0.52,1,0,78.0,MR2005RACS_BP2HT-IBB,train
1802,Indonesia,Central Kalimantan,LG,open_degraded,0,0,0,1,0,0,2500.0,1.0,Gonystylus bancanus,Gonystylus,bancanus,Thymelaeaceae,100.0,-1.515,113.4488889,0.52,1,0,15.0,MR2005RACS_CIMTROP,train
1803,Indonesia,Riau,LG,open_degraded,0,0,0,1,0,0,400.0,6.0,Gonystylus bancanus,Gonystylus,bancanus,Thymelaeaceae,98.0,1.817222222,100.77,0.52,1,0,20.0,MR2005RACS_PTDiamondRayaTimber,train
1804,Indonesia,Jambi,F,open_degraded,0,0,0,1,0,0,400.0,1.0,Gonystylus bancanus,Gonystylus,bancanus,Thymelaeaceae,31.25,-1.6,103.79,0.52,1,0,40.0,MR2005RACS_PTPutradutaIndahWood,train
1805,Indonesia,West Kalimantan,LG,open_degraded,0,0,0,1,1,0,400.0,1.0,Gonystylus bancanus,Gonystylus,bancanus,Thymelaeaceae,100.0,0.235,111.06,0.52,1,0,24.0,MR2005RACS_TanjungPuraUniversity,train
1830,Indonesia,Bangka Island,M,open_degraded,0,0,0,0,1,1,,10.0,Calophyllum inophyllum,Calophyllum,inophyllum,Calophyllaceae,99.99967318,-1.983333333,106.1,0.5846,1,1,12.0,NE2008,train
1831,Indonesia,Bangka Island,M,open_degraded,0,0,0,0,1,1,,10.0,Calophyllum inophyllum,Calophyllum,inophyllum,Calophyllaceae,100.0,-1.983333333,106.1,0.5846,1,1,3.0,NE2008,train
1832,Indonesia,Bangka Island,M,open_degraded,0,0,0,0,1,1,,10.0,Macaranga sp,Macaranga,sp,Euphorbiaceae,0.0,-1.983333333,106.1,0.31,1,1,12.0,NE2008,train
1833,Indonesia,Bangka Island,M,open_degraded,0,0,0,0,1,1,,10.0,Macaranga sp,Macaranga,sp,Euphorbiaceae,78.75813789,-1.983333333,106.1,0.31,1,1,3.0,NE2008,train
1834,Indonesia,Bangka Island,M,open_degraded,0,0,0,0,1,1,,10.0,Schima wallichii,Schima,wallichii,Theaceae,3.288166392,-1.983333333,106.1,0.55775,1,1,12.0,NE2008,train
1835,Indonesia,Bangka Island,M,open_degraded,0,0,0,0,1,1,,10.0,Schima wallichii,Schima,wallichii,Theaceae,100.0,-1.983333333,106.1,0.55775,1,1,3.0,NE2008,train
1836,Indonesia,Bangka Island,M,open_degraded,0,0,0,0,1,1,,10.0,Syzygium grande,Syzygium,grande,Myrtaceae,94.95581353,-1.983333333,106.1,0.664366667,1,1,12.0,NE2008,train
1837,Indonesia,Bangka Island,M,open_degraded,0,0,0,0,1,1,,10.0,Syzygium grande,Syzygium,grande,Myrtaceae,100.0,-1.983333333,106.1,0.664366667,1,1,3.0,NE2008,train
1838,Indonesia,Bangka Island,M,open_degraded,0,0,0,0,1,1,,10.0,Ficus superba,Ficus,superba,Moraceae,100.0,-1.983333333,106.1,0.405534662,1,1,12.0,NE2008,train
1839,Indonesia,Bangka Island,M,open_degraded,0,0,0,0,1,1,,10.0,Ficus superba,Ficus,superba,Moraceae,99.81174994,-1.983333333,106.1,0.405534662,1,1,3.0,NE2008,train
1840,Indonesia,Bangka Island,M,open_degraded,0,0,0,0,1,1,,10.0,Vitex pinnata,Vitex,pinnata,Lamiaceae,69.07927419,-1.983333333,106.1,0.565170667,1,1,12.0,NE2008,train
1841,Indonesia,Bangka Island,M,open_degraded,0,0,0,0,1,1,,10.0,Vitex pinnata,Vitex,pinnata,Lamiaceae,100.0,-1.983333333,106.1,0.565170667,1,1,3.0,NE2008,train
1842,Indonesia,Bangka Island,M,open_degraded,0,0,0,0,1,1,,10.0,Hibiscus tiliaceus,Hibiscus,tiliaceus,Malvaceae,99.56205715,-1.983333333,106.1,0.45,1,1,12.0,NE2008,train
1843,Indonesia,Bangka Island,M,open_degraded,0,0,0,0,1,1,,10.0,Hibiscus tiliaceus,Hibiscus,tiliaceus,Malvaceae,100.0,-1.983333333,106.1,0.45,1,1,3.0,NE2008,train
1844,Indonesia,Bangka Island,M,open_degraded,0,0,0,0,1,1,,10.0,Etlingera polyantha,Etlingera,polyantha,Zingiberaceae,34.43113185,-1.983333333,106.1,0.564741226,1,1,12.0,NE2008,train
1845,Indonesia,Bangka Island,M,open_degraded,0,0,0,0,1,1,,10.0,Etlingera polyantha,Etlingera,polyantha,Zingiberaceae,99.15320156,-1.983333333,106.1,0.564741226,1,1,3.0,NE2008,train
1846,Indonesia,Bangka Island,M,open_degraded,0,0,0,0,1,1,,10.0,Mallotus paniculatus,Mallotus,paniculatus,Euphorbiaceae,1.754385965,-1.983333333,106.1,0.345,1,1,12.0,NE2008,train
1847,Indonesia,Bangka Island,M,open_degraded,0,0,0,0,1,1,,10.0,Mallotus paniculatus,Mallotus,paniculatus,Euphorbiaceae,100.0,-1.983333333,106.1,0.345,1,1,3.0,NE2008,train
1848,Indonesia,Bangka Island,M,open_degraded,0,0,0,0,1,1,,10.0,Aporosa sp,Aporosa,sp,Phyllanthaceae,16.66666667,-1.983333333,106.1,0.37,1,1,12.0,NE2008,train
1849,Indonesia,Bangka Island,M,open_degraded,0,0,0,0,1,1,,10.0,Aporosa sp,Aporosa,sp,Phyllanthaceae,100.0,-1.983333333,106.1,0.37,1,1,3.0,NE2008,train
1850,Malaysia,Perlis,AG,open_degraded,1,0,0,0,0,0,,1.0,Tectona grandis,Tectona,grandis,Lamiaceae,85.79577664,6.666666667,100.25,0.601444444,1,1,12.0,NHM2003,train
1851,Malaysia,Perlis,AG,open_degraded,1,0,0,0,0,0,,1.0,Tectona grandis,Tectona,grandis,Lamiaceae,63.4384471,6.666666667,100.25,0.601444444,1,1,24.0,NHM2003,train
1852,Malaysia,Perlis,AG,open_degraded,1,0,0,0,0,0,,1.0,Tectona grandis,Tectona,grandis,Lamiaceae,49.65349268,6.666666667,100.25,0.601444444,1,1,36.0,NHM2003,train
1853,Malaysia,Perlis,AG,open_degraded,1,0,0,0,0,0,,1.0,Tectona grandis,Tectona,grandis,Lamiaceae,49.81496705,6.666666667,100.25,0.601444444,1,1,48.0,NHM2003,train
1854,Malaysia,Perlis,AG,open_degraded,1,0,0,0,0,0,,1.0,Tectona grandis,Tectona,grandis,Lamiaceae,45.10079878,6.666666667,100.25,0.601444444,1,1,108.0,NHM2003,train
1855,Thailand,Unknown,AG,open_degraded,0,1,1,0,0,0,,3.0,Dipterocarpus scaber,Dipterocarpus,scaber,Dipterocarpaceae,98.0,6.5,101.7333333,0.654277244,1,1,15.0,NM2005,train
1856,Thailand,Unknown,AG,open_degraded,0,1,1,0,0,0,,3.0,Dipterocarpus scaber,Dipterocarpus,scaber,Dipterocarpaceae,95.99,6.5,101.7333333,0.654277244,1,1,28.0,NM2005,train
1857,Thailand,Unknown,AG,open_degraded,0,1,1,0,0,0,,3.0,Dipterocarpus scaber,Dipterocarpus,scaber,Dipterocarpaceae,95.34,6.5,101.7333333,0.654277244,1,1,33.0,NM2005,train
1858,Thailand,Unknown,AG,open_degraded,0,1,1,0,0,0,,3.0,Dipterocarpus scaber,Dipterocarpus,scaber,Dipterocarpaceae,94.5,6.5,101.7333333,0.654277244,1,1,45.0,NM2005,train
1859,Thailand,Unknown,AG,open_degraded,0,0,1,0,0,0,,3.0,Dipterocarpus scaber,Dipterocarpus,scaber,Dipterocarpaceae,97.6,6.5,101.7333333,0.654277244,1,1,15.0,NM2005,train
1860,Thailand,Unknown,AG,open_degraded,0,0,1,0,0,0,,3.0,Dipterocarpus scaber,Dipterocarpus,scaber,Dipterocarpaceae,90.7,6.5,101.7333333,0.654277244,1,1,28.0,NM2005,train
1861,Thailand,Unknown,AG,open_degraded,0,0,1,0,0,0,,3.0,Dipterocarpus scaber,Dipterocarpus,scaber,Dipterocarpaceae,89.1,6.5,101.7333333,0.654277244,1,1,34.0,NM2005,train
1862,Thailand,Unknown,AG,open_degraded,0,0,1,0,0,0,,3.0,Dipterocarpus scaber,Dipterocarpus,scaber,Dipterocarpaceae,85.0,6.5,101.7333333,0.654277244,1,1,45.0,NM2005,train
1863,Thailand,Unknown,AG,open_degraded,0,1,1,0,0,0,,3.0,Hopea odorata,Hopea,odorata,Dipterocarpaceae,90.0,6.5,101.7333333,0.635,1,1,15.0,NM2005,train
1864,Thailand,Unknown,AG,open_degraded,0,1,1,0,0,0,,3.0,Hopea odorata,Hopea,odorata,Dipterocarpaceae,88.3,6.5,101.7333333,0.635,1,1,28.0,NM2005,train
1865,Thailand,Unknown,AG,open_degraded,0,1,1,0,0,0,,3.0,Hopea odorata,Hopea,odorata,Dipterocarpaceae,87.5,6.5,101.7333333,0.635,1,1,33.0,NM2005,train
1866,Thailand,Unknown,AG,open_degraded,0,1,1,0,0,0,,3.0,Hopea odorata,Hopea,odorata,Dipterocarpaceae,87.5,6.5,101.7333333,0.635,1,1,45.0,NM2005,train
1867,Thailand,Unknown,AG,open_degraded,0,0,1,0,0,0,,3.0,Hopea odorata,Hopea,odorata,Dipterocarpaceae,86.9,6.5,101.7333333,0.635,1,1,15.0,NM2005,train
1868,Thailand,Unknown,AG,open_degraded,0,0,1,0,0,0,,3.0,Hopea odorata,Hopea,odorata,Dipterocarpaceae,47.8,6.5,101.7333333,0.635,1,1,28.0,NM2005,train
1869,Thailand,Unknown,AG,open_degraded,0,0,1,0,0,0,,3.0,Hopea odorata,Hopea,odorata,Dipterocarpaceae,46.0,6.5,101.7333333,0.635,1,1,34.0,NM2005,train
1870,Thailand,Unknown,AG,open_degraded,0,0,1,0,0,0,,3.0,Hopea odorata,Hopea,odorata,Dipterocarpaceae,37.85,6.5,101.7333333,0.635,1,1,45.0,NM2005,train
1871,Thailand,Unknown,AG,open_degraded,0,1,1,0,0,0,,3.0,Shorea roxburghii,Shorea,roxburghii,Dipterocarpaceae,99.0,6.5,101.7333333,0.7,1,1,15.0,NM2005,train
1872,Thailand,Unknown,AG,open_degraded,0,1,1,0,0,0,,3.0,Shorea roxburghii,Shorea,roxburghii,Dipterocarpaceae,97.7,6.5,101.7333333,0.7,1,1,28.0,NM2005,train
1873,Thailand,Unknown,AG,open_degraded,0,1,1,0,0,0,,3.0,Shorea roxburghii,Shorea,roxburghii,Dipterocarpaceae,97.0,6.5,101.7333333,0.7,1,1,33.0,NM2005,train
1874,Thailand,Unknown,AG,open_degraded,0,1,1,0,0,0,,3.0,Shorea roxburghii,Shorea,roxburghii,Dipterocarpaceae,94.4,6.5,101.7333333,0.7,1,1,45.0,NM2005,train
1875,Thailand,Unknown,AG,open_degraded,0,0,1,0,0,0,,3.0,Shorea roxburghii,Shorea,roxburghii,Dipterocarpaceae,97.5,6.5,101.7333333,0.7,1,1,15.0,NM2005,train
1876,Thailand,Unknown,AG,open_degraded,0,0,1,0,0,0,,3.0,Shorea roxburghii,Shorea,roxburghii,Dipterocarpaceae,92.0,6.5,101.7333333,0.7,1,1,28.0,NM2005,train
1877,Thailand,Unknown,AG,open_degraded,0,0,1,0,0,0,,3.0,Shorea roxburghii,Shorea,roxburghii,Dipterocarpaceae,84.1,6.5,101.7333333,0.7,1,1,34.0,NM2005,train
1878,Thailand,Unknown,AG,open_degraded,0,0,1,0,0,0,,3.0,Shorea roxburghii,Shorea,roxburghii,Dipterocarpaceae,74.2,6.5,101.7333333,0.7,1,1,45.0,NM2005,train
1879,India,Meghalaya,AG,open_degraded,0,0,0,0,0,0,,2.0,Castanopsis purpurella,Castanopsis,purpurella,Fagaceae,84.5809293,25.35,91.78333333,0.567974786,0,1,15.0,NS2014,train
1880,India,Meghalaya,AG,open_degraded,0,0,0,0,0,0,,2.0,Castanopsis purpurella,Castanopsis,purpurella,Fagaceae,69.12035983,25.35,91.78333333,0.567974786,0,1,24.0,NS2014,train
1881,India,Meghalaya,AG,open_degraded,0,0,0,0,0,0,,2.0,Castanopsis purpurella,Castanopsis,purpurella,Fagaceae,95.77917297,25.35,91.78333333,0.567974786,0,1,3.0,NS2014,train
1882,India,Meghalaya,LG,forest_enrichment,0,0,0,0,0,0,,2.0,Castanopsis purpurella,Castanopsis,purpurella,Fagaceae,96.25547181,25.35,91.78333333,0.567974786,0,1,15.0,NS2014,train
1883,India,Meghalaya,LG,forest_enrichment,0,0,0,0,0,0,,2.0,Castanopsis purpurella,Castanopsis,purpurella,Fagaceae,89.07966426,25.35,91.78333333,0.567974786,0,1,24.0,NS2014,train
1884,India,Meghalaya,LG,forest_enrichment,0,0,0,0,0,0,,2.0,Castanopsis purpurella,Castanopsis,purpurella,Fagaceae,100.0,25.35,91.78333333,0.567974786,0,1,3.0,NS2014,train
1885,India,Meghalaya,AG,open_degraded,0,0,0,0,0,0,,2.0,Castanopsis purpurella,Castanopsis,purpurella,Fagaceae,85.56779695,25.35,91.73333333,0.567974786,0,1,15.0,NS2014,train
1886,India,Meghalaya,AG,open_degraded,0,0,0,0,0,0,,2.0,Castanopsis purpurella,Castanopsis,purpurella,Fagaceae,76.69000415,25.35,91.73333333,0.567974786,0,1,24.0,NS2014,train
1887,India,Meghalaya,AG,open_degraded,0,0,0,0,0,0,,2.0,Castanopsis purpurella,Castanopsis,purpurella,Fagaceae,99.52664623,25.35,91.73333333,0.567974786,0,1,3.0,NS2014,train
1888,India,Meghalaya,LG,forest_enrichment,0,0,0,0,0,0,,2.0,Castanopsis purpurella,Castanopsis,purpurella,Fagaceae,82.59407505,25.35,91.73333333,0.567974786,0,1,15.0,NS2014,train
1889,India,Meghalaya,LG,forest_enrichment,0,0,0,0,0,0,,2.0,Castanopsis purpurella,Castanopsis,purpurella,Fagaceae,73.50423689,25.35,91.73333333,0.567974786,0,1,24.0,NS2014,train
1890,India,Meghalaya,LG,forest_enrichment,0,0,0,0,0,0,,2.0,Castanopsis purpurella,Castanopsis,purpurella,Fagaceae,92.30719803,25.35,91.73333333,0.567974786,0,1,3.0,NS2014,train
1891,India,Meghalaya,AG,open_degraded,0,0,0,0,0,0,,2.0,Myrica esculenta,Myrica,esculenta,Myricaceae,90.06259048,25.35,91.78333333,0.6,0,1,15.0,NS2014,train
1892,India,Meghalaya,AG,open_degraded,0,0,0,0,0,0,,2.0,Myrica esculenta,Myrica,esculenta,Myricaceae,82.14348945,25.35,91.78333333,0.6,0,1,24.0,NS2014,train
1893,India,Meghalaya,AG,open_degraded,0,0,0,0,0,0,,2.0,Myrica esculenta,Myrica,esculenta,Myricaceae,98.73881755,25.35,91.78333333,0.6,0,1,3.0,NS2014,train
1894,India,Meghalaya,LG,forest_enrichment,0,0,0,0,0,0,,2.0,Myrica esculenta,Myrica,esculenta,Myricaceae,82.45175535,25.35,91.78333333,0.6,0,1,15.0,NS2014,train
1895,India,Meghalaya,LG,forest_enrichment,0,0,0,0,0,0,,2.0,Myrica esculenta,Myrica,esculenta,Myricaceae,74.73781777,25.35,91.78333333,0.6,0,1,24.0,NS2014,train
1896,India,Meghalaya,LG,forest_enrichment,0,0,0,0,0,0,,2.0,Myrica esculenta,Myrica,esculenta,Myricaceae,92.39645494,25.35,91.78333333,0.6,0,1,3.0,NS2014,train
1897,India,Meghalaya,AG,open_degraded,0,0,0,0,0,0,,2.0,Myrica esculenta,Myrica,esculenta,Myricaceae,84.78874413,25.35,91.73333333,0.6,0,1,15.0,NS2014,train
1898,India,Meghalaya,AG,open_degraded,0,0,0,0,0,0,,2.0,Myrica esculenta,Myrica,esculenta,Myricaceae,73.67763302,25.35,91.73333333,0.6,0,1,24.0,NS2014,train
1899,India,Meghalaya,AG,open_degraded,0,0,0,0,0,0,,2.0,Myrica esculenta,Myrica,esculenta,Myricaceae,94.49495423,25.35,91.73333333,0.6,0,1,3.0,NS2014,train
1900,India,Meghalaya,LG,forest_enrichment,0,0,0,0,0,0,,2.0,Myrica esculenta,Myrica,esculenta,Myricaceae,75.4866123,25.35,91.73333333,0.6,0,1,15.0,NS2014,train
1901,India,Meghalaya,LG,forest_enrichment,0,0,0,0,0,0,,2.0,Myrica esculenta,Myrica,esculenta,Myricaceae,44.92767207,25.35,91.73333333,0.6,0,1,24.0,NS2014,train
1902,India,Meghalaya,LG,forest_enrichment,0,0,0,0,0,0,,2.0,Myrica esculenta,Myrica,esculenta,Myricaceae,97.25580863,25.35,91.73333333,0.6,0,1,3.0,NS2014,train
1903,Thailand,Narathiwat,F,open_degraded,1,0,0,1,1,0,1111.111111,15.0,Macaranga pruinosa,Macaranga,pruinosa,Euphorbiaceae,46.0,6.0725,101.9647222,0.31,1,0,168.0,NT2003GOPS_1988,train
1904,Thailand,Narathiwat,F,open_degraded,1,0,0,1,1,0,1111.111111,15.0,Macaranga pruinosa,Macaranga,pruinosa,Euphorbiaceae,62.0,6.0725,101.9647222,0.31,1,0,24.0,NT2003GOPS_1988,train
1905,Thailand,Narathiwat,F,open_degraded,1,0,0,1,1,0,1111.111111,15.0,Macaranga pruinosa,Macaranga,pruinosa,Euphorbiaceae,48.0,6.0725,101.9647222,0.31,1,0,36.0,NT2003GOPS_1988,train
1906,Thailand,Narathiwat,F,open_degraded,1,0,0,1,1,0,1111.111111,15.0,Macaranga pruinosa,Macaranga,pruinosa,Euphorbiaceae,48.0,6.0725,101.9647222,0.31,1,0,48.0,NT2003GOPS_1988,train
1907,Thailand,Narathiwat,F,open_degraded,1,0,0,1,1,0,1111.111111,15.0,Macaranga pruinosa,Macaranga,pruinosa,Euphorbiaceae,47.0,6.0725,101.9647222,0.31,1,0,108.0,NT2003GOPS_1988,train
1908,Thailand,Narathiwat,F,open_degraded,1,0,0,0,1,0,1111.111111,15.0,Horsfieldia crassifolia,Horsfieldia,crassifolia,Magnoliaceae,78.0,6.0725,101.9647222,0.441512037,1,0,168.0,NT2003GOPS_1988,train
1909,Thailand,Narathiwat,F,open_degraded,1,0,0,0,1,0,1111.111111,15.0,Horsfieldia crassifolia,Horsfieldia,crassifolia,Magnoliaceae,83.0,6.0725,101.9647222,0.441512037,1,0,24.0,NT2003GOPS_1988,train
1910,Thailand,Narathiwat,F,open_degraded,1,0,0,0,1,0,1111.111111,15.0,Horsfieldia crassifolia,Horsfieldia,crassifolia,Magnoliaceae,82.0,6.0725,101.9647222,0.441512037,1,0,36.0,NT2003GOPS_1988,train
1911,Thailand,Narathiwat,F,open_degraded,1,0,0,0,1,0,1111.111111,15.0,Horsfieldia crassifolia,Horsfieldia,crassifolia,Magnoliaceae,82.0,6.0725,101.9647222,0.441512037,1,0,48.0,NT2003GOPS_1988,train
1912,Thailand,Narathiwat,F,open_degraded,1,0,0,0,1,0,1111.111111,15.0,Horsfieldia crassifolia,Horsfieldia,crassifolia,Magnoliaceae,79.0,6.0725,101.9647222,0.441512037,1,0,108.0,NT2003GOPS_1988,train
1913,Thailand,Narathiwat,F,open_degraded,1,0,0,0,1,0,1111.111111,15.0,Vatica pauciflora,Vatica,pauciflora,Dipterocarpaceae,48.0,6.0725,101.9647222,0.706897436,1,0,168.0,NT2003GOPS_1988,train
1914,Thailand,Narathiwat,F,open_degraded,1,0,0,0,1,0,1111.111111,15.0,Vatica pauciflora,Vatica,pauciflora,Dipterocarpaceae,65.0,6.0725,101.9647222,0.706897436,1,0,24.0,NT2003GOPS_1988,train
1915,Thailand,Narathiwat,F,open_degraded,1,0,0,0,1,0,1111.111111,15.0,Vatica pauciflora,Vatica,pauciflora,Dipterocarpaceae,49.0,6.0725,101.9647222,0.706897436,1,0,36.0,NT2003GOPS_1988,train
1916,Thailand,Narathiwat,F,open_degraded,1,0,0,0,1,0,1111.111111,15.0,Vatica pauciflora,Vatica,pauciflora,Dipterocarpaceae,49.0,6.0725,101.9647222,0.706897436,1,0,48.0,NT2003GOPS_1988,train
1917,Thailand,Narathiwat,F,open_degraded,1,0,0,0,1,0,1111.111111,15.0,Vatica pauciflora,Vatica,pauciflora,Dipterocarpaceae,49.0,6.0725,101.9647222,0.706897436,1,0,108.0,NT2003GOPS_1988,train
1918,Thailand,Narathiwat,F,open_degraded,1,0,0,0,1,0,1111.111111,15.0,Acacia mangium,Acacia,mangium,Fabaceae,0.0,6.0725,101.9647222,0.507,1,0,168.0,NT2003GOPS_1988,train
1919,Thailand,Narathiwat,F,open_degraded,1,0,0,0,1,0,1111.111111,15.0,Acacia mangium,Acacia,mangium,Fabaceae,78.0,6.0725,101.9647222,0.507,1,0,24.0,NT2003GOPS_1988,train
1920,Thailand,Narathiwat,F,open_degraded,1,0,0,0,1,0,1111.111111,15.0,Acacia mangium,Acacia,mangium,Fabaceae,78.0,6.0725,101.9647222,0.507,1,0,36.0,NT2003GOPS_1988,train
1921,Thailand,Narathiwat,F,open_degraded,1,0,0,0,1,0,1111.111111,15.0,Acacia mangium,Acacia,mangium,Fabaceae,78.0,6.0725,101.9647222,0.507,1,0,48.0,NT2003GOPS_1988,train
1922,Thailand,Narathiwat,F,open_degraded,1,0,0,0,1,0,1111.111111,15.0,Acacia mangium,Acacia,mangium,Fabaceae,0.0,6.0725,101.9647222,0.507,1,0,108.0,NT2003GOPS_1988,train
1923,Thailand,Narathiwat,F,open_degraded,1,0,0,0,1,0,1111.111111,15.0,Fagraea fragrans,Fagraea,fragrans,Gentianaceae,24.0,6.0725,101.9647222,0.688,1,0,168.0,NT2003GOPS_1988,train
1924,Thailand,Narathiwat,F,open_degraded,1,0,0,0,1,0,1111.111111,15.0,Fagraea fragrans,Fagraea,fragrans,Gentianaceae,64.0,6.0725,101.9647222,0.688,1,0,24.0,NT2003GOPS_1988,train
1925,Thailand,Narathiwat,F,open_degraded,1,0,0,0,1,0,1111.111111,15.0,Fagraea fragrans,Fagraea,fragrans,Gentianaceae,62.0,6.0725,101.9647222,0.688,1,0,36.0,NT2003GOPS_1988,train
1926,Thailand,Narathiwat,F,open_degraded,1,0,0,0,1,0,1111.111111,15.0,Fagraea fragrans,Fagraea,fragrans,Gentianaceae,62.0,6.0725,101.9647222,0.688,1,0,48.0,NT2003GOPS_1988,train
1927,Thailand,Narathiwat,F,open_degraded,1,0,0,0,1,0,1111.111111,15.0,Fagraea fragrans,Fagraea,fragrans,Gentianaceae,47.0,6.0725,101.9647222,0.688,1,0,108.0,NT2003GOPS_1988,train
1928,Thailand,Narathiwat,F,open_degraded,1,0,0,0,1,0,1111.111111,15.0,Polyalthia lateriflora,Polyalthia,lateriflora,Magnoliaceae,11.0,6.0725,101.9647222,0.441512037,1,0,168.0,NT2003GOPS_1988,train
1929,Thailand,Narathiwat,F,open_degraded,1,0,0,0,1,0,1111.111111,15.0,Polyalthia lateriflora,Polyalthia,lateriflora,Magnoliaceae,23.0,6.0725,101.9647222,0.441512037,1,0,24.0,NT2003GOPS_1988,train
1930,Thailand,Narathiwat,F,open_degraded,1,0,0,0,1,0,1111.111111,15.0,Polyalthia lateriflora,Polyalthia,lateriflora,Magnoliaceae,19.0,6.0725,101.9647222,0.441512037,1,0,36.0,NT2003GOPS_1988,train
1931,Thailand,Narathiwat,F,open_degraded,1,0,0,0,1,0,1111.111111,15.0,Polyalthia lateriflora,Polyalthia,lateriflora,Magnoliaceae,17.0,6.0725,101.9647222,0.441512037,1,0,48.0,NT2003GOPS_1988,train
1932,Thailand,Narathiwat,F,open_degraded,1,0,0,0,1,0,1111.111111,15.0,Polyalthia lateriflora,Polyalthia,lateriflora,Magnoliaceae,14.0,6.0725,101.9647222,0.441512037,1,0,108.0,NT2003GOPS_1988,train
1933,Thailand,Narathiwat,F,open_degraded,1,0,0,1,1,0,1111.111111,15.0,Syzygium kunstleri,Syzygium,kunstleri,Myrtaceae,68.0,6.0725,101.9647222,0.664366667,1,0,168.0,NT2003GOPS_1988,train
1934,Thailand,Narathiwat,F,open_degraded,1,0,0,1,1,0,1111.111111,15.0,Syzygium kunstleri,Syzygium,kunstleri,Myrtaceae,86.0,6.0725,101.9647222,0.664366667,1,0,24.0,NT2003GOPS_1988,train
1935,Thailand,Narathiwat,F,open_degraded,1,0,0,1,1,0,1111.111111,15.0,Syzygium kunstleri,Syzygium,kunstleri,Myrtaceae,82.0,6.0725,101.9647222,0.664366667,1,0,36.0,NT2003GOPS_1988,train
1936,Thailand,Narathiwat,F,open_degraded,1,0,0,1,1,0,1111.111111,15.0,Syzygium kunstleri,Syzygium,kunstleri,Myrtaceae,82.0,6.0725,101.9647222,0.664366667,1,0,48.0,NT2003GOPS_1988,train
1937,Thailand,Narathiwat,F,open_degraded,1,0,0,1,1,0,1111.111111,15.0,Syzygium kunstleri,Syzygium,kunstleri,Myrtaceae,82.0,6.0725,101.9647222,0.664366667,1,0,108.0,NT2003GOPS_1988,train
1938,Thailand,Narathiwat,F,open_degraded,1,0,0,0,1,0,1111.111111,15.0,Madhuca motleyana,Ganua,motleyana,Sapotaceae,87.0,6.0725,101.9647222,0.46,1,0,168.0,NT2003GOPS_1988,train
1939,Thailand,Narathiwat,F,open_degraded,1,0,0,0,1,0,1111.111111,15.0,Madhuca motleyana,Ganua,motleyana,Sapotaceae,92.0,6.0725,101.9647222,0.46,1,0,24.0,NT2003GOPS_1988,train
1940,Thailand,Narathiwat,F,open_degraded,1,0,0,0,1,0,1111.111111,15.0,Madhuca motleyana,Ganua,motleyana,Sapotaceae,91.0,6.0725,101.9647222,0.46,1,0,36.0,NT2003GOPS_1988,train
1941,Thailand,Narathiwat,F,open_degraded,1,0,0,0,1,0,1111.111111,15.0,Madhuca motleyana,Ganua,motleyana,Sapotaceae,91.0,6.0725,101.9647222,0.46,1,0,48.0,NT2003GOPS_1988,train
1942,Thailand,Narathiwat,F,open_degraded,1,0,0,0,1,0,1111.111111,15.0,Madhuca motleyana,Ganua,motleyana,Sapotaceae,88.0,6.0725,101.9647222,0.46,1,0,108.0,NT2003GOPS_1988,train
1943,Thailand,Narathiwat,F,open_degraded,1,0,0,1,1,0,1111.111111,15.0,Sterculia gilva,Sterculia,gilva,Malvaceae,84.0,6.0725,101.9647222,0.404821667,1,0,168.0,NT2003GOPS_1988,train
1944,Thailand,Narathiwat,F,open_degraded,1,0,0,1,1,0,1111.111111,15.0,Sterculia gilva,Sterculia,gilva,Malvaceae,85.0,6.0725,101.9647222,0.404821667,1,0,24.0,NT2003GOPS_1988,train
1945,Thailand,Narathiwat,F,open_degraded,1,0,0,1,1,0,1111.111111,15.0,Sterculia gilva,Sterculia,gilva,Malvaceae,85.0,6.0725,101.9647222,0.404821667,1,0,36.0,NT2003GOPS_1988,train
1946,Thailand,Narathiwat,F,open_degraded,1,0,0,1,1,0,1111.111111,15.0,Sterculia gilva,Sterculia,gilva,Malvaceae,85.0,6.0725,101.9647222,0.404821667,1,0,48.0,NT2003GOPS_1988,train
1947,Thailand,Narathiwat,F,open_degraded,1,0,0,1,1,0,1111.111111,15.0,Sterculia gilva,Sterculia,gilva,Malvaceae,84.0,6.0725,101.9647222,0.404821667,1,0,108.0,NT2003GOPS_1988,train
1948,Thailand,Narathiwat,F,open_degraded,1,0,0,1,1,0,1111.111111,15.0,Stemonurus secundiflorus,Stemonurus,secundiflorus,Stemonuraceae,61.0,6.0725,101.9647222,0.51,1,0,168.0,NT2003GOPS_1988,train
1949,Thailand,Narathiwat,F,open_degraded,1,0,0,1,1,0,1111.111111,15.0,Stemonurus secundiflorus,Stemonurus,secundiflorus,Stemonuraceae,79.0,6.0725,101.9647222,0.51,1,0,24.0,NT2003GOPS_1988,train
1950,Thailand,Narathiwat,F,open_degraded,1,0,0,1,1,0,1111.111111,15.0,Stemonurus secundiflorus,Stemonurus,secundiflorus,Stemonuraceae,73.0,6.0725,101.9647222,0.51,1,0,36.0,NT2003GOPS_1988,train
1951,Thailand,Narathiwat,F,open_degraded,1,0,0,1,1,0,1111.111111,15.0,Stemonurus secundiflorus,Stemonurus,secundiflorus,Stemonuraceae,73.0,6.0725,101.9647222,0.51,1,0,48.0,NT2003GOPS_1988,train
1952,Thailand,Narathiwat,F,open_degraded,1,0,0,1,1,0,1111.111111,15.0,Stemonurus secundiflorus,Stemonurus,secundiflorus,Stemonuraceae,72.0,6.0725,101.9647222,0.51,1,0,108.0,NT2003GOPS_1988,train
1953,Thailand,Narathiwat,F,open_degraded,1,0,0,1,1,0,1111.111111,15.0,Dialium indum,Dialium,indum,Fabaceae,71.0,6.0725,101.9647222,0.82,1,0,168.0,NT2003GOPS_1988,train
1954,Thailand,Narathiwat,F,open_degraded,1,0,0,1,1,0,1111.111111,15.0,Dialium indum,Dialium,indum,Fabaceae,81.0,6.0725,101.9647222,0.82,1,0,24.0,NT2003GOPS_1988,train
1955,Thailand,Narathiwat,F,open_degraded,1,0,0,1,1,0,1111.111111,15.0,Dialium indum,Dialium,indum,Fabaceae,76.0,6.0725,101.9647222,0.82,1,0,36.0,NT2003GOPS_1988,train
1956,Thailand,Narathiwat,F,open_degraded,1,0,0,1,1,0,1111.111111,15.0,Dialium indum,Dialium,indum,Fabaceae,76.0,6.0725,101.9647222,0.82,1,0,48.0,NT2003GOPS_1988,train
1957,Thailand,Narathiwat,F,open_degraded,1,0,0,1,1,0,1111.111111,15.0,Dialium indum,Dialium,indum,Fabaceae,76.0,6.0725,101.9647222,0.82,1,0,108.0,NT2003GOPS_1988,train
1958,Thailand,Narathiwat,F,open_degraded,1,0,0,1,1,0,1111.111111,15.0,Melaleuca cajuputi,Melaleuca,cajuputi,Myrtaceae,41.0,6.0725,101.9647222,0.756647186,1,0,168.0,NT2003GOPS_1988,train
1959,Thailand,Narathiwat,F,open_degraded,1,0,0,1,1,0,1111.111111,15.0,Melaleuca cajuputi,Melaleuca,cajuputi,Myrtaceae,88.0,6.0725,101.9647222,0.756647186,1,0,24.0,NT2003GOPS_1988,train
1960,Thailand,Narathiwat,F,open_degraded,1,0,0,1,1,0,1111.111111,15.0,Melaleuca cajuputi,Melaleuca,cajuputi,Myrtaceae,88.0,6.0725,101.9647222,0.756647186,1,0,36.0,NT2003GOPS_1988,train
1961,Thailand,Narathiwat,F,open_degraded,1,0,0,1,1,0,1111.111111,15.0,Melaleuca cajuputi,Melaleuca,cajuputi,Myrtaceae,88.0,6.0725,101.9647222,0.756647186,1,0,48.0,NT2003GOPS_1988,train
1962,Thailand,Narathiwat,F,open_degraded,1,0,0,1,1,0,1111.111111,15.0,Melaleuca cajuputi,Melaleuca,cajuputi,Myrtaceae,83.0,6.0725,101.9647222,0.756647186,1,0,108.0,NT2003GOPS_1988,train
1963,Thailand,Narathiwat,F,open_degraded,1,0,0,1,1,0,1111.111111,15.0,Syzygium oblatum,Syzygium,oblatum,Myrtaceae,68.0,6.0725,101.9647222,0.664366667,1,0,168.0,NT2003GOPS_1988,train
1964,Thailand,Narathiwat,F,open_degraded,1,0,0,1,1,0,1111.111111,15.0,Syzygium oblatum,Syzygium,oblatum,Myrtaceae,83.0,6.0725,101.9647222,0.664366667,1,0,24.0,NT2003GOPS_1988,train
1965,Thailand,Narathiwat,F,open_degraded,1,0,0,1,1,0,1111.111111,15.0,Syzygium oblatum,Syzygium,oblatum,Myrtaceae,83.0,6.0725,101.9647222,0.664366667,1,0,36.0,NT2003GOPS_1988,train
1966,Thailand,Narathiwat,F,open_degraded,1,0,0,1,1,0,1111.111111,15.0,Syzygium oblatum,Syzygium,oblatum,Myrtaceae,83.0,6.0725,101.9647222,0.664366667,1,0,48.0,NT2003GOPS_1988,train
1967,Thailand,Narathiwat,F,open_degraded,1,0,0,1,1,0,1111.111111,15.0,Syzygium oblatum,Syzygium,oblatum,Myrtaceae,81.0,6.0725,101.9647222,0.664366667,1,0,108.0,NT2003GOPS_1988,train
1968,Thailand,Narathiwat,F,open_degraded,1,0,0,1,1,0,1111.111111,15.0,Baccaurea bracteata,Baccaurea,bracteata,Phyllanthaceae,81.0,6.0725,101.9647222,0.635,1,0,168.0,NT2003GOPS_1988,train
1969,Thailand,Narathiwat,F,open_degraded,1,0,0,1,1,0,1111.111111,15.0,Baccaurea bracteata,Baccaurea,bracteata,Phyllanthaceae,89.0,6.0725,101.9647222,0.635,1,0,24.0,NT2003GOPS_1988,train
1970,Thailand,Narathiwat,F,open_degraded,1,0,0,1,1,0,1111.111111,15.0,Baccaurea bracteata,Baccaurea,bracteata,Phyllanthaceae,87.0,6.0725,101.9647222,0.635,1,0,36.0,NT2003GOPS_1988,train
1971,Thailand,Narathiwat,F,open_degraded,1,0,0,1,1,0,1111.111111,15.0,Baccaurea bracteata,Baccaurea,bracteata,Phyllanthaceae,87.0,6.0725,101.9647222,0.635,1,0,48.0,NT2003GOPS_1988,train
1972,Thailand,Narathiwat,F,open_degraded,1,0,0,1,1,0,1111.111111,15.0,Baccaurea bracteata,Baccaurea,bracteata,Phyllanthaceae,87.0,6.0725,101.9647222,0.635,1,0,108.0,NT2003GOPS_1988,train
1973,Thailand,Narathiwat,F,open_degraded,1,0,0,0,1,0,1111.111111,15.0,Cinnamomum rhychophyllum,Cinnamomum,rhychophyllum,Lauraceae,82.0,6.0725,101.9647222,0.467139912,1,0,12.0,NT2003GOPS_1993,train
1974,Thailand,Narathiwat,F,open_degraded,1,0,0,0,1,0,1111.111111,15.0,Cinnamomum rhychophyllum,Cinnamomum,rhychophyllum,Lauraceae,79.0,6.0725,101.9647222,0.467139912,1,0,24.0,NT2003GOPS_1993,train
1975,Thailand,Narathiwat,F,open_degraded,1,0,0,0,1,0,1111.111111,15.0,Cinnamomum rhychophyllum,Cinnamomum,rhychophyllum,Lauraceae,78.0,6.0725,101.9647222,0.467139912,1,0,36.0,NT2003GOPS_1993,train
1976,Thailand,Narathiwat,F,open_degraded,1,0,0,0,1,0,1111.111111,15.0,Cinnamomum rhychophyllum,Cinnamomum,rhychophyllum,Lauraceae,78.0,6.0725,101.9647222,0.467139912,1,0,48.0,NT2003GOPS_1993,train
1977,Thailand,Narathiwat,F,open_degraded,1,0,0,0,1,0,1111.111111,15.0,Cinnamomum rhychophyllum,Cinnamomum,rhychophyllum,Lauraceae,70.0,6.0725,101.9647222,0.467139912,1,0,108.0,NT2003GOPS_1993,train
1978,Thailand,Narathiwat,F,open_degraded,1,0,0,0,1,0,1111.111111,15.0,Alstonia spatulata,Alstonia,spatulata,Apocynaceae,97.0,6.0725,101.9647222,0.34,1,0,12.0,NT2003GOPS_1993,train
1979,Thailand,Narathiwat,F,open_degraded,1,0,0,0,1,0,1111.111111,15.0,Alstonia spatulata,Alstonia,spatulata,Apocynaceae,97.0,6.0725,101.9647222,0.34,1,0,24.0,NT2003GOPS_1993,train
1980,Thailand,Narathiwat,F,open_degraded,1,0,0,0,1,0,1111.111111,15.0,Alstonia spatulata,Alstonia,spatulata,Apocynaceae,97.0,6.0725,101.9647222,0.34,1,0,36.0,NT2003GOPS_1993,train
1981,Thailand,Narathiwat,F,open_degraded,1,0,0,0,1,0,1111.111111,15.0,Alstonia spatulata,Alstonia,spatulata,Apocynaceae,97.0,6.0725,101.9647222,0.34,1,0,48.0,NT2003GOPS_1993,train
1982,Thailand,Narathiwat,F,open_degraded,1,0,0,0,1,0,1111.111111,15.0,Alstonia spatulata,Alstonia,spatulata,Apocynaceae,97.0,6.0725,101.9647222,0.34,1,0,108.0,NT2003GOPS_1993,train
1983,Thailand,Narathiwat,F,open_degraded,1,0,0,0,1,0,1111.111111,15.0,Ixora grandifolia,Ixora,grandifolia,Rubiaceae,97.0,6.0725,101.9647222,0.69,1,0,12.0,NT2003GOPS_1993,train
1984,Thailand,Narathiwat,F,open_degraded,1,0,0,0,1,0,1111.111111,15.0,Ixora grandifolia,Ixora,grandifolia,Rubiaceae,97.0,6.0725,101.9647222,0.69,1,0,24.0,NT2003GOPS_1993,train
1985,Thailand,Narathiwat,F,open_degraded,1,0,0,0,1,0,1111.111111,15.0,Ixora grandifolia,Ixora,grandifolia,Rubiaceae,97.0,6.0725,101.9647222,0.69,1,0,36.0,NT2003GOPS_1993,train
1986,Thailand,Narathiwat,F,open_degraded,1,0,0,0,1,0,1111.111111,15.0,Ixora grandifolia,Ixora,grandifolia,Rubiaceae,97.0,6.0725,101.9647222,0.69,1,0,48.0,NT2003GOPS_1993,train
1987,Thailand,Narathiwat,F,open_degraded,1,0,0,0,1,0,1111.111111,15.0,Ixora grandifolia,Ixora,grandifolia,Rubiaceae,74.0,6.0725,101.9647222,0.69,1,0,108.0,NT2003GOPS_1993,train
1988,Thailand,Narathiwat,F,open_degraded,1,0,0,0,1,0,1111.111111,15.0,Polyalthia glauca,Polyalthia,glauca,Magnoliaceae,90.0,6.0725,101.9647222,0.441512037,1,0,12.0,NT2003GOPS_1993,train
1989,Thailand,Narathiwat,F,open_degraded,1,0,0,0,1,0,1111.111111,15.0,Polyalthia glauca,Polyalthia,glauca,Magnoliaceae,89.0,6.0725,101.9647222,0.441512037,1,0,24.0,NT2003GOPS_1993,train
1990,Thailand,Narathiwat,F,open_degraded,1,0,0,0,1,0,1111.111111,15.0,Polyalthia glauca,Polyalthia,glauca,Magnoliaceae,79.0,6.0725,101.9647222,0.441512037,1,0,36.0,NT2003GOPS_1993,train
1991,Thailand,Narathiwat,F,open_degraded,1,0,0,0,1,0,1111.111111,15.0,Polyalthia glauca,Polyalthia,glauca,Magnoliaceae,76.0,6.0725,101.9647222,0.441512037,1,0,48.0,NT2003GOPS_1993,train
1992,Thailand,Narathiwat,F,open_degraded,1,0,0,0,1,0,1111.111111,15.0,Polyalthia glauca,Polyalthia,glauca,Magnoliaceae,56.0,6.0725,101.9647222,0.441512037,1,0,108.0,NT2003GOPS_1993,train
1993,Thailand,Narathiwat,F,open_degraded,1,0,0,0,1,0,1111.111111,15.0,Mangifera griffithii,Mangifera,griffithii,Anacardiaceae,90.0,6.0725,101.9647222,0.47,1,0,12.0,NT2003GOPS_1993,train
1994,Thailand,Narathiwat,F,open_degraded,1,0,0,0,1,0,1111.111111,15.0,Mangifera griffithii,Mangifera,griffithii,Anacardiaceae,81.0,6.0725,101.9647222,0.47,1,0,24.0,NT2003GOPS_1993,train
1995,Thailand,Narathiwat,F,open_degraded,1,0,0,0,1,0,1111.111111,15.0,Mangifera griffithii,Mangifera,griffithii,Anacardiaceae,81.0,6.0725,101.9647222,0.47,1,0,36.0,NT2003GOPS_1993,train
1996,Thailand,Narathiwat,F,open_degraded,1,0,0,0,1,0,1111.111111,15.0,Mangifera griffithii,Mangifera,griffithii,Anacardiaceae,81.0,6.0725,101.9647222,0.47,1,0,48.0,NT2003GOPS_1993,train
1997,Thailand,Narathiwat,F,open_degraded,1,0,0,0,1,0,1111.111111,15.0,Mangifera griffithii,Mangifera,griffithii,Anacardiaceae,79.0,6.0725,101.9647222,0.47,1,0,108.0,NT2003GOPS_1993,train
1998,Thailand,Narathiwat,F,open_degraded,1,0,0,0,1,0,1111.111111,15.0,Calophyllum sclerophyllum,Calophyllum,sclerophyllum,Clusiaceae,95.0,6.0725,101.9647222,0.669211656,1,0,12.0,NT2003GOPS_1993,train
1999,Thailand,Narathiwat,F,open_degraded,1,0,0,0,1,0,1111.111111,15.0,Calophyllum sclerophyllum,Calophyllum,sclerophyllum,Clusiaceae,94.0,6.0725,101.9647222,0.669211656,1,0,24.0,NT2003GOPS_1993,train
2000,Thailand,Narathiwat,F,open_degraded,1,0,0,0,1,0,1111.111111,15.0,Calophyllum sclerophyllum,Calophyllum,sclerophyllum,Clusiaceae,94.0,6.0725,101.9647222,0.669211656,1,0,36.0,NT2003GOPS_1993,train
2001,Thailand,Narathiwat,F,open_degraded,1,0,0,0,1,0,1111.111111,15.0,Calophyllum sclerophyllum,Calophyllum,sclerophyllum,Clusiaceae,94.0,6.0725,101.9647222,0.669211656,1,0,48.0,NT2003GOPS_1993,train
2002,Thailand,Narathiwat,F,open_degraded,1,0,0,0,1,0,1111.111111,15.0,Calophyllum sclerophyllum,Calophyllum,sclerophyllum,Clusiaceae,90.0,6.0725,101.9647222,0.669211656,1,0,108.0,NT2003GOPS_1993,train
2003,Thailand,Narathiwat,F,open_degraded,1,0,0,0,1,0,1111.111111,15.0,Neesia malayana,Neesia,malayana,Malvaceae,75.0,6.0725,101.9647222,0.46,1,0,12.0,NT2003GOPS_1993,train
2004,Thailand,Narathiwat,F,open_degraded,1,0,0,0,1,0,1111.111111,15.0,Neesia malayana,Neesia,malayana,Malvaceae,69.0,6.0725,101.9647222,0.46,1,0,24.0,NT2003GOPS_1993,train
2005,Thailand,Narathiwat,F,open_degraded,1,0,0,0,1,0,1111.111111,15.0,Neesia malayana,Neesia,malayana,Malvaceae,67.0,6.0725,101.9647222,0.46,1,0,36.0,NT2003GOPS_1993,train
2006,Thailand,Narathiwat,F,open_degraded,1,0,0,0,1,0,1111.111111,15.0,Neesia malayana,Neesia,malayana,Malvaceae,67.0,6.0725,101.9647222,0.46,1,0,48.0,NT2003GOPS_1993,train
2007,Thailand,Narathiwat,F,open_degraded,1,0,0,0,1,0,1111.111111,15.0,Neesia malayana,Neesia,malayana,Malvaceae,60.0,6.0725,101.9647222,0.46,1,0,108.0,NT2003GOPS_1993,train
2008,Thailand,Narathiwat,F,open_degraded,1,0,0,0,1,0,1111.111111,15.0,Persea membranacea,Persea,membranacea,Lauraceae,82.0,6.0725,101.9647222,0.514030303,1,0,12.0,NT2003GOPS_1993,train
2009,Thailand,Narathiwat,F,open_degraded,1,0,0,0,1,0,1111.111111,15.0,Persea membranacea,Persea,membranacea,Lauraceae,72.0,6.0725,101.9647222,0.514030303,1,0,24.0,NT2003GOPS_1993,train
2010,Thailand,Narathiwat,F,open_degraded,1,0,0,0,1,0,1111.111111,15.0,Persea membranacea,Persea,membranacea,Lauraceae,68.0,6.0725,101.9647222,0.514030303,1,0,36.0,NT2003GOPS_1993,train
2011,Thailand,Narathiwat,F,open_degraded,1,0,0,0,1,0,1111.111111,15.0,Persea membranacea,Persea,membranacea,Lauraceae,68.0,6.0725,101.9647222,0.514030303,1,0,48.0,NT2003GOPS_1993,train
2012,Thailand,Narathiwat,F,open_degraded,1,0,0,0,1,0,1111.111111,15.0,Persea membranacea,Persea,membranacea,Lauraceae,37.0,6.0725,101.9647222,0.514030303,1,0,108.0,NT2003GOPS_1993,train
2013,Thailand,Narathiwat,F,open_degraded,1,0,0,0,1,0,1111.111111,15.0,Dacryodes incurvata,Dacryodes,incurvata,Burseraceae,35.0,6.0725,101.9647222,0.59,1,0,12.0,NT2003GOPS_1993,train
2014,Thailand,Narathiwat,F,open_degraded,1,0,0,0,1,0,1111.111111,15.0,Dacryodes incurvata,Dacryodes,incurvata,Burseraceae,6.0,6.0725,101.9647222,0.59,1,0,154.0,NT2003GOPS_1993,train
2015,Thailand,Narathiwat,F,open_degraded,1,0,0,0,1,0,1111.111111,15.0,Dacryodes incurvata,Dacryodes,incurvata,Burseraceae,22.0,6.0725,101.9647222,0.59,1,0,24.0,NT2003GOPS_1993,train
2016,Thailand,Narathiwat,F,open_degraded,1,0,0,0,1,0,1111.111111,15.0,Dacryodes incurvata,Dacryodes,incurvata,Burseraceae,11.0,6.0725,101.9647222,0.59,1,0,48.0,NT2003GOPS_1993,train
2017,Thailand,Narathiwat,F,open_degraded,1,0,0,0,1,0,1111.111111,15.0,Dacryodes incurvata,Dacryodes,incurvata,Burseraceae,11.0,6.0725,101.9647222,0.59,1,0,100.0,NT2003GOPS_1993,train
2018,Thailand,Narathiwat,F,open_degraded,1,0,0,0,1,0,1111.111111,15.0,Sandoricum beccarianum,Sandoricum,beccarianum,Meliaceae,81.0,6.0725,101.9647222,0.38,1,0,12.0,NT2003GOPS_1993,train
2019,Thailand,Narathiwat,F,open_degraded,1,0,0,0,1,0,1111.111111,15.0,Sandoricum beccarianum,Sandoricum,beccarianum,Meliaceae,79.0,6.0725,101.9647222,0.38,1,0,24.0,NT2003GOPS_1993,train
2020,Thailand,Narathiwat,F,open_degraded,1,0,0,0,1,0,1111.111111,15.0,Sandoricum beccarianum,Sandoricum,beccarianum,Meliaceae,78.0,6.0725,101.9647222,0.38,1,0,36.0,NT2003GOPS_1993,train
2021,Thailand,Narathiwat,F,open_degraded,1,0,0,0,1,0,1111.111111,15.0,Sandoricum beccarianum,Sandoricum,beccarianum,Meliaceae,78.0,6.0725,101.9647222,0.38,1,0,48.0,NT2003GOPS_1993,train
2022,Thailand,Narathiwat,F,open_degraded,1,0,0,0,1,0,1111.111111,15.0,Sandoricum beccarianum,Sandoricum,beccarianum,Meliaceae,71.0,6.0725,101.9647222,0.38,1,0,108.0,NT2003GOPS_1993,train
2023,Thailand,Narathiwat,F,open_degraded,1,0,0,0,1,0,1111.111111,15.0,Litsea costata,Litsea,costata,Lauraceae,79.0,6.0725,101.9647222,0.425466667,1,0,12.0,NT2003GOPS_1993,train
2024,Thailand,Narathiwat,F,open_degraded,1,0,0,0,1,0,1111.111111,15.0,Litsea costata,Litsea,costata,Lauraceae,47.0,6.0725,101.9647222,0.425466667,1,0,24.0,NT2003GOPS_1993,train
2025,Thailand,Narathiwat,F,open_degraded,1,0,0,0,1,0,1111.111111,15.0,Litsea costata,Litsea,costata,Lauraceae,29.0,6.0725,101.9647222,0.425466667,1,0,36.0,NT2003GOPS_1993,train
2026,Thailand,Narathiwat,F,open_degraded,1,0,0,0,1,0,1111.111111,15.0,Litsea costata,Litsea,costata,Lauraceae,28.0,6.0725,101.9647222,0.425466667,1,0,48.0,NT2003GOPS_1993,train
2027,Thailand,Narathiwat,F,open_degraded,1,0,0,0,1,0,1111.111111,15.0,Litsea costata,Litsea,costata,Lauraceae,14.0,6.0725,101.9647222,0.425466667,1,0,108.0,NT2003GOPS_1993,train
2028,Thailand,Narathiwat,F,open_degraded,1,0,0,0,1,0,1111.111111,15.0,Campnosperma coriaceum,Campnosperma,coriaceum,Anacardiaceae,90.0,6.0725,101.9647222,0.3775,1,0,12.0,NT2003GOPS_1993,train
2029,Thailand,Narathiwat,F,open_degraded,1,0,0,0,1,0,1111.111111,15.0,Campnosperma coriaceum,Campnosperma,coriaceum,Anacardiaceae,88.0,6.0725,101.9647222,0.3775,1,0,24.0,NT2003GOPS_1993,train
2030,Thailand,Narathiwat,F,open_degraded,1,0,0,0,1,0,1111.111111,15.0,Campnosperma coriaceum,Campnosperma,coriaceum,Anacardiaceae,88.0,6.0725,101.9647222,0.3775,1,0,36.0,NT2003GOPS_1993,train
2031,Thailand,Narathiwat,F,open_degraded,1,0,0,0,1,0,1111.111111,15.0,Campnosperma coriaceum,Campnosperma,coriaceum,Anacardiaceae,88.0,6.0725,101.9647222,0.3775,1,0,48.0,NT2003GOPS_1993,train
2032,Thailand,Narathiwat,F,open_degraded,1,0,0,0,1,0,1111.111111,15.0,Campnosperma coriaceum,Campnosperma,coriaceum,Anacardiaceae,80.0,6.0725,101.9647222,0.3775,1,0,108.0,NT2003GOPS_1993,train
2033,Thailand,Narathiwat,F,open_degraded,1,0,0,0,1,0,1111.111111,15.0,Garcinia bancana,Garcinia,bancana,Clusiaceae,63.0,6.0725,101.9647222,0.741621569,1,0,12.0,NT2003GOPS_1993,train
2034,Thailand,Narathiwat,F,open_degraded,1,0,0,0,1,0,1111.111111,15.0,Garcinia bancana,Garcinia,bancana,Clusiaceae,61.0,6.0725,101.9647222,0.741621569,1,0,24.0,NT2003GOPS_1993,train
2035,Thailand,Narathiwat,F,open_degraded,1,0,0,0,1,0,1111.111111,15.0,Garcinia bancana,Garcinia,bancana,Clusiaceae,58.0,6.0725,101.9647222,0.741621569,1,0,36.0,NT2003GOPS_1993,train
2036,Thailand,Narathiwat,F,open_degraded,1,0,0,0,1,0,1111.111111,15.0,Garcinia bancana,Garcinia,bancana,Clusiaceae,53.0,6.0725,101.9647222,0.741621569,1,0,48.0,NT2003GOPS_1993,train
2037,Thailand,Narathiwat,F,open_degraded,1,0,0,0,1,0,1111.111111,15.0,Garcinia bancana,Garcinia,bancana,Clusiaceae,8.0,6.0725,101.9647222,0.741621569,1,0,108.0,NT2003GOPS_1993,train
2038,Thailand,Narathiwat,F,open_degraded,1,0,0,0,1,0,1111.111111,15.0,Aglaia rubiginosa,Aglaia,rubiginosa,Meliaceae,60.0,6.0725,101.9647222,0.76,1,0,12.0,NT2003GOPS_1993,train
2039,Thailand,Narathiwat,F,open_degraded,1,0,0,0,1,0,1111.111111,15.0,Aglaia rubiginosa,Aglaia,rubiginosa,Meliaceae,42.0,6.0725,101.9647222,0.76,1,0,24.0,NT2003GOPS_1993,train
2040,Thailand,Narathiwat,F,open_degraded,1,0,0,0,1,0,1111.111111,15.0,Aglaia rubiginosa,Aglaia,rubiginosa,Meliaceae,24.0,6.0725,101.9647222,0.76,1,0,36.0,NT2003GOPS_1993,train
2041,Thailand,Narathiwat,F,open_degraded,1,0,0,0,1,0,1111.111111,15.0,Aglaia rubiginosa,Aglaia,rubiginosa,Meliaceae,20.0,6.0725,101.9647222,0.76,1,0,48.0,NT2003GOPS_1993,train
2042,Thailand,Narathiwat,F,open_degraded,1,0,0,0,1,0,1111.111111,15.0,Aglaia rubiginosa,Aglaia,rubiginosa,Meliaceae,14.0,6.0725,101.9647222,0.76,1,0,108.0,NT2003GOPS_1993,train
2043,Thailand,Narathiwat,F,open_degraded,1,0,0,0,1,0,1111.111111,15.0,Xanthophyllum ellipticum,Xanthophyllum,ellipticum,Polygalaceae,89.0,6.0725,101.9647222,0.708076923,1,0,12.0,NT2003GOPS_1993,train
2044,Thailand,Narathiwat,F,open_degraded,1,0,0,0,1,0,1111.111111,15.0,Xanthophyllum ellipticum,Xanthophyllum,ellipticum,Polygalaceae,81.0,6.0725,101.9647222,0.708076923,1,0,24.0,NT2003GOPS_1993,train
2045,Thailand,Narathiwat,F,open_degraded,1,0,0,0,1,0,1111.111111,15.0,Xanthophyllum ellipticum,Xanthophyllum,ellipticum,Polygalaceae,76.0,6.0725,101.9647222,0.708076923,1,0,36.0,NT2003GOPS_1993,train
2046,Thailand,Narathiwat,F,open_degraded,1,0,0,0,1,0,1111.111111,15.0,Xanthophyllum ellipticum,Xanthophyllum,ellipticum,Polygalaceae,75.0,6.0725,101.9647222,0.708076923,1,0,48.0,NT2003GOPS_1993,train
2047,Thailand,Narathiwat,F,open_degraded,1,0,0,0,1,0,1111.111111,15.0,Xanthophyllum ellipticum,Xanthophyllum,ellipticum,Polygalaceae,35.0,6.0725,101.9647222,0.708076923,1,0,108.0,NT2003GOPS_1993,train
2048,Indonesia,South Kalimantan,F,open_degraded,0,0,1,0,1,0,,4.0,Gmelina arborea,Gmelina,arborea,Lamiaceae,100.0,-3.5,115.0,0.42975,1,1,36.0,OA1995,train
2049,Indonesia,South Kalimantan,F,open_degraded,0,0,1,0,1,0,,4.0,Acacia mangium,Acacia,mangium,Fabaceae,95.0,-3.5,115.0,0.507,1,1,36.0,OA1995,train
2050,Indonesia,South Kalimantan,F,open_degraded,0,0,1,0,1,0,,4.0,Acacia mangium,Acacia,mangium,Fabaceae,100.0,-3.5,115.0,0.507,1,1,36.0,OA1995,train
2051,Indonesia,South Kalimantan,F,open_degraded,0,0,1,0,1,0,,4.0,Acacia mangium,Acacia,mangium,Fabaceae,97.0,-3.5,115.0,0.507,1,1,36.0,OA1995,train
2052,Indonesia,South Kalimantan,F,open_degraded,0,0,1,0,1,0,,4.0,Swietenia macrophylla,Swietenia,macrophylla,Meliaceae,92.0,-3.5,115.0,0.519545455,1,1,36.0,OA1995,train
2053,Indonesia,South Kalimantan,F,open_degraded,0,0,1,0,1,0,,4.0,Swietenia macrophylla,Swietenia,macrophylla,Meliaceae,97.0,-3.5,115.0,0.519545455,1,1,36.0,OA1995,train
2054,Indonesia,South Kalimantan,F,open_degraded,0,0,1,0,1,0,,4.0,Swietenia macrophylla,Swietenia,macrophylla,Meliaceae,100.0,-3.5,115.0,0.519545455,1,1,36.0,OA1995,train
2055,Indonesia,South Kalimantan,F,open_degraded,0,0,1,0,1,0,,4.0,Swietenia macrophylla,Swietenia,macrophylla,Meliaceae,86.0,-3.5,115.0,0.519545455,1,1,36.0,OA1995,train
2056,Indonesia,South Kalimantan,F,open_degraded,0,0,1,0,1,0,,4.0,Falcataria moluccana,Falcataria,moluccana,Fabaceae,95.0,-3.5,115.0,0.702416609,1,1,36.0,OA1995,train
2057,Indonesia,South Kalimantan,F,open_degraded,0,0,1,0,1,0,,4.0,Falcataria moluccana,Falcataria,moluccana,Fabaceae,97.0,-3.5,115.0,0.702416609,1,1,36.0,OA1995,train
2058,Indonesia,Unknown,F,open_degraded,1,0,1,0,0,0,,1.0,Eucalyptus alba,Eucalyptus,alba,Myrtaceae,55.0,-3.5,115.0,0.850166667,1,1,36.0,OA1995B,train
2059,Indonesia,Unknown,F,open_degraded,1,0,1,0,0,0,,1.0,Corymbia intermedia,Corymbia,intermedia,Myrtaceae,17.0,-3.5,115.0,0.844814394,1,1,36.0,OA1995B,train
2060,Indonesia,Unknown,F,open_degraded,1,0,1,0,0,0,,1.0,Eucalyptus pilularis,Eucalyptus,pilularis,Myrtaceae,10.0,-3.5,115.0,0.755,1,1,36.0,OA1995B,train
2061,Indonesia,Unknown,F,open_degraded,1,0,1,0,0,0,,1.0,Eucalyptus deglupta,Eucalyptus,deglupta,Myrtaceae,91.0,-3.5,115.0,0.4485,1,1,36.0,OA1995B,train
2062,Indonesia,Unknown,F,open_degraded,1,0,1,0,0,0,,1.0,Eucalyptus urophylla,Eucalyptus,urophylla,Myrtaceae,66.0,-3.5,115.0,0.48,1,1,36.0,OA1995B,train
2063,Indonesia,Unknown,F,open_degraded,1,0,1,0,0,0,,1.0,Eucalpytus camaldulensis,Eucalyptus,camaldulensis,Myrtaceae,95.0,-3.5,115.0,0.765578146,1,1,36.0,OA1995B,train
2064,Indonesia,Unknown,F,open_degraded,1,0,1,0,0,0,,1.0,Eucalyptus tereticornis,Eucalyptus,tereticornis,Myrtaceae,88.0,-3.5,115.0,0.827,1,1,36.0,OA1995B,train
2065,Indonesia,Unknown,F,open_degraded,1,0,1,0,0,0,,1.0,Eucalyptus pellita,Eucalyptus,pellita,Myrtaceae,79.0,-3.5,115.0,0.733666667,1,1,36.0,OA1995B,train
2066,Indonesia,Unknown,F,open_degraded,1,0,1,0,0,0,,1.0,Corymbia torelliana,Corymbia,torelliana,Myrtaceae,54.0,-3.5,115.0,0.761,1,1,36.0,OA1995B,train
2067,Indonesia,Unknown,F,open_degraded,1,0,1,0,0,0,,1.0,Eucalyptus grandis,Eucalyptus,grandis,Myrtaceae,26.0,-3.5,115.0,0.662,1,1,36.0,OA1995B,train
2068,Indonesia,Unknown,F,open_degraded,1,0,1,0,0,0,,1.0,Eucalyptus grandis,Eucalyptus,grandis,Myrtaceae,25.0,-3.5,115.0,0.662,1,1,36.0,OA1995B,train
2069,Indonesia,South Kalimantan,LG,plantation_enrichment,1,1,1,0,0,0,,12.0,Shorea leprosula,Shorea,leprosula,Dipterocarpaceae,77.5,-3.5,115.0,0.44,1,1,12.0,OR1996,train
2070,Indonesia,South Kalimantan,LG,plantation_enrichment,1,1,1,0,0,0,,12.0,Shorea leprosula,Shorea,leprosula,Dipterocarpaceae,67.70833333,-3.5,115.0,0.44,1,1,24.0,OR1996,train
2071,Indonesia,South Kalimantan,LG,plantation_enrichment,1,1,1,0,0,0,,12.0,Shorea leprosula,Shorea,leprosula,Dipterocarpaceae,57.70833333,-3.5,115.0,0.44,1,1,36.0,OR1996,train
2072,Indonesia,South Kalimantan,LG,plantation_enrichment,1,1,1,0,0,0,,12.0,Shorea leprosula,Shorea,leprosula,Dipterocarpaceae,57.5,-3.5,115.0,0.44,1,1,48.0,OR1996,train
2073,Indonesia,South Kalimantan,LG,plantation_enrichment,1,1,1,0,0,0,,12.0,Shorea leprosula,Shorea,leprosula,Dipterocarpaceae,52.70833333,-3.5,115.0,0.44,1,1,60.0,OR1996,train
2074,Indonesia,South Kalimantan,LG,plantation_enrichment,1,1,1,0,0,0,,12.0,Durio zibethinus,Durio,zibethinus,Malvaceae,74.93036212,-3.5,115.0,0.516,1,1,12.0,OR1996,train
2075,Indonesia,South Kalimantan,LG,plantation_enrichment,1,1,1,0,0,0,,12.0,Durio zibethinus,Durio,zibethinus,Malvaceae,57.3816156,-3.5,115.0,0.516,1,1,24.0,OR1996,train
2076,Indonesia,South Kalimantan,LG,plantation_enrichment,1,1,1,0,0,0,,12.0,Durio zibethinus,Durio,zibethinus,Malvaceae,32.31197772,-3.5,115.0,0.516,1,1,36.0,OR1996,train
2077,Indonesia,South Kalimantan,LG,plantation_enrichment,1,1,1,0,0,0,,12.0,Durio zibethinus,Durio,zibethinus,Malvaceae,32.86908078,-3.5,115.0,0.516,1,1,48.0,OR1996,train
2078,Indonesia,South Kalimantan,LG,plantation_enrichment,1,1,1,0,0,0,,12.0,Durio zibethinus,Durio,zibethinus,Malvaceae,30.08356546,-3.5,115.0,0.516,1,1,60.0,OR1996,train
2079,Indonesia,South Kalimantan,LG,plantation_enrichment,1,1,1,0,0,0,,12.0,Pericopsis mooniana,Pericopsis,mooniana,Fabaceae,87.74373259,-3.5,115.0,0.6985,1,1,12.0,OR1996,train
2080,Indonesia,South Kalimantan,LG,plantation_enrichment,1,1,1,0,0,0,,12.0,Pericopsis mooniana,Pericopsis,mooniana,Fabaceae,87.46518106,-3.5,115.0,0.6985,1,1,24.0,OR1996,train
2081,Indonesia,South Kalimantan,LG,plantation_enrichment,1,1,1,0,0,0,,12.0,Pericopsis mooniana,Pericopsis,mooniana,Fabaceae,86.90807799,-3.5,115.0,0.6985,1,1,36.0,OR1996,train
2082,Indonesia,South Kalimantan,LG,plantation_enrichment,1,1,1,0,0,0,,12.0,Pericopsis mooniana,Pericopsis,mooniana,Fabaceae,85.51532033,-3.5,115.0,0.6985,1,1,48.0,OR1996,train
2083,Indonesia,South Kalimantan,LG,plantation_enrichment,1,1,1,0,0,0,,12.0,Pericopsis mooniana,Pericopsis,mooniana,Fabaceae,83.00835655,-3.5,115.0,0.6985,1,1,60.0,OR1996,train
2084,Indonesia,South Kalimantan,LG,plantation_enrichment,1,1,1,0,0,0,,12.0,Podocarpus polystachyus,Podocarpus,polystachyus,Podocarpaceae,96.37883008,-3.5,115.0,0.485,1,1,12.0,OR1996,train
2085,Indonesia,South Kalimantan,LG,plantation_enrichment,1,1,1,0,0,0,,12.0,Podocarpus polystachyus,Podocarpus,polystachyus,Podocarpaceae,94.70752089,-3.5,115.0,0.485,1,1,24.0,OR1996,train
2086,Indonesia,South Kalimantan,LG,plantation_enrichment,1,1,1,0,0,0,,12.0,Podocarpus polystachyus,Podocarpus,polystachyus,Podocarpaceae,95.54317549,-3.5,115.0,0.485,1,1,36.0,OR1996,train
2087,Indonesia,South Kalimantan,LG,plantation_enrichment,1,1,1,0,0,0,,12.0,Podocarpus polystachyus,Podocarpus,polystachyus,Podocarpaceae,95.54317549,-3.5,115.0,0.485,1,1,48.0,OR1996,train
2088,Indonesia,South Kalimantan,LG,plantation_enrichment,1,1,1,0,0,0,,12.0,Podocarpus polystachyus,Podocarpus,polystachyus,Podocarpaceae,95.26462396,-3.5,115.0,0.485,1,1,60.0,OR1996,train
2089,Indonesia,South Kalimantan,LG,plantation_enrichment,1,1,1,0,0,0,,12.0,Shorea hopeifolia,Shorea,hopeifolia,Dipterocarpaceae,95.83333333,-3.5,115.0,0.485,1,1,12.0,OR1996,train
2090,Indonesia,South Kalimantan,LG,plantation_enrichment,1,1,1,0,0,0,,12.0,Shorea hopeifolia,Shorea,hopeifolia,Dipterocarpaceae,72.70833333,-3.5,115.0,0.485,1,1,24.0,OR1996,train
2091,Indonesia,South Kalimantan,LG,plantation_enrichment,1,1,1,0,0,0,,12.0,Shorea hopeifolia,Shorea,hopeifolia,Dipterocarpaceae,55.20833333,-3.5,115.0,0.485,1,1,36.0,OR1996,train
2092,Indonesia,South Kalimantan,LG,plantation_enrichment,1,1,1,0,0,0,,12.0,Shorea hopeifolia,Shorea,hopeifolia,Dipterocarpaceae,52.70833333,-3.5,115.0,0.485,1,1,48.0,OR1996,train
2093,Indonesia,South Kalimantan,LG,plantation_enrichment,1,1,1,0,0,0,,12.0,Shorea hopeifolia,Shorea,hopeifolia,Dipterocarpaceae,27.70833333,-3.5,115.0,0.485,1,1,60.0,OR1996,train
2094,Indonesia,South Kalimantan,LG,plantation_enrichment,1,1,1,0,0,0,,12.0,Shorea johorensis,Shorea,johorensis,Dipterocarpaceae,82.5,-3.5,115.0,0.393333333,1,1,12.0,OR1996,train
2095,Indonesia,South Kalimantan,LG,plantation_enrichment,1,1,1,0,0,0,,12.0,Shorea johorensis,Shorea,johorensis,Dipterocarpaceae,72.5,-3.5,115.0,0.393333333,1,1,24.0,OR1996,train
2096,Indonesia,South Kalimantan,LG,plantation_enrichment,1,1,1,0,0,0,,12.0,Shorea johorensis,Shorea,johorensis,Dipterocarpaceae,25.41666667,-3.5,115.0,0.393333333,1,1,36.0,OR1996,train
2097,Indonesia,South Kalimantan,LG,plantation_enrichment,1,1,1,0,0,0,,12.0,Shorea johorensis,Shorea,johorensis,Dipterocarpaceae,25.20833333,-3.5,115.0,0.393333333,1,1,48.0,OR1996,train
2098,Indonesia,South Kalimantan,LG,plantation_enrichment,1,1,1,0,0,0,,12.0,Shorea johorensis,Shorea,johorensis,Dipterocarpaceae,5.208333333,-3.5,115.0,0.393333333,1,1,60.0,OR1996,train
2099,Indonesia,South Kalimantan,LG,plantation_enrichment,1,1,1,0,0,0,,12.0,Shorea macroptera,Shorea,macroptera,Dipterocarpaceae,59.79166667,-3.5,115.0,0.425,1,1,12.0,OR1996,train
2100,Indonesia,South Kalimantan,LG,plantation_enrichment,1,1,1,0,0,0,,12.0,Shorea macroptera,Shorea,macroptera,Dipterocarpaceae,52.91666667,-3.5,115.0,0.425,1,1,24.0,OR1996,train
2101,Indonesia,South Kalimantan,LG,plantation_enrichment,1,1,1,0,0,0,,12.0,Shorea macroptera,Shorea,macroptera,Dipterocarpaceae,17.5,-3.5,115.0,0.425,1,1,36.0,OR1996,train
2102,Indonesia,South Kalimantan,LG,plantation_enrichment,1,1,1,0,0,0,,12.0,Shorea macroptera,Shorea,macroptera,Dipterocarpaceae,15.41666667,-3.5,115.0,0.425,1,1,48.0,OR1996,train
2103,Indonesia,South Kalimantan,LG,plantation_enrichment,1,1,1,0,0,0,,12.0,Shorea macroptera,Shorea,macroptera,Dipterocarpaceae,10.20833333,-3.5,115.0,0.425,1,1,60.0,OR1996,train
2104,Indonesia,South Kalimantan,LG,plantation_enrichment,1,1,1,0,0,0,,12.0,Shorea parvifolia,Shorea,parvifolia,Dipterocarpaceae,77.29166667,-3.5,115.0,0.405,1,1,12.0,OR1996,train
2105,Indonesia,South Kalimantan,LG,plantation_enrichment,1,1,1,0,0,0,,12.0,Shorea parvifolia,Shorea,parvifolia,Dipterocarpaceae,65.20833333,-3.5,115.0,0.405,1,1,24.0,OR1996,train
2106,Indonesia,South Kalimantan,LG,plantation_enrichment,1,1,1,0,0,0,,12.0,Shorea parvifolia,Shorea,parvifolia,Dipterocarpaceae,22.70833333,-3.5,115.0,0.405,1,1,36.0,OR1996,train
2107,Indonesia,South Kalimantan,LG,plantation_enrichment,1,1,1,0,0,0,,12.0,Shorea parvifolia,Shorea,parvifolia,Dipterocarpaceae,18.125,-3.5,115.0,0.405,1,1,48.0,OR1996,train
2108,Indonesia,South Kalimantan,LG,plantation_enrichment,1,1,1,0,0,0,,12.0,Shorea parvifolia,Shorea,parvifolia,Dipterocarpaceae,15.0,-3.5,115.0,0.405,1,1,60.0,OR1996,train
2109,Indonesia,South Kalimantan,LG,plantation_enrichment,1,1,1,0,0,0,,12.0,Vatica sp,Vatica,sp.,Dipterocarpaceae,87.70833333,-3.5,115.0,0.706897436,1,1,12.0,OR1996,train
2110,Indonesia,South Kalimantan,LG,plantation_enrichment,1,1,1,0,0,0,,12.0,Vatica sp,Vatica,sp.,Dipterocarpaceae,87.5,-3.5,115.0,0.706897436,1,1,24.0,OR1996,train
2111,Indonesia,South Kalimantan,LG,plantation_enrichment,1,1,1,0,0,0,,12.0,Vatica sp,Vatica,sp.,Dipterocarpaceae,87.5,-3.5,115.0,0.706897436,1,1,36.0,OR1996,train
2112,Indonesia,South Kalimantan,LG,plantation_enrichment,1,1,1,0,0,0,,12.0,Vatica sp,Vatica,sp.,Dipterocarpaceae,84.79166667,-3.5,115.0,0.706897436,1,1,48.0,OR1996,train
2113,Indonesia,South Kalimantan,LG,plantation_enrichment,1,1,1,0,0,0,,12.0,Vatica sp,Vatica,sp.,Dipterocarpaceae,82.5,-3.5,115.0,0.706897436,1,1,60.0,OR1996,train
2114,Indonesia,South Kalimantan,LG,plantation_enrichment,1,1,1,0,0,0,,12.0,Hopea sangal,Hopea,sangal,Dipterocarpaceae,65.20833333,-3.5,115.0,0.714693989,1,1,12.0,OR1996,train
2115,Indonesia,South Kalimantan,LG,plantation_enrichment,1,1,1,0,0,0,,12.0,Hopea sangal,Hopea,sangal,Dipterocarpaceae,62.5,-3.5,115.0,0.714693989,1,1,24.0,OR1996,train
2116,Indonesia,South Kalimantan,LG,plantation_enrichment,1,1,1,0,0,0,,12.0,Hopea sangal,Hopea,sangal,Dipterocarpaceae,56.04166667,-3.5,115.0,0.714693989,1,1,36.0,OR1996,train
2117,Indonesia,South Kalimantan,LG,plantation_enrichment,1,1,1,0,0,0,,12.0,Hopea sangal,Hopea,sangal,Dipterocarpaceae,53.95833333,-3.5,115.0,0.714693989,1,1,48.0,OR1996,train
2118,Indonesia,South Kalimantan,LG,plantation_enrichment,1,1,1,0,0,0,,12.0,Hopea sangal,Hopea,sangal,Dipterocarpaceae,48.125,-3.5,115.0,0.714693989,1,1,60.0,OR1996,train
2119,Indonesia,South Kalimantan,LG,plantation_enrichment,1,1,1,0,0,0,,12.0,Agathis borneensis,Agathis,borneensis,Araucariaceae,100.0,-3.5,115.0,0.383333333,1,1,12.0,OR1996,train
2120,Indonesia,South Kalimantan,LG,plantation_enrichment,1,1,1,0,0,0,,12.0,Agathis borneensis,Agathis,borneensis,Araucariaceae,100.0,-3.5,115.0,0.383333333,1,1,24.0,OR1996,train
2121,Indonesia,South Kalimantan,LG,plantation_enrichment,1,1,1,0,0,0,,12.0,Agathis borneensis,Agathis,borneensis,Araucariaceae,93.0362117,-3.5,115.0,0.383333333,1,1,36.0,OR1996,train
2122,Indonesia,South Kalimantan,LG,plantation_enrichment,1,1,1,0,0,0,,12.0,Agathis borneensis,Agathis,borneensis,Araucariaceae,93.31476323,-3.5,115.0,0.383333333,1,1,48.0,OR1996,train
2123,Indonesia,South Kalimantan,LG,plantation_enrichment,1,1,1,0,0,0,,12.0,Agathis borneensis,Agathis,borneensis,Araucariaceae,88.02228412,-3.5,115.0,0.383333333,1,1,60.0,OR1996,train
2124,Indonesia,South Kalimantan,LG,plantation_enrichment,1,1,1,0,0,0,,12.0,Agathis dammara,Agathis,dammara,Araucariaceae,94.98607242,-3.5,115.0,0.4515,1,1,12.0,OR1996,train
2125,Indonesia,South Kalimantan,LG,plantation_enrichment,1,1,1,0,0,0,,12.0,Agathis dammara,Agathis,dammara,Araucariaceae,93.0362117,-3.5,115.0,0.4515,1,1,24.0,OR1996,train
2126,Indonesia,South Kalimantan,LG,plantation_enrichment,1,1,1,0,0,0,,12.0,Agathis dammara,Agathis,dammara,Araucariaceae,90.80779944,-3.5,115.0,0.4515,1,1,36.0,OR1996,train
2127,Indonesia,South Kalimantan,LG,plantation_enrichment,1,1,1,0,0,0,,12.0,Agathis dammara,Agathis,dammara,Araucariaceae,84.67966574,-3.5,115.0,0.4515,1,1,48.0,OR1996,train
2128,Indonesia,South Kalimantan,LG,plantation_enrichment,1,1,1,0,0,0,,12.0,Agathis dammara,Agathis,dammara,Araucariaceae,76.88022284,-3.5,115.0,0.4515,1,1,60.0,OR1996,train
2129,Indonesia,South Kalimantan,F,plantation_enrichment,0,1,1,0,0,0,,8.0,Anisoptera marginata,Anisoptera,marginata,Dipterocarpaceae,82.0,-3.5,115.0,0.526666667,1,1,78.0,OR1998A,train
2130,Indonesia,South Kalimantan,F,plantation_enrichment,0,1,1,0,0,0,,8.0,Shorea parvifolia,Shorea,parvifolia,Dipterocarpaceae,15.0,-3.5,115.0,0.405,1,1,60.0,OR1998A,train
2131,Indonesia,South Kalimantan,F,plantation_enrichment,0,1,1,0,0,0,,8.0,Vatica sp,Vatica,sp.,Dipterocarpaceae,83.0,-3.5,115.0,0.706897436,1,1,60.0,OR1998A,train
2132,Indonesia,South Kalimantan,F,plantation_enrichment,0,0,1,0,0,0,,8.0,Anisoptera marginata,Anisoptera,marginata,Dipterocarpaceae,80.0,-3.5,115.0,0.526666667,1,1,24.0,OR1998A,train
2133,Indonesia,South Kalimantan,F,plantation_enrichment,0,0,1,0,0,0,,8.0,Shorea leprosula,Shorea,leprosula,Dipterocarpaceae,60.0,-3.5,115.0,0.44,1,1,24.0,OR1998A,train
2134,Indonesia,South Kalimantan,F,plantation_enrichment,0,0,1,0,0,0,,8.0,Dipterocarpus gracilis,Dipterocarpus,gracilis,Dipterocarpaceae,20.0,-3.5,115.0,0.603333333,1,1,24.0,OR1998A,train
2135,Indonesia,South Kalimantan,F,plantation_enrichment,0,0,1,0,0,0,,8.0,Shorea selanica,Shorea,selanica,Dipterocarpaceae,13.0,-3.5,115.0,0.37,1,1,24.0,OR1998A,train
2136,Indonesia,South Kalimantan,F,plantation_enrichment,0,0,1,0,0,0,,8.0,Artocarpus sp,Atocarpus,sp,Moraceae,80.0,-3.5,115.0,0.461,1,1,24.0,OR1998A,train
2137,Indonesia,South Kalimantan,F,plantation_enrichment,0,0,1,0,0,0,,8.0,Calophyllum inophyllum,Calophyllum,inophyllum,Calophyllaceae,95.0,-3.5,115.0,0.5846,1,1,24.0,OR1998A,train
2138,Indonesia,South Kalimantan,F,plantation_enrichment,0,1,1,0,0,0,,8.0,Anisoptera marginata,Anisoptera,marginata,Dipterocarpaceae,90.0,-3.5,115.0,0.526666667,1,1,78.0,OR1998A,train
2139,Indonesia,South Kalimantan,F,plantation_enrichment,0,0,1,0,0,0,,8.0,Dillenia sp,Dillenia,sp,Dilleniaceae,40.0,-3.5,115.0,0.616229167,1,1,24.0,OR1998A,train
2140,Indonesia,South Kalimantan,F,plantation_enrichment,0,0,1,0,0,0,,8.0,Octomeles sumatrana,Octomeles,sumatrana,Tetramelaceae,83.0,-3.5,115.0,0.301,1,1,24.0,OR1998A,train
2141,Indonesia,South Kalimantan,F,plantation_enrichment,0,0,1,0,0,0,,8.0,Peronema canescens,Peronema,canescens,Lamiaceae,100.0,-3.5,115.0,0.57,1,1,24.0,OR1998A,train
2142,Indonesia,South Kalimantan,F,plantation_enrichment,0,0,1,0,0,0,,8.0,Pterocarpus dalbergioides,Pterocarpus,dalbergioides,Fabaceae,98.0,-3.5,115.0,0.62,1,1,24.0,OR1998A,train
2143,Indonesia,South Kalimantan,F,plantation_enrichment,0,1,1,0,0,0,,8.0,Anisoptera marginata,Anisoptera,marginata,Dipterocarpaceae,83.0,-3.5,115.0,0.526666667,1,1,90.0,OR1998A,train
2144,Indonesia,South Kalimantan,F,plantation_enrichment,0,1,1,0,0,0,,8.0,Hopea sangal,Hopea,sangal,Dipterocarpaceae,49.0,-3.5,115.0,0.714693989,1,1,60.0,OR1998A,train
2145,Indonesia,South Kalimantan,F,plantation_enrichment,0,1,1,0,0,0,,8.0,Shorea hopeifolia,Shorea,hopeifolia,Dipterocarpaceae,28.0,-3.5,115.0,0.485,1,1,60.0,OR1998A,train
2146,Indonesia,South Kalimantan,F,plantation_enrichment,0,1,1,0,0,0,,8.0,Shorea johorensis,Shorea,johorensis,Dipterocarpaceae,5.0,-3.5,115.0,0.393333333,1,1,60.0,OR1998A,train
2147,Indonesia,South Kalimantan,F,plantation_enrichment,0,1,1,0,0,0,,8.0,Shorea leprosula,Shorea,leprosula,Dipterocarpaceae,72.0,-3.5,115.0,0.44,1,1,66.0,OR1998A,train
2148,Indonesia,South Kalimantan,F,plantation_enrichment,0,1,1,0,0,0,,8.0,Shorea leprosula,Shorea,leprosula,Dipterocarpaceae,52.0,-3.5,115.0,0.44,1,1,60.0,OR1998A,train
2149,Indonesia,South Kalimantan,F,plantation_enrichment,0,1,1,0,0,0,,8.0,Shorea macroptera,Shorea,macroptera,Dipterocarpaceae,10.0,-3.5,115.0,0.425,1,1,60.0,OR1998A,train
2150,Indonesia,South Kalimantan,LG,plantation_enrichment,1,1,0,0,0,0,,1.0,Anisoptera marginata,Anisoptera,marginata,Dipterocarpaceae,97.5,-3.5,115.0,0.526666667,1,1,19.0,OR1998B,train
2151,Indonesia,South Kalimantan,LG,plantation_enrichment,1,1,0,0,0,0,,1.0,Anisoptera marginata,Anisoptera,marginata,Dipterocarpaceae,85.0,-3.5,115.0,0.526666667,1,1,19.0,OR1998B,train
2152,Indonesia,South Kalimantan,LG,plantation_enrichment,1,1,0,0,0,0,,1.0,Anisoptera marginata,Anisoptera,marginata,Dipterocarpaceae,87.5,-3.5,115.0,0.526666667,1,1,19.0,OR1998B,train
2153,Indonesia,South Kalimantan,LG,plantation_enrichment,1,1,0,0,0,0,,1.0,Anisoptera marginata,Anisoptera,marginata,Dipterocarpaceae,88.1,-3.5,115.0,0.526666667,1,1,19.0,OR1998B,train
2154,Indonesia,South Kalimantan,PL,plantation_enrichment,1,0,0,0,1,0,,3.0,Anisoptera marginata,Anisoptera,marginata,Dipterocarpaceae,96.5,-3.5,115.0,0.526666667,1,1,19.0,OR2000,train
2155,Indonesia,South Kalimantan,PL,plantation_enrichment,1,0,0,0,1,0,,3.0,Shorea parvifolia,Shorea,parvifolia,Dipterocarpaceae,94.0,-3.5,115.0,0.405,1,1,19.0,OR2000,train
2156,Indonesia,South Kalimantan,PL,plantation_enrichment,1,0,0,0,1,0,,3.0,Peronema canescens,Peronema,canescens,Lamiaceae,71.3,-3.5,115.0,0.57,1,1,19.0,OR2000,train
2157,Indonesia,East Kalimantan,F,forest_enrichment,0,0,0,0,0,0,,7.0,Shorea parvifolia,Shorea,parvifolia,Dipterocarpaceae,26.0,-0.983333333,116.95,0.405,0,1,36.0,PA2001A,train
2158,Indonesia,East Kalimantan,F,forest_enrichment,0,0,0,0,0,0,,7.0,Shorea smithiana,Shorea,smithiana,Dipterocarpaceae,71.0,-0.983333333,116.95,0.355,0,1,36.0,PA2001A,train
2159,Indonesia,East Kalimantan,F,forest_enrichment,0,0,0,0,0,0,,7.0,Shorea pauciflora,Shorea,pauciflora,Dipterocarpaceae,81.0,-0.983333333,116.95,0.5325,0,1,36.0,PA2001A,train
2160,Indonesia,East Kalimantan,F,forest_enrichment,0,0,0,0,0,0,,7.0,Shorea ovalis,Shorea,ovalis,Dipterocarpaceae,79.0,-0.983333333,116.95,0.43,0,1,36.0,PA2001A,train
2161,Indonesia,East Kalimantan,F,forest_enrichment,0,0,0,0,0,0,,7.0,Shorea seminis,Shorea,seminis,Dipterocarpaceae,94.0,-0.983333333,116.95,0.72,0,1,36.0,PA2001A,train
2162,Indonesia,East Kalimantan,F,forest_enrichment,0,0,0,0,0,0,,7.0,Dryobalanops lanceolata,Dryobalanops,lanceolata,Dipterocarpaceae,67.0,-0.983333333,116.95,0.62,0,1,36.0,PA2001A,train
2163,Indonesia,East Kalimantan,F,forest_enrichment,0,0,0,0,0,0,,7.0,Shorea leprosula,Shorea,leprosula,Dipterocarpaceae,71.0,-0.983333333,116.95,0.44,0,1,36.0,PA2001A,train
2164,Indonesia,East Kalimantan,F,forest_enrichment,0,0,0,0,0,0,,7.0,Shorea smithiana,Shorea,smithiana,Dipterocarpaceae,58.0,-0.983333333,116.95,0.355,0,1,36.0,PA2001A,train
2165,Indonesia,East Kalimantan,F,forest_enrichment,0,0,0,0,0,0,,7.0,Shorea pauciflora,Shorea,pauciflora,Dipterocarpaceae,60.0,-0.983333333,116.95,0.5325,0,1,36.0,PA2001A,train
2166,Indonesia,East Kalimantan,F,forest_enrichment,0,0,0,0,0,0,,7.0,Shorea ovalis,Shorea,ovalis,Dipterocarpaceae,51.0,-0.983333333,116.95,0.43,0,1,36.0,PA2001A,train
2167,Indonesia,East Kalimantan,F,forest_enrichment,0,0,0,0,0,0,,7.0,Shorea seminis,Shorea,seminis,Dipterocarpaceae,48.0,-0.983333333,116.95,0.72,0,1,36.0,PA2001A,train
2168,Indonesia,East Kalimantan,F,forest_enrichment,0,0,0,0,0,0,,7.0,Dryobalanops lanceolata,Dryobalanops,lanceolata,Dipterocarpaceae,73.0,-0.983333333,116.95,0.62,0,1,36.0,PA2001A,train
2169,Indonesia,East Kalimantan,F,forest_enrichment,0,0,0,0,0,0,,7.0,Shorea parvifolia,Shorea,parvifolia,Dipterocarpaceae,58.0,-0.983333333,116.95,0.405,0,1,36.0,PA2001A,train
2170,Indonesia,East Kalimantan,F,forest_enrichment,0,0,0,0,0,0,,7.0,Shorea leprosula,Shorea,leprosula,Dipterocarpaceae,77.0,-0.983333333,116.95,0.44,0,1,36.0,PA2001A,train
2190,Indonesia,Central Kalimantan,F,open_degraded,0,0,0,0,0,0,312.5,2.0,Tetramerista glabra,Tetramerista,glabra,Tetrameristaceae,87.0,-2.36,114.1561111,0.6,0,0,12.0,PANJ2003PBJTL,train
2191,Indonesia,Central Kalimantan,F,open_degraded,0,0,0,1,0,0,312.5,2.0,Tetramerista glabra,Tetramerista,glabra,Tetrameristaceae,96.0,-2.36,114.1561111,0.6,1,0,12.0,PANJ2003PBJTL,train
2192,Indonesia,Central Kalimantan,F,open_degraded,0,0,0,1,1,0,312.5,2.0,Tetramerista glabra,Tetramerista,glabra,Tetrameristaceae,44.0,-2.36,114.1561111,0.6,1,0,12.0,PANJ2003PBJTL,train
2193,Indonesia,Central Kalimantan,F,open_degraded,0,0,0,0,0,0,312.5,2.0,Alstonia pneumatophora,Alstonia,pneumatophora,Apocynaceae,96.0,-2.36,114.1561111,0.295,0,0,12.0,PANJ2003PBJTL,train
2194,Indonesia,Central Kalimantan,F,open_degraded,0,0,0,1,0,0,312.5,2.0,Alstonia pneumatophora,Alstonia,pneumatophora,Apocynaceae,64.0,-2.36,114.1561111,0.295,1,0,12.0,PANJ2003PBJTL,train
2195,Indonesia,Central Kalimantan,F,open_degraded,0,0,0,1,1,0,312.5,2.0,Alstonia pneumatophora,Alstonia,pneumatophora,Apocynaceae,89.0,-2.36,114.1561111,0.295,1,0,12.0,PANJ2003PBJTL,train
2196,Laos,Borikhamxay,LG,forest_enrichment,1,0,0,0,0,0,,5.0,Hopea odorata,Hopea,odorata,Dipterocarpaceae,59.09,18.57638889,103.6858333,0.635,1,1,72.0,PC2012,train
2197,Laos,Borikhamxay,LG,forest_enrichment,1,0,0,0,0,0,,5.0,Anisoptera costata,Anisoptera,costata,Dipterocarpaceae,18.18,18.57638889,103.6858333,0.553333333,1,1,72.0,PC2012,train
2198,Laos,Borikhamxay,LG,forest_enrichment,1,0,0,0,0,0,,5.0,Hopea odorata,Hopea,odorata,Dipterocarpaceae,73.71,18.57638889,103.6858333,0.635,1,1,72.0,PC2012,train
2199,Laos,Borikhamxay,LG,forest_enrichment,1,0,0,0,0,0,,5.0,Dalbergia cochinchinensis,Dalbergia,cochinchinensis,Fabaceae,61.14,18.57638889,103.6858333,0.88,1,1,72.0,PC2012,train
2200,Laos,Borikhamxay,LG,forest_enrichment,1,0,0,0,0,0,,5.0,Dipterocarpus scaber,Dipterocarpus,scaber,Dipterocarpaceae,30.86,18.57638889,103.6858333,0.654277244,1,1,72.0,PC2012,train
2201,Laos,Borikhamxay,LG,forest_enrichment,1,0,0,0,0,0,,5.0,Afzelia xylocarpa,Afzelia,xylocarpa,Fabaceae,33.71,18.57638889,103.6858333,0.669883983,1,1,72.0,PC2012,train
2202,Laos,Borikhamxay,LG,forest_enrichment,1,0,0,0,0,0,,5.0,Anisoptera costata,Anisoptera,costata,Dipterocarpaceae,28.0,18.57638889,103.6858333,0.553333333,1,1,72.0,PC2012,train
2203,Laos,Borikhamxay,LG,forest_enrichment,1,0,0,0,0,0,,5.0,Dalbergia cochinchinensis,Dalbergia,cochinchinensis,Fabaceae,62.11,18.57638889,103.6858333,0.88,1,1,72.0,PC2012,train
2204,Laos,Borikhamxay,LG,forest_enrichment,1,0,0,0,0,0,,5.0,Dipterocarpus scaber,Dipterocarpus,scaber,Dipterocarpaceae,25.0,18.57638889,103.6858333,0.654277244,1,1,72.0,PC2012,train
2205,Laos,Borikhamxay,LG,forest_enrichment,1,0,0,0,0,0,,5.0,Afzelia xylocarpa,Afzelia,xylocarpa,Fabaceae,18.18,18.57638889,103.6858333,0.669883983,1,1,72.0,PC2012,train
2206,Laos,Borikhamxay,LG,forest_enrichment,1,0,0,0,0,0,,5.0,Anisoptera costata,Anisoptera,costata,Dipterocarpaceae,29.09,18.57638889,103.6858333,0.553333333,1,1,72.0,PC2012,train
2207,Laos,Borikhamxay,LG,forest_enrichment,1,0,0,0,0,0,,5.0,Hopea odorata,Hopea,odorata,Dipterocarpaceae,81.82,18.57638889,103.6858333,0.635,1,1,72.0,PC2012,train
2208,Laos,Borikhamxay,LG,forest_enrichment,1,0,0,0,0,0,,5.0,Dalbergia cochinchinensis,Dalbergia,cochinchinensis,Fabaceae,60.6,18.57638889,103.6858333,0.88,1,1,72.0,PC2012,train
2209,Laos,Borikhamxay,LG,forest_enrichment,1,0,0,0,0,0,,5.0,Dipterocarpus scaber,Dipterocarpus,scaber,Dipterocarpaceae,33.33,18.57638889,103.6858333,0.654277244,1,1,72.0,PC2012,train
2210,Laos,Borikhamxay,LG,forest_enrichment,1,0,0,0,0,0,,5.0,Afzelia xylocarpa,Afzelia,xylocarpa,Fabaceae,30.3,18.57638889,103.6858333,0.669883983,1,1,72.0,PC2012,train
2211,Thailand,Chiang Mai,F,open_degraded,1,0,0,0,1,0,,1.0,Choerospondias axillaris,Choerospondias,axillaris,Anacardiaceae,71.2,18.86666667,98.85,0.487,1,1,6.0,PG2003,train
2212,Malaysia,Sabah,LG,forest_enrichment,1,0,0,0,0,0,,1.0,Shorea parvifolia,Shorea,parvifolia,Dipterocarpaceae,92.0,5.0,117.5,0.405,1,1,6.0,PMA1998,train
2213,Malaysia,Sabah,LG,forest_enrichment,1,0,0,0,0,0,,1.0,Shorea parvifolia,Shorea,parvifolia,Dipterocarpaceae,96.0,5.0,117.5,0.405,1,1,6.0,PMA1998,train
2214,Malaysia,Sarawak,F,forest_enrichment,1,0,0,0,0,0,,1.0,Shorea macrophylla,Shorea,macrophylla,Dipterocarpaceae,84.0,1.570277778,109.8866667,0.32,1,1,240.0,PMJ2017/8,train
2215,Malaysia,Sarawak,F,forest_enrichment,1,0,0,0,0,0,,1.0,Shorea macrophylla,Shorea,macrophylla,Dipterocarpaceae,77.0,1.570277778,109.8866667,0.32,1,1,228.0,PMJ2017/8,train
2216,Malaysia,Sarawak,F,forest_enrichment,1,0,0,0,0,0,,1.0,Shorea macrophylla,Shorea,macrophylla,Dipterocarpaceae,70.0,1.570277778,109.8866667,0.32,1,1,216.0,PMJ2017/8,train
2217,Malaysia,Sarawak,F,forest_enrichment,1,0,0,0,0,0,,1.0,Shorea macrophylla,Shorea,macrophylla,Dipterocarpaceae,55.0,1.570277778,109.8866667,0.32,1,1,204.0,PMJ2017/8,train
2218,Malaysia,Unknown,LG,forest_enrichment,1,0,0,0,0,0,,14.0,Shorea leprosula,Shorea,leprosula,Dipterocarpaceae,47.0,4.15,101.3333333,0.44,1,1,66.0,PN2013,train
2219,Malaysia,Unknown,LG,forest_enrichment,1,0,0,0,0,0,,14.0,Gonystylus affinis,Gonystylus,affinis,Thymelaeaceae,54.0,4.15,101.3333333,0.616666667,1,1,66.0,PN2013,train
2220,Malaysia,Unknown,LG,forest_enrichment,1,0,0,0,0,0,,14.0,Neobalanocarpus heimii,Neobalanocarpus,heimii,Dipterocarpaceae,44.0,4.15,101.3333333,0.76,1,1,66.0,PN2013,train
2221,Malaysia,Unknown,LG,forest_enrichment,1,0,0,0,0,0,,14.0,Shorea ovata,Shorea,ovata,Dipterocarpaceae,8.0,4.15,101.3333333,0.64,1,1,66.0,PN2013,train
2222,Malaysia,Unknown,LG,forest_enrichment,1,0,0,0,0,0,,14.0,Sindora sp,Sindora,sp,Fabaceae,35.0,4.15,101.3333333,0.577888889,1,1,66.0,PN2013,train
2223,Malaysia,Unknown,PL,plantation_enrichment,1,0,0,0,0,0,,18.0,Shorea leprosula,Shorea,leprosula,Dipterocarpaceae,56.0,4.15,101.3333333,0.44,1,1,95.0,PN2013,train
2224,Malaysia,Unknown,PL,plantation_enrichment,1,0,0,0,0,0,,18.0,Shorea leprosula,Shorea,leprosula,Dipterocarpaceae,52.0,4.15,101.3333333,0.44,1,1,67.0,PN2013,train
2225,Malaysia,Unknown,PL,plantation_enrichment,1,0,0,0,0,0,,18.0,Shorea glauca,Shorea,glauca,Dipterocarpaceae,21.0,4.15,101.3333333,0.845,1,1,82.0,PN2013,train
2226,Malaysia,Unknown,PL,plantation_enrichment,1,0,0,0,0,0,,18.0,Shorea ovalis,Shorea,ovalis,Dipterocarpaceae,43.0,4.15,101.3333333,0.43,1,1,67.0,PN2013,train
2227,Malaysia,Unknown,PL,plantation_enrichment,1,0,0,0,0,0,,18.0,Shorea parvifolia,Shorea,parvifolia,Dipterocarpaceae,39.0,4.15,101.3333333,0.405,1,1,95.0,PN2013,train
2228,Malaysia,Unknown,LG,forest_enrichment,1,0,0,0,0,0,,14.0,Shorea glauca,Shorea,glauca,Dipterocarpaceae,51.0,4.15,101.3333333,0.845,1,1,66.0,PN2013,train
2229,Malaysia,Unknown,PL,plantation_enrichment,1,0,0,0,0,0,,18.0,Hopea odorata,Hopea,odorata,Dipterocarpaceae,77.0,4.15,101.3333333,0.635,1,1,82.0,PN2013,train
2230,Malaysia,Unknown,PL,plantation_enrichment,1,0,0,0,0,0,,18.0,Parashorea densiflora,Parashorea,densiflora,Dipterocarpaceae,42.0,4.15,101.3333333,0.67,1,1,82.0,PN2013,train
2231,Malaysia,Unknown,PL,plantation_enrichment,1,0,0,0,0,0,,18.0,Dryobalanops sumatrensis,Dryobalanops,sumatrensis,Dipterocarpaceae,29.0,4.15,101.3333333,0.65,1,1,82.0,PN2013,train
2232,Malaysia,Unknown,PL,plantation_enrichment,1,0,0,0,0,0,,18.0,Shorea acuminata,Shorea,acuminata,Dipterocarpaceae,53.0,4.15,101.3333333,0.42,1,1,82.0,PN2013,train
2233,Malaysia,Unknown,PL,plantation_enrichment,1,0,0,0,0,0,,18.0,Shorea pauciflora,Shorea,pauciflora,Dipterocarpaceae,21.0,4.15,101.3333333,0.5325,1,1,67.0,PN2013,train
2234,Malaysia,Unknown,PL,plantation_enrichment,1,0,0,0,0,0,,18.0,Shorea macroptera,Shorea,macroptera,Dipterocarpaceae,44.0,4.15,101.3333333,0.425,1,1,82.0,PN2013,train
2235,Malaysia,Unknown,PL,plantation_enrichment,1,0,0,0,0,0,,18.0,Shorea macroptera,Shorea,macroptera,Dipterocarpaceae,65.0,4.15,101.3333333,0.425,1,1,67.0,PN2013,train
2236,Malaysia,Unknown,PL,plantation_enrichment,1,0,0,0,0,0,,18.0,Dipterocarpus cornutus,Dipterocarpus,cornutus,Dipterocarpaceae,37.0,4.15,101.3333333,0.676666667,1,1,67.0,PN2013,train
2237,Malaysia,Unknown,PL,plantation_enrichment,1,0,0,0,0,0,,18.0,Intsia palembanica,Intsia,palembanica,Fabaceae,45.0,4.15,101.3333333,0.658666667,1,1,67.0,PN2013,train
2238,Malaysia,Unknown,PL,plantation_enrichment,1,0,0,0,0,0,,18.0,Neobalanocarpus heimii,Neobalanocarpus,heimii,Dipterocarpaceae,55.0,4.15,101.3333333,0.76,1,1,95.0,PN2013,train
2239,Malaysia,Unknown,LG,forest_enrichment,1,0,0,0,0,0,,14.0,Shorea ovalis,Shorea,ovalis,Dipterocarpaceae,64.0,4.15,101.3333333,0.43,1,1,66.0,PN2013,train
2240,Malaysia,Unknown,PL,plantation_enrichment,1,0,0,0,0,0,,18.0,Palaquium gutta,Palaquium,gutta,Sapotaceae,32.0,4.15,101.3333333,0.615,1,1,82.0,PN2013,train
2241,Malaysia,Unknown,PL,plantation_enrichment,1,0,0,0,0,0,,18.0,Pentaspadon motleyi,Pentaspadon,motleyi,Anacardiaceae,38.0,4.15,101.3333333,0.5,1,1,82.0,PN2013,train
2242,Malaysia,Unknown,PL,plantation_enrichment,1,0,0,0,0,0,,18.0,Shorea ovata,Shorea,ovata,Dipterocarpaceae,11.0,4.15,101.3333333,0.64,1,1,67.0,PN2013,train
2243,Malaysia,Unknown,PL,plantation_enrichment,1,0,0,0,0,0,,18.0,Shorea assamica,Shorea,assamica,Dipterocarpaceae,44.0,4.15,101.3333333,0.464333333,1,1,67.0,PN2013,train
2244,Malaysia,Unknown,PL,plantation_enrichment,1,0,0,0,0,0,,18.0,Hopea pubescens,Hopea,pubescens,Dipterocarpaceae,20.0,4.15,101.3333333,0.5,1,1,67.0,PN2013,train
2245,Malaysia,Unknown,LG,forest_enrichment,1,0,0,0,0,0,,7.0,Shorea curtisii,Shorea,curtisii,Dipterocarpaceae,18.0,4.15,101.3333333,0.526666667,1,1,72.0,PN2013,train
2246,Malaysia,Unknown,LG,forest_enrichment,1,0,0,0,0,0,,7.0,Shorea curtisii,Shorea,curtisii,Dipterocarpaceae,37.0,4.15,101.3333333,0.526666667,1,1,60.0,PN2013,train
2247,Malaysia,Unknown,LG,forest_enrichment,1,0,0,0,0,0,,7.0,Dipterocarpus baudii,Dipterocarpus,baudii,Dipterocarpaceae,83.0,4.15,101.3333333,0.64,1,1,72.0,PN2013,train
2248,Malaysia,Unknown,LG,forest_enrichment,1,0,0,0,0,0,,7.0,Dipterocarpus baudii,Dipterocarpus,baudii,Dipterocarpaceae,70.0,4.15,101.3333333,0.64,1,1,60.0,PN2013,train
2249,Malaysia,Unknown,LG,forest_enrichment,1,0,0,0,0,0,,7.0,Shorea pauciflora,Shorea,pauciflora,Dipterocarpaceae,37.0,4.15,101.3333333,0.5325,1,1,72.0,PN2013,train
2250,Malaysia,Unknown,LG,forest_enrichment,1,0,0,0,0,0,,14.0,Shorea parvifolia,Shorea,parvifolia,Dipterocarpaceae,5.0,4.15,101.3333333,0.405,1,1,87.0,PN2013,train
2251,Malaysia,Unknown,LG,forest_enrichment,1,0,0,0,0,0,,7.0,Shorea pauciflora,Shorea,pauciflora,Dipterocarpaceae,33.0,4.15,101.3333333,0.5325,1,1,72.0,PN2013,train
2252,Malaysia,Unknown,LG,forest_enrichment,1,0,0,0,0,0,,7.0,Shorea pauciflora,Shorea,pauciflora,Dipterocarpaceae,17.0,4.15,101.3333333,0.5325,1,1,72.0,PN2013,train
2253,Malaysia,Unknown,LG,forest_enrichment,1,0,0,0,0,0,,7.0,Shorea pauciflora,Shorea,pauciflora,Dipterocarpaceae,44.0,4.15,101.3333333,0.5325,1,1,72.0,PN2013,train
2254,Malaysia,Unknown,LG,forest_enrichment,1,0,0,0,0,0,,7.0,Shorea macroptera,Shorea,macroptera,Dipterocarpaceae,60.0,4.15,101.3333333,0.425,1,1,72.0,PN2013,train
2255,Malaysia,Unknown,LG,forest_enrichment,1,0,0,0,0,0,,7.0,Shorea macroptera,Shorea,macroptera,Dipterocarpaceae,65.0,4.15,101.3333333,0.425,1,1,72.0,PN2013,train
2256,Malaysia,Unknown,LG,forest_enrichment,1,0,0,0,0,0,,7.0,Shorea macroptera,Shorea,macroptera,Dipterocarpaceae,48.0,4.15,101.3333333,0.425,1,1,72.0,PN2013,train
2257,Malaysia,Unknown,LG,forest_enrichment,1,0,0,0,0,0,,7.0,Shorea macroptera,Shorea,macroptera,Dipterocarpaceae,61.0,4.15,101.3333333,0.425,1,1,72.0,PN2013,train
2258,Malaysia,Unknown,LG,forest_enrichment,1,0,0,0,0,0,,7.0,Shorea ovata,Shorea,ovata,Dipterocarpaceae,7.0,4.15,101.3333333,0.64,1,1,60.0,PN2013,train
2259,Malaysia,Unknown,LG,forest_enrichment,1,0,0,0,0,0,,7.0,Shorea parvifolia,Shorea,parvifolia,Dipterocarpaceae,47.0,4.15,101.3333333,0.405,1,1,84.0,PN2013,train
2260,Malaysia,Unknown,LG,forest_enrichment,1,0,0,0,0,0,,7.0,Shorea leprosula,Shorea,leprosula,Dipterocarpaceae,56.0,4.15,101.3333333,0.44,1,1,72.0,PN2013,train
2261,Malaysia,Unknown,LG,forest_enrichment,1,0,0,0,0,0,,14.0,Shorea roxburghii,Shorea,roxburghii,Dipterocarpaceae,98.0,4.15,101.3333333,0.7,1,1,66.0,PN2013,train
2262,Malaysia,Unknown,LG,forest_enrichment,1,0,0,0,0,0,,7.0,Shorea leprosula,Shorea,leprosula,Dipterocarpaceae,28.0,4.15,101.3333333,0.44,1,1,72.0,PN2013,train
2263,Malaysia,Unknown,LG,forest_enrichment,1,0,0,0,0,0,,14.0,Shorea acuminata,Shorea,acuminata,Dipterocarpaceae,19.0,4.15,101.3333333,0.42,1,1,66.0,PN2013,train
2264,Malaysia,Unknown,LG,forest_enrichment,1,0,0,0,0,0,,14.0,Dialium platysepalum,Dialium,platysepalum,Fabaceae,63.0,4.15,101.3333333,0.7725,1,1,66.0,PN2013,train
2265,Malaysia,Unknown,LG,forest_enrichment,1,0,0,0,0,0,,14.0,Shorea pauciflora,Shorea,pauciflora,Dipterocarpaceae,35.0,4.15,101.3333333,0.5325,1,1,66.0,PN2013,train
2266,Malaysia,Unknown,LG,forest_enrichment,1,0,0,0,0,0,,14.0,Shorea multiflora,Shorea,multiflora,Dipterocarpaceae,51.0,4.15,101.3333333,0.51,1,1,66.0,PN2013,train
2267,Indonesia,Central Kalimantan,F,open_degraded,0,0,0,0,0,0,,3.0,Tetramerista glabra,Tetramerista,glabra,Tetrameristaceae,47.72012932,-2.36,114.1561111,0.6,0,1,8.0,RACH2003PBJTR,train
2268,Indonesia,Central Kalimantan,F,open_degraded,1,0,0,1,0,0,,3.0,Shorea balangeran,Shorea,balangeran,Dipterocarpaceae,51.00548243,-2.36,114.1561111,0.69,1,1,34.0,RACH2003PBJTR,train
2269,Indonesia,Central Kalimantan,F,open_degraded,0,0,0,1,0,0,,3.0,Tetramerista glabra,Tetramerista,glabra,Tetrameristaceae,70.72449899,-2.36,114.1561111,0.6,1,1,8.0,RACH2003PBJTR,train
2270,Indonesia,Central Kalimantan,F,open_degraded,0,0,0,1,1,0,,3.0,Tetramerista glabra,Tetramerista,glabra,Tetrameristaceae,26.29629728,-2.36,114.1561111,0.6,1,1,8.0,RACH2003PBJTR,train
2271,Indonesia,Central Kalimantan,F,open_degraded,0,0,0,0,0,0,,3.0,Alstonia pneumatophora,Alstonia,pneumatophora,Apocynaceae,85.18645797,-2.36,114.1561111,0.295,0,1,8.0,RACH2003PBJTR,train
2272,Indonesia,Central Kalimantan,F,open_degraded,0,0,0,1,0,0,,3.0,Alstonia pneumatophora,Alstonia,pneumatophora,Apocynaceae,55.45759988,-2.36,114.1561111,0.295,1,1,8.0,RACH2003PBJTR,train
2273,Indonesia,Central Kalimantan,F,open_degraded,0,0,0,1,1,0,,3.0,Alstonia pneumatophora,Alstonia,pneumatophora,Apocynaceae,89.27407353,-2.36,114.1561111,0.295,1,1,8.0,RACH2003PBJTR,train
2274,Indonesia,Central Kalimantan,F,open_degraded,1,0,0,0,0,0,,3.0,Shorea balangeran,Shorea,balangeran,Dipterocarpaceae,61.38826595,-2.36,114.1561111,0.69,1,1,10.0,RACH2003PBJTR,train
2275,Indonesia,Central Kalimantan,F,open_degraded,1,0,0,0,0,0,,3.0,Acacia auriculiformis,Acacia,auriculiformis,Fabaceae,34.5050731,-2.36,114.1561111,0.68,1,1,10.0,RACH2003PBJTR,train
2276,Indonesia,Central Kalimantan,F,open_degraded,1,0,0,0,0,0,,3.0,Shorea balangeran,Shorea,balangeran,Dipterocarpaceae,55.25180817,-2.36,114.1561111,0.69,1,1,34.0,RACH2003PBJTR,train
2283,Indonesia,Central Kalimantan,PL,open_degraded,0,0,0,0,0,0,,5.0,Cratoxylum glaucum,Cratoxylum,glaucum,Hypericaceae,70.0,-2.36,114.1561111,0.48,0,1,12.0,RACH2018PRRG_Palu_TumbangNusa,train
2284,Indonesia,Central Kalimantan,PL,open_degraded,0,0,0,0,0,0,,5.0,Cratoxylum glaucum,Cratoxylum,glaucum,Hypericaceae,100.0,-2.36,114.1561111,0.48,0,1,12.0,RACH2018PRRG_Palu_TumbangNusa,train
2285,Indonesia,Central Kalimantan,PL,open_degraded,0,0,0,0,0,0,,5.0,Shorea balangeran,Shorea,balangeran,Dipterocarpaceae,90.0,-2.36,114.1561111,0.69,0,1,12.0,RACH2018PRRG_Palu_TumbangNusa,train
2286,Indonesia,Central Kalimantan,PL,open_degraded,0,0,0,0,0,0,,5.0,Shorea balangeran,Shorea,balangeran,Dipterocarpaceae,100.0,-2.36,114.1561111,0.69,0,1,12.0,RACH2018PRRG_Palu_TumbangNusa,train
2287,Indonesia,Central Kalimantan,F,open_degraded,0,0,0,0,0,0,,5.0,Combretocarpus rotundatus,Combretocarpus,rotundatus,Anisophylleaceae,58.75,-2.36,114.1561111,0.61,0,1,12.0,RACH2018PRRG_RevegPlot,train
2288,Indonesia,Central Kalimantan,F,open_degraded,0,0,0,0,0,0,,5.0,Gonystylus bancanus,Gonystylus,bancanus,Thymelaeaceae,30.0,-2.36,114.1561111,0.52,0,1,12.0,RACH2018PRRG_RevegPlot,train
2289,Indonesia,Central Kalimantan,F,open_degraded,0,0,0,0,0,0,,5.0,Shorea balangeran,Shorea,balangeran,Dipterocarpaceae,64.0,-2.36,114.1561111,0.69,0,1,12.0,RACH2018PRRG_RevegPlot,train
2290,Malaysia,Sabah,F,forest_enrichment,1,0,0,0,0,1,,4.0,Dipterocarpus applanatus,Dipterocarpus,applanatus,Dipterocarpaceae,79.37448693,4.6,117.2333333,0.64,1,1,15.0,RE2008,train
2291,Malaysia,Sabah,F,forest_enrichment,1,0,0,0,0,1,,4.0,Dipterocarpus applanatus,Dipterocarpus,applanatus,Dipterocarpaceae,72.45631602,4.6,117.2333333,0.64,1,1,28.0,RE2008,train
2292,Malaysia,Sabah,F,forest_enrichment,1,0,0,0,0,1,,4.0,Dipterocarpus applanatus,Dipterocarpus,applanatus,Dipterocarpaceae,72.16493915,4.6,117.2333333,0.64,1,1,30.0,RE2008,train
2293,Malaysia,Sabah,F,forest_enrichment,1,0,0,0,0,1,,4.0,Dipterocarpus applanatus,Dipterocarpus,applanatus,Dipterocarpaceae,93.00605306,4.6,117.2333333,0.64,1,1,3.0,RE2008,train
2294,Malaysia,Sabah,F,forest_enrichment,1,0,0,0,0,1,,4.0,Shorea argentifolia,Shorea,argentifolia,Dipterocarpaceae,83.35272839,4.6,117.2333333,0.52,1,1,15.0,RE2008,train
2295,Malaysia,Sabah,F,forest_enrichment,1,0,0,0,0,1,,4.0,Shorea argentifolia,Shorea,argentifolia,Dipterocarpaceae,78.87653018,4.6,117.2333333,0.52,1,1,28.0,RE2008,train
2296,Malaysia,Sabah,F,forest_enrichment,1,0,0,0,0,1,,4.0,Shorea argentifolia,Shorea,argentifolia,Dipterocarpaceae,77.6722326,4.6,117.2333333,0.52,1,1,30.0,RE2008,train
2297,Malaysia,Sabah,F,forest_enrichment,1,0,0,0,0,1,,4.0,Shorea argentifolia,Shorea,argentifolia,Dipterocarpaceae,93.61767386,4.6,117.2333333,0.52,1,1,3.0,RE2008,train
2298,Malaysia,Sabah,F,forest_enrichment,1,0,0,0,0,1,,4.0,Dipterocarpus caudiferus,Dipterocarpus,caudiferus,Dipterocarpaceae,83.6558325,4.6,117.2333333,0.654277244,1,1,15.0,RE2008,train
2299,Malaysia,Sabah,F,forest_enrichment,1,0,0,0,0,1,,4.0,Dipterocarpus caudiferus,Dipterocarpus,caudiferus,Dipterocarpaceae,79.48995517,4.6,117.2333333,0.654277244,1,1,28.0,RE2008,train
2300,Malaysia,Sabah,F,forest_enrichment,1,0,0,0,0,1,,4.0,Dipterocarpus caudiferus,Dipterocarpus,caudiferus,Dipterocarpaceae,78.59056588,4.6,117.2333333,0.654277244,1,1,30.0,RE2008,train
2301,Malaysia,Sabah,F,forest_enrichment,1,0,0,0,0,1,,4.0,Dipterocarpus caudiferus,Dipterocarpus,caudiferus,Dipterocarpaceae,94.53510505,4.6,117.2333333,0.654277244,1,1,3.0,RE2008,train
2302,Malaysia,Sabah,F,forest_enrichment,1,0,0,0,0,1,,4.0,Shorea pauciflora,Shorea,pauciflora,Dipterocarpaceae,90.38366125,4.6,117.2333333,0.5325,1,1,15.0,RE2008,train
2303,Malaysia,Sabah,F,forest_enrichment,1,0,0,0,0,1,,4.0,Shorea pauciflora,Shorea,pauciflora,Dipterocarpaceae,86.21507763,4.6,117.2333333,0.5325,1,1,28.0,RE2008,train
2304,Malaysia,Sabah,F,forest_enrichment,1,0,0,0,0,1,,4.0,Shorea pauciflora,Shorea,pauciflora,Dipterocarpaceae,86.23221744,4.6,117.2333333,0.5325,1,1,30.0,RE2008,train
2305,Malaysia,Sabah,F,forest_enrichment,1,0,0,0,0,1,,4.0,Shorea pauciflora,Shorea,pauciflora,Dipterocarpaceae,96.67397364,4.6,117.2333333,0.5325,1,1,3.0,RE2008,train
2306,China,Guangdong,LG,open_degraded,1,0,0,1,0,0,,1.0,Manglietia longipedunculata,Manglietia,longipedunculata,Magnoliaceae,85.0,24.34555556,115.47,0.412375,1,1,12.0,RH2016,train
2307,China,Guangdong,LG,open_degraded,1,0,0,1,0,0,,1.0,Manglietia longipedunculata,Manglietia,longipedunculata,Magnoliaceae,85.0,24.34555556,115.47,0.412375,1,1,26.0,RH2016,train
2308,China,Guangdong,LG,open_degraded,1,0,0,1,0,0,,1.0,Manglietia longipedunculata,Manglietia,longipedunculata,Magnoliaceae,85.0,24.34555556,115.47,0.412375,1,1,39.0,RH2016,train
2309,China,Guangdong,LG,open_degraded,1,0,0,1,0,0,,1.0,Manglietia longipedunculata,Manglietia,longipedunculata,Magnoliaceae,85.0,24.34555556,115.47,0.412375,1,1,63.0,RH2016,train
2310,China,Guangdong,LG,open_degraded,1,0,0,1,0,0,,1.0,Manglietia longipedunculata,Manglietia,longipedunculata,Magnoliaceae,98.32375723,24.34555556,115.47,0.412375,1,1,12.0,RH2016,train
2311,China,Guangdong,LG,open_degraded,1,0,0,1,0,0,,1.0,Manglietia longipedunculata,Manglietia,longipedunculata,Magnoliaceae,96.64904528,24.34555556,115.47,0.412375,1,1,26.0,RH2016,train
2312,China,Guangdong,LG,open_degraded,1,0,0,1,0,0,,1.0,Manglietia longipedunculata,Manglietia,longipedunculata,Magnoliaceae,96.58577158,24.34555556,115.47,0.412375,1,1,39.0,RH2016,train
2313,China,Guangdong,LG,open_degraded,1,0,0,1,0,0,,1.0,Manglietia longipedunculata,Manglietia,longipedunculata,Magnoliaceae,96.2510333,24.34555556,115.47,0.412375,1,1,63.0,RH2016,train
2314,Indonesia,Riau,DR,open_degraded,1,0,0,0,0,0,833.3333333,1.0,Shorea balangeran,Shorea,balangeran,Dipterocarpaceae,58.56,0.760833333,102.3575,0.69,1,0,12.0,RHH2019ITEO,train
2315,Indonesia,Riau,DR,open_degraded,1,0,0,0,0,0,833.3333333,1.0,Calophyllum soulattri,Calophyllum,soulattri,Clusiaceae,10.34,0.760833333,102.3575,0.669211656,1,0,12.0,RHH2019ITEO,train
2316,Indonesia,Central Kalimantan,F,open_degraded,0,0,0,0,0,0,,1.0,Alstonia pneumatophora,Alstonia,pneumatophora,Apocynaceae,95.22058824,-2.288611111,114.0325,0.295,0,1,10.0,RJM2016EOID,train
2317,Indonesia,Central Kalimantan,F,open_degraded,0,0,0,0,0,0,,1.0,Shorea balangeran,Shorea,balangeran,Dipterocarpaceae,97.05882353,-2.288611111,114.0325,0.69,0,1,10.0,RJM2016EOID,train
2318,Indonesia,Central Kalimantan,F,open_degraded,0,0,0,0,0,0,,1.0,Cotylelobium lanceolatum,Cotylelobium,lanceolatum,Dipterocarpaceae,87.5,-2.288611111,114.0325,0.78,0,1,10.0,RJM2016EOID,train
2319,Indonesia,Central Kalimantan,F,open_degraded,0,0,0,0,0,0,,1.0,Shorea uliginosa,Shorea,uliginosa,Dipterocarpaceae,79.77941176,-2.288611111,114.0325,0.51,0,1,10.0,RJM2016EOID,train
2320,Indonesia,Central Kalimantan,F,open_degraded,0,0,0,0,0,0,,1.0,Stemonurus secundiflorus,Stemonurus,secundiflorus,Stemonuraceae,92.27941176,-2.288611111,114.0325,0.51,0,1,10.0,RJM2016EOID,train
2321,Indonesia,Central Kalimantan,F,open_degraded,0,0,0,0,0,0,,1.0,Dyera polyphylla,Dyera,polyphylla,Apocynaceae,84.55882353,-2.288611111,114.0325,0.33,0,1,10.0,RJM2016EOID,train
2322,Indonesia,Central Kalimantan,F,open_degraded,0,0,0,0,0,0,,1.0,Calophyllum sclerophyllum,Calophyllum,sclerophyllum,Clusiaceae,56.98529412,-2.288611111,114.0325,0.669211656,0,1,10.0,RJM2016EOID,train
2323,Indonesia,Central Kalimantan,F,open_degraded,0,0,0,0,0,0,,1.0,Diospyros pseudomalabarica,Diospyros,pseudomalabarica,Ebenaceae,83.45588235,-2.288611111,114.0325,0.683275126,0,1,10.0,RJM2016EOID,train
2324,India,Western Ghats,PL,forest_enrichment,1,0,0,0,1,1,,44.0,Holigarna nigra,Holigarna,nigra,Anacardiaceae,65.4,10.4,77.08333333,0.327,1,1,24.0,RTRS2009,train
2325,India,Western Ghats,PL,forest_enrichment,1,0,0,0,1,1,,44.0,Vateria indica,Vateria,indica,Dipterocarpaceae,79.2,10.4,77.08333333,0.48,1,1,24.0,RTRS2009,train
2326,India,Western Ghats,PL,forest_enrichment,1,0,0,0,1,1,,44.0,Syzgium munronii,Syzgium,munronii,Myrtaceae,45.9,10.4,77.08333333,0.765578146,1,1,24.0,RTRS2009,train
2327,India,Western Ghats,PL,forest_enrichment,1,0,0,0,1,1,,44.0,Elaeocarpus serratus,Elaeocarpus,serratus,Elaeocarpaceae,50.0,10.4,77.08333333,0.50323279,1,1,24.0,RTRS2009,train
2328,India,Western Ghats,PL,forest_enrichment,1,0,0,0,1,1,,44.0,Elaeocarpus tuberculatus,Elaeocarpus,tuberculatus,Elaeocarpaceae,56.3,10.4,77.08333333,0.4,1,1,24.0,RTRS2009,train
2329,India,Western Ghats,PL,forest_enrichment,1,0,0,0,1,1,,44.0,Actinodaphne sp,Actinodaphne,sp.,Lauraceae,63.2,10.4,77.08333333,0.51,1,1,24.0,RTRS2009,train
2330,India,Western Ghats,PL,forest_enrichment,1,0,0,0,1,1,,44.0,Lauraceae sp,Lauraceae,sp.,Lauraceae,59.1,10.4,77.08333333,0.56441757,1,1,24.0,RTRS2009,train
2331,India,Western Ghats,PL,forest_enrichment,1,0,0,0,1,1,,44.0,Litsea insignis,Litsea,insignis,Lauraceae,19.6,10.4,77.08333333,0.425466667,1,1,24.0,RTRS2009,train
2332,India,Western Ghats,PL,forest_enrichment,1,0,0,0,1,1,,44.0,Litsea oleoides,Litsea,oleoides,Lauraceae,65.3,10.4,77.08333333,0.425466667,1,1,24.0,RTRS2009,train
2333,India,Western Ghats,PL,forest_enrichment,1,0,0,0,1,1,,44.0,Litsea stocksii,Litsea,stocksii,Lauraceae,33.3,10.4,77.08333333,0.425466667,1,1,24.0,RTRS2009,train
2334,India,Western Ghats,PL,forest_enrichment,1,0,0,0,1,1,,44.0,Nothopegia castaneifolia,Nothopegia,castaneifolia,Anacardiaceae,36.4,10.4,77.08333333,0.566013283,1,1,24.0,RTRS2009,train
2335,India,Western Ghats,PL,forest_enrichment,1,0,0,0,1,1,,44.0,Persea macrantha,Persea,macrantha,Lauraceae,48.1,10.4,77.08333333,0.44,1,1,24.0,RTRS2009,train
2336,India,Western Ghats,PL,forest_enrichment,1,0,0,0,1,1,,44.0,Michelia champaca,Michelia,champaca,Magnoliaceae,90.0,10.4,77.08333333,0.5275,1,1,24.0,RTRS2009,train
2337,India,Western Ghats,PL,forest_enrichment,1,0,0,0,1,1,,44.0,Aglaia exstipulata,Aglaia,exstipulata,Meliaceae,53.8,10.4,77.08333333,0.8,1,1,24.0,RTRS2009,train
2338,India,Western Ghats,PL,forest_enrichment,1,0,0,0,1,1,,44.0,Heynea trijuga,Heynea,trijuga,Meliaceae,79.2,10.4,77.08333333,0.594346098,1,1,24.0,RTRS2009,train
2339,India,Western Ghats,PL,forest_enrichment,1,0,0,0,1,1,,44.0,Artocarpus heterophyllus,Artocarpus,heterophyllus,Moraceae,31.0,10.4,77.08333333,0.491666667,1,1,24.0,RTRS2009,train
2340,India,Western Ghats,PL,forest_enrichment,1,0,0,0,1,1,,44.0,Ficus beddomei,Ficus,beddomei,Moraceae,90.5,10.4,77.08333333,0.405534662,1,1,24.0,RTRS2009,train
2341,India,Western Ghats,PL,forest_enrichment,1,0,0,0,1,1,,44.0,Ficus nervosa,Ficus,nervosa,Moraceae,54.2,10.4,77.08333333,0.28,1,1,24.0,RTRS2009,train
2342,India,Western Ghats,PL,forest_enrichment,1,0,0,0,1,1,,44.0,Myristica dactyloides,Myristica,dactyloides,Annonaceae,50.5,10.4,77.08333333,0.565580531,1,1,24.0,RTRS2009,train
2343,India,Western Ghats,PL,forest_enrichment,1,0,0,0,1,1,,44.0,Maesa indica,Maesa,indica,Primulaceae,86.7,10.4,77.08333333,0.676,1,1,24.0,RTRS2009,train
2344,India,Western Ghats,PL,forest_enrichment,1,0,0,0,1,1,,44.0,Syzygium pycnanthum,Syzygium,pycnanthum,Myrtaceae,40.3,10.4,77.08333333,0.664366667,1,1,24.0,RTRS2009,train
2345,India,Western Ghats,PL,forest_enrichment,1,0,0,0,1,1,,44.0,Semecarpus travancorica,Semecarpus,travancorica,Anacardiaceae,45.5,10.4,77.08333333,0.345833333,1,1,24.0,RTRS2009,train
2346,India,Western Ghats,PL,forest_enrichment,1,0,0,0,1,1,,44.0,Syzygium gardneri,Syzygium,gardneri,Myrtaceae,84.9,10.4,77.08333333,0.76,1,1,24.0,RTRS2009,train
2347,India,Western Ghats,PL,forest_enrichment,1,0,0,0,1,1,,44.0,Syzygium racemosum,Syzygium,racemosum,Myrtaceae,54.3,10.4,77.08333333,0.664366667,1,1,24.0,RTRS2009,train
2348,India,Western Ghats,PL,forest_enrichment,1,0,0,0,1,1,,44.0,Syzygium sp,Syzygium,sp.,Myrtaceae,70.0,10.4,77.08333333,0.679166667,1,1,24.0,RTRS2009,train
2349,India,Western Ghats,PL,forest_enrichment,1,0,0,0,1,1,,44.0,Olea dioica,Olea,dioica,Oleaceae,43.8,10.4,77.08333333,0.743066138,1,1,24.0,RTRS2009,train
2350,India,Western Ghats,PL,forest_enrichment,1,0,0,0,1,1,,44.0,Ormosia travancorica,Ormosia,travancorica,Fabaceae,62.4,10.4,77.08333333,0.579127778,1,1,24.0,RTRS2009,train
2351,India,Western Ghats,PL,forest_enrichment,1,0,0,0,1,1,,44.0,Prunus ceylanica,Prunus,ceylanica,Rosaceae,48.4,10.4,77.08333333,0.585666667,1,1,24.0,RTRS2009,train
2352,India,Western Ghats,PL,forest_enrichment,1,0,0,0,1,1,,44.0,Atalantia racemosa,Atalantia,racemosa,Rutaceae,78.3,10.4,77.08333333,0.710658457,1,1,24.0,RTRS2009,train
2353,India,Western Ghats,PL,forest_enrichment,1,0,0,0,1,1,,44.0,Vepris bilocularis,Vepris,bilocularis,Rutaceae,26.5,10.4,77.08333333,0.659,1,1,24.0,RTRS2009,train
2354,India,Western Ghats,PL,forest_enrichment,1,0,0,0,1,1,,44.0,Dimocarpus longan,Dimocarpus,longan,Sapindaceae,74.7,10.4,77.08333333,0.7,1,1,24.0,RTRS2009,train
2355,India,Western Ghats,PL,forest_enrichment,1,0,0,0,1,1,,44.0,Filicium decipiens,Filicium,decipiens,Sapindaceae,46.4,10.4,77.08333333,0.96,1,1,24.0,RTRS2009,train
2356,India,Western Ghats,PL,forest_enrichment,1,0,0,0,1,1,,44.0,Bischofia javanica,Bischofia,javanica,Phyllanthaceae,63.6,10.4,77.08333333,0.6017,1,1,24.0,RTRS2009,train
2357,India,Western Ghats,PL,forest_enrichment,1,0,0,0,1,1,,44.0,Palaquium ellipticum,Palaquium,ellipticum,Sapotaceae,28.1,10.4,77.08333333,0.53,1,1,24.0,RTRS2009,train
2358,India,Western Ghats,PL,forest_enrichment,1,0,0,0,1,1,,44.0,Sterculia guttata,Sterculia,guttata,Malvaceae,35.5,10.4,77.08333333,0.404821667,1,1,24.0,RTRS2009,train
2359,India,Western Ghats,PL,forest_enrichment,1,0,0,0,1,1,,44.0,Antidesma montanum,Antidesma,montanum,Phyllanthaceae,50.0,10.4,77.08333333,0.59,1,1,24.0,RTRS2009,train
2360,India,Western Ghats,PL,forest_enrichment,1,0,0,0,1,1,,44.0,Clerodendrum viscosum,Clerodendrum,viscosum,Lamiaceae,92.6,10.4,77.08333333,0.5735,1,1,24.0,RTRS2009,train
2361,India,Western Ghats,PL,open_degraded,1,0,0,0,1,1,,44.0,Semecarpus travancorica,Semecarpus,travancorica,Anacardiaceae,26.7,10.4,77.08333333,0.345833333,1,1,24.0,RTRS2009,train
2362,India,Western Ghats,PL,open_degraded,1,0,0,0,1,1,,44.0,Bischofia javanica,Bischofia,javanica,Phyllanthaceae,64.0,10.4,77.08333333,0.6017,1,1,24.0,RTRS2009,train
2363,India,Western Ghats,PL,open_degraded,1,0,0,0,1,1,,44.0,Cullenia exarillata,Cullenia,exarillata,Malvaceae,72.0,10.4,77.08333333,0.488731536,1,1,24.0,RTRS2009,train
2364,India,Western Ghats,PL,open_degraded,1,0,0,0,1,1,,44.0,Mesua ferrea,Mesua,ferrea,Calophyllaceae,100.0,10.4,77.08333333,0.92,1,1,24.0,RTRS2009,train
2365,India,Western Ghats,PL,open_degraded,1,0,0,0,1,1,,44.0,Elaeocarpus serratus,Elaeocarpus,serratus,Elaeocarpaceae,30.0,10.4,77.08333333,0.50323279,1,1,24.0,RTRS2009,train
2366,India,Western Ghats,PL,forest_enrichment,1,0,0,0,1,1,,44.0,Cullenia exarillata,Cullenia,exarillata,Malvaceae,55.6,10.4,77.08333333,0.488731536,1,1,24.0,RTRS2009,train
2367,India,Western Ghats,PL,open_degraded,1,0,0,0,1,1,,44.0,Elaeocarpus tuberculatus,Elaeocarpus,tuberculatus,Elaeocarpaceae,72.0,10.4,77.08333333,0.4,1,1,24.0,RTRS2009,train
2368,India,Western Ghats,PL,open_degraded,1,0,0,0,1,1,,44.0,Litsea sp,Litsea,sp.,Lauraceae,55.6,10.4,77.08333333,0.478,1,1,24.0,RTRS2009,train
2369,India,Western Ghats,PL,open_degraded,1,0,0,0,1,1,,44.0,Heynea trijuga,Heynea,trijuga,Meliaceae,58.3,10.4,77.08333333,0.594346098,1,1,24.0,RTRS2009,train
2370,India,Western Ghats,PL,open_degraded,1,0,0,0,1,1,,44.0,Artocarpus heterophyllus,Artocarpus,heterophyllus,Moraceae,11.8,10.4,77.08333333,0.491666667,1,1,24.0,RTRS2009,train
2371,India,Western Ghats,PL,open_degraded,1,0,0,0,1,1,,44.0,Myristica dactyloides,Myristica,dactyloides,Annonaceae,65.9,10.4,77.08333333,0.565580531,1,1,24.0,RTRS2009,train
2372,India,Western Ghats,PL,open_degraded,1,0,0,0,1,1,,44.0,Syzygium gardneri,Syzygium,gardneri,Myrtaceae,73.3,10.4,77.08333333,0.76,1,1,24.0,RTRS2009,train
2373,India,Western Ghats,PL,open_degraded,1,0,0,0,1,1,,44.0,Ormosia travancorica,Ormosia,travancorica,Fabaceae,44.4,10.4,77.08333333,0.579127778,1,1,24.0,RTRS2009,train
2374,India,Western Ghats,PL,open_degraded,1,0,0,0,1,1,,44.0,Prunus ceylanica,Prunus,ceylanica,Rosaceae,51.9,10.4,77.08333333,0.585666667,1,1,24.0,RTRS2009,train
2375,India,Western Ghats,PL,open_degraded,1,0,0,0,1,1,,44.0,Dimocarpus longan,Dimocarpus,longan,Sapindaceae,63.6,10.4,77.08333333,0.7,1,1,24.0,RTRS2009,train
2376,India,Western Ghats,PL,forest_enrichment,1,0,0,0,1,1,,44.0,Bhesa indica,Bhesa,indica,Centroplacaceae,31.3,10.4,77.08333333,0.655,1,1,24.0,RTRS2009,train
2377,India,Western Ghats,PL,open_degraded,1,0,0,0,1,1,,44.0,Palaquium ellipticum,Palaquium,ellipticum,Sapotaceae,14.0,10.4,77.08333333,0.53,1,1,24.0,RTRS2009,train
2378,India,Western Ghats,PL,forest_enrichment,1,0,0,0,1,1,,44.0,Semecarpus travancorica,Semecarpus,travancorica,Anacardiaceae,70.0,10.4,77.08333333,0.345833333,1,1,24.0,RTRS2009,train
2379,India,Western Ghats,PL,forest_enrichment,1,0,0,0,1,1,,44.0,Bischofia javanica,Bischofia,javanica,Phyllanthaceae,83.3,10.4,77.08333333,0.6017,1,1,24.0,RTRS2009,train
2380,India,Western Ghats,PL,forest_enrichment,1,0,0,0,1,1,,44.0,Cullenia exarillata,Cullenia,exarillata,Malvaceae,83.0,10.4,77.08333333,0.488731536,1,1,24.0,RTRS2009,train
2381,India,Western Ghats,PL,forest_enrichment,1,0,0,0,1,1,,44.0,Mesua ferrea,Mesua,ferrea,Calophyllaceae,80.0,10.4,77.08333333,0.92,1,1,24.0,RTRS2009,train
2382,India,Western Ghats,PL,forest_enrichment,1,0,0,0,1,1,,44.0,Elaeocarpus serratus,Elaeocarpus,serratus,Elaeocarpaceae,70.0,10.4,77.08333333,0.50323279,1,1,24.0,RTRS2009,train
2383,India,Western Ghats,PL,forest_enrichment,1,0,0,0,1,1,,44.0,Elaeocarpus tuberculatus,Elaeocarpus,tuberculatus,Elaeocarpaceae,70.8,10.4,77.08333333,0.4,1,1,24.0,RTRS2009,train
2384,India,Western Ghats,PL,forest_enrichment,1,0,0,0,1,1,,44.0,Litsea sp,Litsea,sp.,Lauraceae,93.8,10.4,77.08333333,0.478,1,1,24.0,RTRS2009,train
2385,India,Western Ghats,PL,forest_enrichment,1,0,0,0,1,1,,44.0,Heynea trijuga,Heynea,trijuga,Meliaceae,82.9,10.4,77.08333333,0.594346098,1,1,24.0,RTRS2009,train
2386,India,Western Ghats,PL,forest_enrichment,1,0,0,0,1,1,,44.0,Artocarpus heterophyllus,Artocarpus,heterophyllus,Moraceae,14.3,10.4,77.08333333,0.491666667,1,1,24.0,RTRS2009,train
2387,India,Western Ghats,PL,forest_enrichment,1,0,0,0,1,1,,44.0,Euonymus angulatus,Euonymus,angulatus,Celastraceae,72.7,10.4,77.08333333,0.5665,1,1,24.0,RTRS2009,train
2388,India,Western Ghats,PL,forest_enrichment,1,0,0,0,1,1,,44.0,Myristica dactyloides,Myristica,dactyloides,Annonaceae,36.7,10.4,77.08333333,0.565580531,1,1,24.0,RTRS2009,train
2389,India,Western Ghats,PL,forest_enrichment,1,0,0,0,1,1,,44.0,Syzygium gardneri,Syzygium,gardneri,Myrtaceae,94.7,10.4,77.08333333,0.76,1,1,24.0,RTRS2009,train
2390,India,Western Ghats,PL,forest_enrichment,1,0,0,0,1,1,,44.0,Ormosia travancorica,Ormosia,travancorica,Fabaceae,89.5,10.4,77.08333333,0.579127778,1,1,24.0,RTRS2009,train
2391,India,Western Ghats,PL,forest_enrichment,1,0,0,0,1,1,,44.0,Prunus ceylanica,Prunus,ceylanica,Rosaceae,70.8,10.4,77.08333333,0.585666667,1,1,24.0,RTRS2009,train
2392,India,Western Ghats,PL,forest_enrichment,1,0,0,0,1,1,,44.0,Dimocarpus longan,Dimocarpus,longan,Sapindaceae,72.0,10.4,77.08333333,0.7,1,1,24.0,RTRS2009,train
2393,India,Western Ghats,PL,forest_enrichment,1,0,0,0,1,1,,44.0,Palaquium ellipticum,Palaquium,ellipticum,Sapotaceae,26.0,10.4,77.08333333,0.53,1,1,24.0,RTRS2009,train
2394,India,Western Ghats,PL,forest_enrichment,1,0,0,0,1,1,,44.0,Semecarpus travancorica,Semecarpus,travancorica,Anacardiaceae,72.7,10.4,77.08333333,0.345833333,1,1,24.0,RTRS2009,train
2395,India,Western Ghats,PL,forest_enrichment,1,0,0,0,1,1,,44.0,Bischofia javanica,Bischofia,javanica,Phyllanthaceae,66.7,10.4,77.08333333,0.6017,1,1,24.0,RTRS2009,train
2396,India,Western Ghats,PL,forest_enrichment,1,0,0,0,1,1,,44.0,Cullenia exarillata,Cullenia,exarillata,Malvaceae,70.5,10.4,77.08333333,0.488731536,1,1,24.0,RTRS2009,train
2397,India,Western Ghats,PL,forest_enrichment,1,0,0,0,1,1,,44.0,Calophyllum austroindicum,Calophyllum,austroindicum,Clusiaceae,61.1,10.4,77.08333333,0.669211656,1,1,24.0,RTRS2009,train
2398,India,Western Ghats,PL,forest_enrichment,1,0,0,0,1,1,,44.0,Mesua ferrea,Mesua,ferrea,Calophyllaceae,93.0,10.4,77.08333333,0.92,1,1,24.0,RTRS2009,train
2399,India,Western Ghats,PL,forest_enrichment,1,0,0,0,1,1,,44.0,Elaeocarpus serratus,Elaeocarpus,serratus,Elaeocarpaceae,55.6,10.4,77.08333333,0.50323279,1,1,24.0,RTRS2009,train
2400,India,Western Ghats,PL,forest_enrichment,1,0,0,0,1,1,,44.0,Elaeocarpus tuberculatus,Elaeocarpus,tuberculatus,Elaeocarpaceae,67.9,10.4,77.08333333,0.4,1,1,24.0,RTRS2009,train
2401,India,Western Ghats,PL,forest_enrichment,1,0,0,0,1,1,,44.0,Litsea sp,Litsea,sp.,Lauraceae,88.0,10.4,77.08333333,0.478,1,1,24.0,RTRS2009,train
2402,India,Western Ghats,PL,forest_enrichment,1,0,0,0,1,1,,44.0,Heynea trijuga,Heynea,trijuga,Meliaceae,95.2,10.4,77.08333333,0.594346098,1,1,24.0,RTRS2009,train
2403,India,Western Ghats,PL,forest_enrichment,1,0,0,0,1,1,,44.0,Artocarpus heterophyllus,Artocarpus,heterophyllus,Moraceae,29.6,10.4,77.08333333,0.491666667,1,1,24.0,RTRS2009,train
2404,India,Western Ghats,PL,forest_enrichment,1,0,0,0,1,1,,44.0,Myristica dactyloides,Myristica,dactyloides,Annonaceae,68.9,10.4,77.08333333,0.565580531,1,1,24.0,RTRS2009,train
2405,India,Western Ghats,PL,forest_enrichment,1,0,0,0,1,1,,44.0,Syzygium gardneri,Syzygium,gardneri,Myrtaceae,90.5,10.4,77.08333333,0.76,1,1,24.0,RTRS2009,train
2406,India,Western Ghats,PL,forest_enrichment,1,0,0,0,1,1,,44.0,Ormosia travancorica,Ormosia,travancorica,Fabaceae,85.4,10.4,77.08333333,0.579127778,1,1,24.0,RTRS2009,train
2407,India,Western Ghats,PL,forest_enrichment,1,0,0,0,1,1,,44.0,Prunus ceylanica,Prunus,ceylanica,Rosaceae,68.2,10.4,77.08333333,0.585666667,1,1,24.0,RTRS2009,train
2408,India,Western Ghats,PL,forest_enrichment,1,0,0,0,1,1,,44.0,Mesua ferrea,Mesua,ferrea,Calophyllaceae,80.8,10.4,77.08333333,0.92,1,1,24.0,RTRS2009,train
2409,India,Western Ghats,PL,forest_enrichment,1,0,0,0,1,1,,44.0,Dimocarpus longan,Dimocarpus,longan,Sapindaceae,78.6,10.4,77.08333333,0.7,1,1,24.0,RTRS2009,train
2410,India,Western Ghats,PL,forest_enrichment,1,0,0,0,1,1,,44.0,Palaquium ellipticum,Palaquium,ellipticum,Sapotaceae,42.4,10.4,77.08333333,0.53,1,1,24.0,RTRS2009,train
2411,Indonesia,West Java,AG,open_degraded,0,0,0,0,0,0,,8.0,Altingia excelsa,Altingia,excelsa,Altingiaceae,90.0,-6.773333333,106.8458333,0.6525,0,1,12.0,RW2011,train
2412,Indonesia,West Java,AG,open_degraded,0,0,0,0,0,0,,8.0,Castanopsis argentea,Castanopsis,argentea,Fagaceae,76.6,-6.773333333,106.8458333,0.59,0,1,12.0,RW2011,train
2413,Indonesia,West Java,AG,open_degraded,0,0,0,0,0,0,,8.0,Dacrycarpus imbricatus,Dacrycarpus,imbricatus,Podocarpaceae,66.6,-6.773333333,106.8458333,0.413333333,0,1,12.0,RW2011,train
2414,Indonesia,West Java,AG,open_degraded,0,0,0,0,0,0,,8.0,Magnolia sumatrana,Magnolia,sumatrana,Magnoliaceae,90.0,-6.773333333,106.8458333,0.504583333,0,1,12.0,RW2011,train
2415,Indonesia,West Java,AG,open_degraded,0,0,0,0,0,0,,8.0,Alstonia scholaris,Alstonia,scholaris,Apocynaceae,93.3,-6.773333333,106.8458333,0.382,0,1,12.0,RW2011,train
2416,Indonesia,West Java,AG,open_degraded,0,0,0,0,0,0,,8.0,Schima wallichii,Schima,wallichii,Theaceae,90.0,-6.773333333,106.8458333,0.55775,0,1,12.0,RW2011,train
2417,Indonesia,West Java,AG,open_degraded,0,0,0,0,0,0,,8.0,Sloanea sigun,Sloanea,sigun,Elaeocarpaceae,86.6,-6.773333333,106.8458333,0.49,0,1,12.0,RW2011,train
2418,Indonesia,West Java,AG,open_degraded,0,0,0,0,0,0,,8.0,Syzygium lineatum,Syzygium,lineatum,Myrtaceae,96.6,-6.773333333,106.8458333,0.664366667,0,1,12.0,RW2011,train
2419,Thailand,Nakhon Ratchasima,AG,plantation_enrichment,1,0,0,0,1,0,,1.0,Hopea odorata,Hopea,odorata,Dipterocarpaceae,61.1,14.5,101.905,0.635,1,1,204.0,SA2009,train
2420,Thailand,Nakhon Ratchasima,AG,plantation_enrichment,1,0,0,0,1,0,,1.0,Hopea odorata,Hopea,odorata,Dipterocarpaceae,80.6,14.5,101.905,0.635,1,1,24.0,SA2009,train
2421,Thailand,Nakhon Ratchasima,AG,plantation_enrichment,1,0,0,0,1,0,,1.0,Hopea odorata,Hopea,odorata,Dipterocarpaceae,78.7,14.5,101.905,0.635,1,1,48.0,SA2009,train
2422,Thailand,Nakhon Ratchasima,AG,plantation_enrichment,1,0,0,0,1,0,,1.0,Hopea odorata,Hopea,odorata,Dipterocarpaceae,75.9,14.5,101.905,0.635,1,1,60.0,SA2009,train
2423,Thailand,Nakhon Ratchasima,AG,plantation_enrichment,1,0,0,0,1,0,,1.0,Hopea odorata,Hopea,odorata,Dipterocarpaceae,79.6,14.5,101.905,0.635,1,1,204.0,SA2009,train
2424,Thailand,Nakhon Ratchasima,AG,plantation_enrichment,1,0,0,0,1,0,,1.0,Hopea odorata,Hopea,odorata,Dipterocarpaceae,78.7,14.5,101.905,0.635,1,1,24.0,SA2009,train
2425,Thailand,Nakhon Ratchasima,AG,plantation_enrichment,1,0,0,0,1,0,,1.0,Hopea odorata,Hopea,odorata,Dipterocarpaceae,78.7,14.5,101.905,0.635,1,1,60.0,SA2009,train
2426,Thailand,Nakhon Ratchasima,AG,plantation_enrichment,1,0,0,0,1,0,,1.0,Hopea odorata,Hopea,odorata,Dipterocarpaceae,68.5,14.5,101.905,0.635,1,1,204.0,SA2009,train
2427,Thailand,Nakhon Ratchasima,AG,plantation_enrichment,1,0,0,0,1,0,,1.0,Hopea odorata,Hopea,odorata,Dipterocarpaceae,72.2,14.5,101.905,0.635,1,1,24.0,SA2009,train
2428,Thailand,Nakhon Ratchasima,AG,plantation_enrichment,1,0,0,0,1,0,,1.0,Hopea odorata,Hopea,odorata,Dipterocarpaceae,72.2,14.5,101.905,0.635,1,1,48.0,SA2009,train
2429,Thailand,Nakhon Ratchasima,AG,plantation_enrichment,1,0,0,0,1,0,,1.0,Hopea odorata,Hopea,odorata,Dipterocarpaceae,67.6,14.5,101.905,0.635,1,1,60.0,SA2009,train
2430,Thailand,Nakhon Ratchasima,AG,plantation_enrichment,1,0,0,0,1,0,,1.0,Hopea odorata,Hopea,odorata,Dipterocarpaceae,55.6,14.5,101.905,0.635,1,1,204.0,SA2009,train
2431,Thailand,Nakhon Ratchasima,AG,plantation_enrichment,1,0,0,0,1,0,,1.0,Hopea odorata,Hopea,odorata,Dipterocarpaceae,65.7,14.5,101.905,0.635,1,1,24.0,SA2009,train
2432,Thailand,Nakhon Ratchasima,AG,plantation_enrichment,1,0,0,0,1,0,,1.0,Hopea odorata,Hopea,odorata,Dipterocarpaceae,65.7,14.5,101.905,0.635,1,1,48.0,SA2009,train
2433,Thailand,Nakhon Ratchasima,AG,plantation_enrichment,1,0,0,0,1,0,,1.0,Hopea odorata,Hopea,odorata,Dipterocarpaceae,65.7,14.5,101.905,0.635,1,1,60.0,SA2009,train
2434,Thailand,Nakhon Ratchasima,AG,plantation_enrichment,1,0,0,0,1,0,,1.0,Hopea odorata,Hopea,odorata,Dipterocarpaceae,65.7,14.5,101.905,0.635,1,1,204.0,SA2009,train
2435,Thailand,Nakhon Ratchasima,AG,plantation_enrichment,1,0,0,0,1,0,,1.0,Hopea odorata,Hopea,odorata,Dipterocarpaceae,67.6,14.5,101.905,0.635,1,1,24.0,SA2009,train
2436,Thailand,Nakhon Ratchasima,AG,plantation_enrichment,1,0,0,0,1,0,,1.0,Hopea odorata,Hopea,odorata,Dipterocarpaceae,67.6,14.5,101.905,0.635,1,1,48.0,SA2009,train
2437,Thailand,Nakhon Ratchasima,AG,plantation_enrichment,1,0,0,0,1,0,,1.0,Hopea odorata,Hopea,odorata,Dipterocarpaceae,69.4,14.5,101.905,0.635,1,1,204.0,SA2009,train
2438,Thailand,Nakhon Ratchasima,AG,plantation_enrichment,1,0,0,0,1,0,,1.0,Hopea odorata,Hopea,odorata,Dipterocarpaceae,73.1,14.5,101.905,0.635,1,1,24.0,SA2009,train
2439,Thailand,Nakhon Ratchasima,AG,plantation_enrichment,1,0,0,0,1,0,,1.0,Hopea odorata,Hopea,odorata,Dipterocarpaceae,73.1,14.5,101.905,0.635,1,1,48.0,SA2009,train
2440,Thailand,Nakhon Ratchasima,AG,plantation_enrichment,1,0,0,0,1,0,,1.0,Hopea odorata,Hopea,odorata,Dipterocarpaceae,71.3,14.5,101.905,0.635,1,1,60.0,SA2009,train
2441,Thailand,Nakhon Ratchasima,AG,plantation_enrichment,1,0,0,0,1,0,,1.0,Hopea odorata,Hopea,odorata,Dipterocarpaceae,62.0,14.5,101.905,0.635,1,1,204.0,SA2009,train
2442,Thailand,Nakhon Ratchasima,AG,plantation_enrichment,1,0,0,0,1,0,,1.0,Hopea odorata,Hopea,odorata,Dipterocarpaceae,68.5,14.5,101.905,0.635,1,1,24.0,SA2009,train
2443,Thailand,Nakhon Ratchasima,AG,plantation_enrichment,1,0,0,0,1,0,,1.0,Hopea odorata,Hopea,odorata,Dipterocarpaceae,66.7,14.5,101.905,0.635,1,1,48.0,SA2009,train
2444,Thailand,Nakhon Ratchasima,AG,plantation_enrichment,1,0,0,0,1,0,,1.0,Hopea odorata,Hopea,odorata,Dipterocarpaceae,50.9,14.5,101.905,0.635,1,1,204.0,SA2009,train
2445,Thailand,Nakhon Ratchasima,AG,plantation_enrichment,1,0,0,0,1,0,,1.0,Hopea odorata,Hopea,odorata,Dipterocarpaceae,54.6,14.5,101.905,0.635,1,1,24.0,SA2009,train
2446,Thailand,Nakhon Ratchasima,AG,plantation_enrichment,1,0,0,0,1,0,,1.0,Hopea odorata,Hopea,odorata,Dipterocarpaceae,54.6,14.5,101.905,0.635,1,1,48.0,SA2009,train
2447,Thailand,Nakhon Ratchasima,AG,plantation_enrichment,1,0,0,0,1,0,,1.0,Hopea odorata,Hopea,odorata,Dipterocarpaceae,52.8,14.5,101.905,0.635,1,1,60.0,SA2009,train
2448,Thailand,Nakhon Ratchasima,AG,plantation_enrichment,1,0,0,0,1,0,,1.0,Hopea odorata,Hopea,odorata,Dipterocarpaceae,75.0,14.5,101.905,0.635,1,1,204.0,SA2009,train
2449,Thailand,Nakhon Ratchasima,AG,plantation_enrichment,1,0,0,0,1,0,,1.0,Hopea odorata,Hopea,odorata,Dipterocarpaceae,93.5,14.5,101.905,0.635,1,1,24.0,SA2009,train
2450,Thailand,Nakhon Ratchasima,AG,plantation_enrichment,1,0,0,0,1,0,,1.0,Hopea odorata,Hopea,odorata,Dipterocarpaceae,89.8,14.5,101.905,0.635,1,1,48.0,SA2009,train
2451,Thailand,Nakhon Ratchasima,AG,plantation_enrichment,1,0,0,0,1,0,,1.0,Hopea odorata,Hopea,odorata,Dipterocarpaceae,85.2,14.5,101.905,0.635,1,1,60.0,SA2009,train
2452,Thailand,Nakhon Ratchasima,AG,plantation_enrichment,1,0,0,0,1,0,,1.0,Hopea odorata,Hopea,odorata,Dipterocarpaceae,50.0,14.5,101.905,0.635,1,1,204.0,SA2009,train
2453,Thailand,Nakhon Ratchasima,AG,plantation_enrichment,1,0,0,0,1,0,,1.0,Hopea odorata,Hopea,odorata,Dipterocarpaceae,86.1,14.5,101.905,0.635,1,1,24.0,SA2009,train
2454,Thailand,Nakhon Ratchasima,AG,plantation_enrichment,1,0,0,0,1,0,,1.0,Hopea odorata,Hopea,odorata,Dipterocarpaceae,84.3,14.5,101.905,0.635,1,1,48.0,SA2009,train
2455,Thailand,Nakhon Ratchasima,AG,plantation_enrichment,1,0,0,0,1,0,,1.0,Hopea odorata,Hopea,odorata,Dipterocarpaceae,49.1,14.5,101.905,0.635,1,1,204.0,SA2009,train
2456,Thailand,Nakhon Ratchasima,AG,plantation_enrichment,1,0,0,0,1,0,,1.0,Hopea odorata,Hopea,odorata,Dipterocarpaceae,83.3,14.5,101.905,0.635,1,1,24.0,SA2009,train
2457,Thailand,Nakhon Ratchasima,AG,plantation_enrichment,1,0,0,0,1,0,,1.0,Hopea odorata,Hopea,odorata,Dipterocarpaceae,81.5,14.5,101.905,0.635,1,1,48.0,SA2009,train
2458,Thailand,Nakhon Ratchasima,AG,plantation_enrichment,1,0,0,0,1,0,,1.0,Hopea odorata,Hopea,odorata,Dipterocarpaceae,58.3,14.5,101.905,0.635,1,1,204.0,SA2009,train
2459,Thailand,Nakhon Ratchasima,AG,plantation_enrichment,1,0,0,0,1,0,,1.0,Hopea odorata,Hopea,odorata,Dipterocarpaceae,84.3,14.5,101.905,0.635,1,1,24.0,SA2009,train
2460,Thailand,Nakhon Ratchasima,AG,plantation_enrichment,1,0,0,0,1,0,,1.0,Hopea odorata,Hopea,odorata,Dipterocarpaceae,77.8,14.5,101.905,0.635,1,1,60.0,SA2009,train
2461,Thailand,Nakhon Ratchasima,AG,plantation_enrichment,1,0,0,0,1,0,,1.0,Hopea odorata,Hopea,odorata,Dipterocarpaceae,70.4,14.5,101.905,0.635,1,1,204.0,SA2009,train
2462,Thailand,Nakhon Ratchasima,AG,plantation_enrichment,1,0,0,0,1,0,,1.0,Hopea odorata,Hopea,odorata,Dipterocarpaceae,91.7,14.5,101.905,0.635,1,1,48.0,SA2009,train
2463,Thailand,Nakhon Ratchasima,AG,plantation_enrichment,1,0,0,0,1,0,,1.0,Hopea odorata,Hopea,odorata,Dipterocarpaceae,90.7,14.5,101.905,0.635,1,1,60.0,SA2009,train
2464,Thailand,Nakhon Ratchasima,AG,plantation_enrichment,1,0,0,0,1,0,,1.0,Hopea odorata,Hopea,odorata,Dipterocarpaceae,91.7,14.5,101.905,0.635,1,1,24.0,SA2009,train
2465,Thailand,Nakhon Ratchasima,AG,plantation_enrichment,1,0,0,0,1,0,,1.0,Hopea odorata,Hopea,odorata,Dipterocarpaceae,84.3,14.5,101.905,0.635,1,1,60.0,SA2009,train
2466,Thailand,Nakhon Ratchasima,AG,plantation_enrichment,1,0,0,0,1,0,,1.0,Hopea odorata,Hopea,odorata,Dipterocarpaceae,35.2,14.5,101.905,0.635,1,1,204.0,SA2009,train
2467,Thailand,Nakhon Ratchasima,AG,plantation_enrichment,1,0,0,0,1,0,,1.0,Hopea odorata,Hopea,odorata,Dipterocarpaceae,71.3,14.5,101.905,0.635,1,1,204.0,SA2009,train
2468,Thailand,Nakhon Ratchasima,AG,plantation_enrichment,1,0,0,0,1,0,,1.0,Hopea odorata,Hopea,odorata,Dipterocarpaceae,75.9,14.5,101.905,0.635,1,1,24.0,SA2009,train
2469,Thailand,Nakhon Ratchasima,PL,plantation_enrichment,0,1,0,0,0,0,,3.0,Hopea odorata,Hopea,odorata,Dipterocarpaceae,100.0,14.50527778,101.8911111,0.635,1,1,30.0,SA2011,train
2470,Thailand,Nakhon Ratchasima,PL,plantation_enrichment,1,1,0,0,0,0,,3.0,Xylia xylocarpa,Xylia,xylocarpa,Fabaceae,96.0,14.50527778,101.8911111,0.68,1,1,30.0,SA2011,train
2471,Thailand,Nakhon Ratchasima,PL,plantation_enrichment,1,0,0,0,0,0,,3.0,Xylia xylocarpa,Xylia,xylocarpa,Fabaceae,91.5,14.50527778,101.8911111,0.68,1,1,30.0,SA2011,train
2472,Thailand,Nakhon Ratchasima,PL,plantation_enrichment,1,1,0,0,0,0,,3.0,Hopea odorata,Hopea,odorata,Dipterocarpaceae,98.5,14.50527778,101.8911111,0.635,1,1,30.0,SA2011,train
2473,Thailand,Nakhon Ratchasima,PL,plantation_enrichment,1,1,0,0,0,0,,3.0,Hopea odorata,Hopea,odorata,Dipterocarpaceae,96.0,14.50527778,101.8911111,0.635,1,1,30.0,SA2011,train
2474,Thailand,Nakhon Ratchasima,PL,plantation_enrichment,1,0,0,0,0,0,,3.0,Hopea odorata,Hopea,odorata,Dipterocarpaceae,100.0,14.50527778,101.8911111,0.635,1,1,30.0,SA2011,train
2475,Thailand,Nakhon Ratchasima,PL,plantation_enrichment,0,1,0,0,0,0,,3.0,Hopea ferrea,Hopea,ferrea,Dipterocarpaceae,100.0,14.50527778,101.8911111,0.89,1,1,30.0,SA2011,train
2476,Thailand,Nakhon Ratchasima,PL,plantation_enrichment,1,1,0,0,0,0,,3.0,Hopea ferrea,Hopea,ferrea,Dipterocarpaceae,97.0,14.50527778,101.8911111,0.89,1,1,30.0,SA2011,train
2477,Thailand,Nakhon Ratchasima,PL,plantation_enrichment,1,1,0,0,0,0,,3.0,Hopea ferrea,Hopea,ferrea,Dipterocarpaceae,100.0,14.50527778,101.8911111,0.89,1,1,30.0,SA2011,train
2478,Thailand,Nakhon Ratchasima,PL,plantation_enrichment,1,0,0,0,0,0,,3.0,Hopea ferrea,Hopea,ferrea,Dipterocarpaceae,98.5,14.50527778,101.8911111,0.89,1,1,30.0,SA2011,train
2479,Thailand,Nakhon Ratchasima,PL,plantation_enrichment,0,1,0,0,0,0,,3.0,Xylia xylocarpa,Xylia,xylocarpa,Fabaceae,93.0,14.50527778,101.8911111,0.68,1,1,30.0,SA2011,train
2480,Thailand,Nakhon Ratchasima,PL,plantation_enrichment,1,0,0,0,0,0,,4.0,Dipterocarpus scaber,Dipterocarpus,scaber,Dipterocarpaceae,84.99194847,14.5,101.905,0.654277244,1,1,12.0,SA2014,train
2481,Thailand,Nakhon Ratchasima,PL,plantation_enrichment,1,0,0,0,0,0,,4.0,Dipterocarpus scaber,Dipterocarpus,scaber,Dipterocarpaceae,81.20571659,14.5,101.905,0.654277244,1,1,24.0,SA2014,train
2482,Thailand,Nakhon Ratchasima,PL,plantation_enrichment,1,0,0,0,0,0,,4.0,Dipterocarpus scaber,Dipterocarpus,scaber,Dipterocarpaceae,80.02415459,14.5,101.905,0.654277244,1,1,36.0,SA2014,train
2483,Thailand,Nakhon Ratchasima,PL,plantation_enrichment,1,0,0,0,0,0,,4.0,Dipterocarpus scaber,Dipterocarpus,scaber,Dipterocarpaceae,76.60829308,14.5,101.905,0.654277244,1,1,48.0,SA2014,train
2484,Thailand,Nakhon Ratchasima,PL,plantation_enrichment,1,0,0,0,0,0,,4.0,Dipterocarpus scaber,Dipterocarpus,scaber,Dipterocarpaceae,75.21940419,14.5,101.905,0.654277244,1,1,72.0,SA2014,train
2485,Thailand,Nakhon Ratchasima,PL,plantation_enrichment,1,0,0,0,0,0,,4.0,Hopea odorata,Hopea,odorata,Dipterocarpaceae,71.66062802,14.5,101.905,0.635,1,1,12.0,SA2014,train
2486,Thailand,Nakhon Ratchasima,PL,plantation_enrichment,1,0,0,0,0,0,,4.0,Hopea odorata,Hopea,odorata,Dipterocarpaceae,65.64814815,14.5,101.905,0.635,1,1,24.0,SA2014,train
2487,Thailand,Nakhon Ratchasima,PL,plantation_enrichment,1,0,0,0,0,0,,4.0,Hopea odorata,Hopea,odorata,Dipterocarpaceae,64.8389694,14.5,101.905,0.635,1,1,36.0,SA2014,train
2488,Thailand,Nakhon Ratchasima,PL,plantation_enrichment,1,0,0,0,0,0,,4.0,Hopea odorata,Hopea,odorata,Dipterocarpaceae,59.94967794,14.5,101.905,0.635,1,1,48.0,SA2014,train
2489,Thailand,Nakhon Ratchasima,PL,plantation_enrichment,1,0,0,0,0,0,,4.0,Hopea odorata,Hopea,odorata,Dipterocarpaceae,57.81199678,14.5,101.905,0.635,1,1,72.0,SA2014,train
2490,Thailand,Nakhon Ratchasima,PL,plantation_enrichment,1,0,0,0,0,0,,4.0,Dipterocarpus turbinatus,Dipterocarpus,turbinatus,Dipterocarpaceae,12.76570048,14.5,101.905,0.619,1,1,12.0,SA2014,train
2491,Thailand,Nakhon Ratchasima,PL,plantation_enrichment,1,0,0,0,0,0,,4.0,Dipterocarpus turbinatus,Dipterocarpus,turbinatus,Dipterocarpaceae,10.83534622,14.5,101.905,0.619,1,1,24.0,SA2014,train
2492,Thailand,Nakhon Ratchasima,PL,plantation_enrichment,1,0,0,0,0,0,,4.0,Dipterocarpus turbinatus,Dipterocarpus,turbinatus,Dipterocarpaceae,10.39855072,14.5,101.905,0.619,1,1,36.0,SA2014,train
2493,Thailand,Nakhon Ratchasima,PL,plantation_enrichment,1,0,0,0,0,0,,4.0,Dipterocarpus turbinatus,Dipterocarpus,turbinatus,Dipterocarpaceae,6.247987118,14.5,101.905,0.619,1,1,48.0,SA2014,train
2494,Thailand,Nakhon Ratchasima,PL,plantation_enrichment,1,0,0,0,0,0,,4.0,Dipterocarpus turbinatus,Dipterocarpus,turbinatus,Dipterocarpaceae,5.221417069,14.5,101.905,0.619,1,1,72.0,SA2014,train
2495,Thailand,Nakhon Ratchasima,PL,plantation_enrichment,1,0,0,0,0,0,,4.0,Shorea henryana,Shorea,henryana,Dipterocarpaceae,79.06602254,14.5,101.905,0.66,1,1,12.0,SA2014,train
2496,Thailand,Nakhon Ratchasima,PL,plantation_enrichment,1,0,0,0,0,0,,4.0,Shorea henryana,Shorea,henryana,Dipterocarpaceae,58.98752013,14.5,101.905,0.66,1,1,24.0,SA2014,train
2497,Thailand,Nakhon Ratchasima,PL,plantation_enrichment,1,0,0,0,0,0,,4.0,Shorea henryana,Shorea,henryana,Dipterocarpaceae,57.43760064,14.5,101.905,0.66,1,1,36.0,SA2014,train
2498,Thailand,Nakhon Ratchasima,PL,plantation_enrichment,1,0,0,0,0,0,,4.0,Shorea henryana,Shorea,henryana,Dipterocarpaceae,55.8715781,14.5,101.905,0.66,1,1,48.0,SA2014,train
2499,Thailand,Nakhon Ratchasima,PL,plantation_enrichment,1,0,0,0,0,0,,4.0,Shorea henryana,Shorea,henryana,Dipterocarpaceae,52.63285024,14.5,101.905,0.66,1,1,72.0,SA2014,train
2500,Thailand,Nakhon Ratchasima,PL,plantation_enrichment,0,1,0,0,0,0,,4.0,Dipterocarpus scaber,Dipterocarpus,scaber,Dipterocarpaceae,85.60587762,14.5,101.905,0.654277244,1,1,12.0,SA2014,train
2501,Thailand,Nakhon Ratchasima,PL,plantation_enrichment,0,1,0,0,0,0,,4.0,Dipterocarpus scaber,Dipterocarpus,scaber,Dipterocarpaceae,82.56441224,14.5,101.905,0.654277244,1,1,24.0,SA2014,train
2502,Thailand,Nakhon Ratchasima,PL,plantation_enrichment,0,1,0,0,0,0,,4.0,Dipterocarpus scaber,Dipterocarpus,scaber,Dipterocarpaceae,82.85829308,14.5,101.905,0.654277244,1,1,36.0,SA2014,train
2503,Thailand,Nakhon Ratchasima,PL,plantation_enrichment,0,1,0,0,0,0,,4.0,Dipterocarpus scaber,Dipterocarpus,scaber,Dipterocarpaceae,81.67874396,14.5,101.905,0.654277244,1,1,48.0,SA2014,train
2504,Thailand,Nakhon Ratchasima,PL,plantation_enrichment,0,1,0,0,0,0,,4.0,Dipterocarpus scaber,Dipterocarpus,scaber,Dipterocarpaceae,80.65821256,14.5,101.905,0.654277244,1,1,72.0,SA2014,train
2505,Thailand,Nakhon Ratchasima,PL,plantation_enrichment,0,1,0,0,0,0,,4.0,Hopea odorata,Hopea,odorata,Dipterocarpaceae,82.26449275,14.5,101.905,0.635,1,1,12.0,SA2014,train
2506,Thailand,Nakhon Ratchasima,PL,plantation_enrichment,0,1,0,0,0,0,,4.0,Hopea odorata,Hopea,odorata,Dipterocarpaceae,77.37922705,14.5,101.905,0.635,1,1,24.0,SA2014,train
2507,Thailand,Nakhon Ratchasima,PL,plantation_enrichment,0,1,0,0,0,0,,4.0,Hopea odorata,Hopea,odorata,Dipterocarpaceae,76.9384058,14.5,101.905,0.635,1,1,36.0,SA2014,train
2508,Thailand,Nakhon Ratchasima,PL,plantation_enrichment,0,1,0,0,0,0,,4.0,Hopea odorata,Hopea,odorata,Dipterocarpaceae,74.26529791,14.5,101.905,0.635,1,1,48.0,SA2014,train
2509,Thailand,Nakhon Ratchasima,PL,plantation_enrichment,0,1,0,0,0,0,,4.0,Hopea odorata,Hopea,odorata,Dipterocarpaceae,68.43196457,14.5,101.905,0.635,1,1,72.0,SA2014,train
2510,Thailand,Nakhon Ratchasima,PL,plantation_enrichment,0,1,0,0,0,0,,4.0,Dipterocarpus turbinatus,Dipterocarpus,turbinatus,Dipterocarpaceae,49.67995169,14.5,101.905,0.619,1,1,12.0,SA2014,train
2511,Thailand,Nakhon Ratchasima,PL,plantation_enrichment,0,1,0,0,0,0,,4.0,Dipterocarpus turbinatus,Dipterocarpus,turbinatus,Dipterocarpaceae,47.37721417,14.5,101.905,0.619,1,1,24.0,SA2014,train
2512,Thailand,Nakhon Ratchasima,PL,plantation_enrichment,0,1,0,0,0,0,,4.0,Dipterocarpus turbinatus,Dipterocarpus,turbinatus,Dipterocarpaceae,46.19363929,14.5,101.905,0.619,1,1,36.0,SA2014,train
2513,Thailand,Nakhon Ratchasima,PL,plantation_enrichment,0,1,0,0,0,0,,4.0,Dipterocarpus turbinatus,Dipterocarpus,turbinatus,Dipterocarpaceae,45.74677939,14.5,101.905,0.619,1,1,48.0,SA2014,train
2514,Thailand,Nakhon Ratchasima,PL,plantation_enrichment,0,1,0,0,0,0,,4.0,Dipterocarpus turbinatus,Dipterocarpus,turbinatus,Dipterocarpaceae,41.02254428,14.5,101.905,0.619,1,1,72.0,SA2014,train
2515,Thailand,Nakhon Ratchasima,PL,plantation_enrichment,0,1,0,0,0,0,,4.0,Shorea henryana,Shorea,henryana,Dipterocarpaceae,80.04227053,14.5,101.905,0.66,1,1,12.0,SA2014,train
2516,Thailand,Nakhon Ratchasima,PL,plantation_enrichment,0,1,0,0,0,0,,4.0,Shorea henryana,Shorea,henryana,Dipterocarpaceae,80.33816425,14.5,101.905,0.66,1,1,24.0,SA2014,train
2517,Thailand,Nakhon Ratchasima,PL,plantation_enrichment,0,1,0,0,0,0,,4.0,Shorea henryana,Shorea,henryana,Dipterocarpaceae,78.41586151,14.5,101.905,0.66,1,1,36.0,SA2014,train
2518,Thailand,Nakhon Ratchasima,PL,plantation_enrichment,0,1,0,0,0,0,,4.0,Shorea henryana,Shorea,henryana,Dipterocarpaceae,77.60064412,14.5,101.905,0.66,1,1,48.0,SA2014,train
2519,Thailand,Nakhon Ratchasima,PL,plantation_enrichment,0,1,0,0,0,0,,4.0,Shorea henryana,Shorea,henryana,Dipterocarpaceae,76.5821256,14.5,101.905,0.66,1,1,72.0,SA2014,train
2520,Indonesia,Riau,DR,open_degraded,0,0,0,0,0,0,1333.333333,2.0,Shorea leprosula,Shorea,leprosula,Dipterocarpaceae,69.5,0.791666667,101.6369444,0.44,0,0,180.0,SAKA2001EMTP_Riau,train
2521,Indonesia,Riau,DR,open_degraded,0,0,0,0,0,0,666.6666667,2.0,Shorea leprosula,Shorea,leprosula,Dipterocarpaceae,59.5,0.791666667,101.6369444,0.44,0,0,180.0,SAKA2001EMTP_Riau,train
2522,Indonesia,Riau,DR,open_degraded,0,0,0,0,0,0,1333.333333,2.0,Shorea selanica,Shorea,selanica,Dipterocarpaceae,52.0,0.791666667,101.6369444,0.37,0,0,180.0,SAKA2001EMTP_Riau,train
2523,Indonesia,Riau,DR,open_degraded,0,0,0,0,0,0,666.6666667,2.0,Shorea selanica,Shorea,selanica,Dipterocarpaceae,40.5,0.791666667,101.6369444,0.37,0,0,180.0,SAKA2001EMTP_Riau,train
2528,Indonesia,Central Kalimantan,F,open_degraded,0,0,0,0,0,0,1111.111111,1.0,Shorea balangeran,Shorea,balangeran,Dipterocarpaceae,70.9,-2.338055556,114.0702778,0.69,0,0,9.0,SANT2020PTBU,train
2529,Indonesia,Central Kalimantan,F,open_degraded,0,0,0,0,0,0,1111.111111,1.0,Shorea balangeran,Shorea,balangeran,Dipterocarpaceae,69.0,-2.338055556,114.0702778,0.69,0,0,29.0,SANT2020PTBU,train
2530,Indonesia,Jambi,PL,plantation_enrichment,0,0,0,0,1,0,2500.0,3.0,Durio zibethinus,Durio,zibethinus,Malvaceae,58.93,-1.154444444,103.565,0.516,1,0,11.0,SL2020DOAO,train
2531,Indonesia,Jambi,PL,plantation_enrichment,0,0,0,0,1,0,2500.0,3.0,Durio zibethinus,Durio,zibethinus,Malvaceae,40.57,-1.154444444,103.565,0.516,1,0,21.0,SL2020DOAO,train
2532,Indonesia,Jambi,PL,plantation_enrichment,0,0,0,0,1,0,2500.0,3.0,Durio zibethinus,Durio,zibethinus,Malvaceae,93.09,-1.154444444,103.565,0.516,1,0,5.0,SL2020DOAO,train
2533,Indonesia,Jambi,PL,plantation_enrichment,0,0,0,0,1,0,2500.0,3.0,Archidendron jiringa,Archidendron,jiringa,Fabaceae,58.93,-1.154444444,103.565,0.317,1,0,11.0,SL2020DOAO,train
2534,Indonesia,Jambi,PL,plantation_enrichment,0,0,0,0,1,0,2500.0,3.0,Archidendron jiringa,Archidendron,jiringa,Fabaceae,7.0,-1.154444444,103.565,0.317,1,0,21.0,SL2020DOAO,train
2535,Indonesia,Jambi,PL,plantation_enrichment,0,0,0,0,1,0,2500.0,3.0,Archidendron jiringa,Archidendron,jiringa,Fabaceae,92.14,-1.154444444,103.565,0.317,1,0,5.0,SL2020DOAO,train
2536,Indonesia,Jambi,PL,plantation_enrichment,0,0,0,0,1,0,2500.0,3.0,Coffea liberica,Coffea,liberica,Rubiaceae,82.22,-1.154444444,103.565,0.633,1,0,11.0,SL2020DOAO,train
2537,Indonesia,Jambi,PL,plantation_enrichment,0,0,0,0,1,0,2500.0,3.0,Coffea liberica,Coffea,liberica,Rubiaceae,46.88,-1.154444444,103.565,0.633,1,0,21.0,SL2020DOAO,train
2538,Indonesia,Jambi,PL,plantation_enrichment,0,0,0,0,1,0,2500.0,3.0,Coffea liberica,Coffea,liberica,Rubiaceae,96.19,-1.154444444,103.565,0.633,1,0,5.0,SL2020DOAO,train
2539,Indonesia,Jambi,PL,plantation_enrichment,0,0,0,0,1,0,2500.0,3.0,Areca catechu,Areca,catechu,Arecaceae,71.16,-1.154444444,103.565,0.551760417,1,0,11.0,SL2020DOAO,train
2540,Indonesia,Jambi,PL,plantation_enrichment,0,0,0,0,1,0,2500.0,3.0,Areca catechu,Areca,catechu,Arecaceae,66.67,-1.154444444,103.565,0.551760417,1,0,21.0,SL2020DOAO,train
2541,Indonesia,Jambi,PL,plantation_enrichment,0,0,0,0,1,0,2500.0,3.0,Areca catechu,Areca,catechu,Arecaceae,98.61,-1.154444444,103.565,0.551760417,1,0,5.0,SL2020DOAO,train
2542,Indonesia,Jambi,PL,plantation_enrichment,0,0,0,0,1,0,2500.0,3.0,Parkia speciosa,Parkia,speciosa,Fabaceae,62.75,-1.154444444,103.565,0.395,1,0,11.0,SL2020DOAO,train
2543,Indonesia,Jambi,PL,plantation_enrichment,0,0,0,0,1,0,2500.0,3.0,Parkia speciosa,Parkia,speciosa,Fabaceae,36.14,-1.154444444,103.565,0.395,1,0,21.0,SL2020DOAO,train
2544,Indonesia,Jambi,PL,plantation_enrichment,0,0,0,0,1,0,2500.0,3.0,Parkia speciosa,Parkia,speciosa,Fabaceae,83.36,-1.154444444,103.565,0.395,1,0,5.0,SL2020DOAO,train
2545,Indonesia,Jambi,PL,plantation_enrichment,0,0,0,0,1,0,2500.0,3.0,Shorea balangeran,Shorea,balangeran,Dipterocarpaceae,86.55,-1.154444444,103.565,0.69,1,0,11.0,SL2020DOAO,train
2546,Indonesia,Jambi,PL,plantation_enrichment,0,0,0,0,1,0,2500.0,3.0,Shorea balangeran,Shorea,balangeran,Dipterocarpaceae,76.09,-1.154444444,103.565,0.69,1,0,21.0,SL2020DOAO,train
2547,Indonesia,Jambi,PL,plantation_enrichment,0,0,0,0,1,0,2500.0,3.0,Shorea balangeran,Shorea,balangeran,Dipterocarpaceae,97.19,-1.154444444,103.565,0.69,1,0,5.0,SL2020DOAO,train
2548,Indonesia,Central Kalimantan,F,open_degraded,0,0,0,0,1,0,,1.0,Shorea balangeran,Shorea,balangeran,Dipterocarpaceae,94.37784312,-2.209444444,113.89,0.69,1,1,16.0,SM2007ARF,train
2549,Indonesia,Central Kalimantan,F,open_degraded,0,0,0,0,1,0,,1.0,Shorea balangeran,Shorea,balangeran,Dipterocarpaceae,93.80984694,-2.209444444,113.89,0.69,1,1,25.0,SM2007ARF,train
2550,Indonesia,Central Kalimantan,F,open_degraded,0,0,0,0,1,0,,1.0,Shorea balangeran,Shorea,balangeran,Dipterocarpaceae,92.6964739,-2.209444444,113.89,0.69,1,1,40.0,SM2007ARF,train
2551,Indonesia,Central Kalimantan,F,open_degraded,0,0,0,0,1,0,,1.0,Shorea balangeran,Shorea,balangeran,Dipterocarpaceae,91.9877353,-2.209444444,113.89,0.69,1,1,49.0,SM2007ARF,train
2552,Indonesia,Central Kalimantan,F,open_degraded,0,0,0,0,1,0,,1.0,Shorea balangeran,Shorea,balangeran,Dipterocarpaceae,97.62748498,-2.209444444,113.89,0.69,1,1,4.0,SM2007ARF,train
2553,Indonesia,Central Kalimantan,F,open_degraded,0,0,0,0,1,0,,1.0,Shorea balangeran,Shorea,balangeran,Dipterocarpaceae,90.57277137,-2.209444444,113.89,0.69,1,1,16.0,SM2007ARF,train
2554,Indonesia,Central Kalimantan,F,open_degraded,0,0,0,0,1,0,,1.0,Shorea balangeran,Shorea,balangeran,Dipterocarpaceae,88.20025635,-2.209444444,113.89,0.69,1,1,25.0,SM2007ARF,train
2555,Indonesia,Central Kalimantan,F,open_degraded,0,0,0,0,1,0,,1.0,Shorea balangeran,Shorea,balangeran,Dipterocarpaceae,86.47616175,-2.209444444,113.89,0.69,1,1,40.0,SM2007ARF,train
2556,Indonesia,Central Kalimantan,F,open_degraded,0,0,0,0,1,0,,1.0,Shorea balangeran,Shorea,balangeran,Dipterocarpaceae,86.34547237,-2.209444444,113.89,0.69,1,1,49.0,SM2007ARF,train
2557,Indonesia,Central Kalimantan,F,open_degraded,0,0,0,0,1,0,,1.0,Shorea balangeran,Shorea,balangeran,Dipterocarpaceae,92.33959134,-2.209444444,113.89,0.69,1,1,4.0,SM2007ARF,train
2558,Indonesia,Central Kalimantan,F,open_degraded,0,0,0,0,1,0,,1.0,Shorea balangeran,Shorea,balangeran,Dipterocarpaceae,86.14943829,-2.209444444,113.89,0.69,1,1,16.0,SM2007ARF,train
2559,Indonesia,Central Kalimantan,F,open_degraded,0,0,0,0,1,0,,1.0,Shorea balangeran,Shorea,balangeran,Dipterocarpaceae,86.34295911,-2.209444444,113.89,0.69,1,1,25.0,SM2007ARF,train
2560,Indonesia,Central Kalimantan,F,open_degraded,0,0,0,0,1,0,,1.0,Shorea balangeran,Shorea,balangeran,Dipterocarpaceae,85.6467868,-2.209444444,113.89,0.69,1,1,40.0,SM2007ARF,train
2561,Indonesia,Central Kalimantan,F,open_degraded,0,0,0,0,1,0,,1.0,Shorea balangeran,Shorea,balangeran,Dipterocarpaceae,83.3144839,-2.209444444,113.89,0.69,1,1,49.0,SM2007ARF,train
2562,Indonesia,Central Kalimantan,F,open_degraded,0,0,0,0,1,0,,1.0,Shorea balangeran,Shorea,balangeran,Dipterocarpaceae,96.09691121,-2.209444444,113.89,0.69,1,1,4.0,SM2007ARF,train
2563,Indonesia,Central Kalimantan,F,open_degraded,0,0,0,0,1,0,,1.0,Shorea balangeran,Shorea,balangeran,Dipterocarpaceae,91.25637739,-2.209444444,113.89,0.69,1,1,16.0,SM2007ARF,train
2564,Indonesia,Central Kalimantan,F,open_degraded,0,0,0,0,1,0,,1.0,Shorea balangeran,Shorea,balangeran,Dipterocarpaceae,91.44738496,-2.209444444,113.89,0.69,1,1,25.0,SM2007ARF,train
2565,Indonesia,Central Kalimantan,F,open_degraded,0,0,0,0,1,0,,1.0,Shorea balangeran,Shorea,balangeran,Dipterocarpaceae,89.73083013,-2.209444444,113.89,0.69,1,1,40.0,SM2007ARF,train
2566,Indonesia,Central Kalimantan,F,open_degraded,0,0,0,0,1,0,,1.0,Shorea balangeran,Shorea,balangeran,Dipterocarpaceae,88.92910101,-2.209444444,113.89,0.69,1,1,49.0,SM2007ARF,train
2567,Indonesia,Central Kalimantan,F,open_degraded,0,0,0,0,1,0,,1.0,Shorea balangeran,Shorea,balangeran,Dipterocarpaceae,93.03827691,-2.209444444,113.89,0.69,1,1,4.0,SM2007ARF,train
2568,Thailand,Sakaew,AG,open_degraded,1,0,1,0,0,1,,1.0,Acacia mangium,Acacia,mangium,Fabaceae,100.0,13.565,102.1722222,0.507,1,1,20.0,ST2016,train
2569,Thailand,Sakaew,AG,open_degraded,1,0,1,0,0,1,,1.0,Dalbergia cochinchinensis,Dalbergia,cochinchinensis,Fabaceae,97.62711864,13.565,102.1722222,0.88,1,1,20.0,ST2016,train
2570,Thailand,Sakaew,AG,open_degraded,1,0,1,0,0,1,,1.0,Dalbergia cochinchinensis,Dalbergia,cochinchinensis,Fabaceae,90.50847458,13.565,102.1722222,0.88,1,1,20.0,ST2016,train
2571,Thailand,Sakaew,AG,open_degraded,1,0,1,0,0,1,,1.0,Dalbergia cochinchinensis,Dalbergia,cochinchinensis,Fabaceae,84.06779661,13.565,102.1722222,0.88,1,1,20.0,ST2016,train
2572,Thailand,Sakaew,AG,open_degraded,1,0,1,0,0,1,,1.0,Xylia xylocarpa,Xylia,xylocarpa,Fabaceae,100.0,13.565,102.1722222,0.68,1,1,20.0,ST2016,train
2573,Thailand,Sakaew,AG,open_degraded,1,0,1,0,0,1,,1.0,Xylia xylocarpa,Xylia,xylocarpa,Fabaceae,97.96610169,13.565,102.1722222,0.68,1,1,20.0,ST2016,train
2574,Thailand,Sakaew,AG,open_degraded,1,0,1,0,0,1,,1.0,Xylia xylocarpa,Xylia,xylocarpa,Fabaceae,99.66101695,13.565,102.1722222,0.68,1,1,20.0,ST2016,train
2575,Thailand,Sakaew,AG,open_degraded,1,0,1,0,0,1,,1.0,Xylia xylocarpa,Xylia,xylocarpa,Fabaceae,98.98305085,13.565,102.1722222,0.68,1,1,20.0,ST2016,train
2576,Thailand,Sakaew,AG,open_degraded,1,0,1,0,0,1,,1.0,Xylia xylocarpa,Xylia,xylocarpa,Fabaceae,98.30508475,13.565,102.1722222,0.68,1,1,20.0,ST2016,train
2577,Thailand,Sakaew,AG,open_degraded,1,0,1,0,0,1,,1.0,Acacia mangium,Acacia,mangium,Fabaceae,98.98305085,13.565,102.1722222,0.507,1,1,20.0,ST2016,train
2578,Thailand,Sakaew,AG,open_degraded,1,0,1,0,0,1,,1.0,Acacia mangium,Acacia,mangium,Fabaceae,94.91525424,13.565,102.1722222,0.507,1,1,20.0,ST2016,train
2579,Thailand,Sakaew,AG,open_degraded,1,0,1,0,0,1,,1.0,Acacia mangium,Acacia,mangium,Fabaceae,99.66101695,13.565,102.1722222,0.507,1,1,20.0,ST2016,train
2580,Thailand,Sakaew,AG,open_degraded,1,0,1,0,0,1,,1.0,Acacia mangium,Acacia,mangium,Fabaceae,96.61016949,13.565,102.1722222,0.507,1,1,20.0,ST2016,train
2581,Thailand,Sakaew,AG,open_degraded,1,0,1,0,0,1,,1.0,Dalbergia cochinchinensis,Dalbergia,cochinchinensis,Fabaceae,89.49152542,13.565,102.1722222,0.88,1,1,20.0,ST2016,train
2582,Thailand,Sakaew,AG,open_degraded,1,0,1,0,0,1,,1.0,Dalbergia cochinchinensis,Dalbergia,cochinchinensis,Fabaceae,94.91525424,13.565,102.1722222,0.88,1,1,20.0,ST2016,train
2583,Thailand,Sakaew,AG,open_degraded,1,0,1,0,0,1,,1.0,Dalbergia cochinchinensis,Dalbergia,cochinchinensis,Fabaceae,96.27118644,13.565,102.1722222,0.88,1,1,20.0,ST2016,train
2584,Laos,Sang Thong,LG,open_degraded,1,0,0,0,0,0,,5.0,Pterocarpus macrocarpus,Pterocarpus,macrocarpus,Fabaceae,34.3,18.27388889,102.1752778,0.7,1,1,84.0,STM2010,train
2585,Laos,Sang Thong,LG,open_degraded,1,0,0,0,0,0,,5.0,Vatica cinerea,Vatica,cinerea,Dipterocarpaceae,51.0,18.27388889,102.1752778,0.706897436,1,1,84.0,STM2010,train
2586,Laos,Sang Thong,LG,open_degraded,1,0,0,0,0,0,,5.0,Afzelia xylocarpa,Afzelia,xylocarpa,Fabaceae,36.0,18.27388889,102.1752778,0.669883983,1,1,84.0,STM2010,train
2587,Laos,Sang Thong,LG,open_degraded,1,0,0,0,0,0,,5.0,Dalbergia cochinchinensis,Dalbergia,cochinchinensis,Fabaceae,44.7,18.27388889,102.1752778,0.88,1,1,84.0,STM2010,train
2588,Laos,Sang Thong,LG,open_degraded,1,0,0,0,0,0,,5.0,Dipterocarpus scaber,Dipterocarpus,scaber,Dipterocarpaceae,50.0,18.27388889,102.1752778,0.654277244,1,1,84.0,STM2010,train
2589,Laos,Sang Thong,LG,open_degraded,1,0,0,0,0,0,,5.0,Vatica cinerea,Vatica,cinerea,Dipterocarpaceae,52.8,18.27388889,102.1752778,0.706897436,1,1,84.0,STM2010,train
2590,Laos,Sang Thong,LG,open_degraded,1,0,0,0,0,0,,5.0,Pterocarpus macrocarpus,Pterocarpus,macrocarpus,Fabaceae,28.8,18.27388889,102.1752778,0.7,1,1,84.0,STM2010,train
2591,Laos,Sang Thong,LG,open_degraded,1,0,0,0,0,0,,5.0,Afzelia xylocarpa,Afzelia,xylocarpa,Fabaceae,32.3,18.27388889,102.1752778,0.669883983,1,1,84.0,STM2010,train
2592,Laos,Sang Thong,LG,open_degraded,1,0,0,0,0,0,,5.0,Dalbergia cochinchinensis,Dalbergia,cochinchinensis,Fabaceae,41.1,18.27388889,102.1752778,0.88,1,1,84.0,STM2010,train
2593,Laos,Sang Thong,LG,open_degraded,1,0,0,0,0,0,,5.0,Dipterocarpus scaber,Dipterocarpus,scaber,Dipterocarpaceae,50.1,18.27388889,102.1752778,0.654277244,1,1,84.0,STM2010,train
2623,Indonesia,Jambi,PL,plantation_enrichment,1,0,0,0,1,0,156.25,1.0,Dyera polyphylla,Dyera,polyphylla,Apocynaceae,94.8,-0.988888889,103.3363889,0.33,1,0,12.0,THL2016DODP_MekarJayaBO,train
2624,Indonesia,Jambi,PL,plantation_enrichment,1,0,0,0,1,0,156.25,1.0,Dyera polyphylla,Dyera,polyphylla,Apocynaceae,90.2,-0.988888889,103.3363889,0.33,1,0,18.0,THL2016DODP_MekarJayaBO,train
2625,Indonesia,Jambi,PL,plantation_enrichment,1,0,0,0,1,0,156.25,1.0,Dyera polyphylla,Dyera,polyphylla,Apocynaceae,88.6,-0.988888889,103.3363889,0.33,1,0,12.0,THL2016DODP_MekarJayaKS,train
2626,Indonesia,Jambi,PL,plantation_enrichment,1,0,0,0,1,0,156.25,1.0,Dyera polyphylla,Dyera,polyphylla,Apocynaceae,86.7,-0.988888889,103.3363889,0.33,1,0,18.0,THL2016DODP_MekarJayaKS,train
2627,Indonesia,Jambi,PL,plantation_enrichment,0,0,0,0,1,0,156.25,1.0,Dyera polyphylla,Dyera,polyphylla,Apocynaceae,55.0,-1.052777778,103.3772222,0.33,1,0,12.0,THL2016DODP_MuntialoJayaHR,train
2628,Indonesia,Jambi,PL,plantation_enrichment,0,0,0,0,1,0,156.25,1.0,Dyera polyphylla,Dyera,polyphylla,Apocynaceae,22.1,-1.052777778,103.3772222,0.33,1,0,18.0,THL2016DODP_MuntialoJayaHR,train
2629,Indonesia,Jambi,PL,plantation_enrichment,1,0,0,0,1,0,1111.111111,1.0,Dyera polyphylla,Dyera,polyphylla,Apocynaceae,86.3,-1.052222222,103.4019444,0.33,1,0,12.0,THL2016DODP_TelukKulbiKD,train
2630,Indonesia,Jambi,PL,plantation_enrichment,1,0,0,0,1,0,1111.111111,1.0,Dyera polyphylla,Dyera,polyphylla,Apocynaceae,74.7,-1.052222222,103.4019444,0.33,1,0,18.0,THL2016DODP_TelukKulbiKD,train
2631,Indonesia,Jambi,PL,plantation_enrichment,1,0,0,0,1,0,400.0,1.0,Dyera polyphylla,Dyera,polyphylla,Apocynaceae,95.6,-0.854166667,103.1961111,0.33,1,0,12.0,THL2016DODP_TelukNilauMS,train
2632,Indonesia,Jambi,PL,plantation_enrichment,1,0,0,0,1,0,400.0,1.0,Dyera polyphylla,Dyera,polyphylla,Apocynaceae,87.5,-0.854166667,103.1961111,0.33,1,0,18.0,THL2016DODP_TelukNilauMS,train
2641,Indonesia,Central Kalimantan,F,open_degraded,1,0,0,0,0,0,1666.666667,5.0,Shorea pinanga,Shorea,pinanga,Dipterocarpaceae,16.0,-2.209444444,113.89,0.363333333,1,0,8.0,TK2002RID,train
2642,Indonesia,Central Kalimantan,F,open_degraded,1,0,0,0,0,0,1666.666667,5.0,Shorea pinanga,Shorea,pinanga,Dipterocarpaceae,20.0,-2.209444444,113.89,0.363333333,1,0,4.0,TK2002RID,train
2643,Indonesia,Central Kalimantan,F,open_degraded,1,0,0,0,1,0,1666.666667,5.0,Shorea seminis,Shorea,seminis,Dipterocarpaceae,22.0,-2.209444444,113.89,0.72,1,0,8.0,TK2002RID,train
2644,Indonesia,Central Kalimantan,F,open_degraded,1,0,0,0,1,0,1666.666667,5.0,Shorea seminis,Shorea,seminis,Dipterocarpaceae,44.0,-2.209444444,113.89,0.72,1,0,4.0,TK2002RID,train
2645,Indonesia,Central Kalimantan,F,open_degraded,0,0,0,1,0,0,1666.666667,5.0,Shorea seminis,Shorea,seminis,Dipterocarpaceae,25.0,-2.209444444,113.89,0.72,1,0,8.0,TK2002RID,train
2646,Indonesia,Central Kalimantan,F,open_degraded,0,0,0,1,0,0,1666.666667,5.0,Shorea seminis,Shorea,seminis,Dipterocarpaceae,55.0,-2.209444444,113.89,0.72,1,0,4.0,TK2002RID,train
2647,Indonesia,Central Kalimantan,F,open_degraded,0,0,0,0,0,0,1666.666667,5.0,Shorea seminis,Shorea,seminis,Dipterocarpaceae,26.0,-2.209444444,113.89,0.72,0,0,8.0,TK2002RID,train
2648,Indonesia,Central Kalimantan,F,open_degraded,0,0,0,0,0,0,1666.666667,5.0,Shorea seminis,Shorea,seminis,Dipterocarpaceae,54.0,-2.209444444,113.89,0.72,0,0,4.0,TK2002RID,train
2649,Indonesia,Central Kalimantan,F,open_degraded,1,0,0,0,0,0,1666.666667,5.0,Shorea seminis,Shorea,seminis,Dipterocarpaceae,16.0,-2.209444444,113.89,0.72,1,0,8.0,TK2002RID,train
2650,Indonesia,Central Kalimantan,F,open_degraded,1,0,0,0,0,0,1666.666667,5.0,Shorea seminis,Shorea,seminis,Dipterocarpaceae,46.0,-2.209444444,113.89,0.72,1,0,4.0,TK2002RID,train
2651,Indonesia,Central Kalimantan,F,open_degraded,1,0,0,0,1,0,1666.666667,5.0,Shorea seminis,Shorea,seminis,Dipterocarpaceae,26.0,-2.209444444,113.89,0.72,1,0,8.0,TK2002RID,train
2652,Indonesia,Central Kalimantan,F,open_degraded,1,0,0,0,1,0,1666.666667,5.0,Shorea seminis,Shorea,seminis,Dipterocarpaceae,46.0,-2.209444444,113.89,0.72,1,0,4.0,TK2002RID,train
2653,Indonesia,Central Kalimantan,F,open_degraded,0,0,0,0,0,0,1666.666667,5.0,Shorea seminis,Shorea,seminis,Dipterocarpaceae,38.0,-2.209444444,113.89,0.72,0,0,8.0,TK2002RID,train
2654,Indonesia,Central Kalimantan,F,open_degraded,0,0,0,0,0,0,1666.666667,5.0,Shorea seminis,Shorea,seminis,Dipterocarpaceae,68.0,-2.209444444,113.89,0.72,0,0,4.0,TK2002RID,train
2655,Indonesia,Central Kalimantan,F,open_degraded,1,0,0,0,0,0,1666.666667,5.0,Peronema canescens,Peronema,canescens,Lamiaceae,14.0,-2.209444444,113.89,0.57,1,0,8.0,TK2002RID,train
2656,Indonesia,Central Kalimantan,F,open_degraded,1,0,0,0,0,0,1666.666667,5.0,Peronema canescens,Peronema,canescens,Lamiaceae,26.0,-2.209444444,113.89,0.57,1,0,4.0,TK2002RID,train
2657,Indonesia,Central Kalimantan,F,open_degraded,1,0,0,0,1,0,1666.666667,5.0,Peronema canescens,Peronema,canescens,Lamiaceae,38.0,-2.209444444,113.89,0.57,1,0,8.0,TK2002RID,train
2658,Indonesia,Central Kalimantan,F,open_degraded,1,0,0,0,1,0,1666.666667,5.0,Peronema canescens,Peronema,canescens,Lamiaceae,42.0,-2.209444444,113.89,0.57,1,0,4.0,TK2002RID,train
2659,Indonesia,Central Kalimantan,F,open_degraded,0,0,0,1,0,0,1666.666667,5.0,Peronema canescens,Peronema,canescens,Lamiaceae,25.0,-2.209444444,113.89,0.57,1,0,8.0,TK2002RID,train
2660,Indonesia,Central Kalimantan,F,open_degraded,0,0,0,1,0,0,1666.666667,5.0,Peronema canescens,Peronema,canescens,Lamiaceae,35.0,-2.209444444,113.89,0.57,1,0,4.0,TK2002RID,train
2661,Indonesia,Central Kalimantan,F,open_degraded,1,0,0,0,1,0,1666.666667,5.0,Shorea pinanga,Shorea,pinanga,Dipterocarpaceae,2.0,-2.209444444,113.89,0.363333333,1,0,8.0,TK2002RID,train
2662,Indonesia,Central Kalimantan,F,open_degraded,1,0,0,0,1,0,1666.666667,5.0,Shorea pinanga,Shorea,pinanga,Dipterocarpaceae,4.0,-2.209444444,113.89,0.363333333,1,0,4.0,TK2002RID,train
2663,Indonesia,Central Kalimantan,F,open_degraded,0,0,0,0,0,0,1666.666667,5.0,Peronema canescens,Peronema,canescens,Lamiaceae,22.0,-2.209444444,113.89,0.57,0,0,8.0,TK2002RID,train
2664,Indonesia,Central Kalimantan,F,open_degraded,0,0,0,0,0,0,1666.666667,5.0,Peronema canescens,Peronema,canescens,Lamiaceae,36.0,-2.209444444,113.89,0.57,0,0,4.0,TK2002RID,train
2665,Indonesia,Central Kalimantan,F,open_degraded,1,0,0,0,0,0,1666.666667,5.0,Peronema canescens,Peronema,canescens,Lamiaceae,25.0,-2.209444444,113.89,0.57,1,0,8.0,TK2002RID,train
2666,Indonesia,Central Kalimantan,F,open_degraded,1,0,0,0,0,0,1666.666667,5.0,Peronema canescens,Peronema,canescens,Lamiaceae,35.0,-2.209444444,113.89,0.57,1,0,4.0,TK2002RID,train
2667,Indonesia,Central Kalimantan,F,open_degraded,1,0,0,0,1,0,1666.666667,5.0,Peronema canescens,Peronema,canescens,Lamiaceae,8.0,-2.209444444,113.89,0.57,1,0,8.0,TK2002RID,train
2668,Indonesia,Central Kalimantan,F,open_degraded,1,0,0,0,1,0,1666.666667,5.0,Peronema canescens,Peronema,canescens,Lamiaceae,10.0,-2.209444444,113.89,0.57,1,0,4.0,TK2002RID,train
2669,Indonesia,Central Kalimantan,F,open_degraded,0,0,0,1,0,0,1666.666667,5.0,Peronema canescens,Peronema,canescens,Lamiaceae,20.0,-2.209444444,113.89,0.57,1,0,8.0,TK2002RID,train
2670,Indonesia,Central Kalimantan,F,open_degraded,0,0,0,1,0,0,1666.666667,5.0,Peronema canescens,Peronema,canescens,Lamiaceae,30.0,-2.209444444,113.89,0.57,1,0,4.0,TK2002RID,train
2671,Indonesia,Central Kalimantan,F,open_degraded,0,0,0,0,0,0,1666.666667,5.0,Peronema canescens,Peronema,canescens,Lamiaceae,4.0,-2.209444444,113.89,0.57,0,0,8.0,TK2002RID,train
2672,Indonesia,Central Kalimantan,F,open_degraded,0,0,0,0,0,0,1666.666667,5.0,Peronema canescens,Peronema,canescens,Lamiaceae,4.0,-2.209444444,113.89,0.57,0,0,4.0,TK2002RID,train
2673,Indonesia,Central Kalimantan,F,open_degraded,1,0,0,0,0,0,1666.666667,5.0,Palaquium leiocarpum,Palaquium,leiocarpum,Sapotaceae,50.0,-2.209444444,113.89,0.71,1,0,8.0,TK2002RID,train
2674,Indonesia,Central Kalimantan,F,open_degraded,1,0,0,0,0,0,1666.666667,5.0,Palaquium leiocarpum,Palaquium,leiocarpum,Sapotaceae,60.0,-2.209444444,113.89,0.71,1,0,4.0,TK2002RID,train
2675,Indonesia,Central Kalimantan,F,open_degraded,1,0,0,0,1,0,1666.666667,5.0,Palaquium leiocarpum,Palaquium,leiocarpum,Sapotaceae,60.0,-2.209444444,113.89,0.71,1,0,8.0,TK2002RID,train
2676,Indonesia,Central Kalimantan,F,open_degraded,1,0,0,0,1,0,1666.666667,5.0,Palaquium leiocarpum,Palaquium,leiocarpum,Sapotaceae,60.0,-2.209444444,113.89,0.71,1,0,4.0,TK2002RID,train
2677,Indonesia,Central Kalimantan,F,open_degraded,0,0,0,1,0,0,1666.666667,5.0,Palaquium leiocarpum,Palaquium,leiocarpum,Sapotaceae,90.0,-2.209444444,113.89,0.71,1,0,8.0,TK2002RID,train
2678,Indonesia,Central Kalimantan,F,open_degraded,0,0,0,1,0,0,1666.666667,5.0,Palaquium leiocarpum,Palaquium,leiocarpum,Sapotaceae,95.0,-2.209444444,113.89,0.71,1,0,4.0,TK2002RID,train
2679,Indonesia,Central Kalimantan,F,open_degraded,0,0,0,0,0,0,1666.666667,5.0,Palaquium leiocarpum,Palaquium,leiocarpum,Sapotaceae,80.0,-2.209444444,113.89,0.71,0,0,8.0,TK2002RID,train
2680,Indonesia,Central Kalimantan,F,open_degraded,0,0,0,0,0,0,1666.666667,5.0,Palaquium leiocarpum,Palaquium,leiocarpum,Sapotaceae,95.0,-2.209444444,113.89,0.71,0,0,4.0,TK2002RID,train
2681,Indonesia,Central Kalimantan,F,open_degraded,1,0,0,0,0,0,1666.666667,5.0,Shorea balangeran,Shorea,balangeran,Dipterocarpaceae,100.0,-2.209444444,113.89,0.69,1,0,8.0,TK2002RID,train
2682,Indonesia,Central Kalimantan,F,open_degraded,1,0,0,0,0,0,1666.666667,5.0,Shorea balangeran,Shorea,balangeran,Dipterocarpaceae,100.0,-2.209444444,113.89,0.69,1,0,4.0,TK2002RID,train
2683,Indonesia,Central Kalimantan,F,open_degraded,0,0,0,1,0,0,1666.666667,5.0,Shorea pinanga,Shorea,pinanga,Dipterocarpaceae,40.0,-2.209444444,113.89,0.363333333,1,0,8.0,TK2002RID,train
2684,Indonesia,Central Kalimantan,F,open_degraded,0,0,0,1,0,0,1666.666667,5.0,Shorea pinanga,Shorea,pinanga,Dipterocarpaceae,65.0,-2.209444444,113.89,0.363333333,1,0,4.0,TK2002RID,train
2685,Indonesia,Central Kalimantan,F,open_degraded,1,0,0,0,1,0,1666.666667,5.0,Shorea balangeran,Shorea,balangeran,Dipterocarpaceae,90.0,-2.209444444,113.89,0.69,1,0,8.0,TK2002RID,train
2686,Indonesia,Central Kalimantan,F,open_degraded,1,0,0,0,1,0,1666.666667,5.0,Shorea balangeran,Shorea,balangeran,Dipterocarpaceae,100.0,-2.209444444,113.89,0.69,1,0,4.0,TK2002RID,train
2687,Indonesia,Central Kalimantan,F,open_degraded,0,0,0,1,0,0,1666.666667,5.0,Shorea balangeran,Shorea,balangeran,Dipterocarpaceae,100.0,-2.209444444,113.89,0.69,1,0,8.0,TK2002RID,train
2688,Indonesia,Central Kalimantan,F,open_degraded,0,0,0,1,0,0,1666.666667,5.0,Shorea balangeran,Shorea,balangeran,Dipterocarpaceae,100.0,-2.209444444,113.89,0.69,1,0,4.0,TK2002RID,train
2689,Indonesia,Central Kalimantan,F,open_degraded,0,0,0,0,0,0,1666.666667,5.0,Shorea balangeran,Shorea,balangeran,Dipterocarpaceae,80.0,-2.209444444,113.89,0.69,0,0,8.0,TK2002RID,train
2690,Indonesia,Central Kalimantan,F,open_degraded,0,0,0,0,0,0,1666.666667,5.0,Shorea balangeran,Shorea,balangeran,Dipterocarpaceae,100.0,-2.209444444,113.89,0.69,0,0,4.0,TK2002RID,train
2691,Indonesia,Central Kalimantan,F,open_degraded,0,0,0,0,0,0,1666.666667,5.0,Shorea pinanga,Shorea,pinanga,Dipterocarpaceae,12.0,-2.209444444,113.89,0.363333333,0,0,8.0,TK2002RID,train
2692,Indonesia,Central Kalimantan,F,open_degraded,0,0,0,0,0,0,1666.666667,5.0,Shorea pinanga,Shorea,pinanga,Dipterocarpaceae,20.0,-2.209444444,113.89,0.363333333,0,0,4.0,TK2002RID,train
2693,Indonesia,Central Kalimantan,F,open_degraded,1,0,0,0,0,0,1666.666667,5.0,Shorea pinanga,Shorea,pinanga,Dipterocarpaceae,14.0,-2.209444444,113.89,0.363333333,1,0,8.0,TK2002RID,train
2694,Indonesia,Central Kalimantan,F,open_degraded,1,0,0,0,0,0,1666.666667,5.0,Shorea pinanga,Shorea,pinanga,Dipterocarpaceae,16.0,-2.209444444,113.89,0.363333333,1,0,4.0,TK2002RID,train
2695,Indonesia,Central Kalimantan,F,open_degraded,1,0,0,0,1,0,1666.666667,5.0,Shorea pinanga,Shorea,pinanga,Dipterocarpaceae,6.0,-2.209444444,113.89,0.363333333,1,0,8.0,TK2002RID,train
2696,Indonesia,Central Kalimantan,F,open_degraded,1,0,0,0,1,0,1666.666667,5.0,Shorea pinanga,Shorea,pinanga,Dipterocarpaceae,13.0,-2.209444444,113.89,0.363333333,1,0,4.0,TK2002RID,train
2697,Indonesia,Central Kalimantan,F,open_degraded,0,0,0,1,0,0,1666.666667,5.0,Shorea pinanga,Shorea,pinanga,Dipterocarpaceae,35.0,-2.209444444,113.89,0.363333333,1,0,8.0,TK2002RID,train
2698,Indonesia,Central Kalimantan,F,open_degraded,0,0,0,1,0,0,1666.666667,5.0,Shorea pinanga,Shorea,pinanga,Dipterocarpaceae,60.0,-2.209444444,113.89,0.363333333,1,0,4.0,TK2002RID,train
2699,Indonesia,Central Kalimantan,F,open_degraded,0,0,0,0,0,0,1666.666667,5.0,Shorea pinanga,Shorea,pinanga,Dipterocarpaceae,24.0,-2.209444444,113.89,0.363333333,0,0,8.0,TK2002RID,train
2700,Indonesia,Central Kalimantan,F,open_degraded,0,0,0,0,0,0,1666.666667,5.0,Shorea pinanga,Shorea,pinanga,Dipterocarpaceae,32.0,-2.209444444,113.89,0.363333333,0,0,4.0,TK2002RID,train
2701,Indonesia,Central Kalimantan,F,open_degraded,1,0,0,0,0,0,1666.666667,5.0,Shorea seminis,Shorea,seminis,Dipterocarpaceae,24.0,-2.209444444,113.89,0.72,1,0,8.0,TK2002RID,train
2702,Indonesia,Central Kalimantan,F,open_degraded,1,0,0,0,0,0,1666.666667,5.0,Shorea seminis,Shorea,seminis,Dipterocarpaceae,70.0,-2.209444444,113.89,0.72,1,0,4.0,TK2002RID,train
2703,Malaysia,Perak,M,open_degraded,1,0,1,0,0,0,,20.0,Dryobalanops beccarii,Dryobalanops,beccarii,Dipterocarpaceae,61.11,4.083333333,101.2333333,0.503333333,1,1,43.0,TL2017,train
2704,Malaysia,Perak,M,open_degraded,1,0,1,0,0,0,,20.0,Shorea roxburghii,Shorea,roxburghii,Dipterocarpaceae,72.22,4.083333333,101.2333333,0.7,1,1,43.0,TL2017,train
2705,Malaysia,Perak,M,open_degraded,1,0,1,0,0,0,,20.0,Agathis borneensis,Agathis,borneensis,Araucariaceae,55.56,4.083333333,101.2333333,0.383333333,1,1,43.0,TL2017,train
2706,Malaysia,Perak,M,open_degraded,1,0,1,0,0,0,,20.0,Aqularia sinensis,Aqularia,sinensis,Thymelaeaceae,83.33,4.083333333,101.2333333,0.529428571,1,1,43.0,TL2017,train
2707,Malaysia,Perak,M,open_degraded,1,0,1,0,0,0,,20.0,Cananga odorata,Cananga,odorata,Annonaceae,5.56,4.083333333,101.2333333,0.3272,1,1,43.0,TL2017,train
2708,Malaysia,Perak,M,open_degraded,1,0,1,0,0,0,,20.0,Careya arborea,Careya,arborea,Lecythidaceae,55.56,4.083333333,101.2333333,0.731333333,1,1,43.0,TL2017,train
2709,Malaysia,Perak,M,open_degraded,1,0,1,0,0,0,,20.0,Garcinia hombroniana,Garcinia,hombroniana,Clusiaceae,44.44,4.083333333,101.2333333,0.68,1,1,43.0,TL2017,train
2710,Malaysia,Perak,M,open_degraded,1,0,1,0,0,0,,20.0,Melaleuca cajuputi,Melaleuca,cajuputi,Myrtaceae,5.56,4.083333333,101.2333333,0.756647186,1,1,43.0,TL2017,train
2711,Malaysia,Perak,M,open_degraded,1,0,1,0,0,0,,20.0,Palaquium gutta,Palaquium,gutta,Sapotaceae,50.0,4.083333333,101.2333333,0.615,1,1,43.0,TL2017,train
2712,Malaysia,Perak,M,open_degraded,1,0,1,0,0,0,,20.0,Pentaspadon motleyi,Pentaspadon,motleyi,Anacardiaceae,83.33,4.083333333,101.2333333,0.5,1,1,43.0,TL2017,train
2713,Malaysia,Perak,M,open_degraded,1,0,1,0,0,0,,20.0,Sindora coriacea,Sindora,coriacea,Fabaceae,44.44,4.083333333,101.2333333,0.55,1,1,43.0,TL2017,train
2714,Malaysia,Perak,M,open_degraded,1,0,1,0,0,0,,20.0,Hopea pubescens,Hopea,pubescens,Dipterocarpaceae,50.0,4.083333333,101.2333333,0.5,1,1,43.0,TL2017,train
2715,Malaysia,Perak,M,open_degraded,1,0,1,0,0,0,,20.0,Streblus elongatus,Streblus,elongatus,Moraceae,11.11,4.083333333,101.2333333,0.825,1,1,43.0,TL2017,train
2716,Malaysia,Perak,M,open_degraded,1,0,1,0,0,0,,20.0,Dryobalanops beccarii,Dryobalanops,beccarii,Dipterocarpaceae,77.78,4.083333333,101.2333333,0.503333333,1,1,43.0,TL2017,train
2717,Malaysia,Perak,M,open_degraded,1,0,1,0,0,0,,20.0,Hopea pubescens,Hopea,pubescens,Dipterocarpaceae,72.22,4.083333333,101.2333333,0.5,1,1,43.0,TL2017,train
2718,Malaysia,Perak,M,open_degraded,1,0,1,0,0,0,,20.0,Neobalanocarpus heimii,Neobalanocarpus,heimii,Dipterocarpaceae,72.22,4.083333333,101.2333333,0.76,1,1,43.0,TL2017,train
2719,Malaysia,Perak,M,open_degraded,1,0,1,0,0,0,,20.0,Shorea curtisii,Shorea,curtisii,Dipterocarpaceae,38.89,4.083333333,101.2333333,0.526666667,1,1,43.0,TL2017,train
2720,Malaysia,Perak,M,open_degraded,1,0,1,0,0,0,,20.0,Shorea leprosula,Shorea,leprosula,Dipterocarpaceae,77.78,4.083333333,101.2333333,0.44,1,1,43.0,TL2017,train
2721,Malaysia,Perak,M,open_degraded,1,0,1,0,0,0,,20.0,Shorea macroptera,Shorea,macroptera,Dipterocarpaceae,61.11,4.083333333,101.2333333,0.425,1,1,43.0,TL2017,train
2722,Malaysia,Perak,M,open_degraded,1,0,1,0,0,0,,20.0,Shorea ovalis,Shorea,ovalis,Dipterocarpaceae,50.0,4.083333333,101.2333333,0.43,1,1,43.0,TL2017,train
2723,Malaysia,Perak,M,open_degraded,1,0,1,0,0,0,,20.0,Shorea parvifolia,Shorea,parvifolia,Dipterocarpaceae,77.78,4.083333333,101.2333333,0.405,1,1,43.0,TL2017,train
2724,Malaysia,Perak,M,open_degraded,1,0,1,0,0,0,,20.0,Shorea platyclados,Shorea,platyclados,Dipterocarpaceae,55.56,4.083333333,101.2333333,0.556666667,1,1,43.0,TL2017,train
2725,Malaysia,Perak,M,open_degraded,1,0,1,0,0,0,,20.0,Shorea roxburghii,Shorea,roxburghii,Dipterocarpaceae,88.89,4.083333333,101.2333333,0.7,1,1,43.0,TL2017,train
2726,Malaysia,Perak,M,open_degraded,1,0,1,0,0,0,,20.0,Agathis borneensis,Agathis,borneensis,Araucariaceae,44.44,4.083333333,101.2333333,0.383333333,1,1,43.0,TL2017,train
2727,Malaysia,Perak,M,open_degraded,1,0,1,0,0,0,,20.0,Aqularia sinensis,Aqularia,sinensis,Thymelaeaceae,61.11,4.083333333,101.2333333,0.529428571,1,1,43.0,TL2017,train
2728,Malaysia,Perak,M,open_degraded,1,0,1,0,0,0,,20.0,Cananga odorata,Cananga,odorata,Annonaceae,38.89,4.083333333,101.2333333,0.3272,1,1,43.0,TL2017,train
2729,Malaysia,Perak,M,open_degraded,1,0,1,0,0,0,,20.0,Careya arborea,Careya,arborea,Lecythidaceae,33.33,4.083333333,101.2333333,0.731333333,1,1,43.0,TL2017,train
2730,Malaysia,Perak,M,open_degraded,1,0,1,0,0,0,,20.0,Garcinia hombroniana,Garcinia,hombroniana,Clusiaceae,61.11,4.083333333,101.2333333,0.68,1,1,43.0,TL2017,train
2731,Malaysia,Perak,M,open_degraded,1,0,1,0,0,0,,20.0,Melaleuca cajuputi,Melaleuca,cajuputi,Myrtaceae,0.0,4.083333333,101.2333333,0.756647186,1,1,43.0,TL2017,train
2732,Malaysia,Perak,M,open_degraded,1,0,1,0,0,0,,20.0,Palaquium gutta,Palaquium,gutta,Sapotaceae,44.44,4.083333333,101.2333333,0.615,1,1,43.0,TL2017,train
2733,Malaysia,Perak,M,open_degraded,1,0,1,0,0,0,,20.0,Sindora coriacea,Sindora,coriacea,Fabaceae,77.78,4.083333333,101.2333333,0.55,1,1,43.0,TL2017,train
2734,Malaysia,Perak,M,open_degraded,1,0,1,0,0,0,,20.0,Shorea curtisii,Shorea,curtisii,Dipterocarpaceae,33.33,4.083333333,101.2333333,0.526666667,1,1,43.0,TL2017,train
2735,Malaysia,Perak,M,open_degraded,1,0,1,0,0,0,,20.0,Streblus elongatus,Streblus,elongatus,Moraceae,38.89,4.083333333,101.2333333,0.825,1,1,43.0,TL2017,train
2736,Malaysia,Perak,M,open_degraded,1,0,1,0,1,0,,20.0,Dryobalanops beccarii,Dryobalanops,beccarii,Dipterocarpaceae,77.78,4.083333333,101.2333333,0.503333333,1,1,43.0,TL2017,train
2737,Malaysia,Perak,M,open_degraded,1,0,1,0,1,0,,20.0,Hopea pubescens,Hopea,pubescens,Dipterocarpaceae,50.0,4.083333333,101.2333333,0.5,1,1,43.0,TL2017,train
2738,Malaysia,Perak,M,open_degraded,1,0,1,0,1,0,,20.0,Neobalanocarpus heimii,Neobalanocarpus,heimii,Dipterocarpaceae,66.67,4.083333333,101.2333333,0.76,1,1,43.0,TL2017,train
2739,Malaysia,Perak,M,open_degraded,1,0,1,0,1,0,,20.0,Shorea curtisii,Shorea,curtisii,Dipterocarpaceae,77.78,4.083333333,101.2333333,0.526666667,1,1,43.0,TL2017,train
2740,Malaysia,Perak,M,open_degraded,1,0,1,0,1,0,,20.0,Shorea leprosula,Shorea,leprosula,Dipterocarpaceae,61.11,4.083333333,101.2333333,0.44,1,1,43.0,TL2017,train
2741,Malaysia,Perak,M,open_degraded,1,0,1,0,1,0,,20.0,Shorea macroptera,Shorea,macroptera,Dipterocarpaceae,55.56,4.083333333,101.2333333,0.425,1,1,43.0,TL2017,train
2742,Malaysia,Perak,M,open_degraded,1,0,1,0,1,0,,20.0,Shorea ovalis,Shorea,ovalis,Dipterocarpaceae,77.78,4.083333333,101.2333333,0.43,1,1,43.0,TL2017,train
2743,Malaysia,Perak,M,open_degraded,1,0,1,0,1,0,,20.0,Shorea parvifolia,Shorea,parvifolia,Dipterocarpaceae,55.56,4.083333333,101.2333333,0.405,1,1,43.0,TL2017,train
2744,Malaysia,Perak,M,open_degraded,1,0,1,0,1,0,,20.0,Shorea platyclados,Shorea,platyclados,Dipterocarpaceae,77.78,4.083333333,101.2333333,0.556666667,1,1,43.0,TL2017,train
2745,Malaysia,Perak,M,open_degraded,1,0,1,0,0,0,,20.0,Shorea leprosula,Shorea,leprosula,Dipterocarpaceae,55.56,4.083333333,101.2333333,0.44,1,1,43.0,TL2017,train
2746,Malaysia,Perak,M,open_degraded,1,0,1,0,1,0,,20.0,Shorea roxburghii,Shorea,roxburghii,Dipterocarpaceae,94.44,4.083333333,101.2333333,0.7,1,1,43.0,TL2017,train
2747,Malaysia,Perak,M,open_degraded,1,0,1,0,1,0,,20.0,Agathis borneensis,Agathis,borneensis,Araucariaceae,44.44,4.083333333,101.2333333,0.383333333,1,1,43.0,TL2017,train
2748,Malaysia,Perak,M,open_degraded,1,0,1,0,1,0,,20.0,Aqularia sinensis,Aqularia,sinensis,Thymelaeaceae,33.33,4.083333333,101.2333333,0.529428571,1,1,43.0,TL2017,train
2749,Malaysia,Perak,M,open_degraded,1,0,1,0,1,0,,20.0,Cananga odorata,Cananga,odorata,Annonaceae,27.78,4.083333333,101.2333333,0.3272,1,1,43.0,TL2017,train
2750,Malaysia,Perak,M,open_degraded,1,0,1,0,1,0,,20.0,Careya arborea,Careya,arborea,Lecythidaceae,44.44,4.083333333,101.2333333,0.731333333,1,1,43.0,TL2017,train
2751,Malaysia,Perak,M,open_degraded,1,0,1,0,1,0,,20.0,Garcinia hombroniana,Garcinia,hombroniana,Clusiaceae,100.0,4.083333333,101.2333333,0.68,1,1,43.0,TL2017,train
2752,Malaysia,Perak,M,open_degraded,1,0,1,0,1,0,,20.0,Melaleuca cajuputi,Melaleuca,cajuputi,Myrtaceae,0.0,4.083333333,101.2333333,0.756647186,1,1,43.0,TL2017,train
2753,Malaysia,Perak,M,open_degraded,1,0,1,0,1,0,,20.0,Palaquium gutta,Palaquium,gutta,Sapotaceae,22.22,4.083333333,101.2333333,0.615,1,1,43.0,TL2017,train
2754,Malaysia,Perak,M,open_degraded,1,0,1,0,1,0,,20.0,Pentaspadon motleyi,Pentaspadon,motleyi,Anacardiaceae,100.0,4.083333333,101.2333333,0.5,1,1,43.0,TL2017,train
2755,Malaysia,Perak,M,open_degraded,1,0,1,0,1,0,,20.0,Sindora coriacea,Sindora,coriacea,Fabaceae,66.67,4.083333333,101.2333333,0.55,1,1,43.0,TL2017,train
2756,Malaysia,Perak,M,open_degraded,1,0,1,0,0,0,,20.0,Shorea macroptera,Shorea,macroptera,Dipterocarpaceae,55.56,4.083333333,101.2333333,0.425,1,1,43.0,TL2017,train
2757,Malaysia,Perak,M,open_degraded,1,0,1,0,1,0,,20.0,Streblus elongatus,Streblus,elongatus,Moraceae,38.89,4.083333333,101.2333333,0.825,1,1,43.0,TL2017,train
2758,Malaysia,Perak,M,open_degraded,1,0,1,0,1,0,,20.0,Dryobalanops beccarii,Dryobalanops,beccarii,Dipterocarpaceae,72.22,4.083333333,101.2333333,0.503333333,1,1,43.0,TL2017,train
2759,Malaysia,Perak,M,open_degraded,1,0,1,0,1,0,,20.0,Hopea pubescens,Hopea,pubescens,Dipterocarpaceae,55.56,4.083333333,101.2333333,0.5,1,1,43.0,TL2017,train
2760,Malaysia,Perak,M,open_degraded,1,0,1,0,1,0,,20.0,Neobalanocarpus heimii,Neobalanocarpus,heimii,Dipterocarpaceae,83.33,4.083333333,101.2333333,0.76,1,1,43.0,TL2017,train
2761,Malaysia,Perak,M,open_degraded,1,0,1,0,1,0,,20.0,Shorea curtisii,Shorea,curtisii,Dipterocarpaceae,61.11,4.083333333,101.2333333,0.526666667,1,1,43.0,TL2017,train
2762,Malaysia,Perak,M,open_degraded,1,0,1,0,1,0,,20.0,Shorea leprosula,Shorea,leprosula,Dipterocarpaceae,66.67,4.083333333,101.2333333,0.44,1,1,43.0,TL2017,train
2763,Malaysia,Perak,M,open_degraded,1,0,1,0,1,0,,20.0,Shorea macroptera,Shorea,macroptera,Dipterocarpaceae,50.0,4.083333333,101.2333333,0.425,1,1,43.0,TL2017,train
2764,Malaysia,Perak,M,open_degraded,1,0,1,0,1,0,,20.0,Shorea ovalis,Shorea,ovalis,Dipterocarpaceae,72.22,4.083333333,101.2333333,0.43,1,1,43.0,TL2017,train
2765,Malaysia,Perak,M,open_degraded,1,0,1,0,1,0,,20.0,Shorea parvifolia,Shorea,parvifolia,Dipterocarpaceae,72.22,4.083333333,101.2333333,0.405,1,1,43.0,TL2017,train
2766,Malaysia,Perak,M,open_degraded,1,0,1,0,1,0,,20.0,Shorea platyclados,Shorea,platyclados,Dipterocarpaceae,66.67,4.083333333,101.2333333,0.556666667,1,1,43.0,TL2017,train
2767,Malaysia,Perak,M,open_degraded,1,0,1,0,0,0,,20.0,Shorea ovalis,Shorea,ovalis,Dipterocarpaceae,55.56,4.083333333,101.2333333,0.43,1,1,43.0,TL2017,train
2768,Malaysia,Perak,M,open_degraded,1,0,1,0,1,0,,20.0,Shorea roxburghii,Shorea,roxburghii,Dipterocarpaceae,100.0,4.083333333,101.2333333,0.7,1,1,43.0,TL2017,train
2769,Malaysia,Perak,M,open_degraded,1,0,1,0,1,0,,20.0,Agathis borneensis,Agathis,borneensis,Araucariaceae,55.56,4.083333333,101.2333333,0.383333333,1,1,43.0,TL2017,train
2770,Malaysia,Perak,M,open_degraded,1,0,1,0,1,0,,20.0,Aqularia sinensis,Aqularia,sinensis,Thymelaeaceae,50.0,4.083333333,101.2333333,0.529428571,1,1,43.0,TL2017,train
2771,Malaysia,Perak,M,open_degraded,1,0,1,0,1,0,,20.0,Cananga odorata,Cananga,odorata,Annonaceae,44.44,4.083333333,101.2333333,0.3272,1,1,43.0,TL2017,train
2772,Malaysia,Perak,M,open_degraded,1,0,1,0,1,0,,20.0,Garcinia hombroniana,Garcinia,hombroniana,Clusiaceae,50.0,4.083333333,101.2333333,0.68,1,1,43.0,TL2017,train
2773,Malaysia,Perak,M,open_degraded,1,0,1,0,1,0,,20.0,Melaleuca cajuputi,Melaleuca,cajuputi,Myrtaceae,16.67,4.083333333,101.2333333,0.756647186,1,1,43.0,TL2017,train
2774,Malaysia,Perak,M,open_degraded,1,0,1,0,1,0,,20.0,Palaquium gutta,Palaquium,gutta,Sapotaceae,61.11,4.083333333,101.2333333,0.615,1,1,43.0,TL2017,train
2775,Malaysia,Perak,M,open_degraded,1,0,1,0,1,0,,20.0,Pentaspadon motleyi,Pentaspadon,motleyi,Anacardiaceae,88.89,4.083333333,101.2333333,0.5,1,1,43.0,TL2017,train
2776,Malaysia,Perak,M,open_degraded,1,0,1,0,1,0,,20.0,Sindora coriacea,Sindora,coriacea,Fabaceae,55.56,4.083333333,101.2333333,0.55,1,1,43.0,TL2017,train
2777,Malaysia,Perak,M,open_degraded,1,0,1,0,0,0,,20.0,Shorea parvifolia,Shorea,parvifolia,Dipterocarpaceae,66.67,4.083333333,101.2333333,0.405,1,1,43.0,TL2017,train
2778,Malaysia,Perak,M,open_degraded,1,0,1,0,1,0,,20.0,Streblus elongatus,Streblus,elongatus,Moraceae,33.33,4.083333333,101.2333333,0.825,1,1,43.0,TL2017,train
2779,Malaysia,Perak,M,open_degraded,1,0,1,0,0,0,,20.0,Shorea platyclados,Shorea,platyclados,Dipterocarpaceae,38.89,4.083333333,101.2333333,0.556666667,1,1,43.0,TL2017,train
2780,Indonesia,Central Kalimantan,LG,open_degraded,0,0,0,1,0,0,10000.0,1.0,Shorea balangeran,Shorea,balangeran,Dipterocarpaceae,82.91,-2.3,114.0333333,0.69,1,0,40.0,TM2011EFPG,train
2781,Indonesia,Central Kalimantan,LG,open_degraded,0,0,0,1,1,0,10000.0,1.0,Shorea balangeran,Shorea,balangeran,Dipterocarpaceae,80.87,-2.3,114.0333333,0.69,1,0,40.0,TM2011EFPG,train
2782,Indonesia,Central Kalimantan,LG,open_degraded,0,0,0,1,1,0,10000.0,1.0,Shorea balangeran,Shorea,balangeran,Dipterocarpaceae,79.08,-2.3,114.0333333,0.69,1,0,40.0,TM2011EFPG,train
2783,Indonesia,Central Kalimantan,LG,open_degraded,0,0,0,1,1,0,10000.0,1.0,Shorea balangeran,Shorea,balangeran,Dipterocarpaceae,84.95,-2.3,114.0333333,0.69,1,0,40.0,TM2011EFPG,train
2880,Indonesia,Central Kalimantan,LG,open_degraded,1,0,0,0,0,0,,1.0,Shorea leprosula,Shorea,leprosula,Dipterocarpaceae,92.33180694,-0.6,111.65,0.44,1,1,12.0,WHF2020,train
2881,Indonesia,Central Kalimantan,LG,open_degraded,1,0,0,0,0,0,,1.0,Shorea leprosula,Shorea,leprosula,Dipterocarpaceae,85.12102951,-0.6,111.65,0.44,1,1,150.0,WHF2020,train
2882,Indonesia,Central Kalimantan,LG,open_degraded,1,0,0,0,0,0,,1.0,Shorea leprosula,Shorea,leprosula,Dipterocarpaceae,84.69859251,-0.6,111.65,0.44,1,1,78.0,WHF2020,train
2883,Indonesia,Central Kalimantan,LG,open_degraded,1,0,0,0,0,0,,1.0,Shorea laevis,Shorea,laevis,Dipterocarpaceae,74.81025189,-0.6,111.65,0.686666667,1,1,12.0,WHF2020,train
2884,Indonesia,Central Kalimantan,LG,open_degraded,1,0,0,0,0,0,,1.0,Shorea laevis,Shorea,laevis,Dipterocarpaceae,57.53078456,-0.6,111.65,0.686666667,1,1,150.0,WHF2020,train
2885,Indonesia,Central Kalimantan,LG,open_degraded,1,0,0,0,0,0,,1.0,Shorea laevis,Shorea,laevis,Dipterocarpaceae,62.40797017,-0.6,111.65,0.686666667,1,1,78.0,WHF2020,train
2886,Indonesia,Central Kalimantan,LG,open_degraded,1,0,0,0,0,0,,1.0,Shorea virescens,Shorea,virescens,Dipterocarpaceae,67.6110314,-0.6,111.65,0.435,1,1,12.0,WHF2020,train
2887,Indonesia,Central Kalimantan,LG,open_degraded,1,0,0,0,0,0,,1.0,Shorea virescens,Shorea,virescens,Dipterocarpaceae,54.99540228,-0.6,111.65,0.435,1,1,150.0,WHF2020,train
2888,Indonesia,Central Kalimantan,LG,open_degraded,1,0,0,0,0,0,,1.0,Shorea virescens,Shorea,virescens,Dipterocarpaceae,54.89108559,-0.6,111.65,0.435,1,1,78.0,WHF2020,train
2889,Indonesia,Central Kalimantan,LG,open_degraded,1,0,0,0,0,0,,1.0,Shorea dasyphylla,Shorea,dasyphylla,Dipterocarpaceae,82.4579125,-0.6,111.65,0.435,1,1,12.0,WHF2020,train
2890,Indonesia,Central Kalimantan,LG,open_degraded,1,0,0,0,0,0,,1.0,Shorea dasyphylla,Shorea,dasyphylla,Dipterocarpaceae,54.89716819,-0.6,111.65,0.435,1,1,150.0,WHF2020,train
2891,Indonesia,Central Kalimantan,LG,open_degraded,1,0,0,0,0,0,,1.0,Shorea dasyphylla,Shorea,dasyphylla,Dipterocarpaceae,57.33690149,-0.6,111.65,0.435,1,1,78.0,WHF2020,train
2892,Indonesia,Central Kalimantan,LG,open_degraded,1,0,0,0,0,0,,1.0,Shorea singkawang,Shorea,singkawang,Dipterocarpaceae,72.60865262,-0.6,111.65,0.53,1,1,12.0,WHF2020,train
2893,Indonesia,Central Kalimantan,LG,open_degraded,1,0,0,0,0,0,,1.0,Shorea singkawang,Shorea,singkawang,Dipterocarpaceae,52.46731913,-0.6,111.65,0.53,1,1,150.0,WHF2020,train
2894,Indonesia,Central Kalimantan,LG,open_degraded,1,0,0,0,0,0,,1.0,Shorea singkawang,Shorea,singkawang,Dipterocarpaceae,54.90750862,-0.6,111.65,0.53,1,1,78.0,WHF2020,train
2895,Indonesia,Central Kalimantan,LG,open_degraded,1,0,0,0,0,0,,1.0,Shorea guiso,Shorea,guiso,Dipterocarpaceae,82.36788993,-0.6,111.65,0.705,1,1,12.0,WHF2020,train
2896,Indonesia,Central Kalimantan,LG,open_degraded,1,0,0,0,0,0,,1.0,Shorea guiso,Shorea,guiso,Dipterocarpaceae,52.58212832,-0.6,111.65,0.705,1,1,150.0,WHF2020,train
2897,Indonesia,Central Kalimantan,LG,open_degraded,1,0,0,0,0,0,,1.0,Shorea guiso,Shorea,guiso,Dipterocarpaceae,72.29707112,-0.6,111.65,0.705,1,1,78.0,WHF2020,train
2898,Indonesia,Central Kalimantan,LG,open_degraded,1,0,0,0,0,0,,1.0,Shorea lamellata,Shorea,lamellata,Dipterocarpaceae,57.57457932,-0.6,111.65,0.583333333,1,1,12.0,WHF2020,train
2899,Indonesia,Central Kalimantan,LG,open_degraded,1,0,0,0,0,0,,1.0,Shorea lamellata,Shorea,lamellata,Dipterocarpaceae,45.06448341,-0.6,111.65,0.583333333,1,1,150.0,WHF2020,train
2900,Indonesia,Central Kalimantan,LG,open_degraded,1,0,0,0,0,0,,1.0,Shorea lamellata,Shorea,lamellata,Dipterocarpaceae,44.85432937,-0.6,111.65,0.583333333,1,1,78.0,WHF2020,train
2901,Indonesia,Central Kalimantan,LG,open_degraded,1,0,0,0,0,0,,1.0,Dipterocarpus sp,Dipterocarpus,sp,Dipterocarpaceae,87.36566321,-0.6,111.65,0.654277244,1,1,12.0,WHF2020,train
2902,Indonesia,Central Kalimantan,LG,open_degraded,1,0,0,0,0,0,,1.0,Dipterocarpus sp,Dipterocarpus,sp,Dipterocarpaceae,45.1788364,-0.6,111.65,0.654277244,1,1,150.0,WHF2020,train
2903,Indonesia,Central Kalimantan,LG,open_degraded,1,0,0,0,0,0,,1.0,Dipterocarpus sp,Dipterocarpus,sp,Dipterocarpaceae,50.05602202,-0.6,111.65,0.654277244,1,1,78.0,WHF2020,train
2904,Indonesia,Central Kalimantan,LG,open_degraded,1,0,0,0,0,0,,1.0,Shorea smithiana,Shorea,smithiana,Dipterocarpaceae,62.47427058,-0.6,111.65,0.355,1,1,12.0,WHF2020,train
2905,Indonesia,Central Kalimantan,LG,open_degraded,1,0,0,0,0,0,,1.0,Shorea smithiana,Shorea,smithiana,Dipterocarpaceae,37.66985921,-0.6,111.65,0.355,1,1,150.0,WHF2020,train
2906,Indonesia,Central Kalimantan,LG,open_degraded,1,0,0,0,0,0,,1.0,Shorea smithiana,Shorea,smithiana,Dipterocarpaceae,44.77282245,-0.6,111.65,0.355,1,1,78.0,WHF2020,train
2907,Indonesia,Central Kalimantan,LG,open_degraded,1,0,0,0,0,0,,1.0,Shorea platyclados,Shorea,platyclados,Dipterocarpaceae,62.48263416,-0.6,111.65,0.556666667,1,1,12.0,WHF2020,train
2908,Indonesia,Central Kalimantan,LG,open_degraded,1,0,0,0,0,0,,1.0,Shorea platyclados,Shorea,platyclados,Dipterocarpaceae,37.6777666,-0.6,111.65,0.556666667,1,1,150.0,WHF2020,train
2909,Indonesia,Central Kalimantan,LG,open_degraded,1,0,0,0,0,0,,1.0,Shorea platyclados,Shorea,platyclados,Dipterocarpaceae,44.78042571,-0.6,111.65,0.556666667,1,1,78.0,WHF2020,train
2910,Indonesia,Central Kalimantan,LG,open_degraded,1,0,0,0,0,0,,1.0,Shorea macrophylla,Shorea,macrophylla,Dipterocarpaceae,85.02659705,-0.6,111.65,0.32,1,1,12.0,WHF2020,train
2911,Indonesia,Central Kalimantan,LG,open_degraded,1,0,0,0,0,0,,1.0,Shorea macrophylla,Shorea,macrophylla,Dipterocarpaceae,82.3741246,-0.6,111.65,0.32,1,1,150.0,WHF2020,train
2912,Indonesia,Central Kalimantan,LG,open_degraded,1,0,0,0,0,0,,1.0,Shorea macrophylla,Shorea,macrophylla,Dipterocarpaceae,81.95107935,-0.6,111.65,0.32,1,1,78.0,WHF2020,train
2913,Indonesia,Central Kalimantan,LG,open_degraded,1,0,0,0,0,0,,1.0,Dipterocarpus caudiferus,Dipterocarpus,caudiferus,Dipterocarpaceae,54.96544544,-0.6,111.65,0.654277244,1,1,12.0,WHF2020,train
2914,Indonesia,Central Kalimantan,LG,open_degraded,1,0,0,0,0,0,,1.0,Dipterocarpus caudiferus,Dipterocarpus,caudiferus,Dipterocarpaceae,37.57983664,-0.6,111.65,0.654277244,1,1,150.0,WHF2020,train
2915,Indonesia,Central Kalimantan,LG,open_degraded,1,0,0,0,0,0,,1.0,Dipterocarpus caudiferus,Dipterocarpus,caudiferus,Dipterocarpaceae,47.54466604,-0.6,111.65,0.654277244,1,1,78.0,WHF2020,train
2916,Indonesia,Central Kalimantan,LG,open_degraded,1,0,0,0,0,0,,1.0,Shorea macroptera,Shorea,macroptera,Dipterocarpaceae,85.28617226,-0.6,111.65,0.425,1,1,12.0,WHF2020,train
2917,Indonesia,Central Kalimantan,LG,open_degraded,1,0,0,0,0,0,,1.0,Shorea macroptera,Shorea,macroptera,Dipterocarpaceae,35.0443023,-0.6,111.65,0.425,1,1,150.0,WHF2020,train
2918,Indonesia,Central Kalimantan,LG,open_degraded,1,0,0,0,0,0,,1.0,Shorea macroptera,Shorea,macroptera,Dipterocarpaceae,42.4650817,-0.6,111.65,0.425,1,1,78.0,WHF2020,train
2919,Indonesia,Central Kalimantan,LG,open_degraded,1,0,0,0,0,0,,1.0,Hopea mengarawan,Hopea,mengarawan,Dipterocarpaceae,74.90757358,-0.6,111.65,0.56,1,1,12.0,WHF2020,train
2920,Indonesia,Central Kalimantan,LG,open_degraded,1,0,0,0,0,0,,1.0,Hopea mengarawan,Hopea,mengarawan,Dipterocarpaceae,32.61475737,-0.6,111.65,0.56,1,1,150.0,WHF2020,train
2921,Indonesia,Central Kalimantan,LG,open_degraded,1,0,0,0,0,0,,1.0,Hopea mengarawan,Hopea,mengarawan,Dipterocarpaceae,44.80506026,-0.6,111.65,0.56,1,1,78.0,WHF2020,train
2922,Indonesia,Central Kalimantan,LG,open_degraded,1,0,0,0,0,0,,1.0,Shorea blumutensis,Shorea,blumutensis,Dipterocarpaceae,77.5658245,-0.6,111.65,0.72,1,1,12.0,WHF2020,train
2923,Indonesia,Central Kalimantan,LG,open_degraded,1,0,0,0,0,0,,1.0,Shorea blumutensis,Shorea,blumutensis,Dipterocarpaceae,27.53517303,-0.6,111.65,0.72,1,1,150.0,WHF2020,train
2924,Indonesia,Central Kalimantan,LG,open_degraded,1,0,0,0,0,0,,1.0,Shorea blumutensis,Shorea,blumutensis,Dipterocarpaceae,42.48104855,-0.6,111.65,0.72,1,1,78.0,WHF2020,train
2925,Indonesia,Central Kalimantan,LG,open_degraded,1,0,0,0,0,0,,1.0,Shorea scaberrima,Shorea,scaberrima,Dipterocarpaceae,72.52775396,-0.6,111.65,0.47,1,1,12.0,WHF2020,train
2926,Indonesia,Central Kalimantan,LG,open_degraded,1,0,0,0,0,0,,1.0,Shorea scaberrima,Shorea,scaberrima,Dipterocarpaceae,69.76868384,-0.6,111.65,0.47,1,1,150.0,WHF2020,train
2927,Indonesia,Central Kalimantan,LG,open_degraded,1,0,0,0,0,0,,1.0,Shorea scaberrima,Shorea,scaberrima,Dipterocarpaceae,72.2085692,-0.6,111.65,0.47,1,1,78.0,WHF2020,train
2928,Indonesia,Central Kalimantan,LG,open_degraded,1,0,0,0,0,0,,1.0,Shorea johorensis,Shorea,johorensis,Dipterocarpaceae,82.39267655,-0.6,111.65,0.393333333,1,1,12.0,WHF2020,train
2929,Indonesia,Central Kalimantan,LG,open_degraded,1,0,0,0,0,0,,1.0,Shorea johorensis,Shorea,johorensis,Dipterocarpaceae,69.98902625,-0.6,111.65,0.393333333,1,1,150.0,WHF2020,train
2930,Indonesia,Central Kalimantan,LG,open_degraded,1,0,0,0,0,0,,1.0,Shorea johorensis,Shorea,johorensis,Dipterocarpaceae,69.77902427,-0.6,111.65,0.393333333,1,1,78.0,WHF2020,train
2931,Indonesia,Central Kalimantan,LG,open_degraded,1,0,0,0,0,0,,1.0,Shorea ovalis,Shorea,ovalis,Dipterocarpaceae,85.05062334,-0.6,111.65,0.43,1,1,12.0,WHF2020,train
2932,Indonesia,Central Kalimantan,LG,open_degraded,1,0,0,0,0,0,,1.0,Shorea ovalis,Shorea,ovalis,Dipterocarpaceae,67.45349191,-0.6,111.65,0.43,1,1,150.0,WHF2020,train
2933,Indonesia,Central Kalimantan,LG,open_degraded,1,0,0,0,0,0,,1.0,Shorea ovalis,Shorea,ovalis,Dipterocarpaceae,72.33037339,-0.6,111.65,0.43,1,1,78.0,WHF2020,train
2934,Indonesia,Central Kalimantan,LG,open_degraded,1,0,0,0,0,0,,1.0,Shorea parvifolia,Shorea,parvifolia,Dipterocarpaceae,85.05898692,-0.6,111.65,0.405,1,1,12.0,WHF2020,train
2935,Indonesia,Central Kalimantan,LG,open_degraded,1,0,0,0,0,0,,1.0,Shorea parvifolia,Shorea,parvifolia,Dipterocarpaceae,64.81212022,-0.6,111.65,0.405,1,1,150.0,WHF2020,train
2936,Indonesia,Central Kalimantan,LG,open_degraded,1,0,0,0,0,0,,1.0,Shorea parvifolia,Shorea,parvifolia,Dipterocarpaceae,67.3570826,-0.6,111.65,0.405,1,1,78.0,WHF2020,train
2937,Indonesia,Central Kalimantan,LG,open_degraded,1,0,0,0,0,0,,1.0,Shorea fallax,Shorea,fallax,Dipterocarpaceae,77.32997145,-0.6,111.65,0.5,1,1,12.0,WHF2020,train
2938,Indonesia,Central Kalimantan,LG,open_degraded,1,0,0,0,0,0,,1.0,Shorea fallax,Shorea,fallax,Dipterocarpaceae,64.92586495,-0.6,111.65,0.5,1,1,150.0,WHF2020,train
2939,Indonesia,Central Kalimantan,LG,open_degraded,1,0,0,0,0,0,,1.0,Shorea fallax,Shorea,fallax,Dipterocarpaceae,67.36514205,-0.6,111.65,0.5,1,1,78.0,WHF2020,train
2940,Indonesia,Central Kalimantan,LG,open_degraded,1,0,0,0,0,0,,1.0,Shorea pinanga,Shorea,pinanga,Dipterocarpaceae,75.0061118,-0.6,111.65,0.363333333,1,1,12.0,WHF2020,train
2941,Indonesia,Central Kalimantan,LG,open_degraded,1,0,0,0,0,0,,1.0,Shorea pinanga,Shorea,pinanga,Dipterocarpaceae,62.49632002,-0.6,111.65,0.363333333,1,1,150.0,WHF2020,train
2942,Indonesia,Central Kalimantan,LG,open_degraded,1,0,0,0,0,0,,1.0,Shorea pinanga,Shorea,pinanga,Dipterocarpaceae,72.24901854,-0.6,111.65,0.363333333,1,1,78.0,WHF2020,train
2943,Indonesia,Central Kalimantan,LG,open_degraded,1,0,0,0,0,0,,1.0,Shorea seminis,Shorea,seminis,Dipterocarpaceae,89.95867818,-0.6,111.65,0.72,1,1,12.0,WHF2020,train
2944,Indonesia,Central Kalimantan,LG,open_degraded,1,0,0,0,0,0,,1.0,Shorea seminis,Shorea,seminis,Dipterocarpaceae,57.52242097,-0.6,111.65,0.72,1,1,150.0,WHF2020,train
2945,Indonesia,Central Kalimantan,LG,open_degraded,1,0,0,0,0,0,,1.0,Shorea seminis,Shorea,seminis,Dipterocarpaceae,72.36276327,-0.6,111.65,0.72,1,1,78.0,WHF2020,train
2946,China,Guangdong,PL,plantation_enrichment,1,0,0,0,0,1,,1.0,Castanopsis sclerophylla,Castanopsis,sclerophylla,Fagaceae,83.15894702,22.9,112.9,0.459,1,1,16.0,WJ2009,train
2947,China,Guangdong,PL,plantation_enrichment,1,0,0,0,0,1,,1.0,Castanopsis sclerophylla,Castanopsis,sclerophylla,Fagaceae,81.044985,22.85,112.9,0.459,1,1,20.0,WJ2009,train
2948,China,Guangdong,PL,plantation_enrichment,1,0,0,0,0,1,,1.0,Castanopsis sclerophylla,Castanopsis,sclerophylla,Fagaceae,90.76374542,22.9,112.9,0.459,1,1,5.0,WJ2009,train
2949,China,Guangdong,PL,plantation_enrichment,0,0,0,0,0,1,,1.0,Michelia chapensis,Michelia,chapensis,Magnoliaceae,48.11661507,22.9,112.9,0.488018519,1,1,16.0,WJ2009,train
2950,China,Guangdong,PL,plantation_enrichment,0,0,0,0,0,1,,1.0,Michelia chapensis,Michelia,chapensis,Magnoliaceae,46.39662883,22.85,112.9,0.488018519,1,1,20.0,WJ2009,train
2951,China,Guangdong,PL,plantation_enrichment,0,0,0,0,0,1,,1.0,Michelia chapensis,Michelia,chapensis,Magnoliaceae,69.18644651,22.9,112.9,0.488018519,1,1,5.0,WJ2009,train
2952,China,Guangdong,PL,plantation_enrichment,1,0,0,0,0,1,,1.0,Psychotria asiatica,Psychotria,asiatica,Rubiaceae,33.28173375,22.9,112.9,0.5636,1,1,16.0,WJ2009,train
2953,China,Guangdong,PL,plantation_enrichment,1,0,0,0,0,1,,1.0,Psychotria asiatica,Psychotria,asiatica,Rubiaceae,30.05675955,22.85,112.9,0.5636,1,1,20.0,WJ2009,train
2954,China,Guangdong,PL,plantation_enrichment,1,0,0,0,0,1,,1.0,Psychotria asiatica,Psychotria,asiatica,Rubiaceae,50.26659787,22.9,112.9,0.5636,1,1,5.0,WJ2009,train
2955,China,Guangdong,PL,plantation_enrichment,0,0,0,0,0,1,,1.0,Psychotria asiatica,Psychotria,asiatica,Rubiaceae,59.72652219,22.9,112.9,0.5636,1,1,16.0,WJ2009,train
2956,China,Guangdong,PL,plantation_enrichment,0,0,0,0,0,1,,1.0,Psychotria asiatica,Psychotria,asiatica,Rubiaceae,49.19160647,22.85,112.9,0.5636,1,1,20.0,WJ2009,train
2957,China,Guangdong,PL,plantation_enrichment,0,0,0,0,0,1,,1.0,Psychotria asiatica,Psychotria,asiatica,Rubiaceae,81.22635019,22.9,112.9,0.5636,1,1,5.0,WJ2009,train
2958,China,Guangdong,PL,plantation_enrichment,1,0,0,0,0,1,,1.0,Castanopsis sclerophylla,Castanopsis,sclerophylla,Fagaceae,75.85139319,22.9,112.9,0.459,1,1,16.0,WJ2009,train
2959,China,Guangdong,PL,plantation_enrichment,1,0,0,0,0,1,,1.0,Castanopsis sclerophylla,Castanopsis,sclerophylla,Fagaceae,73.48641211,22.85,112.9,0.459,1,1,20.0,WJ2009,train
2960,China,Guangdong,PL,plantation_enrichment,1,0,0,0,0,1,,1.0,Castanopsis sclerophylla,Castanopsis,sclerophylla,Fagaceae,83.80632955,22.9,112.9,0.459,1,1,5.0,WJ2009,train
2961,China,Guangdong,PL,plantation_enrichment,0,0,0,0,0,1,,1.0,Castanopsis sclerophylla,Castanopsis,sclerophylla,Fagaceae,64.02648779,22.9,112.9,0.459,1,1,16.0,WJ2009,train
2962,China,Guangdong,PL,plantation_enrichment,0,0,0,0,0,1,,1.0,Castanopsis sclerophylla,Castanopsis,sclerophylla,Fagaceae,59.29652563,22.85,112.9,0.459,1,1,20.0,WJ2009,train
2963,China,Guangdong,PL,plantation_enrichment,0,0,0,0,0,1,,1.0,Castanopsis sclerophylla,Castanopsis,sclerophylla,Fagaceae,70.69143447,22.9,112.9,0.459,1,1,5.0,WJ2009,train
2964,China,Guangdong,PL,plantation_enrichment,1,0,0,0,0,1,,1.0,Michelia chapensis,Michelia,chapensis,Magnoliaceae,75.85139319,22.9,112.9,0.488018519,1,1,16.0,WJ2009,train
2965,China,Guangdong,PL,plantation_enrichment,1,0,0,0,0,1,,1.0,Michelia chapensis,Michelia,chapensis,Magnoliaceae,65.96147231,22.85,112.9,0.488018519,1,1,20.0,WJ2009,train
2966,China,Guangdong,PL,plantation_enrichment,1,0,0,0,0,1,,1.0,Michelia chapensis,Michelia,chapensis,Magnoliaceae,86.17131063,22.9,112.9,0.488018519,1,1,5.0,WJ2009,train
2967,China,Guangdong,PL,plantation_enrichment,0,0,0,0,0,1,,1.0,Michelia chapensis,Michelia,chapensis,Magnoliaceae,61.01651187,22.9,112.9,0.488018519,1,1,16.0,WJ2009,train
2968,China,Guangdong,PL,plantation_enrichment,0,0,0,0,0,1,,1.0,Michelia chapensis,Michelia,chapensis,Magnoliaceae,47.47162023,22.85,112.9,0.488018519,1,1,20.0,WJ2009,train
2969,China,Guangdong,PL,plantation_enrichment,0,0,0,0,0,1,,1.0,Michelia chapensis,Michelia,chapensis,Magnoliaceae,81.87134503,22.9,112.9,0.488018519,1,1,5.0,WJ2009,train
2970,China,Guangdong,PL,plantation_enrichment,1,0,0,0,0,1,,1.0,Psychotria asiatica,Psychotria,asiatica,Rubiaceae,91.54626763,22.9,112.9,0.5636,1,1,16.0,WJ2009,train
2971,China,Guangdong,PL,plantation_enrichment,1,0,0,0,0,1,,1.0,Psychotria asiatica,Psychotria,asiatica,Rubiaceae,91.97626419,22.85,112.9,0.5636,1,1,20.0,WJ2009,train
2972,China,Guangdong,PL,plantation_enrichment,1,0,0,0,0,1,,1.0,Psychotria asiatica,Psychotria,asiatica,Rubiaceae,96.49122807,22.9,112.9,0.5636,1,1,5.0,WJ2009,train
2973,China,Guangdong,PL,plantation_enrichment,0,0,0,0,0,1,,1.0,Psychotria asiatica,Psychotria,asiatica,Rubiaceae,76.28138975,22.9,112.9,0.5636,1,1,16.0,WJ2009,train
2974,China,Guangdong,PL,plantation_enrichment,0,0,0,0,0,1,,1.0,Psychotria asiatica,Psychotria,asiatica,Rubiaceae,74.77640179,22.85,112.9,0.5636,1,1,20.0,WJ2009,train
2975,China,Guangdong,PL,plantation_enrichment,0,0,0,0,0,1,,1.0,Psychotria asiatica,Psychotria,asiatica,Rubiaceae,77.57137943,22.9,112.9,0.5636,1,1,5.0,WJ2009,train
2976,China,Guangdong,AG,open_degraded,1,0,0,0,0,1,,1.0,Castanopsis sclerophylla,Castanopsis,sclerophylla,Fagaceae,51.07758621,22.9,112.9,0.459,1,1,16.0,WJ2009,train
2977,China,Guangdong,AG,open_degraded,1,0,0,0,0,1,,1.0,Castanopsis sclerophylla,Castanopsis,sclerophylla,Fagaceae,51.50862069,22.85,112.9,0.459,1,1,20.0,WJ2009,train
2978,China,Guangdong,AG,open_degraded,1,0,0,0,0,1,,1.0,Castanopsis sclerophylla,Castanopsis,sclerophylla,Fagaceae,66.59482759,22.9,112.9,0.459,1,1,5.0,WJ2009,train
2979,China,Guangdong,PL,plantation_enrichment,0,0,0,0,0,1,,1.0,Castanopsis sclerophylla,Castanopsis,sclerophylla,Fagaceae,73.53348884,22.9,112.9,0.459,1,1,16.0,WJ2009,train
2980,China,Guangdong,PL,plantation_enrichment,0,0,0,0,0,1,,1.0,Castanopsis sclerophylla,Castanopsis,sclerophylla,Fagaceae,65.82539154,22.85,112.9,0.459,1,1,20.0,WJ2009,train
2981,China,Guangdong,PL,plantation_enrichment,0,0,0,0,0,1,,1.0,Castanopsis sclerophylla,Castanopsis,sclerophylla,Fagaceae,79.89336888,22.9,112.9,0.459,1,1,5.0,WJ2009,train
2982,China,Guangdong,AG,open_degraded,0,0,0,0,0,1,,1.0,Castanopsis sclerophylla,Castanopsis,sclerophylla,Fagaceae,56.89655172,22.9,112.9,0.459,1,1,16.0,WJ2009,train
2983,China,Guangdong,AG,open_degraded,0,0,0,0,0,1,,1.0,Castanopsis sclerophylla,Castanopsis,sclerophylla,Fagaceae,49.35344828,22.85,112.9,0.459,1,1,20.0,WJ2009,train
2984,China,Guangdong,AG,open_degraded,0,0,0,0,0,1,,1.0,Castanopsis sclerophylla,Castanopsis,sclerophylla,Fagaceae,78.23275862,22.9,112.9,0.459,1,1,5.0,WJ2009,train
2985,China,Guangdong,AG,open_degraded,1,0,0,0,0,1,,1.0,Michelia chapensis,Michelia,chapensis,Magnoliaceae,15.94827586,22.9,112.9,0.488018519,1,1,16.0,WJ2009,train
2986,China,Guangdong,AG,open_degraded,1,0,0,0,0,1,,1.0,Michelia chapensis,Michelia,chapensis,Magnoliaceae,16.81034483,22.85,112.9,0.488018519,1,1,20.0,WJ2009,train
2987,China,Guangdong,AG,open_degraded,1,0,0,0,0,1,,1.0,Michelia chapensis,Michelia,chapensis,Magnoliaceae,31.46551724,22.9,112.9,0.488018519,1,1,5.0,WJ2009,train
2988,China,Guangdong,AG,open_degraded,0,0,0,0,0,1,,1.0,Michelia chapensis,Michelia,chapensis,Magnoliaceae,8.620689655,22.9,112.9,0.488018519,1,1,16.0,WJ2009,train
2989,China,Guangdong,AG,open_degraded,0,0,0,0,0,1,,1.0,Michelia chapensis,Michelia,chapensis,Magnoliaceae,4.525862069,22.85,112.9,0.488018519,1,1,20.0,WJ2009,train
2990,China,Guangdong,AG,open_degraded,0,0,0,0,0,1,,1.0,Michelia chapensis,Michelia,chapensis,Magnoliaceae,25.21551724,22.9,112.9,0.488018519,1,1,5.0,WJ2009,train
2991,China,Guangdong,AG,open_degraded,1,0,0,0,0,1,,1.0,Psychotria asiatica,Psychotria,asiatica,Rubiaceae,67.88793103,22.9,112.9,0.5636,1,1,16.0,WJ2009,train
2992,China,Guangdong,AG,open_degraded,1,0,0,0,0,1,,1.0,Psychotria asiatica,Psychotria,asiatica,Rubiaceae,67.24137931,22.85,112.9,0.5636,1,1,20.0,WJ2009,train
2993,China,Guangdong,AG,open_degraded,1,0,0,0,0,1,,1.0,Psychotria asiatica,Psychotria,asiatica,Rubiaceae,81.03448276,22.9,112.9,0.5636,1,1,5.0,WJ2009,train
2994,China,Guangdong,AG,open_degraded,0,0,0,0,0,1,,1.0,Psychotria asiatica,Psychotria,asiatica,Rubiaceae,75.86206897,22.9,112.9,0.5636,1,1,16.0,WJ2009,train
2995,China,Guangdong,AG,open_degraded,0,0,0,0,0,1,,1.0,Psychotria asiatica,Psychotria,asiatica,Rubiaceae,65.0862069,22.85,112.9,0.5636,1,1,20.0,WJ2009,train
2996,China,Guangdong,AG,open_degraded,0,0,0,0,0,1,,1.0,Psychotria asiatica,Psychotria,asiatica,Rubiaceae,90.0862069,22.9,112.9,0.5636,1,1,5.0,WJ2009,train
2997,China,Guangdong,PL,plantation_enrichment,1,0,0,0,0,1,,1.0,Castanopsis sclerophylla,Castanopsis,sclerophylla,Fagaceae,85.12931034,22.9,112.9,0.459,1,1,16.0,WJ2009,train
2998,China,Guangdong,PL,plantation_enrichment,1,0,0,0,0,1,,1.0,Castanopsis sclerophylla,Castanopsis,sclerophylla,Fagaceae,82.32758621,22.85,112.9,0.459,1,1,20.0,WJ2009,train
2999,China,Guangdong,PL,plantation_enrichment,1,0,0,0,0,1,,1.0,Castanopsis sclerophylla,Castanopsis,sclerophylla,Fagaceae,90.30172414,22.9,112.9,0.459,1,1,5.0,WJ2009,train
3000,China,Guangdong,PL,plantation_enrichment,0,0,0,0,0,1,,1.0,Castanopsis sclerophylla,Castanopsis,sclerophylla,Fagaceae,65.0862069,22.9,112.9,0.459,1,1,16.0,WJ2009,train
3001,China,Guangdong,PL,plantation_enrichment,0,0,0,0,0,1,,1.0,Castanopsis sclerophylla,Castanopsis,sclerophylla,Fagaceae,48.49137931,22.85,112.9,0.459,1,1,20.0,WJ2009,train
3002,China,Guangdong,PL,plantation_enrichment,0,0,0,0,0,1,,1.0,Castanopsis sclerophylla,Castanopsis,sclerophylla,Fagaceae,84.69827586,22.9,112.9,0.459,1,1,5.0,WJ2009,train
3003,China,Guangdong,PL,plantation_enrichment,1,0,0,0,0,1,,1.0,Michelia chapensis,Michelia,chapensis,Magnoliaceae,65.30172414,22.9,112.9,0.488018519,1,1,16.0,WJ2009,train
3004,China,Guangdong,PL,plantation_enrichment,1,0,0,0,0,1,,1.0,Michelia chapensis,Michelia,chapensis,Magnoliaceae,61.63793103,22.85,112.9,0.488018519,1,1,20.0,WJ2009,train
3005,China,Guangdong,PL,plantation_enrichment,1,0,0,0,0,1,,1.0,Michelia chapensis,Michelia,chapensis,Magnoliaceae,78.23275862,22.9,112.9,0.488018519,1,1,5.0,WJ2009,train
3006,China,Guangdong,PL,plantation_enrichment,0,0,0,0,0,1,,1.0,Michelia chapensis,Michelia,chapensis,Magnoliaceae,50.0,22.9,112.9,0.488018519,1,1,16.0,WJ2009,train
3007,China,Guangdong,PL,plantation_enrichment,0,0,0,0,0,1,,1.0,Michelia chapensis,Michelia,chapensis,Magnoliaceae,48.06034483,22.85,112.9,0.488018519,1,1,20.0,WJ2009,train
3008,China,Guangdong,PL,plantation_enrichment,0,0,0,0,0,1,,1.0,Michelia chapensis,Michelia,chapensis,Magnoliaceae,79.31034483,22.9,112.9,0.488018519,1,1,5.0,WJ2009,train
3009,China,Guangdong,PL,plantation_enrichment,1,0,0,0,0,1,,1.0,Psychotria asiatica,Psychotria,asiatica,Rubiaceae,80.38793103,22.9,112.9,0.5636,1,1,16.0,WJ2009,train
3010,China,Guangdong,PL,plantation_enrichment,1,0,0,0,0,1,,1.0,Psychotria asiatica,Psychotria,asiatica,Rubiaceae,77.37068966,22.85,112.9,0.5636,1,1,20.0,WJ2009,train
3011,China,Guangdong,PL,plantation_enrichment,1,0,0,0,0,1,,1.0,Psychotria asiatica,Psychotria,asiatica,Rubiaceae,81.68103448,22.9,112.9,0.5636,1,1,5.0,WJ2009,train
3012,China,Guangdong,PL,plantation_enrichment,1,0,0,0,0,1,,1.0,Michelia chapensis,Michelia,chapensis,Magnoliaceae,29.74341886,22.9,112.9,0.488018519,1,1,16.0,WJ2009,train
3013,China,Guangdong,PL,plantation_enrichment,1,0,0,0,0,1,,1.0,Michelia chapensis,Michelia,chapensis,Magnoliaceae,29.80073309,22.85,112.9,0.488018519,1,1,20.0,WJ2009,train
3014,China,Guangdong,PL,plantation_enrichment,1,0,0,0,0,1,,1.0,Michelia chapensis,Michelia,chapensis,Magnoliaceae,67.16027991,22.9,112.9,0.488018519,1,1,5.0,WJ2009,train
3015,China,Guangdong,PL,plantation_enrichment,0,0,0,0,0,1,,1.0,Psychotria asiatica,Psychotria,asiatica,Rubiaceae,73.27586207,22.9,112.9,0.5636,1,1,16.0,WJ2009,train
3016,China,Guangdong,PL,plantation_enrichment,0,0,0,0,0,1,,1.0,Psychotria asiatica,Psychotria,asiatica,Rubiaceae,64.65517241,22.85,112.9,0.5636,1,1,20.0,WJ2009,train
3017,China,Guangdong,PL,plantation_enrichment,0,0,0,0,0,1,,1.0,Psychotria asiatica,Psychotria,asiatica,Rubiaceae,91.37931034,22.9,112.9,0.5636,1,1,5.0,WJ2009,train
3018,China,Guangdong,PL,plantation_enrichment,0,0,0,0,0,1,,1.0,Michelia chapensis,Michelia,chapensis,Magnoliaceae,26.94701766,22.9,112.9,0.488018519,1,1,16.0,WJ2009,train
3019,China,Guangdong,PL,plantation_enrichment,0,0,0,0,0,1,,1.0,Michelia chapensis,Michelia,chapensis,Magnoliaceae,23.58813729,22.85,112.9,0.488018519,1,1,20.0,WJ2009,train
3020,China,Guangdong,PL,plantation_enrichment,0,0,0,0,0,1,,1.0,Michelia chapensis,Michelia,chapensis,Magnoliaceae,53.18427191,22.9,112.9,0.488018519,1,1,5.0,WJ2009,train
3021,China,Guangdong,PL,plantation_enrichment,1,0,0,0,0,1,,1.0,Psychotria asiatica,Psychotria,asiatica,Rubiaceae,92.16527824,22.9,112.9,0.5636,1,1,16.0,WJ2009,train
3022,China,Guangdong,PL,plantation_enrichment,1,0,0,0,0,1,,1.0,Psychotria asiatica,Psychotria,asiatica,Rubiaceae,92.53515495,22.85,112.9,0.5636,1,1,20.0,WJ2009,train
3023,China,Guangdong,PL,plantation_enrichment,1,0,0,0,0,1,,1.0,Psychotria asiatica,Psychotria,asiatica,Rubiaceae,93.24558481,22.9,112.9,0.5636,1,1,5.0,WJ2009,train
3024,China,Guangdong,PL,plantation_enrichment,0,0,0,0,0,1,,1.0,Psychotria asiatica,Psychotria,asiatica,Rubiaceae,89.06031323,22.9,112.9,0.5636,1,1,16.0,WJ2009,train
3025,China,Guangdong,PL,plantation_enrichment,0,0,0,0,0,1,,1.0,Psychotria asiatica,Psychotria,asiatica,Rubiaceae,83.52815728,22.85,112.9,0.5636,1,1,20.0,WJ2009,train
3026,China,Guangdong,PL,plantation_enrichment,0,0,0,0,0,1,,1.0,Psychotria asiatica,Psychotria,asiatica,Rubiaceae,89.52015995,22.9,112.9,0.5636,1,1,5.0,WJ2009,train
3027,China,Guangdong,PL,plantation_enrichment,1,0,0,0,0,1,,1.0,Castanopsis sclerophylla,Castanopsis,sclerophylla,Fagaceae,79.07636739,22.9,112.9,0.459,1,1,16.0,WJ2009,train
3028,China,Guangdong,PL,plantation_enrichment,1,0,0,0,0,1,,1.0,Castanopsis sclerophylla,Castanopsis,sclerophylla,Fagaceae,78.00137599,22.85,112.9,0.459,1,1,20.0,WJ2009,train
3029,China,Guangdong,PL,plantation_enrichment,0,0,0,0,0,1,,1.0,Castanopsis sclerophylla,Castanopsis,sclerophylla,Fagaceae,61.23151015,22.9,112.9,0.459,1,1,16.0,WJ2009,train
3030,China,Guangdong,PL,plantation_enrichment,0,0,0,0,0,1,,1.0,Castanopsis sclerophylla,Castanopsis,sclerophylla,Fagaceae,60.37151703,22.85,112.9,0.459,1,1,20.0,WJ2009,train
3031,China,Guangdong,PL,plantation_enrichment,1,0,0,0,0,1,,1.0,Michelia chapensis,Michelia,chapensis,Magnoliaceae,30.05675955,22.9,112.9,0.488018519,1,1,16.0,WJ2009,train
3032,China,Guangdong,PL,plantation_enrichment,1,0,0,0,0,1,,1.0,Michelia chapensis,Michelia,chapensis,Magnoliaceae,29.84176127,22.85,112.9,0.488018519,1,1,20.0,WJ2009,train
3033,China,Guangdong,PL,plantation_enrichment,1,0,0,0,0,1,,1.0,Michelia chapensis,Michelia,chapensis,Magnoliaceae,57.14654283,22.9,112.9,0.488018519,1,1,5.0,WJ2009,train
3034,China,Guangdong,PL,forest_enrichment,0,0,0,1,0,1,,1.0,Cinnamomum burmannii,Cinnamomum,burmannii,Lauraceae,100.0,21.45,110.9,0.49,1,1,12.0,WJ2018,train
3035,China,Guangdong,PL,forest_enrichment,0,0,0,1,0,1,,1.0,Cinnamomum burmannii,Cinnamomum,burmannii,Lauraceae,100.0,21.45,110.9,0.49,1,1,4.0,WJ2018,train
3036,China,Guangdong,PL,forest_enrichment,0,0,0,0,0,1,,1.0,Cinnamomum burmannii,Cinnamomum,burmannii,Lauraceae,100.0,21.45,110.9,0.49,1,1,12.0,WJ2018,train
3037,China,Guangdong,PL,forest_enrichment,0,0,0,0,0,1,,1.0,Cinnamomum burmannii,Cinnamomum,burmannii,Lauraceae,100.0,21.45,110.9,0.49,1,1,4.0,WJ2018,train
3042,Thailand,Phang Nga,M,open_degraded,1,0,0,0,0,0,,6.0,Dipterocarpus gracilis,Dipterocarpus,gracilis,Dipterocarpaceae,86.71039627,8.85,98.31666667,0.603333333,1,1,12.0,WJ2020,train
3043,Thailand,Phang Nga,M,open_degraded,1,0,0,0,0,0,,6.0,Dipterocarpus gracilis,Dipterocarpus,gracilis,Dipterocarpaceae,0.134033542,8.85,98.31666667,0.603333333,1,1,24.0,WJ2020,train
3044,Thailand,Phang Nga,M,open_degraded,1,0,0,0,0,0,,6.0,Dipterocarpus gracilis,Dipterocarpus,gracilis,Dipterocarpaceae,0.288468197,8.85,98.31666667,0.603333333,1,1,36.0,WJ2020,train
3045,Thailand,Phang Nga,M,plantation_enrichment,1,0,0,0,0,0,,6.0,Shorea gratissima,Shorea,gratissima,Dipterocarpaceae,99.72077821,8.85,98.31666667,0.64,1,1,12.0,WJ2020,train
3046,Thailand,Phang Nga,M,plantation_enrichment,1,0,0,0,0,0,,6.0,Shorea gratissima,Shorea,gratissima,Dipterocarpaceae,99.5751965,8.85,98.31666667,0.64,1,1,24.0,WJ2020,train
3047,Thailand,Phang Nga,M,plantation_enrichment,1,0,0,0,0,0,,6.0,Shorea gratissima,Shorea,gratissima,Dipterocarpaceae,99.13599221,8.85,98.31666667,0.64,1,1,36.0,WJ2020,train
3048,Thailand,Phang Nga,M,plantation_enrichment,1,0,0,0,0,0,,6.0,Shorea roxburghii,Shorea,roxburghii,Dipterocarpaceae,97.92215549,8.85,98.31666667,0.7,1,1,12.0,WJ2020,train
3049,Thailand,Phang Nga,M,plantation_enrichment,1,0,0,0,0,0,,6.0,Shorea roxburghii,Shorea,roxburghii,Dipterocarpaceae,98.07609832,8.85,98.31666667,0.7,1,1,24.0,WJ2020,train
3050,Thailand,Phang Nga,M,plantation_enrichment,1,0,0,0,0,0,,6.0,Shorea roxburghii,Shorea,roxburghii,Dipterocarpaceae,97.93346758,8.85,98.31666667,0.7,1,1,36.0,WJ2020,train
3051,Thailand,Phang Nga,M,plantation_enrichment,1,0,0,0,0,0,,6.0,Parashorea stellata,Parashorea,stellata,Dipterocarpaceae,97.61377801,8.85,98.31666667,0.63,1,1,12.0,WJ2020,train
3052,Thailand,Phang Nga,M,plantation_enrichment,1,0,0,0,0,0,,6.0,Parashorea stellata,Parashorea,stellata,Dipterocarpaceae,84.65405457,8.85,98.31666667,0.63,1,1,24.0,WJ2020,train
3053,Thailand,Phang Nga,M,plantation_enrichment,1,0,0,0,0,0,,6.0,Parashorea stellata,Parashorea,stellata,Dipterocarpaceae,74.37628073,8.85,98.31666667,0.63,1,1,36.0,WJ2020,train
3054,Thailand,Phang Nga,M,open_degraded,1,0,0,0,0,0,,6.0,Dipterocarpus scaber,Dipterocarpus,scaber,Dipterocarpaceae,97.43032538,8.85,98.31666667,0.654277244,1,1,12.0,WJ2020,train
3055,Thailand,Phang Nga,M,open_degraded,1,0,0,0,0,0,,6.0,Dipterocarpus scaber,Dipterocarpus,scaber,Dipterocarpaceae,32.9066412,8.85,98.31666667,0.654277244,1,1,24.0,WJ2020,train
3056,Thailand,Phang Nga,M,open_degraded,1,0,0,0,0,0,,6.0,Dipterocarpus scaber,Dipterocarpus,scaber,Dipterocarpaceae,32.76302681,8.85,98.31666667,0.654277244,1,1,36.0,WJ2020,train
3057,Thailand,Phang Nga,M,open_degraded,1,0,0,0,0,0,,6.0,Hopea odorata,Hopea,odorata,Dipterocarpaceae,99.8038975,8.85,98.31666667,0.635,1,1,12.0,WJ2020,train
3058,Thailand,Phang Nga,M,open_degraded,1,0,0,0,0,0,,6.0,Hopea odorata,Hopea,odorata,Dipterocarpaceae,44.51924197,8.85,98.31666667,0.635,1,1,24.0,WJ2020,train
3059,Thailand,Phang Nga,M,open_degraded,1,0,0,0,0,0,,6.0,Hopea odorata,Hopea,odorata,Dipterocarpaceae,44.67466028,8.85,98.31666667,0.635,1,1,36.0,WJ2020,train
3060,Thailand,Phang Nga,M,open_degraded,1,0,0,0,0,0,,6.0,Shorea gratissima,Shorea,gratissima,Dipterocarpaceae,99.79160175,8.85,98.31666667,0.64,1,1,12.0,WJ2020,train
3061,Thailand,Phang Nga,M,open_degraded,1,0,0,0,0,0,,6.0,Shorea gratissima,Shorea,gratissima,Dipterocarpaceae,0.101080925,8.85,98.31666667,0.64,1,1,24.0,WJ2020,train
3062,Thailand,Phang Nga,M,open_degraded,1,0,0,0,0,0,,6.0,Shorea gratissima,Shorea,gratissima,Dipterocarpaceae,0.552580967,8.85,98.31666667,0.64,1,1,36.0,WJ2020,train
3063,Thailand,Phang Nga,M,open_degraded,1,0,0,0,0,0,,6.0,Shorea roxburghii,Shorea,roxburghii,Dipterocarpaceae,95.60957031,8.85,98.31666667,0.7,1,1,12.0,WJ2020,train
3064,Thailand,Phang Nga,M,open_degraded,1,0,0,0,0,0,,6.0,Shorea roxburghii,Shorea,roxburghii,Dipterocarpaceae,61.7859217,8.85,98.31666667,0.7,1,1,24.0,WJ2020,train
3065,Thailand,Phang Nga,M,open_degraded,1,0,0,0,0,0,,6.0,Shorea roxburghii,Shorea,roxburghii,Dipterocarpaceae,61.64279914,8.85,98.31666667,0.7,1,1,36.0,WJ2020,train
3066,Thailand,Phang Nga,M,open_degraded,1,0,0,0,0,0,,6.0,Parashorea stellata,Parashorea,stellata,Dipterocarpaceae,97.08948711,8.85,98.31666667,0.63,1,1,12.0,WJ2020,train
3067,Thailand,Phang Nga,M,open_degraded,1,0,0,0,0,0,,6.0,Parashorea stellata,Parashorea,stellata,Dipterocarpaceae,0.674063005,8.85,98.31666667,0.63,1,1,24.0,WJ2020,train
3068,Thailand,Phang Nga,M,open_degraded,1,0,0,0,0,0,,6.0,Parashorea stellata,Parashorea,stellata,Dipterocarpaceae,0.531924102,8.85,98.31666667,0.63,1,1,36.0,WJ2020,train
3069,Thailand,Phang Nga,M,plantation_enrichment,1,0,0,0,0,0,,6.0,Dipterocarpus gracilis,Dipterocarpus,gracilis,Dipterocarpaceae,74.41906995,8.85,98.31666667,0.603333333,1,1,12.0,WJ2020,train
3070,Thailand,Phang Nga,M,plantation_enrichment,1,0,0,0,0,0,,6.0,Dipterocarpus gracilis,Dipterocarpus,gracilis,Dipterocarpaceae,44.76712434,8.85,98.31666667,0.603333333,1,1,24.0,WJ2020,train
3071,Thailand,Phang Nga,M,plantation_enrichment,1,0,0,0,0,0,,6.0,Dipterocarpus gracilis,Dipterocarpus,gracilis,Dipterocarpaceae,36.57667749,8.85,98.31666667,0.603333333,1,1,36.0,WJ2020,train
3072,Thailand,Phang Nga,M,plantation_enrichment,1,0,0,0,0,0,,6.0,Dipterocarpus scaber,Dipterocarpus,scaber,Dipterocarpaceae,97.95314079,8.85,98.31666667,0.654277244,1,1,12.0,WJ2020,train
3073,Thailand,Phang Nga,M,plantation_enrichment,1,0,0,0,0,0,,6.0,Dipterocarpus scaber,Dipterocarpus,scaber,Dipterocarpaceae,96.02172394,8.85,98.31666667,0.654277244,1,1,24.0,WJ2020,train
3074,Thailand,Phang Nga,M,plantation_enrichment,1,0,0,0,0,0,,6.0,Dipterocarpus scaber,Dipterocarpus,scaber,Dipterocarpaceae,95.87761772,8.85,98.31666667,0.654277244,1,1,36.0,WJ2020,train
3075,Thailand,Phang Nga,M,plantation_enrichment,1,0,0,0,0,0,,6.0,Hopea odorata,Hopea,odorata,Dipterocarpaceae,99.72963115,8.85,98.31666667,0.635,1,1,12.0,WJ2020,train
3076,Thailand,Phang Nga,M,plantation_enrichment,1,0,0,0,0,0,,6.0,Hopea odorata,Hopea,odorata,Dipterocarpaceae,99.58749225,8.85,98.31666667,0.635,1,1,24.0,WJ2020,train
3077,Thailand,Phang Nga,M,plantation_enrichment,1,0,0,0,0,0,,6.0,Hopea odorata,Hopea,odorata,Dipterocarpaceae,99.44436969,8.85,98.31666667,0.635,1,1,36.0,WJ2020,train
3078,Thailand,Chiang Mai,AG,forest_enrichment,1,0,0,0,1,1,,20.0,Acrocarpus fraxinifolius,Acrocarpus,fraxinifolius,Fabaceae,33.5,18.55,98.23333333,0.5915,1,1,10.0,WP2008,train
3079,Thailand,Chiang Mai,AG,forest_enrichment,1,0,0,0,1,1,,20.0,Acrocarpus fraxinifolius,Acrocarpus,fraxinifolius,Fabaceae,14.9,18.55,98.23333333,0.5915,1,1,23.0,WP2008,train
3080,Thailand,Chiang Mai,AG,forest_enrichment,1,0,0,0,1,1,,20.0,Acrocarpus fraxinifolius,Acrocarpus,fraxinifolius,Fabaceae,98.7,18.55,98.23333333,0.5915,1,1,0.5,WP2008,train
3081,Thailand,Chiang Mai,AG,forest_enrichment,1,0,0,0,1,1,,20.0,Tetradium glabrifolium,Tetradium,glabrifolium,Rutaceae,34.7,18.55,98.23333333,0.232,1,1,10.0,WP2008,train
3082,Thailand,Chiang Mai,AG,forest_enrichment,1,0,0,0,1,1,,20.0,Tetradium glabrifolium,Tetradium,glabrifolium,Rutaceae,14.9,18.55,98.23333333,0.232,1,1,23.0,WP2008,train
3083,Thailand,Chiang Mai,AG,forest_enrichment,1,0,0,0,1,1,,20.0,Tetradium glabrifolium,Tetradium,glabrifolium,Rutaceae,97.3,18.55,98.23333333,0.232,1,1,0.5,WP2008,train
3084,Thailand,Chiang Mai,AG,forest_enrichment,1,0,0,0,1,1,,20.0,Ficus fistulosa,Ficus,fistulosa,Moraceae,82.7,18.55,98.23333333,0.38,1,1,10.0,WP2008,train
3085,Thailand,Chiang Mai,AG,forest_enrichment,1,0,0,0,1,1,,20.0,Ficus fistulosa,Ficus,fistulosa,Moraceae,68.0,18.55,98.23333333,0.38,1,1,23.0,WP2008,train
3086,Thailand,Chiang Mai,AG,forest_enrichment,1,0,0,0,1,1,,20.0,Ficus fistulosa,Ficus,fistulosa,Moraceae,100.0,18.55,98.23333333,0.38,1,1,0.5,WP2008,train
3087,Thailand,Chiang Mai,AG,forest_enrichment,1,0,0,0,1,1,,20.0,Ficus subulata,Ficus,subulata,Moraceae,66.7,18.55,98.23333333,0.405534662,1,1,10.0,WP2008,train
3088,Thailand,Chiang Mai,AG,forest_enrichment,1,0,0,0,1,1,,20.0,Ficus subulata,Ficus,subulata,Moraceae,45.3,18.55,98.23333333,0.405534662,1,1,23.0,WP2008,train
3089,Thailand,Chiang Mai,AG,forest_enrichment,1,0,0,0,1,1,,20.0,Ficus subulata,Ficus,subulata,Moraceae,100.0,18.55,98.23333333,0.405534662,1,1,0.5,WP2008,train
3090,Thailand,Chiang Mai,AG,forest_enrichment,1,0,0,0,1,1,,20.0,Helicia nilagirica,Helicia,nilagirica,Proteaceae,34.7,18.55,98.23333333,0.641,1,1,10.0,WP2008,train
3091,Thailand,Chiang Mai,AG,forest_enrichment,1,0,0,0,1,1,,20.0,Helicia nilagirica,Helicia,nilagirica,Proteaceae,16.0,18.55,98.23333333,0.641,1,1,23.0,WP2008,train
3092,Thailand,Chiang Mai,AG,forest_enrichment,1,0,0,0,1,1,,20.0,Helicia nilagirica,Helicia,nilagirica,Proteaceae,100.0,18.55,98.23333333,0.641,1,1,0.5,WP2008,train
3093,Thailand,Chiang Mai,AG,forest_enrichment,1,0,0,0,1,1,,20.0,Hovenia dulcis,Hovenia,dulcis,Rhamnaceae,54.1,18.55,98.23333333,0.543,1,1,10.0,WP2008,train
3094,Thailand,Chiang Mai,AG,forest_enrichment,1,0,0,0,1,1,,20.0,Hovenia dulcis,Hovenia,dulcis,Rhamnaceae,45.3,18.55,98.23333333,0.543,1,1,23.0,WP2008,train
3095,Thailand,Chiang Mai,AG,forest_enrichment,1,0,0,0,1,1,,20.0,Hovenia dulcis,Hovenia,dulcis,Rhamnaceae,97.3,18.55,98.23333333,0.543,1,1,0.5,WP2008,train
3096,Thailand,Chiang Mai,AG,forest_enrichment,1,0,0,0,1,1,,20.0,Ostodes paniculata,Ostodes,paniculata,Euphorbiaceae,45.6,18.55,98.23333333,0.339,1,1,10.0,WP2008,train
3097,Thailand,Chiang Mai,AG,forest_enrichment,1,0,0,0,1,1,,20.0,Ostodes paniculata,Ostodes,paniculata,Euphorbiaceae,18.3,18.55,98.23333333,0.339,1,1,23.0,WP2008,train
3098,Thailand,Chiang Mai,AG,forest_enrichment,1,0,0,0,1,1,,20.0,Ostodes paniculata,Ostodes,paniculata,Euphorbiaceae,98.5,18.55,98.23333333,0.339,1,1,0.5,WP2008,train
3099,Thailand,Chiang Mai,AG,forest_enrichment,1,0,0,0,1,1,,20.0,Phyllanthus emblica,Phyllanthus,emblica,Phyllanthaceae,57.0,18.55,98.23333333,0.636,1,1,10.0,WP2008,train
3100,Thailand,Chiang Mai,AG,forest_enrichment,1,0,0,0,1,1,,20.0,Phyllanthus emblica,Phyllanthus,emblica,Phyllanthaceae,41.3,18.55,98.23333333,0.636,1,1,23.0,WP2008,train
3101,Thailand,Chiang Mai,AG,forest_enrichment,1,0,0,0,1,1,,20.0,Phyllanthus emblica,Phyllanthus,emblica,Phyllanthaceae,97.2,18.55,98.23333333,0.636,1,1,0.5,WP2008,train
3102,Thailand,Chiang Mai,AG,forest_enrichment,1,0,0,0,1,1,,20.0,Prunus campanulata,Prunus,campanulata,Rosaceae,40.1,18.55,98.23333333,0.585666667,1,1,10.0,WP2008,train
3103,Thailand,Chiang Mai,AG,forest_enrichment,1,0,0,0,1,1,,20.0,Prunus campanulata,Prunus,campanulata,Rosaceae,14.9,18.55,98.23333333,0.585666667,1,1,23.0,WP2008,train
3104,Thailand,Chiang Mai,AG,forest_enrichment,1,0,0,0,1,1,,20.0,Prunus campanulata,Prunus,campanulata,Rosaceae,98.6,18.55,98.23333333,0.585666667,1,1,0.5,WP2008,train
3105,Thailand,Chiang Mai,AG,forest_enrichment,1,0,0,0,1,1,,20.0,Quercus gomeziana,Quercus,gomeziana,Fagaceae,30.1,18.55,98.23333333,0.700799975,1,1,10.0,WP2008,train
3106,Thailand,Chiang Mai,AG,forest_enrichment,1,0,0,0,1,1,,20.0,Quercus gomeziana,Quercus,gomeziana,Fagaceae,10.7,18.55,98.23333333,0.700799975,1,1,23.0,WP2008,train
3107,Thailand,Chiang Mai,AG,forest_enrichment,1,0,0,0,1,1,,20.0,Quercus gomeziana,Quercus,gomeziana,Fagaceae,97.2,18.55,98.23333333,0.700799975,1,1,0.5,WP2008,train
3108,Thailand,Chiang Mai,AG,forest_enrichment,1,0,0,0,1,1,,20.0,Schima wallichii,Schima,wallichii,Theaceae,45.1,18.55,98.23333333,0.55775,1,1,10.0,WP2008,train
3109,Thailand,Chiang Mai,AG,forest_enrichment,1,0,0,0,1,1,,20.0,Schima wallichii,Schima,wallichii,Theaceae,38.9,18.55,98.23333333,0.55775,1,1,23.0,WP2008,train
3110,Thailand,Chiang Mai,AG,forest_enrichment,1,0,0,0,1,1,,20.0,Schima wallichii,Schima,wallichii,Theaceae,97.2,18.55,98.23333333,0.55775,1,1,0.5,WP2008,train
3111,Thailand,Chiang Mai,AG,forest_enrichment,1,0,0,0,1,1,,20.0,Afzelia xylocarpa,Afzelia,xylocarpa,Fabaceae,43.8,18.55,98.23333333,0.669883983,1,1,10.0,WP2008,train
3112,Thailand,Chiang Mai,AG,forest_enrichment,1,0,0,0,1,1,,20.0,Afzelia xylocarpa,Afzelia,xylocarpa,Fabaceae,4.1,18.55,98.23333333,0.669883983,1,1,23.0,WP2008,train
3113,Thailand,Chiang Mai,AG,forest_enrichment,1,0,0,0,1,1,,20.0,Afzelia xylocarpa,Afzelia,xylocarpa,Fabaceae,100.0,18.55,98.23333333,0.669883983,1,1,0.5,WP2008,train
3114,Thailand,Chiang Mai,AG,forest_enrichment,1,0,0,0,1,1,,20.0,Terminalia bellirica,Terminalia,bellirica,Combretaceae,64.4,18.55,98.23333333,0.630496778,1,1,10.0,WP2008,train
3115,Thailand,Chiang Mai,AG,forest_enrichment,1,0,0,0,1,1,,20.0,Terminalia bellirica,Terminalia,bellirica,Combretaceae,21.3,18.55,98.23333333,0.630496778,1,1,23.0,WP2008,train
3116,Thailand,Chiang Mai,AG,forest_enrichment,1,0,0,0,1,1,,20.0,Terminalia bellirica,Terminalia,bellirica,Combretaceae,100.0,18.55,98.23333333,0.630496778,1,1,0.5,WP2008,train
3117,Thailand,Chiang Mai,AG,forest_enrichment,1,0,0,0,1,1,,20.0,Castanopsis tribuloides,Castanopsis,tribuloides,Fagaceae,51.0,18.55,98.23333333,0.595,1,1,9.0,WP2008,train
3118,Thailand,Chiang Mai,AG,forest_enrichment,1,0,0,0,1,1,,20.0,Ficus fistulosa,Ficus,fistulosa,Moraceae,46.0,18.55,98.23333333,0.38,1,1,9.0,WP2008,train
3119,Thailand,Chiang Mai,AG,forest_enrichment,1,0,0,0,1,1,,20.0,Hovenia dulcis,Hovenia,dulcis,Rhamnaceae,70.0,18.55,98.23333333,0.543,1,1,9.0,WP2008,train
3120,Thailand,Chiang Mai,AG,forest_enrichment,1,0,0,0,1,1,,20.0,Ostodes paniculata,Ostodes,paniculata,Euphorbiaceae,41.0,18.55,98.23333333,0.339,1,1,9.0,WP2008,train
3121,Thailand,Chiang Mai,AG,forest_enrichment,1,0,0,0,1,1,,20.0,Quercus gomeziana,Quercus,gomeziana,Fagaceae,31.0,18.55,98.23333333,0.700799975,1,1,9.0,WP2008,train
3122,Thailand,Chiang Mai,AG,forest_enrichment,1,0,0,0,1,1,,20.0,Alseodaphne andersonii,Alseodaphne,andersonii,Lauraceae,17.7,18.55,98.23333333,0.5631,1,1,10.0,WP2008,train
3123,Thailand,Chiang Mai,AG,forest_enrichment,1,0,0,0,1,1,,20.0,Alseodaphne andersonii,Alseodaphne,andersonii,Lauraceae,11.9,18.55,98.23333333,0.5631,1,1,23.0,WP2008,train
3124,Thailand,Chiang Mai,AG,forest_enrichment,1,0,0,0,1,1,,20.0,Alseodaphne andersonii,Alseodaphne,andersonii,Lauraceae,91.2,18.55,98.23333333,0.5631,1,1,0.5,WP2008,train
3125,Thailand,Chiang Mai,AG,forest_enrichment,1,0,0,0,1,1,,20.0,Castanopsis acuminatissima,Castanopsis,acuminatissima,Fagaceae,55.6,18.55,98.23333333,0.5835,1,1,10.0,WP2008,train
3126,Thailand,Chiang Mai,AG,forest_enrichment,1,0,0,0,1,1,,20.0,Castanopsis acuminatissima,Castanopsis,acuminatissima,Fagaceae,20.0,18.55,98.23333333,0.5835,1,1,23.0,WP2008,train
3127,Thailand,Chiang Mai,AG,forest_enrichment,1,0,0,0,1,1,,20.0,Castanopsis acuminatissima,Castanopsis,acuminatissima,Fagaceae,98.6,18.55,98.23333333,0.5835,1,1,0.5,WP2008,train
3128,Thailand,Chiang Mai,AG,forest_enrichment,1,0,0,0,1,1,,20.0,Castanopsis diversifolia,Castanopsis,diversifolia,Fagaceae,29.2,18.55,98.23333333,0.567974786,1,1,10.0,WP2008,train
3129,Thailand,Chiang Mai,AG,forest_enrichment,1,0,0,0,1,1,,20.0,Castanopsis diversifolia,Castanopsis,diversifolia,Fagaceae,8.6,18.55,98.23333333,0.567974786,1,1,23.0,WP2008,train
3130,Thailand,Chiang Mai,AG,forest_enrichment,1,0,0,0,1,1,,20.0,Castanopsis diversifolia,Castanopsis,diversifolia,Fagaceae,98.6,18.55,98.23333333,0.567974786,1,1,0.5,WP2008,train
3131,Thailand,Chiang Mai,AG,forest_enrichment,1,0,0,0,1,1,,20.0,Castanopsis tribuloides,Castanopsis,tribuloides,Fagaceae,39.2,18.55,98.23333333,0.595,1,1,10.0,WP2008,train
3132,Thailand,Chiang Mai,AG,forest_enrichment,1,0,0,0,1,1,,20.0,Castanopsis tribuloides,Castanopsis,tribuloides,Fagaceae,13.3,18.55,98.23333333,0.595,1,1,23.0,WP2008,train
3133,Thailand,Chiang Mai,AG,forest_enrichment,1,0,0,0,1,1,,20.0,Castanopsis tribuloides,Castanopsis,tribuloides,Fagaceae,100.0,18.55,98.23333333,0.595,1,1,0.5,WP2008,train
3134,Thailand,Chiang Mai,AG,forest_enrichment,1,0,0,0,1,1,,20.0,Dalbergia ovata,Dalbergia,ovata,Fabaceae,72.0,18.55,98.23333333,0.675,1,1,10.0,WP2008,train
3135,Thailand,Chiang Mai,AG,forest_enrichment,1,0,0,0,1,1,,20.0,Dalbergia ovata,Dalbergia,ovata,Fabaceae,32.0,18.55,98.23333333,0.675,1,1,23.0,WP2008,train
3136,Thailand,Chiang Mai,AG,forest_enrichment,1,0,0,0,1,1,,20.0,Dalbergia ovata,Dalbergia,ovata,Fabaceae,96.0,18.55,98.23333333,0.675,1,1,0.5,WP2008,train
3137,Thailand,Chiang Mai,AG,forest_enrichment,1,0,0,0,1,1,,20.0,Debregeasia longifolia,Debregeasia,longifolia,Urticaceae,76.0,18.55,98.23333333,0.329392847,1,1,10.0,WP2008,train
3138,Thailand,Chiang Mai,AG,forest_enrichment,1,0,0,0,1,1,,20.0,Debregeasia longifolia,Debregeasia,longifolia,Urticaceae,48.0,18.55,98.23333333,0.329392847,1,1,23.0,WP2008,train
3139,Thailand,Chiang Mai,AG,forest_enrichment,1,0,0,0,1,1,,20.0,Debregeasia longifolia,Debregeasia,longifolia,Urticaceae,97.3,18.55,98.23333333,0.329392847,1,1,0.5,WP2008,train
3140,Thailand,Chiang Mai,AG,forest_enrichment,1,0,0,0,1,1,,20.0,Erythrina subumbrans,Erythrina,subumbrans,Fabaceae,21.9,18.55,98.23333333,0.23,1,1,10.0,WP2008,train
3141,Thailand,Chiang Mai,AG,forest_enrichment,1,0,0,0,1,1,,20.0,Erythrina subumbrans,Erythrina,subumbrans,Fabaceae,8.0,18.55,98.23333333,0.23,1,1,23.0,WP2008,train
3142,Thailand,Chiang Mai,AG,forest_enrichment,1,0,0,0,1,1,,20.0,Erythrina subumbrans,Erythrina,subumbrans,Fabaceae,71.2,18.55,98.23333333,0.23,1,1,0.5,WP2008,train
3143,Malaysia,Sabah,LG,forest_enrichment,1,0,0,0,0,0,,3.0,Parashorea malaanonan,Parashorea,malaanonan,Dipterocarpaceae,17.95,5.44,118.05,0.415,1,1,18.0,YKL2016,train
3144,Malaysia,Sabah,LG,forest_enrichment,1,0,0,0,0,0,,3.0,Parashorea malaanonan,Parashorea,malaanonan,Dipterocarpaceae,52.5,5.44,118.05,0.415,1,1,18.0,YKL2016,train
3145,Malaysia,Sabah,LG,forest_enrichment,1,0,0,0,0,0,,3.0,Parashorea malaanonan,Parashorea,malaanonan,Dipterocarpaceae,57.5,5.44,118.05,0.415,1,1,18.0,YKL2016,train
3146,Malaysia,Sabah,LG,forest_enrichment,1,0,0,0,0,0,,3.0,Parashorea malaanonan,Parashorea,malaanonan,Dipterocarpaceae,60.0,5.44,118.05,0.415,1,1,18.0,YKL2016,train
3147,Malaysia,Sabah,LG,forest_enrichment,1,0,0,0,0,0,,3.0,Parashorea malaanonan,Parashorea,malaanonan,Dipterocarpaceae,64.62,5.44,118.05,0.415,1,1,18.0,YKL2016,train
3148,Malaysia,Sabah,LG,forest_enrichment,1,0,0,0,0,0,,3.0,Dryobalanops lanceolata,Dryobalanops,lanceolata,Dipterocarpaceae,79.05,5.44,118.05,0.62,1,1,18.0,YKL2016,train
3149,Malaysia,Sabah,LG,forest_enrichment,1,0,0,0,0,0,,3.0,Dryobalanops lanceolata,Dryobalanops,lanceolata,Dipterocarpaceae,70.0,5.44,118.05,0.62,1,1,18.0,YKL2016,train
3150,Malaysia,Sabah,LG,forest_enrichment,1,0,0,0,0,0,,3.0,Parashorea malaanonan,Parashorea,malaanonan,Dipterocarpaceae,58.29,5.44,118.05,0.415,1,1,18.0,YKL2016,train
3151,Malaysia,Sabah,LG,forest_enrichment,1,0,0,0,0,0,,3.0,Dryobalanops lanceolata,Dryobalanops,lanceolata,Dipterocarpaceae,74.62,5.44,118.05,0.62,1,1,18.0,YKL2016,train
3152,Malaysia,Sabah,LG,forest_enrichment,1,0,0,0,0,0,,3.0,Hopea nervosa,Hopea,nervosa,Dipterocarpaceae,78.42,5.44,118.05,0.613333333,1,1,18.0,YKL2016,train
3153,Malaysia,Sabah,LG,forest_enrichment,1,0,0,0,0,0,,3.0,Hopea nervosa,Hopea,nervosa,Dipterocarpaceae,77.5,5.44,118.05,0.613333333,1,1,18.0,YKL2016,train
3154,Malaysia,Sabah,LG,forest_enrichment,1,0,0,0,0,0,,3.0,Hopea nervosa,Hopea,nervosa,Dipterocarpaceae,82.5,5.44,118.05,0.613333333,1,1,18.0,YKL2016,train
3155,Malaysia,Sabah,LG,forest_enrichment,1,0,0,0,0,0,,3.0,Hopea nervosa,Hopea,nervosa,Dipterocarpaceae,70.48,5.44,118.05,0.613333333,1,1,18.0,YKL2016,train
3156,Malaysia,Sabah,LG,forest_enrichment,1,0,0,0,0,0,,3.0,Parashorea malaanonan,Parashorea,malaanonan,Dipterocarpaceae,36.11,5.44,118.05,0.415,1,1,18.0,YKL2016,train
3157,Malaysia,Sabah,LG,forest_enrichment,1,0,0,0,0,0,,3.0,Parashorea malaanonan,Parashorea,malaanonan,Dipterocarpaceae,57.14,5.44,118.05,0.415,1,1,18.0,YKL2016,train
3158,Malaysia,Sabah,LG,forest_enrichment,1,0,0,0,0,0,,3.0,Parashorea malaanonan,Parashorea,malaanonan,Dipterocarpaceae,49.47,5.44,118.05,0.415,1,1,18.0,YKL2016,train
3159,Malaysia,Sabah,LG,forest_enrichment,1,0,0,0,0,0,,3.0,Parashorea malaanonan,Parashorea,malaanonan,Dipterocarpaceae,50.0,5.44,118.05,0.415,1,1,18.0,YKL2016,train
3160,Malaysia,Sabah,LG,forest_enrichment,1,0,0,0,0,0,,3.0,Parashorea malaanonan,Parashorea,malaanonan,Dipterocarpaceae,55.26,5.44,118.05,0.415,1,1,18.0,YKL2016,train
3161,Malaysia,Sabah,LG,forest_enrichment,1,0,0,0,0,0,,3.0,Parashorea malaanonan,Parashorea,malaanonan,Dipterocarpaceae,47.37,5.44,118.05,0.415,1,1,18.0,YKL2016,train
3162,Malaysia,Sabah,LG,forest_enrichment,1,0,0,0,0,0,,3.0,Parashorea malaanonan,Parashorea,malaanonan,Dipterocarpaceae,39.47,5.44,118.05,0.415,1,1,18.0,YKL2016,train
3163,Malaysia,Sabah,LG,forest_enrichment,1,0,0,0,0,0,,3.0,Dryobalanops lanceolata,Dryobalanops,lanceolata,Dipterocarpaceae,70.73,5.44,118.05,0.62,1,1,18.0,YKL2016,train
3164,Malaysia,Sabah,LG,forest_enrichment,1,0,0,0,0,0,,3.0,Dryobalanops lanceolata,Dryobalanops,lanceolata,Dipterocarpaceae,66.74,5.44,118.05,0.62,1,1,18.0,YKL2016,train
3165,Malaysia,Sabah,LG,forest_enrichment,1,0,0,0,0,0,,3.0,Dryobalanops lanceolata,Dryobalanops,lanceolata,Dipterocarpaceae,76.32,5.44,118.05,0.62,1,1,18.0,YKL2016,train
3166,Malaysia,Sabah,LG,forest_enrichment,1,0,0,0,0,0,,3.0,Dryobalanops lanceolata,Dryobalanops,lanceolata,Dipterocarpaceae,63.81,5.44,118.05,0.62,1,1,18.0,YKL2016,train
3167,Malaysia,Sabah,LG,forest_enrichment,1,0,0,0,0,0,,3.0,Dryobalanops lanceolata,Dryobalanops,lanceolata,Dipterocarpaceae,68.29,5.44,118.05,0.62,1,1,18.0,YKL2016,train
3168,Malaysia,Sabah,LG,forest_enrichment,1,0,0,0,0,0,,3.0,Dryobalanops lanceolata,Dryobalanops,lanceolata,Dipterocarpaceae,61.76,5.44,118.05,0.62,1,1,18.0,YKL2016,train
3169,Malaysia,Sabah,LG,forest_enrichment,1,0,0,0,0,0,,3.0,Dryobalanops lanceolata,Dryobalanops,lanceolata,Dipterocarpaceae,33.33,5.44,118.05,0.62,1,1,18.0,YKL2016,train
3170,Malaysia,Sabah,LG,forest_enrichment,1,0,0,0,0,0,,3.0,Hopea nervosa,Hopea,nervosa,Dipterocarpaceae,90.7,5.44,118.05,0.613333333,1,1,18.0,YKL2016,train
3171,Malaysia,Sabah,LG,forest_enrichment,1,0,0,0,0,0,,3.0,Hopea nervosa,Hopea,nervosa,Dipterocarpaceae,71.43,5.44,118.05,0.613333333,1,1,18.0,YKL2016,train
3172,Malaysia,Sabah,LG,forest_enrichment,1,0,0,0,0,0,,3.0,Hopea nervosa,Hopea,nervosa,Dipterocarpaceae,69.05,5.44,118.05,0.613333333,1,1,18.0,YKL2016,train
3173,Malaysia,Sabah,LG,forest_enrichment,1,0,0,0,0,0,,3.0,Hopea nervosa,Hopea,nervosa,Dipterocarpaceae,85.0,5.44,118.05,0.613333333,1,1,18.0,YKL2016,train
3174,Malaysia,Sabah,LG,forest_enrichment,1,0,0,0,0,0,,3.0,Hopea nervosa,Hopea,nervosa,Dipterocarpaceae,82.93,5.44,118.05,0.613333333,1,1,18.0,YKL2016,train
3175,Malaysia,Sabah,LG,forest_enrichment,1,0,0,0,0,0,,3.0,Hopea nervosa,Hopea,nervosa,Dipterocarpaceae,81.05,5.44,118.05,0.613333333,1,1,18.0,YKL2016,train
3176,Malaysia,Sabah,LG,forest_enrichment,1,0,0,0,0,0,,3.0,Dryobalanops lanceolata,Dryobalanops,lanceolata,Dipterocarpaceae,62.63,5.44,118.05,0.62,1,1,18.0,YKL2016,train
3177,Malaysia,Sabah,LG,forest_enrichment,1,0,0,0,0,0,,3.0,Dryobalanops lanceolata,Dryobalanops,lanceolata,Dipterocarpaceae,62.5,5.44,118.05,0.62,1,1,18.0,YKL2016,train
3178,Malaysia,Sabah,LG,forest_enrichment,1,0,0,0,0,0,,3.0,Hopea nervosa,Hopea,nervosa,Dipterocarpaceae,42.56,5.44,118.05,0.613333333,1,1,18.0,YKL2016,train
3179,Malaysia,Sabah,LG,forest_enrichment,1,0,0,0,0,0,,3.0,Hopea nervosa,Hopea,nervosa,Dipterocarpaceae,68.29,5.44,118.05,0.613333333,1,1,18.0,YKL2016,train
3180,Malaysia,Sabah,LG,forest_enrichment,1,0,0,0,0,0,,3.0,Hopea nervosa,Hopea,nervosa,Dipterocarpaceae,67.14,5.44,118.05,0.613333333,1,1,18.0,YKL2016,train
3181,China,Guangdong,PL,open_degraded,0,1,0,0,0,0,,1.0,Schima superba,Schima,superba,Theaceae,74.67995283,22.56666667,112.8333333,0.5375,1,1,17.0,YL2010,train
3182,China,Guangdong,PL,open_degraded,0,1,0,0,0,0,,1.0,Schima superba,Schima,superba,Theaceae,76.70594751,22.56666667,112.8333333,0.5375,1,1,4.0,YL2010,train
3183,China,Guangdong,PL,open_degraded,0,0,0,0,0,0,,1.0,Michelia macclurei,Michelia,macclurei,Magnoliaceae,36.2010511,22.56666667,112.8333333,0.5435,0,1,17.0,YL2010,train
3184,China,Guangdong,PL,open_degraded,0,0,0,0,0,0,,1.0,Michelia macclurei,Michelia,macclurei,Magnoliaceae,41.31920994,22.56666667,112.8333333,0.5435,0,1,4.0,YL2010,train
3185,China,Guangdong,PL,open_degraded,0,1,0,0,0,0,,1.0,Michelia macclurei,Michelia,macclurei,Magnoliaceae,4.614076098,22.56666667,112.8333333,0.5435,1,1,17.0,YL2010,train
3186,China,Guangdong,PL,open_degraded,0,1,0,0,0,0,,1.0,Michelia macclurei,Michelia,macclurei,Magnoliaceae,7.520819481,22.56666667,112.8333333,0.5435,1,1,4.0,YL2010,train
3187,China,Guangdong,PL,open_degraded,0,0,0,0,0,0,,1.0,Michelia macclurei,Michelia,macclurei,Magnoliaceae,49.22958757,22.56666667,112.8333333,0.5435,0,1,17.0,YL2010,train
3188,China,Guangdong,PL,open_degraded,0,0,0,0,0,0,,1.0,Michelia macclurei,Michelia,macclurei,Magnoliaceae,59.21367847,22.56666667,112.8333333,0.5435,0,1,4.0,YL2010,train
3189,China,Guangdong,PL,open_degraded,0,0,0,0,0,0,,1.0,Schima superba,Schima,superba,Theaceae,45.74340426,22.56666667,112.8333333,0.5375,0,1,17.0,YL2010,train
3190,China,Guangdong,PL,open_degraded,0,0,0,0,0,0,,1.0,Schima superba,Schima,superba,Theaceae,48.43609571,22.56666667,112.8333333,0.5375,0,1,4.0,YL2010,train
3191,China,Guangdong,PL,open_degraded,0,1,0,0,0,0,,1.0,Schima superba,Schima,superba,Theaceae,34.04144438,22.56666667,112.8333333,0.5375,1,1,17.0,YL2010,train
3192,China,Guangdong,PL,open_degraded,0,1,0,0,0,0,,1.0,Schima superba,Schima,superba,Theaceae,39.82084644,22.56666667,112.8333333,0.5375,1,1,4.0,YL2010,train
3193,China,Guangdong,PL,open_degraded,0,0,0,0,0,0,,1.0,Schima superba,Schima,superba,Theaceae,72.24903189,22.56666667,112.8333333,0.5375,0,1,17.0,YL2010,train
3194,China,Guangdong,PL,open_degraded,0,0,0,0,0,0,,1.0,Schima superba,Schima,superba,Theaceae,75.60023978,22.56666667,112.8333333,0.5375,0,1,4.0,YL2010,train
3195,China,Guangdong,PL,open_degraded,0,1,0,0,0,0,,1.0,Castanopsis fissa,Castanopsis,fissa,Fagaceae,54.77585027,22.56666667,112.8333333,0.4446,1,1,17.0,YL2010,train
3196,China,Guangdong,PL,open_degraded,0,1,0,0,0,0,,1.0,Castanopsis fissa,Castanopsis,fissa,Fagaceae,63.86828537,22.56666667,112.8333333,0.4446,1,1,4.0,YL2010,train
3197,China,Guangdong,PL,open_degraded,0,0,0,0,0,0,,1.0,Castanopsis fissa,Castanopsis,fissa,Fagaceae,9.053267681,22.56666667,112.8333333,0.4446,0,1,17.0,YL2010,train
3198,China,Guangdong,PL,open_degraded,0,0,0,0,0,0,,1.0,Castanopsis fissa,Castanopsis,fissa,Fagaceae,9.320491745,22.56666667,112.8333333,0.4446,0,1,4.0,YL2010,train
3199,China,Guangdong,PL,open_degraded,0,1,0,0,0,0,,1.0,Castanopsis fissa,Castanopsis,fissa,Fagaceae,4.415021439,22.56666667,112.8333333,0.4446,1,1,17.0,YL2010,train
3200,China,Guangdong,PL,open_degraded,0,1,0,0,0,0,,1.0,Castanopsis fissa,Castanopsis,fissa,Fagaceae,4.679518726,22.56666667,112.8333333,0.4446,1,1,4.0,YL2010,train
3201,China,Guangdong,PL,open_degraded,0,0,0,0,0,0,,1.0,Castanopsis fissa,Castanopsis,fissa,Fagaceae,34.66996628,22.56666667,112.8333333,0.4446,0,1,17.0,YL2010,train
3202,China,Guangdong,PL,open_degraded,0,0,0,0,0,0,,1.0,Castanopsis fissa,Castanopsis,fissa,Fagaceae,37.36402113,22.56666667,112.8333333,0.4446,0,1,4.0,YL2010,train
3203,China,Guangdong,PL,open_degraded,0,1,0,0,0,0,,1.0,Michelia macclurei,Michelia,macclurei,Magnoliaceae,73.96690086,22.56666667,112.8333333,0.5435,1,1,17.0,YL2010,train
3204,China,Guangdong,PL,open_degraded,0,1,0,0,0,0,,1.0,Michelia macclurei,Michelia,macclurei,Magnoliaceae,79.75039309,22.56666667,112.8333333,0.5435,1,1,4.0,YL2010,train
3241,Malaysia,Negeri Sembilan,PL,plantation_enrichment,1,0,0,0,0,0,,9.0,Dipterocarpus oblongifolius,Dipterocarpus,oblongifolius,Dipterocarpaceae,100.0,2.95,102.2833333,0.615,1,1,12.0,YT2016,train
3242,Malaysia,Negeri Sembilan,PL,plantation_enrichment,1,0,0,0,0,0,,9.0,Artocarpus hispidus,Artocarpus,hispidus,Moraceae,40.42891058,2.95,102.2833333,0.486363636,1,1,12.0,YT2016,train
3243,Malaysia,Negeri Sembilan,PL,plantation_enrichment,1,0,0,0,0,0,,9.0,Intsia palembanica,Intsia,palembanica,Fabaceae,96.47363957,2.95,102.2833333,0.658666667,1,1,12.0,YT2016,train
3244,Malaysia,Negeri Sembilan,PL,plantation_enrichment,1,0,0,0,0,0,,9.0,Allophylus cobbe,Allophylus,cobbe,Sapindaceae,100.0,2.95,102.2833333,0.385,1,1,12.0,YT2016,train
3245,Malaysia,Negeri Sembilan,PL,plantation_enrichment,1,0,0,0,0,0,,9.0,Sindora coriacea,Sindora,coriacea,Fabaceae,100.0,2.95,102.2833333,0.55,1,1,12.0,YT2016,train
3246,Malaysia,Negeri Sembilan,PL,plantation_enrichment,1,0,0,0,0,0,,9.0,Heritiera javanica,Heritiera,javanica,Malvaceae,95.62331457,2.95,102.2833333,0.62,1,1,12.0,YT2016,train
3247,Malaysia,Negeri Sembilan,PL,plantation_enrichment,1,0,0,0,0,0,,9.0,Dryobalanops oblongifolia,Dryobalanops,oblongifolia,Dipterocarpaceae,93.031102,2.95,102.2833333,0.61,1,1,12.0,YT2016,train
3248,Malaysia,Negeri Sembilan,PL,plantation_enrichment,1,0,0,0,0,0,,9.0,Artocarpus altilis,Artocarpus,altilis,Moraceae,87.34223594,2.95,102.2833333,0.4325,1,1,12.0,YT2016,train
3249,Malaysia,Negeri Sembilan,PL,plantation_enrichment,1,0,0,0,0,0,,9.0,Calophyllum wallichiana,Calophyllum,wallichiana,Clusiaceae,83.9745014,2.95,102.2833333,0.669211656,1,1,12.0,YT2016,train
3250,China,Jiangxi,PL,open_degraded,1,0,0,0,0,0,,4.0,Acer davidii,Acer,davidii,Sapindaceae,37.25853187,29.15138889,118.5180556,0.458,1,1,7.0,YX2013,train
3251,China,Jiangxi,PL,open_degraded,1,0,0,0,0,0,,4.0,Quercus myrsinifolia,Quercus,myrsinifolia,Fagaceae,34.64826143,29.15138889,118.5180556,0.716666667,1,1,7.0,YX2013,train
3252,China,Jiangxi,PL,open_degraded,1,0,0,0,0,0,,4.0,Daphniphyllum pentandrum,Daphniphyllum,pentandrum,Daphniphyllaceae,8.754024469,29.15138889,118.5180556,0.5063,1,1,7.0,YX2013,train
3253,China,Jiangxi,PL,open_degraded,1,0,0,0,0,0,,4.0,Diospyros japonica,Diospyros,japonica,Ebenaceae,42.38490019,29.15138889,118.5180556,0.683275126,1,1,7.0,YX2013,train
3254,China,Jiangxi,PL,open_degraded,1,0,0,0,0,0,,4.0,Koelreuteria bipinnata,Koelreuteria,bipinnata,Sapindaceae,78.84739214,29.15138889,118.5180556,0.57,1,1,7.0,YX2013,train
3255,China,Jiangxi,PL,open_degraded,1,0,0,0,0,0,,4.0,Liquidambar formosana,Liquidambar,formosana,Altingiaceae,75.22778493,29.15138889,118.5180556,0.488833333,1,1,7.0,YX2013,train
3256,China,Jiangxi,PL,open_degraded,1,0,0,0,0,0,,4.0,Lithocarpus glaber,Lithocarpus,glaber,Fagaceae,44.07678686,29.15138889,118.5180556,0.55075,1,1,7.0,YX2013,train
3257,China,Jiangxi,PL,open_degraded,1,0,0,0,0,0,,4.0,Melia azedarach,Melia,azedarach,Meliaceae,83.37089504,29.15138889,118.5180556,0.437777778,1,1,7.0,YX2013,train
3258,China,Jiangxi,PL,open_degraded,1,0,0,0,0,0,,4.0,Nyssa sinensis,Nyssa,sinensis,Cornaceae,48.17772054,29.15138889,118.5180556,0.604,1,1,7.0,YX2013,train
3259,China,Jiangxi,PL,open_degraded,1,0,0,0,0,0,,4.0,Pinus thunbergii,Pinus,thunbergii,Pinaceae,53.46506761,29.15138889,118.5180556,0.45,1,1,7.0,YX2013,train
3260,China,Jiangxi,PL,open_degraded,1,0,0,0,0,0,,4.0,Quercus acutissima,Quercus,acutissima,Fagaceae,60.7735029,29.15138889,118.5180556,0.7334,1,1,7.0,YX2013,train
3261,China,Jiangxi,PL,open_degraded,1,0,0,0,0,0,,4.0,Castanea henryi,Castanea,henryi,Fagaceae,56.31600129,29.15138889,118.5180556,0.541,1,1,7.0,YX2013,train
3262,China,Jiangxi,PL,open_degraded,1,0,0,0,0,0,,4.0,Quercus fabrei,Quercus,fabrei,Fagaceae,54.72472634,29.15138889,118.5180556,0.66,1,1,7.0,YX2013,train
3263,China,Jiangxi,PL,open_degraded,1,0,0,0,0,0,,4.0,Castanopsis indica,Castanopsis,indica,Fagaceae,68.11010947,29.15138889,118.5180556,0.59575,1,1,7.0,YX2013,train
3264,China,Jiangxi,PL,open_degraded,1,0,0,0,0,0,,4.0,Rhus chinensis,Rhus,chinensis,Anacardiaceae,69.34642627,29.15138889,118.5180556,0.627181818,1,1,7.0,YX2013,train
3265,China,Jiangxi,PL,open_degraded,1,0,0,0,0,0,,4.0,Sapindus mukorossi,Sapindus,mukorossi,Sapindaceae,86.7780103,29.15138889,118.5180556,0.7015,1,1,7.0,YX2013,train
3266,China,Jiangxi,PL,open_degraded,1,0,0,0,0,0,,4.0,Triadica cochinchinensis,Triadica,cochinchinensis,Euphorbiaceae,20.81535737,29.15138889,118.5180556,0.544977248,1,1,7.0,YX2013,train
3267,China,Jiangxi,PL,open_degraded,1,0,0,0,0,0,,4.0,Triadica sebifera,Triadica,sebifera,Euphorbiaceae,76.71120412,29.15138889,118.5180556,0.544977248,1,1,7.0,YX2013,train
3268,China,Jiangxi,PL,open_degraded,1,0,0,0,0,0,,4.0,Schima superba,Schima,superba,Theaceae,58.91902769,29.15138889,118.5180556,0.5375,1,1,7.0,YX2013,train
3269,China,Jiangxi,PL,open_degraded,1,0,0,0,0,0,,4.0,Castanopsis carlesii,Castanopsis,carlesii,Fagaceae,4.109787508,29.15138889,118.5180556,0.44075,1,1,7.0,YX2013,train
3270,China,Jiangxi,PL,open_degraded,1,0,0,0,0,0,,4.0,Castanopsis eyrei,Castanopsis,eyrei,Fagaceae,5.755795235,29.15138889,118.5180556,0.49425,1,1,7.0,YX2013,train
3271,China,Jiangxi,PL,open_degraded,1,0,0,0,0,0,,4.0,Castanopsis sclerophylla,Castanopsis,sclerophylla,Fagaceae,34.51786864,29.15138889,118.5180556,0.459,1,1,7.0,YX2013,train
3272,China,Jiangxi,PL,open_degraded,1,0,0,0,0,0,,4.0,Choerospondias axillaris,Choerospondias,axillaris,Anacardiaceae,87.98857051,29.15138889,118.5180556,0.487,1,1,7.0,YX2013,train
3273,China,Jiangxi,PL,open_degraded,1,0,0,0,0,0,,4.0,Cinnamomum camphora,Cinnamomum,camphora,Lauraceae,62.91371539,29.15138889,118.5180556,0.4874,1,1,7.0,YX2013,train
3274,China,Jiangxi,PL,open_degraded,1,0,0,0,0,0,,4.0,Cunninghamia lanceolata,Cunninghamia,lanceolata,Cupressaceae,72.65132003,29.15138889,118.5180556,0.315692308,1,1,7.0,YX2013,train
3275,China,Jiangxi,PL,open_degraded,1,0,0,0,0,0,,4.0,Quercus glauca,Quercus,glauca,Fagaceae,35.83386993,29.15138889,118.5180556,0.73275,1,1,7.0,YX2013,train
3276,China,Guangdong,F,open_degraded,1,0,0,0,0,0,,20.0,Bischofia javanica,Bischofia,javanica,Phyllanthaceae,0.0,22.56666667,112.8333333,0.6017,1,1,72.0,ZSD2018,train
3277,China,Guangdong,F,open_degraded,1,0,0,0,0,0,,20.0,Magnolia sumatrana,Magnolia,sumatrana,Magnoliaceae,49.36934263,22.56666667,112.8333333,0.504583333,1,1,72.0,ZSD2018,train
3278,China,Guangdong,F,open_degraded,1,0,0,0,0,0,,20.0,Michelia macclurei,Michelia,macclurei,Magnoliaceae,69.44572442,22.56666667,112.8333333,0.5435,1,1,72.0,ZSD2018,train
3279,China,Guangdong,F,open_degraded,1,0,0,0,0,0,,20.0,Michelia maudiae,Michelia,maudiae,Magnoliaceae,89.47993221,22.56666667,112.8333333,0.488018519,1,1,72.0,ZSD2018,train
3280,China,Guangdong,F,open_degraded,1,0,0,0,0,0,,20.0,Schima superba,Schima,superba,Theaceae,86.08765942,22.56666667,112.8333333,0.5375,1,1,72.0,ZSD2018,train
3281,China,Guangdong,F,open_degraded,1,0,0,0,0,0,,20.0,Syzygium hainanense,Syzygium,hainanense,Myrtaceae,49.38808663,22.56666667,112.8333333,0.664366667,1,1,72.0,ZSD2018,train
3282,China,Guangdong,F,open_degraded,1,0,0,0,0,0,,20.0,Trema cannabina,Trema,cannabina,Cannabaceae,7.792035364,22.56666667,112.8333333,0.3422,1,1,72.0,ZSD2018,train
3283,China,Guangdong,F,open_degraded,1,0,0,0,0,0,,20.0,Magnolia odora,Magnolia,odora,Magnoliaceae,67.07656141,22.56666667,112.8333333,0.504583333,1,1,72.0,ZSD2018,train
3284,China,Guangdong,F,open_degraded,1,0,0,0,0,0,,20.0,Castanopsis hystrix,Castanopsis,hystrix,Fagaceae,53.7874587,22.56666667,112.8333333,0.565,1,1,72.0,ZSD2018,train
3285,China,Guangdong,F,open_degraded,1,0,0,0,0,0,,20.0,Cinnamomum burmannii,Cinnamomum,burmannii,Lauraceae,89.79975164,22.56666667,112.8333333,0.49,1,1,72.0,ZSD2018,train
3286,China,Guangdong,F,open_degraded,1,0,0,0,0,0,,20.0,Cinnamomum camphora,Cinnamomum,camphora,Lauraceae,79.28202685,22.56666667,112.8333333,0.4874,1,1,72.0,ZSD2018,train
3287,China,Guangdong,F,open_degraded,1,0,0,0,0,0,,20.0,Elaeocarpus obtusus,Elaeocarpus,obtusus,Elaeocarpaceae,79.9849267,22.56666667,112.8333333,0.445,1,1,72.0,ZSD2018,train
3288,China,Guangdong,F,open_degraded,1,0,0,0,0,0,,20.0,Garcinia oblongifolia,Garcinia,oblongifolia,Clusiaceae,4.739497505,22.56666667,112.8333333,0.6268,1,1,72.0,ZSD2018,train
3289,China,Guangdong,F,open_degraded,1,0,0,0,0,0,,20.0,Litsea cubeba,Litsea,cubeba,Lauraceae,22.10620036,22.56666667,112.8333333,0.31,1,1,72.0,ZSD2018,train
3290,China,Guangdong,F,open_degraded,1,0,0,0,0,0,,20.0,Liquidambar formosana,Liquidambar,formosana,Altingiaceae,77.6161542,22.56666667,112.8333333,0.488833333,1,1,72.0,ZSD2018,train
3291,China,Guangdong,F,open_degraded,1,0,0,0,0,0,,20.0,Machilus chinensis,Machilus,chinensis,Lauraceae,96.26564928,22.56666667,112.8333333,0.56441757,1,1,72.0,ZSD2018,train
