country,province,disturbance,forest_condition,comp_removal,shading,soil_prep,water_reg,fertilisation,protection,planting_density,planting_sp_no,age_0,height_0,species_full,genus,species,family,lat_dec,lon_dec,duration_months,w_meanWD,w_sdWD,w_levelWD,w_nInd,sample_assumption,sample_weight,site_sp,treatment,yr_cat,survival_per
Malaysia,Perak,LG,forest_enrichment,1,0,0,0,0,0,800.0,2,9.0,,Shorea leprosula,Shorea,leprosula,Dipterocarpaceae,4.1,101.2,156.0,0.44,0.070823262,,4,,384.0,,1,10.0,45.3
Malaysia,Perak,LG,forest_enrichment,1,0,0,0,0,0,800.0,0,9.0,,Shorea parvifolia,Shorea,parvifolia,Dipterocarpaceae,4.1,101.2,156.0,0.405,0.070823262,,2,,384.0,,1,10.0,46.4
Malaysia,Perak,LG,forest_enrichment,1,0,0,0,0,0,800.0,2,9.0,,Shorea parvifolia,Shorea,parvifolia,Dipterocarpaceae,4.1,101.2,156.0,0.405,0.070823262,,2,,384.0,,1,10.0,20.0
Malaysia,Perak,PL,plantation_enrichment,0,1,0,0,0,0,666.6666667,2,9.0,,Shorea parvifolia,Shorea,parvifolia,Dipterocarpaceae,4.1,101.2,168.0,0.405,0.070823262,,2,,666.0,,1,10.0,65.6
Malaysia,Perak,PL,plantation_enrichment,0,1,0,0,0,0,666.6666667,2,9.0,,Shorea parvifolia,Shorea,parvifolia,Dipterocarpaceae,4.1,101.2,168.0,0.405,0.070823262,,2,,666.0,,1,10.0,42.3
Malaysia,Perak,PL,plantation_enrichment,0,1,0,0,0,0,666.6666667,2,9.0,,Shorea parvifolia,Shorea,parvifolia,Dipterocarpaceae,4.1,101.2,168.0,0.405,0.070823262,,2,,666.0,,1,10.0,53.2
Malaysia,Perak,PL,plantation_enrichment,0,1,0,0,0,0,666.6666667,2,9.0,,Shorea parvifolia,Shorea,parvifolia,Dipterocarpaceae,4.1,101.2,168.0,0.405,0.070823262,,2,,666.0,,1,10.0,21.6
Malaysia,Perak,PL,plantation_enrichment,0,1,0,0,0,0,666.6666667,2,9.0,,Shorea parvifolia,Shorea,parvifolia,Dipterocarpaceae,4.1,101.2,168.0,0.405,0.070823262,,2,,666.0,,1,10.0,16.9
Malaysia,Perak,LG,forest_enrichment,1,0,0,0,0,0,800.0,2,9.0,,Shorea leprosula,Shorea,leprosula,Dipterocarpaceae,4.1,101.2,156.0,0.44,0.070823262,,4,,384.0,,1,10.0,62.5
Malaysia,Perak,LG,forest_enrichment,1,0,0,0,0,0,800.0,2,9.0,,Shorea leprosula,Shorea,leprosula,Dipterocarpaceae,4.1,101.2,156.0,0.44,0.070823262,,4,,384.0,,1,10.0,48.3
Malaysia,Perak,PL,plantation_enrichment,0,1,0,0,0,0,666.6666667,2,9.0,,Shorea leprosula,Shorea,leprosula,Dipterocarpaceae,4.1,101.2,168.0,0.44,0.070823262,,4,,666.0,,1,10.0,70.7
Malaysia,Perak,PL,plantation_enrichment,0,1,0,0,0,0,666.6666667,2,9.0,,Shorea leprosula,Shorea,leprosula,Dipterocarpaceae,4.1,101.2,168.0,0.44,0.070823262,,4,,666.0,,1,10.0,72.8
Malaysia,Perak,PL,plantation_enrichment,0,1,0,0,0,0,666.6666667,2,9.0,,Shorea leprosula,Shorea,leprosula,Dipterocarpaceae,4.1,101.2,168.0,0.44,0.070823262,,4,,666.0,,1,10.0,50.2
Malaysia,Perak,PL,plantation_enrichment,0,1,0,0,0,0,666.6666667,2,9.0,,Shorea leprosula,Shorea,leprosula,Dipterocarpaceae,4.1,101.2,168.0,0.44,0.070823262,,4,,666.0,,1,10.0,62.5
Malaysia,Perak,PL,plantation_enrichment,0,1,0,0,0,0,666.6666667,2,9.0,,Shorea leprosula,Shorea,leprosula,Dipterocarpaceae,4.1,101.2,168.0,0.44,0.070823262,,4,,666.0,,1,10.0,29.4
Malaysia,Perak,LG,forest_enrichment,1,0,0,0,0,0,800.0,2,9.0,,Shorea parvifolia,Shorea,parvifolia,Dipterocarpaceae,4.1,101.2,156.0,0.405,0.070823262,,2,,384.0,,1,10.0,55.7
Malaysia,Sengalor,LG,forest_enrichment,1,0,0,0,0,0,,3,3.5,,Endospermum diadenum,Endospermum,diadenum,Euphorbiaceae,3.166666667,101.5833333,17.0,0.366666667,0.070823262,,3,,100.0,,1,1.0,87.64844056
Malaysia,Sengalor,LG,forest_enrichment,1,0,0,0,0,0,,3,3.5,,Endospermum diadenum,Endospermum,diadenum,Euphorbiaceae,3.166666667,101.5833333,23.0,0.366666667,0.070823262,,3,,100.0,,1,2.0,85.42215842
Malaysia,Sengalor,LG,forest_enrichment,1,0,0,0,0,0,,3,3.5,,Endospermum diadenum,Endospermum,diadenum,Euphorbiaceae,3.166666667,101.5833333,3.0,0.366666667,0.070823262,,3,,100.0,,1,9999.0,92.84092392
Malaysia,Sengalor,LG,open_degraded,0,0,0,0,0,0,,3,3.5,,Endospermum diadenum,Endospermum,diadenum,Euphorbiaceae,3.166666667,101.5833333,17.0,0.366666667,0.070823262,,3,,100.0,,0,1.0,97.72934882
Malaysia,Sengalor,LG,open_degraded,0,0,0,0,0,0,,3,3.5,,Endospermum diadenum,Endospermum,diadenum,Euphorbiaceae,3.166666667,101.5833333,23.0,0.366666667,0.070823262,,3,,100.0,,0,2.0,96.71408065
Malaysia,Sengalor,LG,open_degraded,0,0,0,0,0,0,,3,3.5,,Endospermum diadenum,Endospermum,diadenum,Euphorbiaceae,3.166666667,101.5833333,3.0,0.366666667,0.070823262,,3,,100.0,,0,9999.0,98.88294402
Malaysia,Sengalor,LG,open_degraded,0,0,0,0,0,0,,3,3.5,,Endospermum diadenum,Endospermum,diadenum,Euphorbiaceae,3.166666667,101.5833333,17.0,0.366666667,0.070823262,,3,,100.0,,0,1.0,91.27365262
Malaysia,Sengalor,LG,open_degraded,0,0,0,0,0,0,,3,3.5,,Endospermum diadenum,Endospermum,diadenum,Euphorbiaceae,3.166666667,101.5833333,23.0,0.366666667,0.070823262,,3,,100.0,,0,2.0,89.85384314
Malaysia,Sengalor,LG,open_degraded,0,0,0,0,0,0,,3,3.5,,Endospermum diadenum,Endospermum,diadenum,Euphorbiaceae,3.166666667,101.5833333,3.0,0.366666667,0.070823262,,3,,100.0,,0,9999.0,95.65966332
Malaysia,Sengalor,LG,forest_enrichment,1,0,0,0,0,0,,3,3.5,,Alstonia angustiloba,Alstonia,angustiloba,Apocynaceae,3.166666667,101.5833333,17.0,0.346666667,0.070823262,,3,,100.0,,1,1.0,72.36311172
Malaysia,Sengalor,LG,forest_enrichment,1,0,0,0,0,0,,3,3.5,,Alstonia angustiloba,Alstonia,angustiloba,Apocynaceae,3.166666667,101.5833333,23.0,0.346666667,0.070823262,,3,,100.0,,1,2.0,72.54751014
Malaysia,Sengalor,LG,forest_enrichment,1,0,0,0,0,0,,3,3.5,,Alstonia angustiloba,Alstonia,angustiloba,Apocynaceae,3.166666667,101.5833333,3.0,0.346666667,0.070823262,,3,,100.0,,1,9999.0,99.97279099
Malaysia,Sengalor,LG,open_degraded,0,0,0,0,0,0,,3,3.5,,Alstonia angustiloba,Alstonia,angustiloba,Apocynaceae,3.166666667,101.5833333,17.0,0.346666667,0.070823262,,3,,100.0,,0,1.0,88.1712922
Malaysia,Sengalor,LG,open_degraded,0,0,0,0,0,0,,3,3.5,,Alstonia angustiloba,Alstonia,angustiloba,Apocynaceae,3.166666667,101.5833333,23.0,0.346666667,0.070823262,,3,,100.0,,0,2.0,77.34687737
Malaysia,Sengalor,LG,open_degraded,0,0,0,0,0,0,,3,3.5,,Alstonia angustiloba,Alstonia,angustiloba,Apocynaceae,3.166666667,101.5833333,3.0,0.346666667,0.070823262,,3,,100.0,,0,9999.0,99.40821311
Malaysia,Sengalor,LG,open_degraded,0,0,0,0,0,0,,3,3.5,,Alstonia angustiloba,Alstonia,angustiloba,Apocynaceae,3.166666667,101.5833333,17.0,0.346666667,0.070823262,,3,,100.0,,0,1.0,94.38347003
Malaysia,Sengalor,LG,open_degraded,0,0,0,0,0,0,,3,3.5,,Alstonia angustiloba,Alstonia,angustiloba,Apocynaceae,3.166666667,101.5833333,23.0,0.346666667,0.070823262,,3,,100.0,,0,2.0,77.34551146
Malaysia,Sengalor,LG,open_degraded,0,0,0,0,0,0,,3,3.5,,Alstonia angustiloba,Alstonia,angustiloba,Apocynaceae,3.166666667,101.5833333,3.0,0.346666667,0.070823262,,3,,100.0,,0,9999.0,100.0
Malaysia,Sengalor,LG,forest_enrichment,1,0,0,0,0,0,,3,3.5,,Shorea parvifolia,Shorea,parvifolia,Dipterocarpaceae,3.166666667,101.5833333,17.0,0.405,0.070823262,,2,,100.0,,1,1.0,78.24094655
Malaysia,Sengalor,LG,forest_enrichment,1,0,0,0,0,0,,3,3.5,,Shorea parvifolia,Shorea,parvifolia,Dipterocarpaceae,3.166666667,101.5833333,23.0,0.405,0.070823262,,2,,100.0,,1,2.0,72.06168998
Malaysia,Sengalor,LG,forest_enrichment,1,0,0,0,0,0,,3,3.5,,Shorea parvifolia,Shorea,parvifolia,Dipterocarpaceae,3.166666667,101.5833333,3.0,0.405,0.070823262,,2,,100.0,,1,9999.0,94.54228362
Malaysia,Sengalor,LG,open_degraded,0,0,0,0,0,0,,3,3.5,,Shorea parvifolia,Shorea,parvifolia,Dipterocarpaceae,3.166666667,101.5833333,17.0,0.405,0.070823262,,2,,100.0,,0,1.0,89.32736039
Malaysia,Sengalor,LG,open_degraded,0,0,0,0,0,0,,3,3.5,,Shorea parvifolia,Shorea,parvifolia,Dipterocarpaceae,3.166666667,101.5833333,23.0,0.405,0.070823262,,2,,100.0,,0,2.0,79.26683309
Malaysia,Sengalor,LG,open_degraded,0,0,0,0,0,0,,3,3.5,,Shorea parvifolia,Shorea,parvifolia,Dipterocarpaceae,3.166666667,101.5833333,3.0,0.405,0.070823262,,2,,100.0,,0,9999.0,99.81876005
Malaysia,Sengalor,LG,open_degraded,0,0,0,0,0,0,,3,3.5,,Shorea parvifolia,Shorea,parvifolia,Dipterocarpaceae,3.166666667,101.5833333,17.0,0.405,0.070823262,,2,,100.0,,0,1.0,79.08901276
Malaysia,Sengalor,LG,open_degraded,0,0,0,0,0,0,,3,3.5,,Shorea parvifolia,Shorea,parvifolia,Dipterocarpaceae,3.166666667,101.5833333,23.0,0.405,0.070823262,,2,,100.0,,0,2.0,72.0651096
Malaysia,Sengalor,LG,open_degraded,0,0,0,0,0,0,,3,3.5,,Shorea parvifolia,Shorea,parvifolia,Dipterocarpaceae,3.166666667,101.5833333,3.0,0.405,0.070823262,,2,,100.0,,0,9999.0,97.60284513
Malaysia,Negeri Sembilan,LG,open_degraded,1,0,0,0,0,0,2500.0,5,,,Azadirachta excelsa,Azadirachta,excelsa,Meliaceae,2.979444444,102.3316667,108.0,0.505,0.070823262,,2,,135.0,,1,7.5,74.1
Malaysia,Negeri Sembilan,LG,open_degraded,1,0,0,0,0,0,2500.0,5,,,Cinnamomum verum,Cinnamomum,verum,Lauraceae,2.979444444,102.3316667,108.0,0.498,0.070823262,,1,,135.0,,1,7.5,76.3
Malaysia,Negeri Sembilan,LG,open_degraded,1,0,0,0,0,0,2500.0,5,,,Hopea pubescens,Hopea,pubescens,Dipterocarpaceae,2.979444444,102.3316667,108.0,0.5,0.070823262,,1,,135.0,,1,7.5,44.4
Malaysia,Negeri Sembilan,LG,open_degraded,1,0,0,0,0,0,2500.0,5,,,Intsia palembanica,Intsia,palembanica,Fabaceae,2.979444444,102.3316667,108.0,0.658666667,0.070823262,,6,,135.0,,1,7.5,48.2
Malaysia,Negeri Sembilan,LG,open_degraded,1,0,0,0,0,0,2500.0,5,,,Shorea leprosula,Shorea,leprosula,Dipterocarpaceae,2.979444444,102.3316667,108.0,0.44,0.070823262,,4,,135.0,,1,7.5,20.7
Malaysia,Sarawak,AG,open_degraded,0,0,0,0,0,0,400.0,1,,,Shorea macrophylla,Shorea,macrophylla,Dipterocarpaceae,1.078333333,110.9308333,240.0,0.32,0.070823262,,1,,100.0,,0,10.0,56.0
Malaysia,,M,open_degraded,0,0,0,0,0,0,,1,,,Fagraea crenulata,Fagraea,crenulata,Gentianaceae,3.23,101.63,360.0,0.47,0.070823262,,1,,36.0,,0,9999.0,67.0
Malaysia,Sengalor,LG,open_degraded,1,0,0,1,1,0,,4,,51.5,Shorea platyclados,Shorea,platyclados,Dipterocarpaceae,3.270555556,101.6308333,15.0,0.556666667,0.070823262,,3,,64.0,,1,1.0,95.84489676
Malaysia,Sengalor,LG,open_degraded,1,0,0,1,1,0,,4,,51.5,Shorea platyclados,Shorea,platyclados,Dipterocarpaceae,3.270555556,101.6308333,26.0,0.556666667,0.070823262,,3,,64.0,,1,2.0,92.36887629
Malaysia,Sengalor,LG,open_degraded,1,0,0,1,1,0,,4,,51.5,Shorea platyclados,Shorea,platyclados,Dipterocarpaceae,3.270555556,101.6308333,3.0,0.556666667,0.070823262,,3,,64.0,,1,9999.0,98.92266922
Malaysia,Sengalor,LG,open_degraded,1,0,0,1,1,0,,4,,51.5,Shorea assamica,Shorea,assamica,Dipterocarpaceae,3.270555556,101.6308333,15.0,0.464333333,0.070823262,,3,,64.0,,1,1.0,89.87522544
Malaysia,Sengalor,LG,open_degraded,1,0,0,1,1,0,,4,,51.5,Shorea assamica,Shorea,assamica,Dipterocarpaceae,3.270555556,101.6308333,26.0,0.464333333,0.070823262,,3,,64.0,,1,2.0,85.16691818
Malaysia,Sengalor,LG,open_degraded,1,0,0,1,1,0,,4,,51.5,Shorea assamica,Shorea,assamica,Dipterocarpaceae,3.270555556,101.6308333,3.0,0.464333333,0.070823262,,3,,64.0,,1,9999.0,92.13147337
Malaysia,Sengalor,LG,open_degraded,1,0,0,1,1,0,,4,,51.5,Hopea nervosa,Hopea,nervosa,Dipterocarpaceae,3.270555556,101.6308333,15.0,0.613333333,0.070823262,,3,,64.0,,1,1.0,75.05981081
Malaysia,Sengalor,LG,open_degraded,1,0,0,1,1,0,,4,,51.5,Hopea nervosa,Hopea,nervosa,Dipterocarpaceae,3.270555556,101.6308333,26.0,0.613333333,0.070823262,,3,,64.0,,1,2.0,57.59652545
Malaysia,Sengalor,LG,open_degraded,1,0,0,1,1,0,,4,,51.5,Hopea nervosa,Hopea,nervosa,Dipterocarpaceae,3.270555556,101.6308333,3.0,0.613333333,0.070823262,,3,,64.0,,1,9999.0,87.39924178
Malaysia,Sengalor,LG,open_degraded,1,0,0,1,1,0,,4,,51.5,Shorea macroptera,Shorea,macroptera,Dipterocarpaceae,3.270555556,101.6308333,15.0,0.425,0.070823262,,4,,64.0,,1,1.0,65.39180684
Malaysia,Sengalor,LG,open_degraded,1,0,0,1,1,0,,4,,51.5,Shorea macroptera,Shorea,macroptera,Dipterocarpaceae,3.270555556,101.6308333,26.0,0.425,0.070823262,,4,,64.0,,1,2.0,63.7704737
Malaysia,Sengalor,LG,open_degraded,1,0,0,1,1,0,,4,,51.5,Shorea macroptera,Shorea,macroptera,Dipterocarpaceae,3.270555556,101.6308333,3.0,0.425,0.070823262,,4,,64.0,,1,9999.0,82.87275939
Malaysia,,M,open_degraded,0,0,0,0,0,0,,1,,,Swietenia macrophylla,Swietenia,macrophylla,Meliaceae,3.23,101.63,24.0,0.519545455,0.070823262,,11,,36.0,,0,2.0,70.0
Malaysia,,M,open_degraded,0,0,0,0,0,0,,1,,,Hopea odorata,Hopea,odorata,Dipterocarpaceae,3.23,101.63,24.0,0.635,0.070823262,,2,,36.0,,0,2.0,95.0
Malaysia,,M,open_degraded,0,0,0,0,0,0,,1,,,Acacia mangium,Acacia,mangium,Fabaceae,3.23,101.63,24.0,0.507,0.070823262,,7,,36.0,,0,2.0,50.0
Malaysia,,M,open_degraded,0,0,0,0,0,0,,1,,,Khaya ivorensis,Khaya,ivorensis,Meliaceae,3.23,101.63,24.0,0.441933333,0.070823262,,15,,36.0,,0,2.0,85.0
Malaysia,,M,open_degraded,0,0,0,0,0,0,,1,,,Fagraea crenulata,Fagraea,crenulata,Gentianaceae,3.23,101.63,24.0,0.47,0.070823262,,1,,36.0,,0,2.0,97.0
Malaysia,,M,open_degraded,1,0,1,1,1,0,,1,,,Swietenia macrophylla,Swietenia,macrophylla,Meliaceae,4.1,101.2666667,24.0,0.519545455,0.070823262,,11,,100.0,,1,2.0,70.0
Malaysia,,M,open_degraded,1,0,1,1,1,0,,1,,,Hopea odorata,Hopea,odorata,Dipterocarpaceae,4.1,101.2666667,24.0,0.635,0.070823262,,2,,100.0,,1,2.0,95.0
Malaysia,,M,open_degraded,1,0,1,1,1,0,,1,,,Acacia mangium,Acacia,mangium,Fabaceae,4.1,101.2666667,24.0,0.507,0.070823262,,7,,100.0,,1,2.0,50.0
Malaysia,,M,open_degraded,1,0,1,1,1,0,,1,,,Khaya ivorensis,Khaya,ivorensis,Meliaceae,4.1,101.2666667,24.0,0.441933333,0.070823262,,15,,80.0,,1,2.0,85.0
Malaysia,,M,open_degraded,1,0,1,1,1,0,,1,,,Fagraea crenulata,Fagraea,crenulata,Gentianaceae,4.1,101.2666667,12.0,0.47,0.070823262,,1,,200.0,,1,1.0,97.0
Malaysia,,M,open_degraded,1,0,1,1,1,0,,1,,,Peronema canescens,Peronema,canescens,Lamiaceae,4.1,101.2666667,12.0,0.57,0.070823262,,1,,200.0,,1,1.0,85.4
Malaysia,,M,open_degraded,1,0,0,0,1,0,,1,,50.0,Khaya ivorensis,Khaya,ivorensis,Meliaceae,4.1,101.2666667,12.0,0.441933333,0.070823262,,15,,24.0,,1,1.0,92.0
Malaysia,,M,open_degraded,1,0,0,0,1,0,,1,,50.0,Khaya ivorensis,Khaya,ivorensis,Meliaceae,4.1,101.2666667,24.0,0.441933333,0.070823262,,15,,24.0,,1,2.0,60.8
Malaysia,,M,open_degraded,1,0,0,0,1,0,,1,,50.0,Khaya ivorensis,Khaya,ivorensis,Meliaceae,4.1,101.2666667,1.0,0.441933333,0.070823262,,15,,24.0,,1,9999.0,95.1
Malaysia,,M,open_degraded,1,0,0,0,1,0,,1,,50.0,Swietenia macrophylla,Swietenia,macrophylla,Meliaceae,4.1,101.2666667,12.0,0.519545455,0.070823262,,11,,24.0,,1,1.0,92.0
Malaysia,,M,open_degraded,1,0,0,0,1,0,,1,,50.0,Swietenia macrophylla,Swietenia,macrophylla,Meliaceae,4.1,101.2666667,24.0,0.519545455,0.070823262,,11,,24.0,,1,2.0,51.0
Malaysia,,M,open_degraded,1,0,0,0,1,0,,1,,50.0,Swietenia macrophylla,Swietenia,macrophylla,Meliaceae,4.1,101.2666667,1.0,0.519545455,0.070823262,,11,,24.0,,1,9999.0,96.9
Malaysia,,PL,plantation_enrichment,1,0,1,0,1,0,,20,,47.5,Shorea roxburghii,Shorea,roxburghii,Dipterocarpaceae,4.1,101.2666667,60.0,0.7,0.070823262,,1,,36.0,,1,7.5,86.1
Malaysia,,PL,plantation_enrichment,1,0,1,0,1,0,,20,,47.5,Hopea pubescens,Hopea,pubescens,Dipterocarpaceae,4.1,101.2666667,60.0,0.5,0.070823262,,1,,36.0,,1,7.5,55.6
Malaysia,,PL,plantation_enrichment,1,0,1,0,1,0,,20,,47.5,Shorea platyclados,Shorea,platyclados,Dipterocarpaceae,4.1,101.2666667,60.0,0.556666667,0.070823262,,3,,36.0,,1,7.5,33.3
Malaysia,,PL,plantation_enrichment,1,0,1,0,1,0,,20,,47.5,Pentaspadon motleyi,Pentaspadon,motleyi,Anacardiaceae,4.1,101.2666667,60.0,0.5,0.070823262,,1,,36.0,,1,7.5,80.5
Malaysia,,PL,plantation_enrichment,1,0,1,0,1,0,,20,,47.5,Sindora coriacea,Sindora,coriacea,Fabaceae,4.1,101.2666667,60.0,0.55,0.070823262,,3,,36.0,,1,7.5,50.0
Malaysia,,PL,plantation_enrichment,1,0,1,0,1,0,,20,,47.5,Agathis borneensis,Agathis,borneensis,Araucariaceae,4.1,101.2666667,60.0,0.383333333,0.070823262,,3,,36.0,,1,7.5,41.7
Malaysia,,PL,plantation_enrichment,1,0,1,0,1,0,,20,,47.5,Aqularia sinensis,Aqularia,sinensis,Thymelaeaceae,4.1,101.2666667,60.0,0.529428571,0.123401724,,7,,36.0,,1,7.5,36.1
Malaysia,,PL,plantation_enrichment,1,0,1,0,1,0,,20,,47.5,Garcinia hombroniana,Garcinia,hombroniana,Clusiaceae,4.1,101.2666667,60.0,0.68,0.070823262,,1,,36.0,,1,7.5,52.8
Malaysia,,PL,plantation_enrichment,1,0,1,0,1,0,,20,,47.5,Palaquium gutta,Palaquium,gutta,Sapotaceae,4.1,101.2666667,60.0,0.615,0.070823262,,2,,36.0,,1,7.5,47.2
Malaysia,,PL,plantation_enrichment,1,0,1,0,1,0,,20,,47.5,Cananga odorata,Cananga,odorata,Annonaceae,4.1,101.2666667,60.0,0.3272,0.070823262,,5,,36.0,,1,7.5,11.1
Malaysia,,PL,plantation_enrichment,1,0,1,0,1,0,,20,,47.5,Careya arborea,Careya,arborea,Lecythidaceae,4.1,101.2666667,60.0,0.731333333,0.070823262,,3,,36.0,,1,7.5,13.8
Malaysia,,PL,plantation_enrichment,1,0,1,0,1,0,,20,,47.5,Neobalanocarpus heimii,Neobalanocarpus,heimii,Dipterocarpaceae,4.1,101.2666667,60.0,0.76,0.070823262,,1,,36.0,,1,7.5,80.5
Malaysia,,PL,plantation_enrichment,1,0,1,0,1,0,,20,,47.5,Melaleuca cajuputi,Melaleuca,cajuputi,Myrtaceae,4.1,101.2666667,60.0,0.756647186,0.09413391,,11,,36.0,,1,7.5,0.0
Malaysia,,PL,plantation_enrichment,1,0,1,0,1,0,,20,,47.5,Shorea roxburghii,Shorea,roxburghii,Dipterocarpaceae,4.1,101.2666667,60.0,0.7,0.070823262,,1,,36.0,,1,7.5,86.1
Malaysia,,PL,plantation_enrichment,1,0,1,0,1,0,,20,,47.5,Neobalanocarpus heimii,Neobalanocarpus,heimii,Dipterocarpaceae,4.1,101.2666667,60.0,0.76,0.070823262,,1,,36.0,,1,7.5,63.9
Malaysia,,PL,plantation_enrichment,1,0,1,0,1,0,,20,,47.5,Dryobalanops sumatrensis,Dryobalanops,sumatrensis,Dipterocarpaceae,4.1,101.2666667,60.0,0.65,0.070823262,,1,,36.0,,1,7.5,66.7
Malaysia,,PL,plantation_enrichment,1,0,1,0,1,0,,20,,47.5,Shorea parvifolia,Shorea,parvifolia,Dipterocarpaceae,4.1,101.2666667,60.0,0.405,0.070823262,,2,,36.0,,1,7.5,55.6
Malaysia,,PL,plantation_enrichment,1,0,1,0,1,0,,20,,47.5,Shorea acuminata,Shorea,acuminata,Dipterocarpaceae,4.1,101.2666667,60.0,0.42,0.070823262,,2,,36.0,,1,7.5,63.9
Malaysia,,PL,plantation_enrichment,1,0,1,0,1,0,,20,,47.5,Shorea curtisii,Shorea,curtisii,Dipterocarpaceae,4.1,101.2666667,60.0,0.526666667,0.070823262,,3,,36.0,,1,7.5,55.6
Malaysia,,PL,plantation_enrichment,1,0,1,0,1,0,,20,,47.5,Shorea macroptera,Shorea,macroptera,Dipterocarpaceae,4.1,101.2666667,60.0,0.425,0.070823262,,4,,36.0,,1,7.5,55.6
Malaysia,,PL,plantation_enrichment,1,0,1,0,1,0,,20,,47.5,Shorea assamica,Shorea,assamica,Dipterocarpaceae,4.1,101.2666667,60.0,0.464333333,0.070823262,,3,,36.0,,1,7.5,63.9
Malaysia,,PL,plantation_enrichment,1,0,1,0,1,0,,20,,47.5,Shorea ovalis,Shorea,ovalis,Dipterocarpaceae,4.1,101.2666667,60.0,0.43,0.070823262,,2,,36.0,,1,7.5,55.6
Malaysia,,PL,plantation_enrichment,1,0,1,0,1,0,,20,,47.5,Dryobalanops sumatrensis,Dryobalanops,sumatrensis,Dipterocarpaceae,4.1,101.2666667,60.0,0.65,0.070823262,,1,,36.0,,1,7.5,75.0
Malaysia,,PL,plantation_enrichment,1,0,1,0,1,0,,20,,47.5,Hopea pubescens,Hopea,pubescens,Dipterocarpaceae,4.1,101.2666667,60.0,0.5,0.070823262,,1,,36.0,,1,7.5,47.0
Malaysia,,PL,plantation_enrichment,1,0,1,0,1,0,,20,,47.5,Shorea platyclados,Shorea,platyclados,Dipterocarpaceae,4.1,101.2666667,60.0,0.556666667,0.070823262,,3,,36.0,,1,7.5,50.0
Malaysia,,PL,plantation_enrichment,1,0,1,0,1,0,,20,,47.5,Pentaspadon motleyi,Pentaspadon,motleyi,Anacardiaceae,4.1,101.2666667,60.0,0.5,0.070823262,,1,,36.0,,1,7.5,80.6
Malaysia,,PL,plantation_enrichment,1,0,1,0,1,0,,20,,47.5,Sindora coriacea,Sindora,coriacea,Fabaceae,4.1,101.2666667,60.0,0.55,0.070823262,,3,,36.0,,1,7.5,50.0
Malaysia,,PL,plantation_enrichment,1,0,1,0,1,0,,20,,47.5,Agathis borneensis,Agathis,borneensis,Araucariaceae,4.1,101.2666667,60.0,0.383333333,0.070823262,,3,,36.0,,1,7.5,50.0
Malaysia,,PL,plantation_enrichment,1,0,1,0,1,0,,20,,47.5,Aqularia sinensis,Aqularia,sinensis,Thymelaeaceae,4.1,101.2666667,60.0,0.529428571,0.123401724,,7,,36.0,,1,7.5,55.6
Malaysia,,PL,plantation_enrichment,1,0,1,0,1,0,,20,,47.5,Garcinia hombroniana,Garcinia,hombroniana,Clusiaceae,4.1,101.2666667,60.0,0.68,0.070823262,,1,,36.0,,1,7.5,25.0
Malaysia,,PL,plantation_enrichment,1,0,1,0,1,0,,20,,47.5,Palaquium gutta,Palaquium,gutta,Sapotaceae,4.1,101.2666667,60.0,0.615,0.070823262,,2,,36.0,,1,7.5,27.8
Malaysia,,PL,plantation_enrichment,1,0,1,0,1,0,,20,,47.5,Cananga odorata,Cananga,odorata,Annonaceae,4.1,101.2666667,60.0,0.3272,0.070823262,,5,,36.0,,1,7.5,11.1
Malaysia,,PL,plantation_enrichment,1,0,1,0,1,0,,20,,47.5,Careya arborea,Careya,arborea,Lecythidaceae,4.1,101.2666667,60.0,0.731333333,0.070823262,,3,,36.0,,1,7.5,8.3
Malaysia,,PL,plantation_enrichment,1,0,1,0,1,0,,20,,47.5,Shorea parvifolia,Shorea,parvifolia,Dipterocarpaceae,4.1,101.2666667,60.0,0.405,0.070823262,,2,,36.0,,1,7.5,72.2
Malaysia,,PL,plantation_enrichment,1,0,1,0,1,0,,20,,47.5,Melaleuca cajuputi,Melaleuca,cajuputi,Myrtaceae,4.1,101.2666667,60.0,0.756647186,0.09413391,,11,,36.0,,1,7.5,2.7
Malaysia,,PL,plantation_enrichment,1,0,1,0,1,0,,20,,47.5,Shorea acuminata,Shorea,acuminata,Dipterocarpaceae,4.1,101.2666667,60.0,0.42,0.070823262,,2,,36.0,,1,7.5,63.9
Malaysia,,PL,plantation_enrichment,1,0,1,0,1,0,,20,,47.5,Shorea curtisii,Shorea,curtisii,Dipterocarpaceae,4.1,101.2666667,60.0,0.526666667,0.070823262,,3,,36.0,,1,7.5,55.6
Malaysia,,PL,plantation_enrichment,1,0,1,0,1,0,,20,,47.5,Shorea macroptera,Shorea,macroptera,Dipterocarpaceae,4.1,101.2666667,60.0,0.425,0.070823262,,4,,36.0,,1,7.5,55.6
Malaysia,,PL,plantation_enrichment,1,0,1,0,1,0,,20,,47.5,Shorea assamica,Shorea,assamica,Dipterocarpaceae,4.1,101.2666667,60.0,0.464333333,0.070823262,,3,,36.0,,1,7.5,47.2
Malaysia,,PL,plantation_enrichment,1,0,1,0,1,0,,20,,47.5,Shorea ovalis,Shorea,ovalis,Dipterocarpaceae,4.1,101.2666667,60.0,0.43,0.070823262,,2,,36.0,,1,7.5,52.7
Malaysia,Sarawak,AG,open_degraded,0,0,0,0,1,0,30303.0303,14,,,Durio carinatus,Durio,carinatus,Malvaceae,3.2,113.0833333,12.0,0.46,0.070823262,,1,,56.0,,1,1.0,80.01275979
Malaysia,Sarawak,AG,open_degraded,0,0,0,0,1,0,30303.0303,14,,,Durio carinatus,Durio,carinatus,Malvaceae,3.2,113.0833333,24.0,0.46,0.070823262,,1,,56.0,,1,2.0,59.40147287
Malaysia,Sarawak,AG,open_degraded,0,0,0,0,1,0,30303.0303,14,,,Durio carinatus,Durio,carinatus,Malvaceae,3.2,113.0833333,36.0,0.46,0.070823262,,1,,56.0,,1,3.0,48.92745932
Malaysia,Sarawak,AG,open_degraded,0,0,0,0,1,0,30303.0303,14,,,Durio carinatus,Durio,carinatus,Malvaceae,3.2,113.0833333,48.0,0.46,0.070823262,,1,,56.0,,1,4.0,45.19754437
Malaysia,Sarawak,AG,open_degraded,0,0,0,0,1,0,30303.0303,14,,,Durio carinatus,Durio,carinatus,Malvaceae,3.2,113.0833333,72.0,0.46,0.070823262,,1,,56.0,,1,7.5,34.04202281
Malaysia,Sarawak,AG,open_degraded,0,0,0,0,1,0,30303.0303,14,,,Cotylelobium burckii,Cotylelobium,burckii,Dipterocarpaceae,3.2,113.0833333,12.0,0.815,0.070823262,,2,,12.0,,1,1.0,50.26089969
Malaysia,Sarawak,AG,open_degraded,0,0,0,0,1,0,30303.0303,14,,,Cotylelobium burckii,Cotylelobium,burckii,Dipterocarpaceae,3.2,113.0833333,24.0,0.815,0.070823262,,2,,12.0,,1,2.0,39.45479358
Malaysia,Sarawak,AG,open_degraded,0,0,0,0,1,0,30303.0303,14,,,Cotylelobium burckii,Cotylelobium,burckii,Dipterocarpaceae,3.2,113.0833333,36.0,0.815,0.070823262,,2,,12.0,,1,3.0,28.06900427
Malaysia,Sarawak,AG,open_degraded,0,0,0,0,1,0,30303.0303,14,,,Cotylelobium burckii,Cotylelobium,burckii,Dipterocarpaceae,3.2,113.0833333,48.0,0.815,0.070823262,,2,,12.0,,1,4.0,13.59889471
Malaysia,Sarawak,AG,open_degraded,0,0,0,0,1,0,30303.0303,14,,,Cotylelobium burckii,Cotylelobium,burckii,Dipterocarpaceae,3.2,113.0833333,72.0,0.815,0.070823262,,2,,12.0,,1,7.5,9.813631005
Malaysia,Sarawak,AG,open_degraded,0,0,0,0,1,0,30303.0303,14,,,Eugenia sp,Eugenia,sp,Myrtaceae,3.2,113.0833333,12.0,0.683,0.070823262,,6,,52.0,,1,1.0,64.37948124
Malaysia,Sarawak,AG,open_degraded,0,0,0,0,1,0,30303.0303,14,,,Eugenia sp,Eugenia,sp,Myrtaceae,3.2,113.0833333,24.0,0.683,0.070823262,,6,,52.0,,1,2.0,48.06046958
Malaysia,Sarawak,AG,open_degraded,0,0,0,0,1,0,30303.0303,14,,,Eugenia sp,Eugenia,sp,Myrtaceae,3.2,113.0833333,36.0,0.683,0.070823262,,6,,52.0,,1,3.0,44.02803774
Malaysia,Sarawak,AG,open_degraded,0,0,0,0,1,0,30303.0303,14,,,Eugenia sp,Eugenia,sp,Myrtaceae,3.2,113.0833333,48.0,0.683,0.070823262,,6,,52.0,,1,4.0,44.27309332
Malaysia,Sarawak,AG,open_degraded,0,0,0,0,1,0,30303.0303,14,,,Eugenia sp,Eugenia,sp,Myrtaceae,3.2,113.0833333,72.0,0.683,0.070823262,,6,,52.0,,1,7.5,44.78221742
Malaysia,Sarawak,AG,open_degraded,0,0,0,1,1,0,30303.0303,16,,,Calophyllum blancoi,Calophyllum,blancoi,Clusiaceae,3.2,113.0833333,12.0,0.669211656,0.123401724,,9,,107.0,,1,1.0,63.53784128
Malaysia,Sarawak,AG,open_degraded,0,0,0,1,1,0,30303.0303,16,,,Calophyllum blancoi,Calophyllum,blancoi,Clusiaceae,3.2,113.0833333,24.0,0.669211656,0.123401724,,9,,107.0,,1,2.0,48.49736923
Malaysia,Sarawak,AG,open_degraded,0,0,0,1,1,0,30303.0303,16,,,Calophyllum blancoi,Calophyllum,blancoi,Clusiaceae,3.2,113.0833333,36.0,0.669211656,0.123401724,,9,,107.0,,1,3.0,34.32334113
Malaysia,Sarawak,AG,open_degraded,0,0,0,1,1,0,30303.0303,16,,,Calophyllum blancoi,Calophyllum,blancoi,Clusiaceae,3.2,113.0833333,48.0,0.669211656,0.123401724,,9,,107.0,,1,4.0,24.69572547
Malaysia,Sarawak,AG,open_degraded,0,0,0,1,1,0,30303.0303,16,,,Calophyllum blancoi,Calophyllum,blancoi,Clusiaceae,3.2,113.0833333,66.0,0.669211656,0.123401724,,9,,107.0,,1,7.5,24.57377383
Malaysia,Sarawak,AG,open_degraded,0,0,0,1,1,0,30303.0303,16,,,Dryobalanops sumatrensis,Dryobalanops,sumatrensis,Dipterocarpaceae,3.2,113.0833333,12.0,0.65,0.070823262,,1,,94.0,,1,1.0,63.82043744
Malaysia,Sarawak,AG,open_degraded,0,0,0,1,1,0,30303.0303,16,,,Dryobalanops sumatrensis,Dryobalanops,sumatrensis,Dipterocarpaceae,3.2,113.0833333,24.0,0.65,0.070823262,,1,,94.0,,1,2.0,54.78288808
Malaysia,Sarawak,AG,open_degraded,0,0,0,1,1,0,30303.0303,16,,,Dryobalanops sumatrensis,Dryobalanops,sumatrensis,Dipterocarpaceae,3.2,113.0833333,36.0,0.65,0.070823262,,1,,94.0,,1,3.0,44.87889477
Malaysia,Sarawak,AG,open_degraded,0,0,0,1,1,0,30303.0303,16,,,Dryobalanops sumatrensis,Dryobalanops,sumatrensis,Dipterocarpaceae,3.2,113.0833333,48.0,0.65,0.070823262,,1,,94.0,,1,4.0,43.83798742
Malaysia,Sarawak,AG,open_degraded,0,0,0,1,1,0,30303.0303,16,,,Dryobalanops sumatrensis,Dryobalanops,sumatrensis,Dipterocarpaceae,3.2,113.0833333,66.0,0.65,0.070823262,,1,,3.0,,1,7.5,43.43654887
Malaysia,Sarawak,AG,open_degraded,0,0,0,1,1,0,30303.0303,16,,,Durio carinatus,Durio,carinatus,Malvaceae,3.2,113.0833333,12.0,0.46,0.070823262,,1,,3.0,,1,1.0,86.4160382
Malaysia,Sarawak,AG,open_degraded,0,0,0,1,1,0,30303.0303,16,,,Durio carinatus,Durio,carinatus,Malvaceae,3.2,113.0833333,24.0,0.46,0.070823262,,1,,3.0,,1,2.0,65.05895481
Malaysia,Sarawak,AG,open_degraded,0,0,0,1,1,0,30303.0303,16,,,Durio carinatus,Durio,carinatus,Malvaceae,3.2,113.0833333,36.0,0.46,0.070823262,,1,,3.0,,1,3.0,54.61153393
Malaysia,Sarawak,AG,open_degraded,0,0,0,1,1,0,30303.0303,16,,,Durio carinatus,Durio,carinatus,Malvaceae,3.2,113.0833333,48.0,0.46,0.070823262,,1,,3.0,,1,4.0,44.71064987
Malaysia,Sarawak,AG,open_degraded,0,0,0,1,1,0,30303.0303,16,,,Durio carinatus,Durio,carinatus,Malvaceae,3.2,113.0833333,66.0,0.46,0.070823262,,1,,3.0,,1,7.5,42.85581032
Malaysia,Sarawak,AG,open_degraded,0,0,0,1,1,0,30303.0303,16,,,Hopea beccariana,Hopea,beccariana,Dipterocarpaceae,3.2,113.0833333,12.0,0.653333333,0.070823262,,3,,51.0,,1,1.0,34.37412552
Malaysia,Sarawak,AG,open_degraded,0,0,0,1,1,0,30303.0303,16,,,Hopea beccariana,Hopea,beccariana,Dipterocarpaceae,3.2,113.0833333,24.0,0.653333333,0.070823262,,3,,51.0,,1,2.0,24.77449311
Malaysia,Sarawak,AG,open_degraded,0,0,0,1,1,0,30303.0303,16,,,Hopea beccariana,Hopea,beccariana,Dipterocarpaceae,3.2,113.0833333,36.0,0.653333333,0.070823262,,3,,51.0,,1,3.0,14.88915529
Malaysia,Sarawak,AG,open_degraded,0,0,0,1,1,0,30303.0303,16,,,Hopea beccariana,Hopea,beccariana,Dipterocarpaceae,3.2,113.0833333,48.0,0.653333333,0.070823262,,3,,51.0,,1,4.0,14.410331
Malaysia,Sarawak,AG,open_degraded,0,0,0,1,1,0,30303.0303,16,,,Hopea beccariana,Hopea,beccariana,Dipterocarpaceae,3.2,113.0833333,66.0,0.653333333,0.070823262,,3,,51.0,,1,7.5,13.1300115
Malaysia,Sarawak,AG,open_degraded,0,0,0,1,1,0,30303.0303,16,,,Hopea kerangasensis,Hopea,kerangasensis,Dipterocarpaceae,3.2,113.0833333,12.0,0.714693989,0.09413391,,61,,60.0,,1,1.0,34.39589026
Malaysia,Sarawak,AG,open_degraded,0,0,0,1,1,0,30303.0303,16,,,Hopea kerangasensis,Hopea,kerangasensis,Dipterocarpaceae,3.2,113.0833333,24.0,0.714693989,0.09413391,,61,,60.0,,1,2.0,34.78350993
Malaysia,Sarawak,AG,open_degraded,0,0,0,1,1,0,30303.0303,16,,,Hopea kerangasensis,Hopea,kerangasensis,Dipterocarpaceae,3.2,113.0833333,36.0,0.714693989,0.09413391,,61,,60.0,,1,3.0,24.87640737
Malaysia,Sarawak,AG,open_degraded,0,0,0,1,1,0,30303.0303,16,,,Hopea kerangasensis,Hopea,kerangasensis,Dipterocarpaceae,3.2,113.0833333,48.0,0.714693989,0.09413391,,61,,60.0,,1,4.0,24.13053317
Malaysia,Sarawak,AG,open_degraded,0,0,0,1,1,0,30303.0303,16,,,Hopea kerangasensis,Hopea,kerangasensis,Dipterocarpaceae,3.2,113.0833333,66.0,0.714693989,0.09413391,,61,,60.0,,1,7.5,14.00267395
Malaysia,Sarawak,AG,open_degraded,0,0,0,1,1,0,30303.0303,16,,,Pentaspadon motleyi,Pentaspadon,motleyi,Anacardiaceae,3.2,113.0833333,12.0,0.5,0.070823262,,1,,2.0,,1,1.0,82.38196083
Malaysia,Sarawak,AG,open_degraded,0,0,0,1,1,0,30303.0303,16,,,Pentaspadon motleyi,Pentaspadon,motleyi,Anacardiaceae,3.2,113.0833333,24.0,0.5,0.070823262,,1,,2.0,,1,2.0,81.35659973
Malaysia,Sarawak,AG,open_degraded,0,0,0,1,1,0,30303.0303,16,,,Pentaspadon motleyi,Pentaspadon,motleyi,Anacardiaceae,3.2,113.0833333,36.0,0.5,0.070823262,,1,,2.0,,1,3.0,77.45552911
Malaysia,Sarawak,AG,open_degraded,0,0,0,1,1,0,30303.0303,16,,,Pentaspadon motleyi,Pentaspadon,motleyi,Anacardiaceae,3.2,113.0833333,48.0,0.5,0.070823262,,1,,2.0,,1,4.0,76.98603256
Malaysia,Sarawak,AG,open_degraded,0,0,0,1,1,0,30303.0303,16,,,Pentaspadon motleyi,Pentaspadon,motleyi,Anacardiaceae,3.2,113.0833333,66.0,0.5,0.070823262,,1,,2.0,,1,7.5,75.42622617
Malaysia,Sarawak,AG,open_degraded,0,0,0,0,1,0,30303.0303,14,,,Whiteodendron moultonianum,Whiteodendron,moultonianum,Myrtaceae,3.2,113.0833333,12.0,0.785,0.070823262,,2,,16.0,,1,1.0,79.40138837
Malaysia,Sarawak,AG,open_degraded,0,0,0,0,1,0,30303.0303,14,,,Whiteodendron moultonianum,Whiteodendron,moultonianum,Myrtaceae,3.2,113.0833333,24.0,0.785,0.070823262,,2,,16.0,,1,2.0,69.22777916
Malaysia,Sarawak,AG,open_degraded,0,0,0,0,1,0,30303.0303,14,,,Whiteodendron moultonianum,Whiteodendron,moultonianum,Myrtaceae,3.2,113.0833333,36.0,0.785,0.070823262,,2,,16.0,,1,3.0,59.05628251
Malaysia,Sarawak,AG,open_degraded,0,0,0,0,1,0,30303.0303,14,,,Whiteodendron moultonianum,Whiteodendron,moultonianum,Myrtaceae,3.2,113.0833333,48.0,0.785,0.070823262,,2,,16.0,,1,4.0,49.78599888
Malaysia,Sarawak,AG,open_degraded,0,0,0,0,1,0,30303.0303,14,,,Whiteodendron moultonianum,Whiteodendron,moultonianum,Myrtaceae,3.2,113.0833333,72.0,0.785,0.070823262,,2,,16.0,,1,7.5,38.64949024
Malaysia,Sarawak,AG,open_degraded,0,0,0,1,1,0,30303.0303,16,,,Shorea leprosula,Shorea,leprosula,Dipterocarpaceae,3.2,113.0833333,12.0,0.44,0.070823262,,4,,88.0,,1,1.0,58.0938924
Malaysia,Sarawak,AG,open_degraded,0,0,0,1,1,0,30303.0303,16,,,Shorea leprosula,Shorea,leprosula,Dipterocarpaceae,3.2,113.0833333,24.0,0.44,0.070823262,,4,,88.0,,1,2.0,49.64019084
Malaysia,Sarawak,AG,open_degraded,0,0,0,1,1,0,30303.0303,16,,,Shorea leprosula,Shorea,leprosula,Dipterocarpaceae,3.2,113.0833333,36.0,0.44,0.070823262,,4,,88.0,,1,3.0,38.89462756
Malaysia,Sarawak,AG,open_degraded,0,0,0,1,1,0,30303.0303,16,,,Shorea leprosula,Shorea,leprosula,Dipterocarpaceae,3.2,113.0833333,48.0,0.44,0.070823262,,4,,88.0,,1,4.0,39.85054878
Malaysia,Sarawak,AG,open_degraded,0,0,0,1,1,0,30303.0303,16,,,Shorea leprosula,Shorea,leprosula,Dipterocarpaceae,3.2,113.0833333,66.0,0.44,0.070823262,,4,,88.0,,1,7.5,39.41801775
Malaysia,Sarawak,AG,open_degraded,0,0,0,1,1,0,30303.0303,16,,,Shorea macrophylla,Shorea,macrophylla,Dipterocarpaceae,3.2,113.0833333,12.0,0.32,0.070823262,,1,,8.0,,1,1.0,99.80066262
Malaysia,Sarawak,AG,open_degraded,0,0,0,1,1,0,30303.0303,16,,,Shorea macrophylla,Shorea,macrophylla,Dipterocarpaceae,3.2,113.0833333,24.0,0.32,0.070823262,,1,,8.0,,1,2.0,90.21035794
Malaysia,Sarawak,AG,open_degraded,0,0,0,1,1,0,30303.0303,16,,,Shorea macrophylla,Shorea,macrophylla,Dipterocarpaceae,3.2,113.0833333,36.0,0.32,0.070823262,,1,,8.0,,1,3.0,79.17287077
Malaysia,Sarawak,AG,open_degraded,0,0,0,1,1,0,30303.0303,16,,,Shorea macrophylla,Shorea,macrophylla,Dipterocarpaceae,3.2,113.0833333,48.0,0.32,0.070823262,,1,,8.0,,1,4.0,79.84308659
Malaysia,Sarawak,AG,open_degraded,0,0,0,1,1,0,30303.0303,16,,,Shorea macrophylla,Shorea,macrophylla,Dipterocarpaceae,3.2,113.0833333,66.0,0.32,0.070823262,,1,,8.0,,1,7.5,78.85158174
Malaysia,Sarawak,AG,open_degraded,0,0,0,1,1,0,30303.0303,16,,,Shorea materialis,Shorea,materialis,Dipterocarpaceae,3.2,113.0833333,12.0,0.745,0.070823262,,2,,103.0,,1,1.0,52.9667414
Malaysia,Sarawak,AG,open_degraded,0,0,0,1,1,0,30303.0303,16,,,Shorea materialis,Shorea,materialis,Dipterocarpaceae,3.2,113.0833333,24.0,0.745,0.070823262,,2,,103.0,,1,2.0,26.50427176
Malaysia,Sarawak,AG,open_degraded,0,0,0,1,1,0,30303.0303,16,,,Shorea materialis,Shorea,materialis,Dipterocarpaceae,3.2,113.0833333,36.0,0.745,0.070823262,,2,,103.0,,1,3.0,10.30543186
Malaysia,Sarawak,AG,open_degraded,0,0,0,1,1,0,30303.0303,16,,,Shorea materialis,Shorea,materialis,Dipterocarpaceae,3.2,113.0833333,48.0,0.745,0.070823262,,2,,103.0,,1,4.0,8.997474599
Malaysia,Sarawak,AG,open_degraded,0,0,0,1,1,0,30303.0303,16,,,Shorea materialis,Shorea,materialis,Dipterocarpaceae,3.2,113.0833333,66.0,0.745,0.070823262,,2,,103.0,,1,7.5,9.40651353
Malaysia,Sarawak,AG,open_degraded,0,0,0,1,1,0,30303.0303,16,,,Shorea mecistopteryx,Shorea,mecistopteryx,Dipterocarpaceae,3.2,113.0833333,12.0,0.426666667,0.070823262,,3,,105.0,,1,1.0,83.82914333
Malaysia,Sarawak,AG,open_degraded,0,0,0,1,1,0,30303.0303,16,,,Shorea mecistopteryx,Shorea,mecistopteryx,Dipterocarpaceae,3.2,113.0833333,24.0,0.426666667,0.070823262,,3,,105.0,,1,2.0,84.216763
Malaysia,Sarawak,AG,open_degraded,0,0,0,1,1,0,30303.0303,16,,,Shorea mecistopteryx,Shorea,mecistopteryx,Dipterocarpaceae,3.2,113.0833333,36.0,0.426666667,0.070823262,,3,,105.0,,1,3.0,74.30033269
Malaysia,Sarawak,AG,open_degraded,0,0,0,1,1,0,30303.0303,16,,,Shorea mecistopteryx,Shorea,mecistopteryx,Dipterocarpaceae,3.2,113.0833333,48.0,0.426666667,0.070823262,,3,,105.0,,1,4.0,63.00512335
Malaysia,Sarawak,AG,open_degraded,0,0,0,1,1,0,30303.0303,16,,,Shorea mecistopteryx,Shorea,mecistopteryx,Dipterocarpaceae,3.2,113.0833333,66.0,0.426666667,0.070823262,,3,,105.0,,1,7.5,63.41727153
Malaysia,Sarawak,AG,open_degraded,0,0,0,1,1,0,30303.0303,16,,,Shorea ovata,Shorea,ovata,Dipterocarpaceae,3.2,113.0833333,12.0,0.64,0.070823262,,2,,20.0,,1,1.0,62.96643048
Malaysia,Sarawak,AG,open_degraded,0,0,0,1,1,0,30303.0303,16,,,Shorea ovata,Shorea,ovata,Dipterocarpaceae,3.2,113.0833333,24.0,0.64,0.070823262,,2,,20.0,,1,2.0,49.36692243
Malaysia,Sarawak,AG,open_degraded,0,0,0,1,1,0,30303.0303,16,,,Shorea ovata,Shorea,ovata,Dipterocarpaceae,3.2,113.0833333,36.0,0.64,0.070823262,,2,,20.0,,1,3.0,44.31992096
Malaysia,Sarawak,AG,open_degraded,0,0,0,1,1,0,30303.0303,16,,,Shorea ovata,Shorea,ovata,Dipterocarpaceae,3.2,113.0833333,48.0,0.64,0.070823262,,2,,20.0,,1,4.0,42.99330821
Malaysia,Sarawak,AG,open_degraded,0,0,0,1,1,0,30303.0303,16,,,Shorea ovata,Shorea,ovata,Dipterocarpaceae,3.2,113.0833333,66.0,0.64,0.070823262,,2,,20.0,,1,7.5,43.14462497
Malaysia,Sarawak,AG,open_degraded,0,0,0,1,1,0,30303.0303,16,,,Vatica sp,Vatica,sp,Dipterocarpaceae,3.2,113.0833333,12.0,0.706897436,0.09413391,,13,,3.0,,1,1.0,45.25269555
Malaysia,Sarawak,AG,open_degraded,0,0,0,1,1,0,30303.0303,16,,,Vatica sp,Vatica,sp,Dipterocarpaceae,3.2,113.0833333,24.0,0.706897436,0.09413391,,13,,3.0,,1,2.0,25.61606307
Malaysia,Sarawak,AG,open_degraded,0,0,0,1,1,0,30303.0303,16,,,Vatica sp,Vatica,sp,Dipterocarpaceae,3.2,113.0833333,36.0,0.706897436,0.09413391,,13,,3.0,,1,3.0,10.0414912
Malaysia,Sarawak,AG,open_degraded,0,0,0,1,1,0,30303.0303,16,,,Vatica sp,Vatica,sp,Dipterocarpaceae,3.2,113.0833333,48.0,0.706897436,0.09413391,,13,,3.0,,1,4.0,10.41667386
Malaysia,Sarawak,AG,open_degraded,0,0,0,1,1,0,30303.0303,16,,,Vatica sp,Vatica,sp,Dipterocarpaceae,3.2,113.0833333,66.0,0.706897436,0.09413391,,13,,3.0,,1,7.5,8.844430472
Malaysia,Sarawak,AG,open_degraded,0,0,0,1,1,0,30303.0303,16,,,Whiteodendron moultonianum,Whiteodendron,moultonianum,Myrtaceae,3.2,113.0833333,12.0,0.785,0.070823262,,2,,3.0,,1,1.0,74.68967971
Malaysia,Sarawak,AG,open_degraded,0,0,0,1,1,0,30303.0303,16,,,Whiteodendron moultonianum,Whiteodendron,moultonianum,Myrtaceae,3.2,113.0833333,24.0,0.785,0.070823262,,2,,3.0,,1,2.0,63.93167944
Malaysia,Sarawak,AG,open_degraded,0,0,0,1,1,0,30303.0303,16,,,Whiteodendron moultonianum,Whiteodendron,moultonianum,Myrtaceae,3.2,113.0833333,36.0,0.785,0.070823262,,2,,3.0,,1,3.0,63.47151065
Malaysia,Sarawak,AG,open_degraded,0,0,0,1,1,0,30303.0303,16,,,Whiteodendron moultonianum,Whiteodendron,moultonianum,Myrtaceae,3.2,113.0833333,48.0,0.785,0.070823262,,2,,3.0,,1,4.0,53.28181193
Malaysia,Sarawak,AG,open_degraded,0,0,0,1,1,0,30303.0303,16,,,Whiteodendron moultonianum,Whiteodendron,moultonianum,Myrtaceae,3.2,113.0833333,66.0,0.785,0.070823262,,2,,3.0,,1,7.5,52.84617165
Malaysia,Sarawak,AG,forest_enrichment,0,0,0,0,1,0,1111.111111,4,,,Eusideroxylon zwageri,Eusideroxylon,zwageri,Lauraceae,3.2,113.0833333,12.0,0.786666667,0.070823262,,3,,27.0,,1,1.0,100.0
Malaysia,Sarawak,AG,forest_enrichment,0,0,0,0,1,0,1111.111111,4,,,Eusideroxylon zwageri,Eusideroxylon,zwageri,Lauraceae,3.2,113.0833333,24.0,0.786666667,0.070823262,,3,,27.0,,1,2.0,96.27393449
Malaysia,Sarawak,AG,forest_enrichment,0,0,0,0,1,0,1111.111111,4,,,Eusideroxylon zwageri,Eusideroxylon,zwageri,Lauraceae,3.2,113.0833333,35.0,0.786666667,0.070823262,,3,,27.0,,1,3.0,96.03066157
Malaysia,Sarawak,AG,forest_enrichment,0,0,0,0,1,0,1111.111111,4,,,Eusideroxylon zwageri,Eusideroxylon,zwageri,Lauraceae,3.2,113.0833333,48.0,0.786666667,0.070823262,,3,,27.0,,1,4.0,96.07585596
Malaysia,Sarawak,AG,forest_enrichment,0,0,0,0,1,0,1111.111111,4,,,Eusideroxylon zwageri,Eusideroxylon,zwageri,Lauraceae,3.2,113.0833333,72.0,0.786666667,0.070823262,,3,,27.0,,1,7.5,96.17683717
Malaysia,Sarawak,AG,forest_enrichment,0,0,0,0,1,0,1111.111111,4,,,Shorea macrophylla,Shorea,macrophylla,Dipterocarpaceae,3.2,113.0833333,12.0,0.32,0.070823262,,1,,26.0,,1,1.0,85.63630522
Malaysia,Sarawak,AG,forest_enrichment,0,0,0,0,1,0,1111.111111,4,,,Shorea macrophylla,Shorea,macrophylla,Dipterocarpaceae,3.2,113.0833333,24.0,0.32,0.070823262,,1,,26.0,,1,2.0,85.68503042
Malaysia,Sarawak,AG,forest_enrichment,0,0,0,0,1,0,1111.111111,4,,,Shorea macrophylla,Shorea,macrophylla,Dipterocarpaceae,3.2,113.0833333,35.0,0.32,0.070823262,,1,,26.0,,1,3.0,84.85387736
Malaysia,Sarawak,AG,forest_enrichment,0,0,0,0,1,0,1111.111111,4,,,Shorea macrophylla,Shorea,macrophylla,Dipterocarpaceae,3.2,113.0833333,48.0,0.32,0.070823262,,1,,26.0,,1,4.0,84.90119024
Malaysia,Sarawak,AG,forest_enrichment,0,0,0,0,1,0,1111.111111,4,,,Shorea macrophylla,Shorea,macrophylla,Dipterocarpaceae,3.2,113.0833333,72.0,0.32,0.070823262,,1,,26.0,,1,7.5,85.88275587
Malaysia,Sarawak,AG,forest_enrichment,0,0,0,0,1,0,1111.111111,4,,,Shorea mecistopteryx,Shorea,mecistopteryx,Dipterocarpaceae,3.2,113.0833333,12.0,0.426666667,0.070823262,,3,,26.0,,1,1.0,87.69512148
Malaysia,Sarawak,AG,forest_enrichment,0,0,0,0,1,0,1111.111111,4,,,Shorea mecistopteryx,Shorea,mecistopteryx,Dipterocarpaceae,3.2,113.0833333,24.0,0.426666667,0.070823262,,3,,26.0,,1,2.0,73.62801487
Malaysia,Sarawak,AG,forest_enrichment,0,0,0,0,1,0,1111.111111,4,,,Shorea mecistopteryx,Shorea,mecistopteryx,Dipterocarpaceae,3.2,113.0833333,35.0,0.426666667,0.070823262,,3,,26.0,,1,3.0,74.26532637
Malaysia,Sarawak,AG,forest_enrichment,0,0,0,0,1,0,1111.111111,4,,,Shorea mecistopteryx,Shorea,mecistopteryx,Dipterocarpaceae,3.2,113.0833333,48.0,0.426666667,0.070823262,,3,,26.0,,1,4.0,73.72793684
Malaysia,Sarawak,AG,forest_enrichment,0,0,0,0,1,0,1111.111111,4,,,Shorea mecistopteryx,Shorea,mecistopteryx,Dipterocarpaceae,3.2,113.0833333,72.0,0.426666667,0.070823262,,3,,26.0,,1,7.5,72.93985969
Malaysia,Sarawak,AG,open_degraded,0,0,0,0,1,0,30303.0303,14,,,Dryobalanops sumatrensis,Dryobalanops,sumatrensis,Dipterocarpaceae,3.2,113.0833333,12.0,0.65,0.070823262,,1,,39.0,,1,1.0,54.84724165
Malaysia,Sarawak,AG,open_degraded,0,0,0,0,1,0,30303.0303,14,,,Dryobalanops sumatrensis,Dryobalanops,sumatrensis,Dipterocarpaceae,3.2,113.0833333,24.0,0.65,0.070823262,,1,,39.0,,1,2.0,49.58995441
Malaysia,Sarawak,AG,open_degraded,0,0,0,0,1,0,30303.0303,14,,,Dryobalanops sumatrensis,Dryobalanops,sumatrensis,Dipterocarpaceae,3.2,113.0833333,36.0,0.65,0.070823262,,1,,39.0,,1,3.0,43.71707066
Malaysia,Sarawak,AG,open_degraded,0,0,0,0,1,0,30303.0303,14,,,Dryobalanops sumatrensis,Dryobalanops,sumatrensis,Dipterocarpaceae,3.2,113.0833333,48.0,0.65,0.070823262,,1,,39.0,,1,4.0,29.23217326
Malaysia,Sarawak,AG,open_degraded,0,0,0,0,1,0,30303.0303,14,,,Dryobalanops sumatrensis,Dryobalanops,sumatrensis,Dipterocarpaceae,3.2,113.0833333,72.0,0.65,0.070823262,,1,,39.0,,1,7.5,15.94635818
Malaysia,Sarawak,AG,forest_enrichment,0,0,0,0,1,0,1111.111111,4,,,Pentaspadon motleyi,Pentaspadon,motleyi,Anacardiaceae,3.2,113.0833333,12.0,0.5,0.070823262,,1,,36.0,,1,1.0,86.81241857
Malaysia,Sarawak,AG,forest_enrichment,0,0,0,0,1,0,1111.111111,4,,,Pentaspadon motleyi,Pentaspadon,motleyi,Anacardiaceae,3.2,113.0833333,24.0,0.5,0.070823262,,1,,36.0,,1,2.0,68.91967757
Malaysia,Sarawak,AG,forest_enrichment,0,0,0,0,1,0,1111.111111,4,,,Pentaspadon motleyi,Pentaspadon,motleyi,Anacardiaceae,3.2,113.0833333,35.0,0.5,0.070823262,,1,,36.0,,1,3.0,69.56087296
Malaysia,Sarawak,AG,forest_enrichment,0,0,0,0,1,0,1111.111111,4,,,Pentaspadon motleyi,Pentaspadon,motleyi,Anacardiaceae,3.2,113.0833333,48.0,0.5,0.070823262,,1,,36.0,,1,4.0,68.43136632
Malaysia,Sarawak,AG,forest_enrichment,0,0,0,0,1,0,1111.111111,4,,,Pentaspadon motleyi,Pentaspadon,motleyi,Anacardiaceae,3.2,113.0833333,72.0,0.5,0.070823262,,1,,36.0,,1,7.5,69.11634377
Malaysia,Sarawak,AG,open_degraded,0,0,0,0,1,0,10000.0,9,,,Durio carinatus,Durio,carinatus,Malvaceae,3.2,113.0833333,12.0,0.46,0.070823262,,1,,15.0,,1,1.0,90.13481722
Malaysia,Sarawak,AG,open_degraded,0,0,0,0,1,0,10000.0,9,,,Durio carinatus,Durio,carinatus,Malvaceae,3.2,113.0833333,24.0,0.46,0.070823262,,1,,15.0,,1,2.0,86.75353537
Malaysia,Sarawak,AG,open_degraded,0,0,0,0,1,0,10000.0,9,,,Durio carinatus,Durio,carinatus,Malvaceae,3.2,113.0833333,35.0,0.46,0.070823262,,1,,15.0,,1,3.0,80.12726468
Malaysia,Sarawak,AG,open_degraded,0,0,0,0,1,0,10000.0,9,,,Durio carinatus,Durio,carinatus,Malvaceae,3.2,113.0833333,48.0,0.46,0.070823262,,1,,15.0,,1,4.0,75.44208415
Malaysia,Sarawak,AG,open_degraded,0,0,0,0,1,0,10000.0,9,,,Durio carinatus,Durio,carinatus,Malvaceae,3.2,113.0833333,60.0,0.46,0.070823262,,1,,15.0,,1,7.5,74.03314438
Malaysia,Sarawak,AG,open_degraded,0,0,0,0,1,0,10000.0,9,,,Shorea macrophylla,Shorea,macrophylla,Dipterocarpaceae,3.2,113.0833333,12.0,0.32,0.070823262,,1,,6.0,,1,1.0,90.12787235
Malaysia,Sarawak,AG,open_degraded,0,0,0,0,1,0,10000.0,9,,,Shorea macrophylla,Shorea,macrophylla,Dipterocarpaceae,3.2,113.0833333,24.0,0.32,0.070823262,,1,,6.0,,1,2.0,85.45918589
Malaysia,Sarawak,AG,open_degraded,0,0,0,0,1,0,10000.0,9,,,Shorea macrophylla,Shorea,macrophylla,Dipterocarpaceae,3.2,113.0833333,35.0,0.32,0.070823262,,1,,6.0,,1,3.0,74.93858134
Malaysia,Sarawak,AG,open_degraded,0,0,0,0,1,0,10000.0,9,,,Shorea macrophylla,Shorea,macrophylla,Dipterocarpaceae,3.2,113.0833333,48.0,0.32,0.070823262,,1,,6.0,,1,4.0,64.74264929
Malaysia,Sarawak,AG,open_degraded,0,0,0,0,1,0,10000.0,9,,,Shorea macrophylla,Shorea,macrophylla,Dipterocarpaceae,3.2,113.0833333,60.0,0.32,0.070823262,,1,,6.0,,1,7.5,63.63841553
Malaysia,Sarawak,AG,open_degraded,0,0,0,0,1,0,10000.0,9,,,Dryobalanops sumatrensis,Dryobalanops,sumatrensis,Dipterocarpaceae,3.2,113.0833333,12.0,0.65,0.070823262,,1,,14.0,,1,1.0,84.28637157
Malaysia,Sarawak,AG,open_degraded,0,0,0,0,1,0,10000.0,9,,,Dryobalanops sumatrensis,Dryobalanops,sumatrensis,Dipterocarpaceae,3.2,113.0833333,24.0,0.65,0.070823262,,1,,14.0,,1,2.0,79.60900402
Malaysia,Sarawak,AG,open_degraded,0,0,0,0,1,0,10000.0,9,,,Dryobalanops sumatrensis,Dryobalanops,sumatrensis,Dipterocarpaceae,3.2,113.0833333,35.0,0.65,0.070823262,,1,,14.0,,1,3.0,74.28229146
Malaysia,Sarawak,AG,open_degraded,0,0,0,0,1,0,10000.0,9,,,Dryobalanops sumatrensis,Dryobalanops,sumatrensis,Dipterocarpaceae,3.2,113.0833333,48.0,0.65,0.070823262,,1,,14.0,,1,4.0,60.84744733
Malaysia,Sarawak,AG,open_degraded,0,0,0,0,1,0,10000.0,9,,,Dryobalanops sumatrensis,Dryobalanops,sumatrensis,Dipterocarpaceae,3.2,113.0833333,60.0,0.65,0.070823262,,1,,14.0,,1,7.5,55.19085361
Malaysia,Sarawak,AG,open_degraded,0,0,0,0,1,0,10000.0,9,,,Hopea kerangasensis,Hopea,kerangasensis,Dipterocarpaceae,3.2,113.0833333,12.0,0.714693989,0.09413391,,61,,4.0,,1,1.0,1.165869454
Malaysia,Sarawak,AG,open_degraded,0,0,0,0,1,0,10000.0,9,,,Hopea kerangasensis,Hopea,kerangasensis,Dipterocarpaceae,3.2,113.0833333,24.0,0.714693989,0.09413391,,61,,4.0,,1,2.0,0.0
Malaysia,Sarawak,AG,open_degraded,0,0,0,0,1,0,10000.0,9,,,Hopea kerangasensis,Hopea,kerangasensis,Dipterocarpaceae,3.2,113.0833333,35.0,0.714693989,0.09413391,,61,,4.0,,1,3.0,0.0
Malaysia,Sarawak,AG,open_degraded,0,0,0,0,1,0,10000.0,9,,,Hopea kerangasensis,Hopea,kerangasensis,Dipterocarpaceae,3.2,113.0833333,48.0,0.714693989,0.09413391,,61,,4.0,,1,4.0,0.0
Malaysia,Sarawak,AG,open_degraded,0,0,0,0,1,0,10000.0,9,,,Hopea kerangasensis,Hopea,kerangasensis,Dipterocarpaceae,3.2,113.0833333,60.0,0.714693989,0.09413391,,61,,4.0,,1,7.5,0.0
Malaysia,Sarawak,AG,open_degraded,0,0,0,0,1,0,10000.0,9,,,Shorea mecistopteryx,Shorea,mecistopteryx,Dipterocarpaceae,3.2,113.0833333,12.0,0.426666667,0.070823262,,3,,34.0,,1,1.0,84.60496732
Malaysia,Sarawak,AG,open_degraded,0,0,0,0,1,0,10000.0,9,,,Shorea mecistopteryx,Shorea,mecistopteryx,Dipterocarpaceae,3.2,113.0833333,24.0,0.426666667,0.070823262,,3,,34.0,,1,2.0,75.38565711
Malaysia,Sarawak,AG,open_degraded,0,0,0,0,1,0,10000.0,9,,,Shorea mecistopteryx,Shorea,mecistopteryx,Dipterocarpaceae,3.2,113.0833333,35.0,0.426666667,0.070823262,,3,,34.0,,1,3.0,60.65038674
Malaysia,Sarawak,AG,open_degraded,0,0,0,0,1,0,10000.0,9,,,Shorea mecistopteryx,Shorea,mecistopteryx,Dipterocarpaceae,3.2,113.0833333,48.0,0.426666667,0.070823262,,3,,34.0,,1,4.0,58.57126735
Malaysia,Sarawak,AG,open_degraded,0,0,0,0,1,0,10000.0,9,,,Shorea mecistopteryx,Shorea,mecistopteryx,Dipterocarpaceae,3.2,113.0833333,60.0,0.426666667,0.070823262,,3,,34.0,,1,7.5,59.41593673
Malaysia,Sarawak,AG,open_degraded,0,0,0,0,1,0,10000.0,9,,,Shorea ovata,Shorea,ovata,Dipterocarpaceae,3.2,113.0833333,12.0,0.64,0.070823262,,2,,50.0,,1,1.0,74.87000078
Malaysia,Sarawak,AG,open_degraded,0,0,0,0,1,0,10000.0,9,,,Shorea ovata,Shorea,ovata,Dipterocarpaceae,3.2,113.0833333,24.0,0.64,0.070823262,,2,,50.0,,1,2.0,64.67580495
Malaysia,Sarawak,AG,open_degraded,0,0,0,0,1,0,10000.0,9,,,Shorea ovata,Shorea,ovata,Dipterocarpaceae,3.2,113.0833333,35.0,0.64,0.070823262,,2,,50.0,,1,3.0,54.47726858
Malaysia,Sarawak,AG,open_degraded,0,0,0,0,1,0,10000.0,9,,,Shorea ovata,Shorea,ovata,Dipterocarpaceae,3.2,113.0833333,48.0,0.64,0.070823262,,2,,50.0,,1,4.0,54.34965666
Malaysia,Sarawak,AG,open_degraded,0,0,0,0,1,0,10000.0,9,,,Shorea ovata,Shorea,ovata,Dipterocarpaceae,3.2,113.0833333,60.0,0.64,0.070823262,,2,,50.0,,1,7.5,49.67576155
Malaysia,Sarawak,AG,open_degraded,0,0,0,0,1,0,10000.0,9,,,Shorea leprosula,Shorea,leprosula,Dipterocarpaceae,3.2,113.0833333,12.0,0.44,0.070823262,,4,,61.0,,1,1.0,84.93484847
Malaysia,Sarawak,AG,open_degraded,0,0,0,0,1,0,10000.0,9,,,Shorea leprosula,Shorea,leprosula,Dipterocarpaceae,3.2,113.0833333,24.0,0.44,0.070823262,,4,,61.0,,1,2.0,64.99787313
Malaysia,Sarawak,AG,open_degraded,0,0,0,0,1,0,10000.0,9,,,Shorea leprosula,Shorea,leprosula,Dipterocarpaceae,3.2,113.0833333,35.0,0.44,0.070823262,,4,,61.0,,1,3.0,58.69974738
Malaysia,Sarawak,AG,open_degraded,0,0,0,0,1,0,10000.0,9,,,Shorea leprosula,Shorea,leprosula,Dipterocarpaceae,3.2,113.0833333,48.0,0.44,0.070823262,,4,,61.0,,1,4.0,50.13585895
Malaysia,Sarawak,AG,open_degraded,0,0,0,0,1,0,10000.0,9,,,Shorea leprosula,Shorea,leprosula,Dipterocarpaceae,3.2,113.0833333,60.0,0.44,0.070823262,,4,,61.0,,1,7.5,34.41441754
Malaysia,Sarawak,AG,open_degraded,0,0,0,0,1,0,10000.0,9,,,Cotylelobium burckii,Cotylelobium,burckii,Dipterocarpaceae,3.2,113.0833333,12.0,0.815,0.070823262,,2,,1.0,,1,1.0,25.84792479
Malaysia,Sarawak,AG,open_degraded,0,0,0,0,1,0,10000.0,9,,,Cotylelobium burckii,Cotylelobium,burckii,Dipterocarpaceae,3.2,113.0833333,24.0,0.815,0.070823262,,2,,1.0,,1,2.0,1.039125641
Malaysia,Sarawak,AG,open_degraded,0,0,0,0,1,0,10000.0,9,,,Cotylelobium burckii,Cotylelobium,burckii,Dipterocarpaceae,3.2,113.0833333,35.0,0.815,0.070823262,,2,,1.0,,1,3.0,0.910645612
Malaysia,Sarawak,AG,open_degraded,0,0,0,0,1,0,10000.0,9,,,Cotylelobium burckii,Cotylelobium,burckii,Dipterocarpaceae,3.2,113.0833333,48.0,0.815,0.070823262,,2,,1.0,,1,4.0,1.433246812
Malaysia,Sarawak,AG,open_degraded,0,0,0,0,1,0,10000.0,9,,,Cotylelobium burckii,Cotylelobium,burckii,Dipterocarpaceae,3.2,113.0833333,60.0,0.815,0.070823262,,2,,1.0,,1,7.5,0.0
Malaysia,Sarawak,AG,open_degraded,0,0,0,0,1,0,10000.0,9,,,Eugenia sp,Eugenia,sp,Myrtaceae,3.2,113.0833333,12.0,0.683,0.070823262,,6,,32.0,,1,1.0,84.93224415
Malaysia,Sarawak,AG,open_degraded,0,0,0,0,1,0,10000.0,9,,,Eugenia sp,Eugenia,sp,Myrtaceae,3.2,113.0833333,24.0,0.683,0.070823262,,6,,32.0,,1,2.0,70.19523756
Malaysia,Sarawak,AG,open_degraded,0,0,0,0,1,0,10000.0,9,,,Eugenia sp,Eugenia,sp,Myrtaceae,3.2,113.0833333,35.0,0.683,0.070823262,,6,,32.0,,1,3.0,71.04164316
Malaysia,Sarawak,AG,open_degraded,0,0,0,0,1,0,10000.0,9,,,Eugenia sp,Eugenia,sp,Myrtaceae,3.2,113.0833333,48.0,0.683,0.070823262,,6,,32.0,,1,4.0,60.5210386
Malaysia,Sarawak,AG,open_degraded,0,0,0,0,1,0,10000.0,9,,,Eugenia sp,Eugenia,sp,Myrtaceae,3.2,113.0833333,60.0,0.683,0.070823262,,6,,32.0,,1,7.5,54.22117663
Malaysia,Sarawak,AG,open_degraded,0,0,0,0,1,0,30303.0303,14,,,Shorea ovata,Shorea,ovata,Dipterocarpaceae,3.2,113.0833333,12.0,0.64,0.070823262,,2,,29.0,,1,1.0,42.28560805
Malaysia,Sarawak,AG,open_degraded,0,0,0,0,1,0,30303.0303,14,,,Shorea ovata,Shorea,ovata,Dipterocarpaceae,3.2,113.0833333,24.0,0.64,0.070823262,,2,,29.0,,1,2.0,33.63937114
Malaysia,Sarawak,AG,open_degraded,0,0,0,0,1,0,30303.0303,14,,,Shorea ovata,Shorea,ovata,Dipterocarpaceae,3.2,113.0833333,36.0,0.64,0.070823262,,2,,29.0,,1,3.0,28.6761506
Malaysia,Sarawak,AG,open_degraded,0,0,0,0,1,0,30303.0303,14,,,Shorea ovata,Shorea,ovata,Dipterocarpaceae,3.2,113.0833333,48.0,0.64,0.070823262,,2,,29.0,,1,4.0,18.50676649
Malaysia,Sarawak,AG,open_degraded,0,0,0,0,1,0,30303.0303,14,,,Shorea ovata,Shorea,ovata,Dipterocarpaceae,3.2,113.0833333,72.0,0.64,0.070823262,,2,,29.0,,1,7.5,14.10801881
Malaysia,Sarawak,AG,open_degraded,0,0,0,0,1,0,30303.0303,14,,,Shorea gibbosa,Shorea,gibbosa,Dipterocarpaceae,3.2,113.0833333,12.0,0.455,0.070823262,,2,,13.0,,1,1.0,58.23619133
Malaysia,Sarawak,AG,open_degraded,0,0,0,0,1,0,30303.0303,14,,,Shorea gibbosa,Shorea,gibbosa,Dipterocarpaceae,3.2,113.0833333,24.0,0.455,0.070823262,,2,,13.0,,1,2.0,44.67997009
Malaysia,Sarawak,AG,open_degraded,0,0,0,0,1,0,30303.0303,14,,,Shorea gibbosa,Shorea,gibbosa,Dipterocarpaceae,3.2,113.0833333,36.0,0.455,0.070823262,,2,,13.0,,1,3.0,32.97265095
Malaysia,Sarawak,AG,open_degraded,0,0,0,0,1,0,30303.0303,14,,,Shorea gibbosa,Shorea,gibbosa,Dipterocarpaceae,3.2,113.0833333,48.0,0.455,0.070823262,,2,,13.0,,1,4.0,24.34120187
Malaysia,Sarawak,AG,open_degraded,0,0,0,0,1,0,30303.0303,14,,,Shorea gibbosa,Shorea,gibbosa,Dipterocarpaceae,3.2,113.0833333,72.0,0.455,0.070823262,,2,,13.0,,1,7.5,14.10801881
Malaysia,Sarawak,AG,open_degraded,0,0,0,0,1,0,30303.0303,14,,,Shorea mecistopteryx,Shorea,mecistopteryx,Dipterocarpaceae,3.2,113.0833333,12.0,0.426666667,0.070823262,,3,,58.0,,1,1.0,73.89059536
Malaysia,Sarawak,AG,open_degraded,0,0,0,0,1,0,30303.0303,14,,,Shorea mecistopteryx,Shorea,mecistopteryx,Dipterocarpaceae,3.2,113.0833333,24.0,0.426666667,0.070823262,,3,,58.0,,1,2.0,75.66724832
Malaysia,Sarawak,AG,open_degraded,0,0,0,0,1,0,30303.0303,14,,,Shorea mecistopteryx,Shorea,mecistopteryx,Dipterocarpaceae,3.2,113.0833333,36.0,0.426666667,0.070823262,,3,,58.0,,1,3.0,58.74742797
Malaysia,Sarawak,AG,open_degraded,0,0,0,0,1,0,30303.0303,14,,,Shorea mecistopteryx,Shorea,mecistopteryx,Dipterocarpaceae,3.2,113.0833333,48.0,0.426666667,0.070823262,,3,,58.0,,1,4.0,59.9253848
Malaysia,Sarawak,AG,open_degraded,0,0,0,0,1,0,30303.0303,14,,,Shorea mecistopteryx,Shorea,mecistopteryx,Dipterocarpaceae,3.2,113.0833333,72.0,0.426666667,0.070823262,,3,,58.0,,1,7.5,53.99081464
Malaysia,Sarawak,AG,open_degraded,0,0,0,0,1,0,30303.0303,14,,,Hopea kerangasensis,Hopea,kerangasensis,Dipterocarpaceae,3.2,113.0833333,12.0,0.714693989,0.09413391,,61,,34.0,,1,1.0,69.58353226
Malaysia,Sarawak,AG,open_degraded,0,0,0,0,1,0,30303.0303,14,,,Hopea kerangasensis,Hopea,kerangasensis,Dipterocarpaceae,3.2,113.0833333,24.0,0.714693989,0.09413391,,61,,34.0,,1,2.0,64.30511955
Malaysia,Sarawak,AG,open_degraded,0,0,0,0,1,0,30303.0303,14,,,Hopea kerangasensis,Hopea,kerangasensis,Dipterocarpaceae,3.2,113.0833333,36.0,0.714693989,0.09413391,,61,,34.0,,1,3.0,54.14629818
Malaysia,Sarawak,AG,open_degraded,0,0,0,0,1,0,30303.0303,14,,,Hopea kerangasensis,Hopea,kerangasensis,Dipterocarpaceae,3.2,113.0833333,48.0,0.714693989,0.09413391,,61,,34.0,,1,4.0,48.87422311
Malaysia,Sarawak,AG,open_degraded,0,0,0,0,1,0,30303.0303,14,,,Hopea kerangasensis,Hopea,kerangasensis,Dipterocarpaceae,3.2,113.0833333,72.0,0.714693989,0.09413391,,61,,34.0,,1,7.5,49.07871777
Malaysia,Sarawak,AG,open_degraded,0,0,0,0,1,0,30303.0303,14,,,Shorea leprosula,Shorea,leprosula,Dipterocarpaceae,3.2,113.0833333,12.0,0.44,0.070823262,,4,,89.0,,1,1.0,59.143742
Malaysia,Sarawak,AG,open_degraded,0,0,0,0,1,0,30303.0303,14,,,Shorea leprosula,Shorea,leprosula,Dipterocarpaceae,3.2,113.0833333,24.0,0.44,0.070823262,,4,,89.0,,1,2.0,38.8497598
Malaysia,Sarawak,AG,open_degraded,0,0,0,0,1,0,30303.0303,14,,,Shorea leprosula,Shorea,leprosula,Dipterocarpaceae,3.2,113.0833333,36.0,0.44,0.070823262,,4,,89.0,,1,3.0,28.68248824
Malaysia,Sarawak,AG,open_degraded,0,0,0,0,1,0,30303.0303,14,,,Shorea leprosula,Shorea,leprosula,Dipterocarpaceae,3.2,113.0833333,48.0,0.44,0.070823262,,4,,89.0,,1,4.0,14.52123322
Malaysia,Sarawak,AG,open_degraded,0,0,0,0,1,0,30303.0303,14,,,Shorea leprosula,Shorea,leprosula,Dipterocarpaceae,3.2,113.0833333,72.0,0.44,0.070823262,,4,,89.0,,1,7.5,8.895517595
Malaysia,Sarawak,AG,open_degraded,0,0,0,0,1,0,30303.0303,14,,,Hopea beccariana,Hopea,beccariana,Dipterocarpaceae,3.2,113.0833333,12.0,0.653333333,0.070823262,,3,,15.0,,1,1.0,64.68411068
Malaysia,Sarawak,AG,open_degraded,0,0,0,0,1,0,30303.0303,14,,,Hopea beccariana,Hopea,beccariana,Dipterocarpaceae,3.2,113.0833333,24.0,0.653333333,0.070823262,,3,,15.0,,1,2.0,48.98703318
Malaysia,Sarawak,AG,open_degraded,0,0,0,0,1,0,30303.0303,14,,,Hopea beccariana,Hopea,beccariana,Dipterocarpaceae,3.2,113.0833333,36.0,0.653333333,0.070823262,,3,,15.0,,1,3.0,44.32210444
Malaysia,Sarawak,AG,open_degraded,0,0,0,0,1,0,30303.0303,14,,,Hopea beccariana,Hopea,beccariana,Dipterocarpaceae,3.2,113.0833333,48.0,0.653333333,0.070823262,,3,,15.0,,1,4.0,34.45312467
Malaysia,Sarawak,AG,open_degraded,0,0,0,0,1,0,30303.0303,14,,,Hopea beccariana,Hopea,beccariana,Dipterocarpaceae,3.2,113.0833333,72.0,0.653333333,0.070823262,,3,,15.0,,1,7.5,34.65550678
Sri Lanka,,PL,plantation_enrichment,1,1,0,0,0,0,,5,12.0,25.0,Dipterocarpus zeylanicus,Dipterocarpus,zeylanicus,Dipterocarpaceae,6.35,80.35,24.0,0.69,0.070823262,,1,,60.0,,1,2.0,98.22179732
Sri Lanka,,PL,plantation_enrichment,1,1,0,0,0,0,,5,12.0,25.0,Shorea disticha,Shorea,disticha,Dipterocarpaceae,6.35,80.35,24.0,0.583246313,0.09413391,,113,,60.0,,1,2.0,93.40344168
Sri Lanka,,PL,plantation_enrichment,1,1,0,0,0,0,,5,12.0,25.0,Shorea disticha,Shorea,disticha,Dipterocarpaceae,6.35,80.35,24.0,0.583246313,0.09413391,,113,,60.0,,1,2.0,89.84703633
Sri Lanka,,PL,plantation_enrichment,1,1,0,0,0,0,,5,12.0,25.0,Shorea disticha,Shorea,disticha,Dipterocarpaceae,6.35,80.35,24.0,0.583246313,0.09413391,,113,,60.0,,1,2.0,95.00956023
Sri Lanka,,PL,plantation_enrichment,1,1,0,0,0,0,,5,12.0,25.0,Shorea megistophylla,Shorea,megistophylla,Dipterocarpaceae,6.35,80.35,24.0,0.583246313,0.09413391,,113,,60.0,,1,2.0,98.22179732
Sri Lanka,,PL,plantation_enrichment,1,1,0,0,0,0,,5,12.0,25.0,Shorea megistophylla,Shorea,megistophylla,Dipterocarpaceae,6.35,80.35,24.0,0.583246313,0.09413391,,113,,60.0,,1,2.0,99.94263862
Sri Lanka,,PL,plantation_enrichment,1,1,0,0,0,0,,5,12.0,25.0,Shorea megistophylla,Shorea,megistophylla,Dipterocarpaceae,6.35,80.35,24.0,0.583246313,0.09413391,,113,,60.0,,1,2.0,96.50095602
Sri Lanka,,PL,plantation_enrichment,1,1,0,0,0,0,,5,12.0,25.0,Shorea megistophylla,Shorea,megistophylla,Dipterocarpaceae,6.35,80.35,24.0,0.583246313,0.09413391,,113,,60.0,,1,2.0,98.2791587
Sri Lanka,,PL,plantation_enrichment,1,1,0,0,0,0,,5,12.0,25.0,Shorea trapezifolia,Shorea,trapezifolia,Dipterocarpaceae,6.35,80.35,24.0,0.583246313,0.09413391,,113,,60.0,,1,2.0,88.41300191
Sri Lanka,,PL,plantation_enrichment,1,1,0,0,0,0,,5,12.0,25.0,Shorea trapezifolia,Shorea,trapezifolia,Dipterocarpaceae,6.35,80.35,24.0,0.583246313,0.09413391,,113,,60.0,,1,2.0,94.89483748
Sri Lanka,,PL,plantation_enrichment,1,1,0,0,0,0,,5,12.0,25.0,Shorea trapezifolia,Shorea,trapezifolia,Dipterocarpaceae,6.35,80.35,24.0,0.583246313,0.09413391,,113,,60.0,,1,2.0,91.68260038
Sri Lanka,,PL,plantation_enrichment,1,1,0,0,0,0,,5,12.0,25.0,Dipterocarpus zeylanicus,Dipterocarpus,zeylanicus,Dipterocarpaceae,6.35,80.35,24.0,0.69,0.070823262,,1,,60.0,,1,2.0,99.94263862
Sri Lanka,,PL,plantation_enrichment,1,1,0,0,0,0,,5,12.0,25.0,Shorea trapezifolia,Shorea,trapezifolia,Dipterocarpaceae,6.35,80.35,24.0,0.583246313,0.09413391,,113,,60.0,,1,2.0,81.52963671
Sri Lanka,,PL,plantation_enrichment,1,1,0,0,0,0,,5,12.0,25.0,Dipterocarpus zeylanicus,Dipterocarpus,zeylanicus,Dipterocarpaceae,6.35,80.35,24.0,0.69,0.070823262,,1,,60.0,,1,2.0,94.8374761
Sri Lanka,,PL,plantation_enrichment,1,1,0,0,0,0,,5,12.0,25.0,Dipterocarpus zeylanicus,Dipterocarpus,zeylanicus,Dipterocarpaceae,6.35,80.35,24.0,0.69,0.070823262,,1,,60.0,,1,2.0,93.1166348
Sri Lanka,,PL,plantation_enrichment,1,1,0,0,0,0,,5,12.0,25.0,Mesua ferrea,Mesua,ferrea,Calophyllaceae,6.35,80.35,24.0,0.92,0.070823262,,2,,60.0,,1,2.0,91.51051625
Sri Lanka,,PL,plantation_enrichment,1,1,0,0,0,0,,5,12.0,25.0,Mesua ferrea,Mesua,ferrea,Calophyllaceae,6.35,80.35,24.0,0.92,0.070823262,,2,,60.0,,1,2.0,99.88527725
Sri Lanka,,PL,plantation_enrichment,1,1,0,0,0,0,,5,12.0,25.0,Mesua ferrea,Mesua,ferrea,Calophyllaceae,6.35,80.35,24.0,0.92,0.070823262,,2,,60.0,,1,2.0,89.84703633
Sri Lanka,,PL,plantation_enrichment,1,1,0,0,0,0,,5,12.0,25.0,Mesua ferrea,Mesua,ferrea,Calophyllaceae,6.35,80.35,24.0,0.92,0.070823262,,2,,60.0,,1,2.0,90.01912046
Sri Lanka,,PL,plantation_enrichment,1,1,0,0,0,0,,5,12.0,25.0,Shorea disticha,Shorea,disticha,Dipterocarpaceae,6.35,80.35,24.0,0.583246313,0.09413391,,113,,60.0,,1,2.0,96.73040153
Sri Lanka,Matara,PL,plantation_enrichment,1,1,0,0,0,0,,5,12.0,12.5,Caryota urens,Caryota,urens,Arecaceae,6.35,80.35,24.0,0.551760417,0.123401724,,16,,60.0,,1,2.0,23.3
Sri Lanka,Matara,PL,plantation_enrichment,1,1,0,0,0,0,,5,6.0,25.0,Swietenia macrophylla,Swietenia,macrophylla,Meliaceae,6.35,80.35,24.0,0.519545455,0.070823262,,11,,60.0,,1,2.0,2.4
Sri Lanka,Matara,PL,plantation_enrichment,1,1,0,0,0,0,,5,12.0,12.5,Caryota urens,Caryota,urens,Arecaceae,6.35,80.35,24.0,0.551760417,0.123401724,,16,,60.0,,1,2.0,46.8
Sri Lanka,Matara,PL,plantation_enrichment,1,1,0,0,0,0,,5,12.0,25.0,Dipterocarpus zeylanicus,Dipterocarpus,zeylanicus,Dipterocarpaceae,6.35,80.35,24.0,0.69,0.070823262,,1,,60.0,,1,2.0,19.9
Sri Lanka,Matara,PL,plantation_enrichment,1,1,0,0,0,0,,5,12.0,25.0,Pericopsis mooniana,Pericopsis,mooniana,Fabaceae,6.35,80.35,24.0,0.6985,0.070823262,,2,,60.0,,1,2.0,31.0
Sri Lanka,Matara,PL,plantation_enrichment,1,1,0,0,0,0,,5,12.0,25.0,Shorea stipularis,Shorea,stipularis,Dipterocarpaceae,6.35,80.35,24.0,0.583246313,0.09413391,,113,,60.0,,1,2.0,37.7
Sri Lanka,Matara,PL,plantation_enrichment,1,1,0,0,0,0,,5,6.0,25.0,Swietenia macrophylla,Swietenia,macrophylla,Meliaceae,6.35,80.35,24.0,0.519545455,0.070823262,,11,,60.0,,1,2.0,0.3
Sri Lanka,Matara,PL,plantation_enrichment,1,1,0,0,0,0,,5,12.0,12.5,Caryota urens,Caryota,urens,Arecaceae,6.35,80.35,24.0,0.551760417,0.123401724,,16,,60.0,,1,2.0,26.7
Sri Lanka,Matara,PL,plantation_enrichment,1,1,0,0,0,0,,5,12.0,25.0,Dipterocarpus zeylanicus,Dipterocarpus,zeylanicus,Dipterocarpaceae,6.35,80.35,24.0,0.69,0.070823262,,1,,60.0,,1,2.0,11.3
Sri Lanka,Matara,PL,plantation_enrichment,1,1,0,0,0,0,,5,12.0,25.0,Pericopsis mooniana,Pericopsis,mooniana,Fabaceae,6.35,80.35,24.0,0.6985,0.070823262,,2,,60.0,,1,2.0,24.7
Sri Lanka,Matara,PL,plantation_enrichment,1,1,0,0,0,0,,5,12.0,25.0,Shorea stipularis,Shorea,stipularis,Dipterocarpaceae,6.35,80.35,24.0,0.583246313,0.09413391,,113,,60.0,,1,2.0,20.3
Sri Lanka,Matara,PL,plantation_enrichment,1,1,0,0,0,0,,5,12.0,25.0,Dipterocarpus zeylanicus,Dipterocarpus,zeylanicus,Dipterocarpaceae,6.35,80.35,24.0,0.69,0.070823262,,1,,60.0,,1,2.0,2.1
Sri Lanka,Matara,PL,plantation_enrichment,1,1,0,0,0,0,,5,6.0,25.0,Swietenia macrophylla,Swietenia,macrophylla,Meliaceae,6.35,80.35,24.0,0.519545455,0.070823262,,11,,60.0,,1,2.0,0.3
Sri Lanka,Matara,PL,plantation_enrichment,1,1,0,0,0,0,,5,12.0,12.5,Caryota urens,Caryota,urens,Arecaceae,6.35,80.35,24.0,0.551760417,0.123401724,,16,,60.0,,1,2.0,16.8
Sri Lanka,Matara,PL,plantation_enrichment,1,1,0,0,0,0,,5,12.0,25.0,Dipterocarpus zeylanicus,Dipterocarpus,zeylanicus,Dipterocarpaceae,6.35,80.35,24.0,0.69,0.070823262,,1,,60.0,,1,2.0,2.4
Sri Lanka,Matara,PL,plantation_enrichment,1,1,0,0,0,0,,5,12.0,25.0,Pericopsis mooniana,Pericopsis,mooniana,Fabaceae,6.35,80.35,24.0,0.6985,0.070823262,,2,,60.0,,1,2.0,11.4
Sri Lanka,Matara,PL,plantation_enrichment,1,1,0,0,0,0,,5,12.0,25.0,Shorea stipularis,Shorea,stipularis,Dipterocarpaceae,6.35,80.35,24.0,0.583246313,0.09413391,,113,,60.0,,1,2.0,9.2
Sri Lanka,Matara,PL,plantation_enrichment,1,1,0,0,0,0,,5,6.0,25.0,Swietenia macrophylla,Swietenia,macrophylla,Meliaceae,6.35,80.35,24.0,0.519545455,0.070823262,,11,,60.0,,1,2.0,0.3
Sri Lanka,Matara,PL,plantation_enrichment,1,1,0,0,0,0,,5,12.0,12.5,Caryota urens,Caryota,urens,Arecaceae,6.35,80.35,24.0,0.551760417,0.123401724,,16,,60.0,,1,2.0,20.0
Sri Lanka,Matara,PL,plantation_enrichment,1,1,0,0,0,0,,5,12.0,25.0,Dipterocarpus zeylanicus,Dipterocarpus,zeylanicus,Dipterocarpaceae,6.35,80.35,24.0,0.69,0.070823262,,1,,60.0,,1,2.0,7.1
Sri Lanka,Matara,PL,plantation_enrichment,1,1,0,0,0,0,,5,12.0,25.0,Pericopsis mooniana,Pericopsis,mooniana,Fabaceae,6.35,80.35,24.0,0.6985,0.070823262,,2,,60.0,,1,2.0,2.4
Sri Lanka,Matara,PL,plantation_enrichment,1,1,0,0,0,0,,5,12.0,25.0,Shorea stipularis,Shorea,stipularis,Dipterocarpaceae,6.35,80.35,24.0,0.583246313,0.09413391,,113,,60.0,,1,2.0,2.4
Sri Lanka,Matara,PL,plantation_enrichment,1,1,0,0,0,0,,5,12.0,25.0,Pericopsis mooniana,Pericopsis,mooniana,Fabaceae,6.35,80.35,24.0,0.6985,0.070823262,,2,,60.0,,1,2.0,31.2
Sri Lanka,Matara,PL,plantation_enrichment,1,1,0,0,0,0,,5,6.0,25.0,Swietenia macrophylla,Swietenia,macrophylla,Meliaceae,6.35,80.35,24.0,0.519545455,0.070823262,,11,,60.0,,1,2.0,2.7
Sri Lanka,Matara,PL,plantation_enrichment,0,1,0,0,0,0,,5,12.0,12.5,Caryota urens,Caryota,urens,Arecaceae,6.35,80.35,24.0,0.551760417,0.123401724,,16,,60.0,,1,2.0,43.5
Sri Lanka,Matara,PL,plantation_enrichment,0,1,0,0,0,0,,5,12.0,25.0,Dipterocarpus zeylanicus,Dipterocarpus,zeylanicus,Dipterocarpaceae,6.35,80.35,24.0,0.69,0.070823262,,1,,60.0,,1,2.0,9.4
Sri Lanka,Matara,PL,plantation_enrichment,0,1,0,0,0,0,,5,12.0,25.0,Pericopsis mooniana,Pericopsis,mooniana,Fabaceae,6.35,80.35,24.0,0.6985,0.070823262,,2,,60.0,,1,2.0,35.8
Sri Lanka,Matara,PL,plantation_enrichment,0,1,0,0,0,0,,5,12.0,25.0,Shorea stipularis,Shorea,stipularis,Dipterocarpaceae,6.35,80.35,24.0,0.583246313,0.09413391,,113,,60.0,,1,2.0,17.7
Sri Lanka,Matara,PL,plantation_enrichment,0,1,0,0,0,0,,5,6.0,25.0,Swietenia macrophylla,Swietenia,macrophylla,Meliaceae,6.35,80.35,24.0,0.519545455,0.070823262,,11,,60.0,,1,2.0,20.2
Sri Lanka,Matara,PL,plantation_enrichment,1,1,0,0,0,0,,5,12.0,25.0,Shorea stipularis,Shorea,stipularis,Dipterocarpaceae,6.35,80.35,24.0,0.583246313,0.09413391,,113,,60.0,,1,2.0,26.4
Sri Lanka,Matara,PL,plantation_enrichment,1,1,0,0,0,0,,5,6.0,25.0,Swietenia macrophylla,Swietenia,macrophylla,Meliaceae,6.35,80.35,24.0,0.519545455,0.070823262,,11,,60.0,,1,2.0,0.0
Sri Lanka,Matara,PL,plantation_enrichment,1,1,0,0,0,0,,5,12.0,12.5,Caryota urens,Caryota,urens,Arecaceae,6.35,80.35,24.0,0.551760417,0.123401724,,16,,60.0,,1,2.0,6.8
Sri Lanka,Matara,PL,plantation_enrichment,1,1,0,0,0,0,,5,12.0,25.0,Dipterocarpus zeylanicus,Dipterocarpus,zeylanicus,Dipterocarpaceae,6.35,80.35,24.0,0.69,0.070823262,,1,,60.0,,1,2.0,4.5
Sri Lanka,Matara,PL,plantation_enrichment,1,1,0,0,0,0,,5,12.0,25.0,Pericopsis mooniana,Pericopsis,mooniana,Fabaceae,6.35,80.35,24.0,0.6985,0.070823262,,2,,60.0,,1,2.0,13.5
Sri Lanka,Matara,PL,plantation_enrichment,1,1,0,0,0,0,,5,12.0,25.0,Shorea stipularis,Shorea,stipularis,Dipterocarpaceae,6.35,80.35,24.0,0.583246313,0.09413391,,113,,60.0,,1,2.0,9.1
Philippines,,PL,open_degraded,1,0,0,0,0,0,1666.666667,33,,,Casuarina equisetifolia,Casuarina,equisetifolia,Casuarinaceae,9.466666667,125.5833333,60.0,0.80875,0.070823262,,8,,20.0,,1,7.5,30.0
Philippines,,PL,open_degraded,1,0,0,0,0,0,1666.666667,33,,,Balakata luzonica,Balakata,luzonica,Euphorbiaceae,9.466666667,125.5833333,60.0,0.544977248,0.123401724,,73,,20.0,,1,7.5,45.0
Philippines,,PL,open_degraded,1,0,0,0,0,0,1666.666667,33,,,Anthocephalus chinensis,Anthocephalus,chinensis,Rubiaceae,9.466666667,125.5833333,60.0,0.637445335,0.123401724,,89,,20.0,,1,7.5,80.0
Philippines,,PL,open_degraded,1,0,0,0,0,0,1666.666667,33,,,Pongamia pinnata,Pongamia,pinnata,Fabaceae,9.466666667,125.5833333,60.0,0.59475,0.070823262,,4,,20.0,,1,7.5,70.0
Philippines,,PL,open_degraded,1,0,0,0,0,0,1666.666667,33,,,Calophyllum blancoi,Calophyllum,blancoi,Clusiaceae,9.466666667,125.5833333,60.0,0.669211656,0.123401724,,9,,20.0,,1,7.5,90.0
Philippines,,PL,open_degraded,1,0,0,0,0,0,1666.666667,33,,,Dracontomelon dao,Dracontomelon,dao,Anacardiaceae,9.466666667,125.5833333,60.0,0.4,0.070823262,,2,,20.0,,1,7.5,60.0
Philippines,,PL,open_degraded,1,0,0,0,0,0,1666.666667,33,,,Terminalia procera,Terminalia,procera,Combretaceae,9.466666667,125.5833333,60.0,0.52,0.070823262,,1,,20.0,,1,7.5,95.0
Philippines,,PL,open_degraded,1,0,0,0,0,0,1666.666667,33,,,Vitex turczaninowii,Vitex,turczaninowii,Lamiaceae,9.466666667,125.5833333,60.0,0.565170667,0.09413391,,25,,20.0,,1,7.5,60.0
Philippines,,PL,open_degraded,1,0,0,0,0,0,1666.666667,33,,,Tristaniopsis decorticata,Tristaniopsis,decorticata,Myrtaceae,9.466666667,125.5833333,60.0,0.869777778,0.09413391,,3,,20.0,,1,7.5,20.0
Philippines,,PL,open_degraded,1,0,0,0,0,0,1666.666667,33,,,Vitex parviflora,Vitex,parviflora,Lamiaceae,9.466666667,125.5833333,60.0,0.565170667,0.09413391,,25,,20.0,,1,7.5,80.0
Philippines,,PL,open_degraded,1,0,0,0,0,0,1666.666667,33,,,Pangium edule,Pangium,edule,Achariaceae,9.466666667,125.5833333,60.0,0.502666667,0.070823262,,3,,20.0,,1,7.5,65.0
Philippines,,PL,open_degraded,1,0,0,0,0,0,1666.666667,33,,,Artocarpus blancoi,Artocarpus,blancoi,Moraceae,9.466666667,125.5833333,60.0,0.486363636,0.09413391,,33,,20.0,,1,7.5,55.0
Philippines,,PL,open_degraded,1,0,0,0,0,0,1666.666667,33,,,Pouteria macrantha,Pouteria,macrantha,Sapotaceae,9.466666667,125.5833333,60.0,0.52,0.070823262,,1,,20.0,,1,7.5,60.0
Philippines,,PL,open_degraded,1,0,0,0,0,0,1666.666667,33,,,Palaquium pinnatinervium,Palaquium,pinnatinervium,Sapotaceae,9.466666667,125.5833333,60.0,0.558016667,0.09413391,,50,,20.0,,1,7.5,85.0
Philippines,,PL,open_degraded,1,0,0,0,0,0,1666.666667,33,,,Petersianthus quadrialatus,Petersianthus,quadrialatus,Lecythidaceae,9.466666667,125.5833333,60.0,0.54,0.070823262,,1,,20.0,,1,7.5,85.0
Philippines,,PL,open_degraded,1,0,0,0,0,0,1666.666667,33,,,Bischofia javanica,Bischofia,javanica,Phyllanthaceae,9.466666667,125.5833333,60.0,0.6017,0.070823262,,10,,20.0,,1,7.5,80.0
Philippines,,PL,open_degraded,1,0,0,0,0,0,1666.666667,33,,,Shorea contorta,Shorea,contorta,Dipterocarpaceae,9.466666667,125.5833333,60.0,0.43,0.070823262,,2,,20.0,,1,7.5,70.0
Philippines,,PL,open_degraded,1,0,0,0,0,0,1666.666667,33,,,Heritiera littoralis,Heritiera,littoralis,Malvaceae,9.466666667,125.5833333,60.0,0.848,0.070823262,,5,,20.0,,1,7.5,65.0
Philippines,,PL,open_degraded,1,0,0,0,0,0,1666.666667,33,,,Diospyros discolor,Diospyros,discolor,Ebenaceae,9.466666667,125.5833333,60.0,0.683275126,0.09413391,,132,,20.0,,1,7.5,55.0
Philippines,,PL,open_degraded,1,0,0,0,0,0,1666.666667,33,,,Shorea palosapis,Shorea,palosapis,Dipterocarpaceae,9.466666667,125.5833333,60.0,0.42,0.070823262,,1,,20.0,,1,7.5,40.0
Philippines,,PL,open_degraded,1,0,0,0,0,0,1666.666667,33,,,Pterocarpus dalbergioides,Pterocarpus,dalbergioides,Fabaceae,9.466666667,125.5833333,60.0,0.62,0.070823262,,2,,20.0,,1,7.5,40.0
Philippines,,PL,open_degraded,1,0,0,0,0,0,1666.666667,33,,,Melia azedarach,Melia,azedarach,Meliaceae,9.466666667,125.5833333,60.0,0.437777778,0.070823262,,9,,20.0,,1,7.5,55.0
Philippines,,PL,open_degraded,1,0,0,0,0,0,1666.666667,33,,,Shorea polysperma,Shorea,polysperma,Dipterocarpaceae,9.466666667,125.5833333,60.0,0.505,0.070823262,,2,,20.0,,1,7.5,30.0
Philippines,,PL,open_degraded,1,0,0,0,0,0,1666.666667,33,,,Afzelia rhomboidea,Afzelia,rhomboidea,Fabaceae,9.466666667,125.5833333,60.0,0.59,0.070823262,,1,,20.0,,1,7.5,35.0
Philippines,,PL,open_degraded,1,0,0,0,0,0,1666.666667,33,,,Horsfieldia megacarpa,Horsfieldia,megacarpa,Magnoliaceae,9.466666667,125.5833333,60.0,0.441512037,0.123401724,,5,,20.0,,1,7.5,80.0
Philippines,,PL,open_degraded,1,0,0,0,0,0,1666.666667,33,,,Shorea astylosa,Shorea,astylosa,Dipterocarpaceae,9.466666667,125.5833333,60.0,0.72,0.070823262,,1,,20.0,,1,7.5,5.0
Philippines,,PL,open_degraded,1,0,0,0,0,0,1666.666667,33,,,Xylopia ferruginea,Xylopia,ferruginea,Annonaceae,9.466666667,125.5833333,60.0,0.35,0.070823262,,2,,20.0,,1,7.5,80.0
Philippines,,PL,open_degraded,1,0,0,0,0,0,1666.666667,33,,,Calophyllum inophyllum,Calophyllum,inophyllum,Calophyllaceae,9.466666667,125.5833333,60.0,0.5846,0.070823262,,5,,20.0,,1,7.5,30.0
Philippines,,PL,open_degraded,1,0,0,0,0,0,1666.666667,33,,,Garuga floribunda,Garuga,floribunda,Burseraceae,9.466666667,125.5833333,60.0,0.547,0.070823262,,4,,20.0,,1,7.5,90.0
Philippines,,PL,open_degraded,1,0,0,0,0,0,1666.666667,33,,,Parkia javanica,Parkia,javanica,Fabaceae,9.466666667,125.5833333,60.0,0.36,0.070823262,,1,,20.0,,1,7.5,95.0
Philippines,,PL,open_degraded,1,0,0,0,0,0,1666.666667,33,,,Terminalia foetidissima,Terminalia,foetidissima,Combretaceae,9.466666667,125.5833333,60.0,0.6,0.070823262,,2,,20.0,,1,7.5,90.0
Indonesia,Jambi,DR,open_degraded,1,0,0,0,0,0,,8,,,Persea americana,Persea,americana,Lauraceae,-1.133333333,103.5666667,12.0,0.548666667,0.070823262,,3,,36.0,,1,1.0,74.0
Indonesia,Jambi,DR,open_degraded,1,0,0,0,0,0,,8,,,Mangifera indica,Mangifera,indica,Anacardiaceae,-1.133333333,103.5666667,12.0,0.5525,0.070823262,,6,,36.0,,1,1.0,63.0
Indonesia,Jambi,DR,open_degraded,1,0,0,0,0,0,,8,,,Dyera polyphylla,Dyera,polyphylla,Apocynaceae,-1.133333333,103.5666667,12.0,0.33,0.070823262,,1,,36.0,,1,1.0,60.0
Indonesia,Jambi,DR,open_degraded,1,0,0,0,0,0,,8,,,Archidendron jiringa,Archidendron,jiringa,Fabaceae,-1.133333333,103.5666667,12.0,0.317,0.070823262,,1,,36.0,,1,1.0,56.0
Indonesia,Jambi,DR,open_degraded,1,0,0,0,0,0,,8,,,Parkia speciosa,Parkia,speciosa,Fabaceae,-1.133333333,103.5666667,12.0,0.395,0.070823262,,2,,36.0,,1,1.0,53.0
Indonesia,Jambi,DR,open_degraded,1,0,0,0,0,0,,8,,,Artocarpus heterophyllus,Artocarpus,heterophyllus,Moraceae,-1.133333333,103.5666667,12.0,0.491666667,0.070823262,,6,,36.0,,1,1.0,28.0
Indonesia,Jambi,DR,open_degraded,1,0,0,0,1,0,,5,,41.0,Dyera polyphylla,Dyera,polyphylla,Apocynaceae,-1.133333333,103.5666667,12.0,0.33,0.070823262,,1,,50.0,,1,1.0,48.21
Indonesia,Jambi,DR,open_degraded,1,0,0,0,1,0,,5,,41.0,Dyera polyphylla,Dyera,polyphylla,Apocynaceae,-1.133333333,103.5666667,2.0,0.33,0.070823262,,1,,50.0,,1,9999.0,93.21
Indonesia,Jambi,DR,open_degraded,1,0,0,0,1,0,,5,,41.0,Dyera polyphylla,Dyera,polyphylla,Apocynaceae,-1.133333333,103.5666667,12.0,0.33,0.070823262,,1,,50.0,,1,1.0,51.83
Indonesia,Jambi,DR,open_degraded,1,0,0,0,1,0,,5,,41.0,Dyera polyphylla,Dyera,polyphylla,Apocynaceae,-1.133333333,103.5666667,2.0,0.33,0.070823262,,1,,50.0,,1,9999.0,93.33
Indonesia,Jambi,DR,open_degraded,1,0,0,0,1,0,,5,,28.0,Parkia speciosa,Parkia,speciosa,Fabaceae,-1.133333333,103.5666667,12.0,0.395,0.070823262,,2,,50.0,,1,1.0,39.29
Indonesia,Jambi,DR,open_degraded,1,0,0,0,1,0,,5,,28.0,Parkia speciosa,Parkia,speciosa,Fabaceae,-1.133333333,103.5666667,2.0,0.395,0.070823262,,2,,50.0,,1,9999.0,93.75
Indonesia,Jambi,DR,open_degraded,1,0,0,0,1,0,,5,,43.0,Archidendron jiringa,Archidendron,jiringa,Fabaceae,-1.133333333,103.5666667,12.0,0.317,0.070823262,,1,,50.0,,1,1.0,29.46
Indonesia,Jambi,DR,open_degraded,1,0,0,0,1,0,,5,,43.0,Archidendron jiringa,Archidendron,jiringa,Fabaceae,-1.133333333,103.5666667,2.0,0.317,0.070823262,,1,,50.0,,1,9999.0,89.29
Indonesia,Jambi,DR,open_degraded,1,0,0,0,1,0,,5,,84.0,Artocarpus heterophyllus,Artocarpus,heterophyllus,Moraceae,-1.133333333,103.5666667,12.0,0.491666667,0.070823262,,6,,50.0,,1,1.0,51.79
Indonesia,Jambi,DR,open_degraded,1,0,0,0,1,0,,5,,84.0,Artocarpus heterophyllus,Artocarpus,heterophyllus,Moraceae,-1.133333333,103.5666667,2.0,0.491666667,0.070823262,,6,,50.0,,1,9999.0,91.07
Indonesia,Jambi,DR,open_degraded,1,0,0,0,1,0,,5,,59.0,Nephelium maingayi,Nephelium,maingayi,Sapindaceae,-1.133333333,103.5666667,12.0,0.7782,0.09413391,,11,,50.0,,1,1.0,56.25
Indonesia,Jambi,DR,open_degraded,1,0,0,0,1,0,,5,,59.0,Nephelium maingayi,Nephelium,maingayi,Sapindaceae,-1.133333333,103.5666667,2.0,0.7782,0.09413391,,11,,50.0,,1,9999.0,95.54
Indonesia,Central Kalimantan,F,open_degraded,0,0,0,0,0,0,,7,,,Dyera polyphylla,Dyera,polyphylla,Apocynaceae,-1.515,113.4488889,12.0,0.33,0.070823262,,1,,96.0,,0,1.0,67.70833333
Indonesia,Central Kalimantan,F,open_degraded,0,0,0,0,0,0,,7,,,Cratoxylum arborescens,Cratoxylum,arborescens,Hypericaceae,-1.515,113.4488889,12.0,0.433333333,0.070823262,,3,,96.0,,0,1.0,69.79166667
Indonesia,Central Kalimantan,F,open_degraded,0,0,0,0,0,0,,7,,,Shorea uliginosa,Shorea,uliginosa,Dipterocarpaceae,-1.515,113.4488889,12.0,0.51,0.070823262,,1,,96.0,,0,1.0,50.0
Indonesia,Central Kalimantan,F,open_degraded,0,0,0,0,0,0,,7,,,Shorea balangeran,Shorea,balangeran,Dipterocarpaceae,-1.515,113.4488889,12.0,0.69,0.070823262,,1,,96.0,,0,1.0,56.25
Indonesia,Central Kalimantan,F,open_degraded,0,0,0,0,0,0,,7,,,Stemonurus scorpioides,Stemonurus,scorpiodes,Stemonuraceae,-1.515,113.4488889,12.0,0.51,0.070823262,,2,,96.0,,0,1.0,23.95833333
Indonesia,Central Kalimantan,F,open_degraded,0,0,0,0,0,0,,7,,,Combretocarpus rotundatus,Combretocarpus,rotundatus,Anisophylleaceae,-1.515,113.4488889,12.0,0.61,0.070823262,,2,,96.0,,0,1.0,81.25
Indonesia,Jambi,F,open_degraded,0,0,0,0,0,0,,10,,,Xylopia fusca,Xylopia,fusca,Annonaceae,-1.66,102.84,12.0,0.34,0.070823262,,1,,36.0,,0,1.0,43.8
Indonesia,Jambi,F,open_degraded,0,0,0,0,0,0,,10,,,Xylopia fusca,Xylopia,fusca,Annonaceae,-1.66,102.84,24.0,0.34,0.070823262,,1,,36.0,,0,2.0,33.3
Indonesia,Jambi,F,open_degraded,0,0,0,0,0,0,,10,,,Calophyllum inophyllum,Calophyllum,inophyllum,Calophyllaceae,-1.66,102.84,12.0,0.5846,0.070823262,,5,,36.0,,0,1.0,33.3
Indonesia,Jambi,F,open_degraded,0,0,0,0,0,0,,10,,,Calophyllum inophyllum,Calophyllum,inophyllum,Calophyllaceae,-1.66,102.84,24.0,0.5846,0.070823262,,5,,36.0,,0,2.0,22.2
Indonesia,Jambi,F,open_degraded,0,0,0,0,0,0,,10,,,Stemonurus scorpioides,Stemonurus,scorpiodes,Stemonuraceae,-1.66,102.84,12.0,0.51,0.070823262,,2,,36.0,,0,1.0,12.3
Indonesia,Jambi,F,open_degraded,0,0,0,0,0,0,,10,,,Stemonurus scorpioides,Stemonurus,scorpiodes,Stemonuraceae,-1.66,102.84,24.0,0.51,0.070823262,,2,,36.0,,0,2.0,16.7
Indonesia,Jambi,F,open_degraded,0,0,0,0,0,0,,10,,,Homalium caryophyllaceum,Homalium,caryophyllaceum,Salicaceae,-1.66,102.84,12.0,0.75,0.070823262,,1,,36.0,,0,1.0,33.3
Indonesia,Jambi,F,open_degraded,0,0,0,0,0,0,,10,,,Homalium caryophyllaceum,Homalium,caryophyllaceum,Salicaceae,-1.66,102.84,24.0,0.75,0.070823262,,1,,36.0,,0,2.0,13.9
Indonesia,Jambi,F,open_degraded,0,0,0,0,0,0,,10,,,Shorea balangeran,Shorea,balangeran,Dipterocarpaceae,-1.66,102.84,12.0,0.69,0.070823262,,1,,36.0,,0,1.0,35.6
Indonesia,Jambi,F,open_degraded,0,0,0,0,0,0,,10,,,Shorea balangeran,Shorea,balangeran,Dipterocarpaceae,-1.66,102.84,24.0,0.69,0.070823262,,1,,36.0,,0,2.0,27.8
Indonesia,Jambi,F,open_degraded,0,0,0,0,0,0,,10,,,Shorea selanica,Shorea,selanica,Dipterocarpaceae,-1.66,102.84,12.0,0.37,0.070823262,,1,,36.0,,0,1.0,22.2
Indonesia,Jambi,F,open_degraded,0,0,0,0,0,0,,10,,,Shorea selanica,Shorea,selanica,Dipterocarpaceae,-1.66,102.84,24.0,0.37,0.070823262,,1,,36.0,,0,2.0,11.1
Indonesia,Jambi,F,open_degraded,0,0,0,0,0,0,,10,,,Shorea leprosula,Shorea,leprosula,Dipterocarpaceae,-1.66,102.84,12.0,0.44,0.070823262,,4,,36.0,,0,1.0,13.9
Indonesia,Jambi,F,open_degraded,0,0,0,0,0,0,,10,,,Shorea leprosula,Shorea,leprosula,Dipterocarpaceae,-1.66,102.84,24.0,0.44,0.070823262,,4,,36.0,,0,2.0,0.0
Vietnam,Thua Thien Hue,PL,plantation_enrichment,1,1,0,0,0,0,,1,16.0,87.0,Hopea odorata,Hopea,odorata,Dipterocarpaceae,16.05,107.1166667,23.0,0.635,0.070823262,,2,,74.0,,1,2.0,91.35802469
Vietnam,Thua Thien Hue,PL,plantation_enrichment,1,1,0,0,0,0,,1,16.0,87.0,Hopea odorata,Hopea,odorata,Dipterocarpaceae,16.05,107.1166667,23.0,0.635,0.070823262,,2,,80.0,,1,2.0,95.23809524
Vietnam,Thua Thien Hue,PL,plantation_enrichment,1,1,0,0,0,0,,1,16.0,87.0,Hopea odorata,Hopea,odorata,Dipterocarpaceae,16.05,107.1166667,23.0,0.635,0.070823262,,2,,74.0,,1,2.0,94.87179487
Vietnam,Thua Thien Hue,PL,plantation_enrichment,1,1,0,0,0,0,,1,16.0,87.0,Hopea odorata,Hopea,odorata,Dipterocarpaceae,16.05,107.1166667,23.0,0.635,0.070823262,,2,,54.0,,1,2.0,100.0
Vietnam,Thua Thien Hue,PL,plantation_enrichment,1,1,0,0,0,0,,1,16.0,87.0,Hopea odorata,Hopea,odorata,Dipterocarpaceae,16.05,107.1166667,23.0,0.635,0.070823262,,2,,39.0,,1,2.0,100.0
Vietnam,Thua Thien Hue,PL,plantation_enrichment,1,1,0,0,0,0,,1,16.0,87.0,Hopea odorata,Hopea,odorata,Dipterocarpaceae,16.05,107.1166667,23.0,0.635,0.070823262,,2,,20.0,,1,2.0,100.0
Thailand,,F,forest_enrichment,1,0,0,0,1,1,,44,10.0,55.0,Acrocarpus fraxinifolius,Acrocarpus,fraxinifolius,Fabaceae,18.86666667,98.85,17.0,0.5915,0.070823262,,2,,48.0,,1,1.0,25.0
Thailand,,F,forest_enrichment,1,0,0,0,1,1,,44,10.0,55.0,Erythrina subumbrans,Erythrina,subumbrans,Fabaceae,18.86666667,98.85,17.0,0.23,0.070823262,,1,,48.0,,1,1.0,58.3
Thailand,,F,forest_enrichment,1,0,0,0,1,1,,44,10.0,55.0,Ficus altissima,Ficus,altissima,Moraceae,18.86666667,98.85,17.0,0.473,0.070823262,,2,,48.0,,1,1.0,85.4
Thailand,,F,forest_enrichment,1,0,0,0,1,1,,44,10.0,55.0,Ficus benjamina,Ficus,benjamina,Moraceae,18.86666667,98.85,17.0,0.459333333,0.070823262,,3,,48.0,,1,1.0,70.8
Thailand,,F,forest_enrichment,1,0,0,0,1,1,,44,10.0,55.0,Ficus glaberrima,Ficus,glaberrima,Moraceae,18.86666667,98.85,17.0,0.405534662,0.09413391,,92,,48.0,,1,1.0,85.4
Thailand,,F,forest_enrichment,1,0,0,0,1,1,,44,10.0,55.0,Ficus heteropleura,Ficus,heteropleura,Moraceae,18.86666667,98.85,17.0,0.405534662,0.09413391,,92,,48.0,,1,1.0,54.1
Thailand,,F,forest_enrichment,1,0,0,0,1,1,,44,10.0,55.0,Ficus hispida,Ficus,hispida,Moraceae,18.86666667,98.85,17.0,0.3815,0.070823262,,2,,48.0,,1,1.0,87.5
Thailand,,F,forest_enrichment,1,0,0,0,1,1,,44,10.0,55.0,Ficus racemosa,Ficus,racemosa,Moraceae,18.86666667,98.85,17.0,0.3626,0.070823262,,5,,48.0,,1,1.0,70.8
Thailand,,F,forest_enrichment,1,0,0,0,1,1,,44,10.0,55.0,Ficus subulata,Ficus,subulata,Moraceae,18.86666667,98.85,17.0,0.405534662,0.09413391,,92,,48.0,,1,1.0,72.3
Thailand,,F,forest_enrichment,1,0,0,0,1,1,,44,10.0,55.0,Glochidion kerrii,Glochidion,kerrii,Phyllanthaceae,18.86666667,98.85,17.0,0.557558824,0.09413391,,17,,48.0,,1,1.0,47.9
Thailand,,F,forest_enrichment,1,0,0,0,1,1,,44,10.0,55.0,Gmelina arborea,Gmelina,arborea,Lamiaceae,18.86666667,98.85,17.0,0.42975,0.070823262,,8,,48.0,,1,1.0,75.0
Thailand,,F,forest_enrichment,1,0,0,0,1,1,,44,10.0,55.0,Aglaia lawii,Aglaia,lawii,Meliaceae,18.86666667,98.85,17.0,0.595,0.070823262,,2,,71.0,,1,1.0,54.7
Thailand,,F,forest_enrichment,1,0,0,0,1,1,,44,10.0,55.0,Gmelina arborea,Gmelina,arborea,Lamiaceae,18.86666667,98.85,17.0,0.42975,0.070823262,,8,,48.0,,1,1.0,60.4
Thailand,,F,forest_enrichment,1,0,0,0,1,1,,44,10.0,55.0,Helicia nilagirica,Helicia,nilagirica,Proteaceae,18.86666667,98.85,17.0,0.641,0.070823262,,3,,96.0,,1,1.0,70.8
Thailand,,F,forest_enrichment,1,0,0,0,1,1,,44,10.0,55.0,Heynea trijuga,Heynea,trijuga,Meliaceae,18.86666667,98.85,17.0,0.594346098,0.123401724,,36,,48.0,,1,1.0,72.9
Thailand,,F,forest_enrichment,1,0,0,0,1,1,,44,10.0,55.0,Horsfieldia amygdalina,Horsfieldia,amygdalina,Myristicaceae,18.86666667,98.85,17.0,0.46,0.070823262,,1,,48.0,,1,1.0,20.8
Thailand,,F,forest_enrichment,1,0,0,0,1,1,,44,10.0,55.0,Hovenia dulcis,Hovenia,dulcis,Rhamnaceae,18.86666667,98.85,17.0,0.543,0.070823262,,4,,60.0,,1,1.0,80.0
Thailand,,F,forest_enrichment,1,0,0,0,1,1,,44,10.0,55.0,Hovenia dulcis,Hovenia,dulcis,Rhamnaceae,18.86666667,98.85,17.0,0.543,0.070823262,,4,,48.0,,1,1.0,85.4
Thailand,,F,forest_enrichment,1,0,0,0,1,1,,44,10.0,55.0,Lithocarpus fenestratus,Lithocarpus,fenestratus,Fagaceae,18.86666667,98.85,17.0,0.673393116,0.09413391,,46,,48.0,,1,1.0,33.3
Thailand,,F,forest_enrichment,1,0,0,0,1,1,,44,10.0,55.0,Macaranga denticulata,Macaranga,denticulata,Euphorbiaceae,18.86666667,98.85,17.0,0.4335,0.070823262,,4,,48.0,,1,1.0,29.1
Thailand,,F,forest_enrichment,1,0,0,0,1,1,,44,10.0,55.0,Machilus gamblei,Machilus,gamblei,Lauraceae,18.86666667,98.85,17.0,0.56441757,0.123401724,,32,,48.0,,1,1.0,66.6
Thailand,,F,forest_enrichment,1,0,0,0,1,1,,44,10.0,55.0,Magnolia garrettii,Magnolia,garrettii,Magnoliaceae,18.86666667,98.85,17.0,0.504583333,0.09413391,,20,,108.0,,1,1.0,48.2
Thailand,,F,forest_enrichment,1,0,0,0,1,1,,44,10.0,55.0,Bischofia javanica,Bischofia,javanica,Phyllanthaceae,18.86666667,98.85,17.0,0.6017,0.070823262,,10,,84.0,,1,1.0,92.6
Thailand,,F,forest_enrichment,1,0,0,0,1,1,,44,10.0,55.0,Melia azedarach,Melia,azedarach,Meliaceae,18.86666667,98.85,17.0,0.437777778,0.070823262,,9,,60.0,,1,1.0,98.3
Thailand,,F,forest_enrichment,1,0,0,0,1,1,,44,10.0,55.0,Michelia baillonii,Michelia,baillonii,Magnoliaceae,18.86666667,98.85,17.0,0.544666667,0.070823262,,3,,47.0,,1,1.0,61.5
Thailand,,F,forest_enrichment,1,0,0,0,1,1,,44,10.0,55.0,Nyssa javanica,Nyssa,javanica,Cornaceae,18.86666667,98.85,17.0,0.48,0.070823262,,2,,48.0,,1,1.0,56.2
Thailand,,F,forest_enrichment,1,0,0,0,1,1,,44,10.0,55.0,Phoebe cathia,Phoebe,cathia,Lauraceae,18.86666667,98.85,17.0,0.538217949,0.09413391,,13,,48.0,,1,1.0,18.7
Thailand,,F,forest_enrichment,1,0,0,0,1,1,,44,10.0,55.0,Prunus campanulata,Prunus,campanulata,Rosaceae,18.86666667,98.85,17.0,0.585666667,0.09413391,,27,,60.0,,1,1.0,86.7
Thailand,,F,forest_enrichment,1,0,0,0,1,1,,44,10.0,55.0,Prunus campanulata,Prunus,campanulata,Rosaceae,18.86666667,98.85,17.0,0.585666667,0.09413391,,27,,48.0,,1,1.0,47.9
Thailand,,F,forest_enrichment,1,0,0,0,1,1,,44,10.0,55.0,Pterocarpus macrocarpus,Pterocarpus,macrocarpus,Fabaceae,18.86666667,98.85,17.0,0.7,0.070823262,,1,,48.0,,1,1.0,45.6
Thailand,,F,forest_enrichment,1,0,0,0,1,1,,44,10.0,55.0,Quercus semiserrata,Quercus,semiserrata,Fagaceae,18.86666667,98.85,17.0,0.712333333,0.070823262,,3,,60.0,,1,1.0,71.7
Thailand,,F,forest_enrichment,1,0,0,0,1,1,,44,10.0,55.0,Quercus semiserrata,Quercus,semiserrata,Fagaceae,18.86666667,98.85,17.0,0.712333333,0.070823262,,3,,48.0,,1,1.0,47.9
Thailand,,F,forest_enrichment,1,0,0,0,1,1,,44,10.0,55.0,Balakata baccata,Balakata,baccata,Euphorbiaceae,18.86666667,98.85,17.0,0.544977248,0.123401724,,73,,48.0,,1,1.0,45.8
Thailand,,F,forest_enrichment,1,0,0,0,1,1,,44,10.0,55.0,Toxicodendron rhetsoides,Toxicodendron,rhetsoides,Anacardiaceae,18.86666667,98.85,17.0,0.566013283,0.123401724,,42,,48.0,,1,1.0,87.2
Thailand,,F,forest_enrichment,1,0,0,0,1,1,,44,10.0,55.0,Sapindus rarak,Sapindus,rarak,Sapindaceae,18.86666667,98.85,17.0,0.51,0.070823262,,1,,84.0,,1,1.0,79.5
Thailand,,F,forest_enrichment,1,0,0,0,1,1,,44,10.0,55.0,Sapindus rarak,Sapindus,rarak,Sapindaceae,18.86666667,98.85,17.0,0.51,0.070823262,,1,,48.0,,1,1.0,25.0
Thailand,,F,forest_enrichment,1,0,0,0,1,1,,44,10.0,55.0,Sarcosperma arboreum,Sarcosperma,arboreum,Sapotaceae,18.86666667,98.85,17.0,0.413,0.070823262,,1,,84.0,,1,1.0,76.2
Thailand,,F,forest_enrichment,1,0,0,0,1,1,,44,10.0,55.0,Choerospondias axillaris,Choerospondias,axillaris,Anacardiaceae,18.86666667,98.85,17.0,0.487,0.070823262,,4,,89.0,,1,1.0,93.5
Thailand,,F,forest_enrichment,1,0,0,0,1,1,,44,10.0,55.0,Melia azedarach,Melia,azedarach,Meliaceae,18.86666667,98.85,17.0,0.437777778,0.070823262,,9,,48.0,,1,1.0,60.4
Thailand,,F,forest_enrichment,1,0,0,0,1,1,,44,10.0,55.0,Callicarpa arborea,Callicarpa,arborea,Lamiaceae,18.86666667,98.85,17.0,0.35,0.09413391,,3,,48.0,,1,1.0,31.2
Thailand,,F,forest_enrichment,1,0,0,0,1,1,,44,10.0,55.0,Castanopsis acuminatissima,Castanopsis,acuminatissima,Fagaceae,18.86666667,98.85,17.0,0.5835,0.070823262,,2,,48.0,,1,1.0,62.5
Thailand,,F,forest_enrichment,1,0,0,0,1,1,,44,10.0,55.0,Neocinnamomum caudatum,Neocinnamomum,caudatum,Lauraceae,18.86666667,98.85,17.0,0.56441757,0.123401724,,32,,48.0,,1,1.0,37.5
Thailand,,F,forest_enrichment,1,0,0,0,1,1,,44,10.0,55.0,Diospyros glandulosa,Diospyros,glandulosa,Ebenaceae,18.86666667,98.85,17.0,0.683275126,0.09413391,,132,,108.0,,1,1.0,37.0
Thailand,,F,forest_enrichment,1,0,0,0,1,1,,44,10.0,55.0,Erythrina subumbrans,Erythrina,subumbrans,Fabaceae,18.86666667,98.85,17.0,0.23,0.070823262,,1,,48.0,,1,1.0,89.5
Sri Lanka,,PL,open_degraded,1,0,0,0,0,1,,4,,7.5,Dimocarpus longan,Dimocarpus,longan,Sapindaceae,7.375,80.84027778,28.0,0.7,0.070823262,,1,,48.0,,1,2.0,18.23413307
Sri Lanka,,PL,open_degraded,1,0,0,0,0,1,,4,,14.6,Syzygium spathulatum,Syzygium,spathulatum,Myrtaceae,7.375,80.84027778,28.0,0.664366667,0.09413391,,51,,48.0,,1,2.0,3.515824231
Sri Lanka,,PL,open_degraded,1,0,0,0,0,1,,4,,4.1,Macaranga indica,Macaranga,indica,Euphorbiaceae,7.375,80.84027778,28.0,0.382929167,0.09413391,,40,,48.0,,1,2.0,2.401744518
Sri Lanka,,PL,open_degraded,1,0,0,0,0,1,,4,,9.4,Symplocos cochinchinensis,Symplocos,cochinchinensis,Symplocaceae,7.375,80.84027778,28.0,0.515,0.070823262,,6,,48.0,,1,2.0,32.35967063
Sri Lanka,,PL,open_degraded,0,0,0,0,0,1,,4,,7.5,Dimocarpus longan,Dimocarpus,longan,Sapindaceae,7.375,80.84027778,28.0,0.7,0.070823262,,1,,48.0,,1,2.0,32.34418826
Sri Lanka,,PL,open_degraded,0,0,0,0,0,1,,4,,14.6,Syzygium spathulatum,Syzygium,spathulatum,Myrtaceae,7.375,80.84027778,28.0,0.664366667,0.09413391,,51,,48.0,,1,2.0,4.708413064
Sri Lanka,,PL,open_degraded,0,0,0,0,0,1,,4,,4.1,Macaranga indica,Macaranga,indica,Euphorbiaceae,7.375,80.84027778,28.0,0.382929167,0.09413391,,40,,48.0,,1,2.0,22.80508871
Sri Lanka,,PL,open_degraded,0,0,0,0,0,1,,4,,9.4,Symplocos cochinchinensis,Symplocos,cochinchinensis,Symplocaceae,7.375,80.84027778,28.0,0.515,0.070823262,,6,,48.0,,1,2.0,53.1858578
Malaysia,Sabah,LG,forest_enrichment,1,0,0,0,0,0,,34,,67.5,Baccaurea angulata,Baccaurea,angulata,Phyllanthaceae,4.6,117.2,14.0,0.625769231,0.09413391,,13,,20.0,,1,1.0,100.0
Malaysia,Sabah,LG,forest_enrichment,1,0,0,0,0,0,,34,,67.5,Baccaurea angulata,Baccaurea,angulata,Phyllanthaceae,4.6,117.2,135.0,0.625769231,0.09413391,,13,,20.0,,1,10.0,70.0
Malaysia,Sabah,LG,forest_enrichment,1,0,0,0,0,0,,34,,67.5,Baccaurea angulata,Baccaurea,angulata,Phyllanthaceae,4.6,117.2,25.0,0.625769231,0.09413391,,13,,20.0,,1,2.0,90.0
Malaysia,Sabah,LG,forest_enrichment,1,0,0,0,0,0,,34,,67.5,Baccaurea angulata,Baccaurea,angulata,Phyllanthaceae,4.6,117.2,41.0,0.625769231,0.09413391,,13,,20.0,,1,3.0,85.0
Malaysia,Sabah,LG,forest_enrichment,1,0,0,0,0,0,,34,,67.5,Baccaurea angulata,Baccaurea,angulata,Phyllanthaceae,4.6,117.2,53.0,0.625769231,0.09413391,,13,,20.0,,1,4.0,80.0
Malaysia,Sabah,LG,forest_enrichment,1,0,0,0,0,0,,34,,67.5,Baccaurea angulata,Baccaurea,angulata,Phyllanthaceae,4.6,117.2,108.0,0.625769231,0.09413391,,13,,20.0,,1,7.5,80.0
Malaysia,Sabah,LG,forest_enrichment,1,0,0,0,0,0,,34,,67.5,Hopea ferruginea,Hopea,ferruginea,Dipterocarpaceae,4.6,117.2,14.0,0.58,0.070823262,,3,,20.0,,1,1.0,85.0
Malaysia,Sabah,LG,forest_enrichment,1,0,0,0,0,0,,34,,67.5,Hopea ferruginea,Hopea,ferruginea,Dipterocarpaceae,4.6,117.2,135.0,0.58,0.070823262,,3,,20.0,,1,10.0,45.0
Malaysia,Sabah,LG,forest_enrichment,1,0,0,0,0,0,,34,,67.5,Hopea ferruginea,Hopea,ferruginea,Dipterocarpaceae,4.6,117.2,25.0,0.58,0.070823262,,3,,20.0,,1,2.0,60.0
Malaysia,Sabah,LG,forest_enrichment,1,0,0,0,0,0,,34,,67.5,Hopea ferruginea,Hopea,ferruginea,Dipterocarpaceae,4.6,117.2,41.0,0.58,0.070823262,,3,,20.0,,1,3.0,65.0
Malaysia,Sabah,LG,forest_enrichment,1,0,0,0,0,0,,34,,67.5,Hopea ferruginea,Hopea,ferruginea,Dipterocarpaceae,4.6,117.2,53.0,0.58,0.070823262,,3,,20.0,,1,4.0,45.0
Malaysia,Sabah,LG,forest_enrichment,1,0,0,0,0,0,,34,,67.5,Hopea ferruginea,Hopea,ferruginea,Dipterocarpaceae,4.6,117.2,108.0,0.58,0.070823262,,3,,20.0,,1,7.5,50.0
Malaysia,Sabah,LG,forest_enrichment,1,0,0,0,0,0,,34,,67.5,Intsia palembanica,Intsia,palembanica,Fabaceae,4.6,117.2,14.0,0.658666667,0.070823262,,6,,20.0,,1,1.0,66.66666667
Malaysia,Sabah,LG,forest_enrichment,1,0,0,0,0,0,,34,,67.5,Intsia palembanica,Intsia,palembanica,Fabaceae,4.6,117.2,135.0,0.658666667,0.070823262,,6,,20.0,,1,10.0,11.11111111
Malaysia,Sabah,LG,forest_enrichment,1,0,0,0,0,0,,34,,67.5,Intsia palembanica,Intsia,palembanica,Fabaceae,4.6,117.2,25.0,0.658666667,0.070823262,,6,,20.0,,1,2.0,38.88888889
Malaysia,Sabah,LG,forest_enrichment,1,0,0,0,0,0,,34,,67.5,Intsia palembanica,Intsia,palembanica,Fabaceae,4.6,117.2,41.0,0.658666667,0.070823262,,6,,20.0,,1,3.0,27.77777778
Malaysia,Sabah,LG,forest_enrichment,1,0,0,0,0,0,,34,,67.5,Intsia palembanica,Intsia,palembanica,Fabaceae,4.6,117.2,53.0,0.658666667,0.070823262,,6,,20.0,,1,4.0,22.22222222
Malaysia,Sabah,LG,forest_enrichment,1,0,0,0,0,0,,34,,67.5,Intsia palembanica,Intsia,palembanica,Fabaceae,4.6,117.2,108.0,0.658666667,0.070823262,,6,,20.0,,1,7.5,11.11111111
Malaysia,Sabah,LG,forest_enrichment,1,0,0,0,0,0,,34,,67.5,Koompassia excelsa,Koompassia,excelsa,Fabaceae,4.6,117.2,14.0,0.685,0.070823262,,4,,20.0,,1,1.0,90.90909091
Malaysia,Sabah,LG,forest_enrichment,1,0,0,0,0,0,,34,,67.5,Koompassia excelsa,Koompassia,excelsa,Fabaceae,4.6,117.2,135.0,0.685,0.070823262,,4,,20.0,,1,10.0,72.72727273
Malaysia,Sabah,LG,forest_enrichment,1,0,0,0,0,0,,34,,67.5,Koompassia excelsa,Koompassia,excelsa,Fabaceae,4.6,117.2,25.0,0.685,0.070823262,,4,,20.0,,1,2.0,90.90909091
Malaysia,Sabah,LG,forest_enrichment,1,0,0,0,0,0,,34,,67.5,Koompassia excelsa,Koompassia,excelsa,Fabaceae,4.6,117.2,41.0,0.685,0.070823262,,4,,20.0,,1,3.0,95.45454545
Malaysia,Sabah,LG,forest_enrichment,1,0,0,0,0,0,,34,,67.5,Koompassia excelsa,Koompassia,excelsa,Fabaceae,4.6,117.2,53.0,0.685,0.070823262,,4,,20.0,,1,4.0,81.81818182
Malaysia,Sabah,LG,forest_enrichment,1,0,0,0,0,0,,34,,67.5,Koompassia excelsa,Koompassia,excelsa,Fabaceae,4.6,117.2,108.0,0.685,0.070823262,,4,,20.0,,1,7.5,72.72727273
Malaysia,Sabah,LG,forest_enrichment,1,0,0,0,0,0,,34,,67.5,Mangifera pajang,Mangifera,pajang,Anacardiaceae,4.6,117.2,14.0,0.49,0.070823262,,1,,20.0,,1,1.0,100.0
Malaysia,Sabah,LG,forest_enrichment,1,0,0,0,0,0,,34,,67.5,Mangifera pajang,Mangifera,pajang,Anacardiaceae,4.6,117.2,135.0,0.49,0.070823262,,1,,20.0,,1,10.0,75.0
Malaysia,Sabah,LG,forest_enrichment,1,0,0,0,0,0,,34,,67.5,Mangifera pajang,Mangifera,pajang,Anacardiaceae,4.6,117.2,25.0,0.49,0.070823262,,1,,20.0,,1,2.0,95.0
Malaysia,Sabah,LG,forest_enrichment,1,0,0,0,0,0,,34,,67.5,Mangifera pajang,Mangifera,pajang,Anacardiaceae,4.6,117.2,41.0,0.49,0.070823262,,1,,20.0,,1,3.0,75.0
Malaysia,Sabah,LG,forest_enrichment,1,0,0,0,0,0,,34,,67.5,Mangifera pajang,Mangifera,pajang,Anacardiaceae,4.6,117.2,53.0,0.49,0.070823262,,1,,20.0,,1,4.0,80.0
Malaysia,Sabah,LG,forest_enrichment,1,0,0,0,0,0,,34,,67.5,Mangifera pajang,Mangifera,pajang,Anacardiaceae,4.6,117.2,108.0,0.49,0.070823262,,1,,20.0,,1,7.5,75.0
Malaysia,Sabah,LG,forest_enrichment,1,0,0,0,0,0,,34,,67.5,Mangifera sp,Mangifera,sp,Anacardiaceae,4.6,117.2,14.0,0.500529412,0.09413391,,17,,19.0,,1,1.0,100.0
Malaysia,Sabah,LG,forest_enrichment,1,0,0,0,0,0,,34,,67.5,Mangifera sp,Mangifera,sp,Anacardiaceae,4.6,117.2,135.0,0.500529412,0.09413391,,17,,19.0,,1,10.0,65.0
Malaysia,Sabah,LG,forest_enrichment,1,0,0,0,0,0,,34,,67.5,Mangifera sp,Mangifera,sp,Anacardiaceae,4.6,117.2,25.0,0.500529412,0.09413391,,17,,19.0,,1,2.0,95.0
Malaysia,Sabah,LG,forest_enrichment,1,0,0,0,0,0,,34,,67.5,Mangifera sp,Mangifera,sp,Anacardiaceae,4.6,117.2,41.0,0.500529412,0.09413391,,17,,19.0,,1,3.0,90.0
Malaysia,Sabah,LG,forest_enrichment,1,0,0,0,0,0,,34,,67.5,Mangifera sp,Mangifera,sp,Anacardiaceae,4.6,117.2,53.0,0.500529412,0.09413391,,17,,19.0,,1,4.0,85.0
Malaysia,Sabah,LG,forest_enrichment,1,0,0,0,0,0,,34,,67.5,Mangifera sp,Mangifera,sp,Anacardiaceae,4.6,117.2,108.0,0.500529412,0.09413391,,17,,19.0,,1,7.5,70.0
Malaysia,Sabah,LG,forest_enrichment,1,0,0,0,0,0,,34,,67.5,Parashorea malaanonan,Parashorea,malaanonan,Dipterocarpaceae,4.6,117.2,14.0,0.415,0.070823262,,2,,20.0,,1,1.0,95.0
Malaysia,Sabah,LG,forest_enrichment,1,0,0,0,0,0,,34,,67.5,Parashorea malaanonan,Parashorea,malaanonan,Dipterocarpaceae,4.6,117.2,135.0,0.415,0.070823262,,2,,20.0,,1,10.0,80.0
Malaysia,Sabah,LG,forest_enrichment,1,0,0,0,0,0,,34,,67.5,Parashorea malaanonan,Parashorea,malaanonan,Dipterocarpaceae,4.6,117.2,25.0,0.415,0.070823262,,2,,20.0,,1,2.0,90.0
Malaysia,Sabah,LG,forest_enrichment,1,0,0,0,0,0,,34,,67.5,Parashorea malaanonan,Parashorea,malaanonan,Dipterocarpaceae,4.6,117.2,41.0,0.415,0.070823262,,2,,20.0,,1,3.0,85.0
Malaysia,Sabah,LG,forest_enrichment,1,0,0,0,0,0,,34,,67.5,Parashorea malaanonan,Parashorea,malaanonan,Dipterocarpaceae,4.6,117.2,53.0,0.415,0.070823262,,2,,20.0,,1,4.0,85.0
Malaysia,Sabah,LG,forest_enrichment,1,0,0,0,0,0,,34,,67.5,Parashorea malaanonan,Parashorea,malaanonan,Dipterocarpaceae,4.6,117.2,108.0,0.415,0.070823262,,2,,20.0,,1,7.5,80.0
Malaysia,Sabah,LG,forest_enrichment,1,0,0,0,0,0,,34,,67.5,Parashorea smythiesii,Parashorea,smythiesii,Dipterocarpaceae,4.6,117.2,14.0,0.6,0.070823262,,1,,21.0,,1,1.0,95.23809524
Malaysia,Sabah,LG,forest_enrichment,1,0,0,0,0,0,,34,,67.5,Parashorea smythiesii,Parashorea,smythiesii,Dipterocarpaceae,4.6,117.2,135.0,0.6,0.070823262,,1,,21.0,,1,10.0,57.14285714
Malaysia,Sabah,LG,forest_enrichment,1,0,0,0,0,0,,34,,67.5,Parashorea smythiesii,Parashorea,smythiesii,Dipterocarpaceae,4.6,117.2,25.0,0.6,0.070823262,,1,,21.0,,1,2.0,85.71428571
Malaysia,Sabah,LG,forest_enrichment,1,0,0,0,0,0,,34,,67.5,Parashorea smythiesii,Parashorea,smythiesii,Dipterocarpaceae,4.6,117.2,41.0,0.6,0.070823262,,1,,21.0,,1,3.0,85.71428571
Malaysia,Sabah,LG,forest_enrichment,1,0,0,0,0,0,,34,,67.5,Parashorea smythiesii,Parashorea,smythiesii,Dipterocarpaceae,4.6,117.2,53.0,0.6,0.070823262,,1,,21.0,,1,4.0,66.66666667
Malaysia,Sabah,LG,forest_enrichment,1,0,0,0,0,0,,34,,67.5,Parashorea smythiesii,Parashorea,smythiesii,Dipterocarpaceae,4.6,117.2,108.0,0.6,0.070823262,,1,,21.0,,1,7.5,61.9047619
Malaysia,Sabah,LG,forest_enrichment,1,0,0,0,0,0,,34,,67.5,Parashorea tomentella,Parashorea,tomentella,Dipterocarpaceae,4.6,117.2,14.0,0.5535,0.09413391,,10,,20.0,,1,1.0,95.0
Malaysia,Sabah,LG,forest_enrichment,1,0,0,0,0,0,,34,,67.5,Parashorea tomentella,Parashorea,tomentella,Dipterocarpaceae,4.6,117.2,135.0,0.5535,0.09413391,,10,,20.0,,1,10.0,55.0
Malaysia,Sabah,LG,forest_enrichment,1,0,0,0,0,0,,34,,67.5,Parashorea tomentella,Parashorea,tomentella,Dipterocarpaceae,4.6,117.2,25.0,0.5535,0.09413391,,10,,20.0,,1,2.0,90.0
Malaysia,Sabah,LG,forest_enrichment,1,0,0,0,0,0,,34,,67.5,Parashorea tomentella,Parashorea,tomentella,Dipterocarpaceae,4.6,117.2,41.0,0.5535,0.09413391,,10,,20.0,,1,3.0,85.0
Malaysia,Sabah,LG,forest_enrichment,1,0,0,0,0,0,,34,,67.5,Parashorea tomentella,Parashorea,tomentella,Dipterocarpaceae,4.6,117.2,53.0,0.5535,0.09413391,,10,,20.0,,1,4.0,70.0
Malaysia,Sabah,LG,forest_enrichment,1,0,0,0,0,0,,34,,67.5,Parashorea tomentella,Parashorea,tomentella,Dipterocarpaceae,4.6,117.2,108.0,0.5535,0.09413391,,10,,20.0,,1,7.5,60.0
Malaysia,Sabah,LG,forest_enrichment,1,0,0,0,0,0,,34,,67.5,Pentace adenophora,Pentace,adenophora,Malvaceae,4.6,117.2,14.0,0.604833333,0.09413391,,9,,20.0,,1,1.0,100.0
Malaysia,Sabah,LG,forest_enrichment,1,0,0,0,0,0,,34,,67.5,Pentace adenophora,Pentace,adenophora,Malvaceae,4.6,117.2,135.0,0.604833333,0.09413391,,9,,20.0,,1,10.0,63.15789474
Malaysia,Sabah,LG,forest_enrichment,1,0,0,0,0,0,,34,,67.5,Pentace adenophora,Pentace,adenophora,Malvaceae,4.6,117.2,25.0,0.604833333,0.09413391,,9,,20.0,,1,2.0,89.47368421
Malaysia,Sabah,LG,forest_enrichment,1,0,0,0,0,0,,34,,67.5,Pentace adenophora,Pentace,adenophora,Malvaceae,4.6,117.2,41.0,0.604833333,0.09413391,,9,,20.0,,1,3.0,68.42105263
Malaysia,Sabah,LG,forest_enrichment,1,0,0,0,0,0,,34,,67.5,Pentace adenophora,Pentace,adenophora,Malvaceae,4.6,117.2,53.0,0.604833333,0.09413391,,9,,20.0,,1,4.0,68.42105263
Malaysia,Sabah,LG,forest_enrichment,1,0,0,0,0,0,,34,,67.5,Pentace adenophora,Pentace,adenophora,Malvaceae,4.6,117.2,108.0,0.604833333,0.09413391,,9,,20.0,,1,7.5,63.15789474
Malaysia,Sabah,LG,forest_enrichment,1,0,0,0,0,0,,34,,67.5,Pentace laxiflora,Pentace,laxiflora,Malvaceae,4.6,117.2,14.0,0.604833333,0.09413391,,9,,20.0,,1,1.0,100.0
Malaysia,Sabah,LG,forest_enrichment,1,0,0,0,0,0,,34,,67.5,Pentace laxiflora,Pentace,laxiflora,Malvaceae,4.6,117.2,135.0,0.604833333,0.09413391,,9,,20.0,,1,10.0,95.23809524
Malaysia,Sabah,LG,forest_enrichment,1,0,0,0,0,0,,34,,67.5,Pentace laxiflora,Pentace,laxiflora,Malvaceae,4.6,117.2,25.0,0.604833333,0.09413391,,9,,20.0,,1,2.0,95.23809524
Malaysia,Sabah,LG,forest_enrichment,1,0,0,0,0,0,,34,,67.5,Pentace laxiflora,Pentace,laxiflora,Malvaceae,4.6,117.2,41.0,0.604833333,0.09413391,,9,,20.0,,1,3.0,95.23809524
Malaysia,Sabah,LG,forest_enrichment,1,0,0,0,0,0,,34,,67.5,Pentace laxiflora,Pentace,laxiflora,Malvaceae,4.6,117.2,53.0,0.604833333,0.09413391,,9,,20.0,,1,4.0,95.23809524
Malaysia,Sabah,LG,forest_enrichment,1,0,0,0,0,0,,34,,67.5,Pentace laxiflora,Pentace,laxiflora,Malvaceae,4.6,117.2,108.0,0.604833333,0.09413391,,9,,20.0,,1,7.5,95.23809524
Malaysia,Sabah,LG,forest_enrichment,1,0,0,0,0,0,,34,,67.5,Baccaurea sp,Baccaurea,sp.,Phyllanthaceae,4.6,117.2,14.0,0.625769231,0.09413391,,13,,20.0,,1,1.0,95.0
Malaysia,Sabah,LG,forest_enrichment,1,0,0,0,0,0,,34,,67.5,Baccaurea sp,Baccaurea,sp.,Phyllanthaceae,4.6,117.2,135.0,0.625769231,0.09413391,,13,,20.0,,1,10.0,65.0
Malaysia,Sabah,LG,forest_enrichment,1,0,0,0,0,0,,34,,67.5,Baccaurea sp,Baccaurea,sp.,Phyllanthaceae,4.6,117.2,25.0,0.625769231,0.09413391,,13,,20.0,,1,2.0,90.0
Malaysia,Sabah,LG,forest_enrichment,1,0,0,0,0,0,,34,,67.5,Baccaurea sp,Baccaurea,sp.,Phyllanthaceae,4.6,117.2,41.0,0.625769231,0.09413391,,13,,20.0,,1,3.0,85.0
Malaysia,Sabah,LG,forest_enrichment,1,0,0,0,0,0,,34,,67.5,Baccaurea sp,Baccaurea,sp.,Phyllanthaceae,4.6,117.2,53.0,0.625769231,0.09413391,,13,,20.0,,1,4.0,70.0
Malaysia,Sabah,LG,forest_enrichment,1,0,0,0,0,0,,34,,67.5,Baccaurea sp,Baccaurea,sp.,Phyllanthaceae,4.6,117.2,108.0,0.625769231,0.09413391,,13,,20.0,,1,7.5,65.0
Malaysia,Sabah,LG,forest_enrichment,1,0,0,0,0,0,,34,,67.5,Shorea beccariana,Shorea,beccariana,Dipterocarpaceae,4.6,117.2,14.0,0.47,0.070823262,,2,,20.0,,1,1.0,90.0
Malaysia,Sabah,LG,forest_enrichment,1,0,0,0,0,0,,34,,67.5,Shorea beccariana,Shorea,beccariana,Dipterocarpaceae,4.6,117.2,135.0,0.47,0.070823262,,2,,20.0,,1,10.0,50.0
Malaysia,Sabah,LG,forest_enrichment,1,0,0,0,0,0,,34,,67.5,Shorea beccariana,Shorea,beccariana,Dipterocarpaceae,4.6,117.2,25.0,0.47,0.070823262,,2,,20.0,,1,2.0,80.0
Malaysia,Sabah,LG,forest_enrichment,1,0,0,0,0,0,,34,,67.5,Shorea beccariana,Shorea,beccariana,Dipterocarpaceae,4.6,117.2,41.0,0.47,0.070823262,,2,,20.0,,1,3.0,60.0
Malaysia,Sabah,LG,forest_enrichment,1,0,0,0,0,0,,34,,67.5,Shorea beccariana,Shorea,beccariana,Dipterocarpaceae,4.6,117.2,53.0,0.47,0.070823262,,2,,20.0,,1,4.0,60.0
Malaysia,Sabah,LG,forest_enrichment,1,0,0,0,0,0,,34,,67.5,Shorea beccariana,Shorea,beccariana,Dipterocarpaceae,4.6,117.2,108.0,0.47,0.070823262,,2,,20.0,,1,7.5,50.0
Malaysia,Sabah,LG,forest_enrichment,1,0,0,0,0,0,,34,,67.5,Shorea faguetioides,Shorea,faguetioides,Dipterocarpaceae,4.6,117.2,14.0,0.583246313,0.09413391,,113,,20.0,,1,1.0,100.0
Malaysia,Sabah,LG,forest_enrichment,1,0,0,0,0,0,,34,,67.5,Shorea faguetioides,Shorea,faguetioides,Dipterocarpaceae,4.6,117.2,135.0,0.583246313,0.09413391,,113,,20.0,,1,10.0,50.0
Malaysia,Sabah,LG,forest_enrichment,1,0,0,0,0,0,,34,,67.5,Shorea faguetioides,Shorea,faguetioides,Dipterocarpaceae,4.6,117.2,25.0,0.583246313,0.09413391,,113,,20.0,,1,2.0,95.0
Malaysia,Sabah,LG,forest_enrichment,1,0,0,0,0,0,,34,,67.5,Shorea faguetioides,Shorea,faguetioides,Dipterocarpaceae,4.6,117.2,41.0,0.583246313,0.09413391,,113,,20.0,,1,3.0,70.0
Malaysia,Sabah,LG,forest_enrichment,1,0,0,0,0,0,,34,,67.5,Shorea faguetioides,Shorea,faguetioides,Dipterocarpaceae,4.6,117.2,53.0,0.583246313,0.09413391,,113,,20.0,,1,4.0,60.0
Malaysia,Sabah,LG,forest_enrichment,1,0,0,0,0,0,,34,,67.5,Shorea faguetioides,Shorea,faguetioides,Dipterocarpaceae,4.6,117.2,108.0,0.583246313,0.09413391,,113,,20.0,,1,7.5,55.0
Malaysia,Sabah,LG,forest_enrichment,1,0,0,0,0,0,,34,,67.5,Shorea falciferoides,Shorea,falciferoides,Dipterocarpaceae,4.6,117.2,14.0,0.72,0.070823262,,1,,20.0,,1,1.0,100.0
Malaysia,Sabah,LG,forest_enrichment,1,0,0,0,0,0,,34,,67.5,Shorea falciferoides,Shorea,falciferoides,Dipterocarpaceae,4.6,117.2,135.0,0.72,0.070823262,,1,,20.0,,1,10.0,65.0
Malaysia,Sabah,LG,forest_enrichment,1,0,0,0,0,0,,34,,67.5,Shorea falciferoides,Shorea,falciferoides,Dipterocarpaceae,4.6,117.2,25.0,0.72,0.070823262,,1,,20.0,,1,2.0,80.0
Malaysia,Sabah,LG,forest_enrichment,1,0,0,0,0,0,,34,,67.5,Shorea falciferoides,Shorea,falciferoides,Dipterocarpaceae,4.6,117.2,41.0,0.72,0.070823262,,1,,20.0,,1,3.0,85.0
Malaysia,Sabah,LG,forest_enrichment,1,0,0,0,0,0,,34,,67.5,Shorea falciferoides,Shorea,falciferoides,Dipterocarpaceae,4.6,117.2,53.0,0.72,0.070823262,,1,,20.0,,1,4.0,75.0
Malaysia,Sabah,LG,forest_enrichment,1,0,0,0,0,0,,34,,67.5,Shorea falciferoides,Shorea,falciferoides,Dipterocarpaceae,4.6,117.2,108.0,0.72,0.070823262,,1,,20.0,,1,7.5,70.0
Malaysia,Sabah,LG,forest_enrichment,1,0,0,0,0,0,,34,,67.5,Shorea fallax,Shorea,fallax,Dipterocarpaceae,4.6,117.2,14.0,0.5,0.070823262,,1,,20.0,,1,1.0,95.0
Malaysia,Sabah,LG,forest_enrichment,1,0,0,0,0,0,,34,,67.5,Shorea fallax,Shorea,fallax,Dipterocarpaceae,4.6,117.2,135.0,0.5,0.070823262,,1,,20.0,,1,10.0,70.0
Malaysia,Sabah,LG,forest_enrichment,1,0,0,0,0,0,,34,,67.5,Shorea fallax,Shorea,fallax,Dipterocarpaceae,4.6,117.2,25.0,0.5,0.070823262,,1,,20.0,,1,2.0,90.0
Malaysia,Sabah,LG,forest_enrichment,1,0,0,0,0,0,,34,,67.5,Shorea fallax,Shorea,fallax,Dipterocarpaceae,4.6,117.2,41.0,0.5,0.070823262,,1,,20.0,,1,3.0,80.0
Malaysia,Sabah,LG,forest_enrichment,1,0,0,0,0,0,,34,,67.5,Shorea fallax,Shorea,fallax,Dipterocarpaceae,4.6,117.2,53.0,0.5,0.070823262,,1,,20.0,,1,4.0,65.0
Malaysia,Sabah,LG,forest_enrichment,1,0,0,0,0,0,,34,,67.5,Shorea fallax,Shorea,fallax,Dipterocarpaceae,4.6,117.2,108.0,0.5,0.070823262,,1,,20.0,,1,7.5,70.0
Malaysia,Sabah,LG,forest_enrichment,1,0,0,0,0,0,,34,,67.5,Shorea leprosula,Shorea,leprosula,Dipterocarpaceae,4.6,117.2,14.0,0.44,0.070823262,,4,,20.0,,1,1.0,100.0
Malaysia,Sabah,LG,forest_enrichment,1,0,0,0,0,0,,34,,67.5,Shorea leprosula,Shorea,leprosula,Dipterocarpaceae,4.6,117.2,135.0,0.44,0.070823262,,4,,20.0,,1,10.0,30.0
Malaysia,Sabah,LG,forest_enrichment,1,0,0,0,0,0,,34,,67.5,Shorea leprosula,Shorea,leprosula,Dipterocarpaceae,4.6,117.2,25.0,0.44,0.070823262,,4,,20.0,,1,2.0,80.0
Malaysia,Sabah,LG,forest_enrichment,1,0,0,0,0,0,,34,,67.5,Shorea leprosula,Shorea,leprosula,Dipterocarpaceae,4.6,117.2,41.0,0.44,0.070823262,,4,,20.0,,1,3.0,75.0
Malaysia,Sabah,LG,forest_enrichment,1,0,0,0,0,0,,34,,67.5,Shorea leprosula,Shorea,leprosula,Dipterocarpaceae,4.6,117.2,53.0,0.44,0.070823262,,4,,20.0,,1,4.0,65.0
Malaysia,Sabah,LG,forest_enrichment,1,0,0,0,0,0,,34,,67.5,Shorea leprosula,Shorea,leprosula,Dipterocarpaceae,4.6,117.2,108.0,0.44,0.070823262,,4,,20.0,,1,7.5,45.0
Malaysia,Sabah,LG,forest_enrichment,1,0,0,0,0,0,,34,,67.5,Shorea leptoderma,Shorea,leptoderma,Dipterocarpaceae,4.6,117.2,14.0,0.583246313,0.09413391,,113,,20.0,,1,1.0,95.0
Malaysia,Sabah,LG,forest_enrichment,1,0,0,0,0,0,,34,,67.5,Shorea leptoderma,Shorea,leptoderma,Dipterocarpaceae,4.6,117.2,135.0,0.583246313,0.09413391,,113,,20.0,,1,10.0,80.0
Malaysia,Sabah,LG,forest_enrichment,1,0,0,0,0,0,,34,,67.5,Shorea leptoderma,Shorea,leptoderma,Dipterocarpaceae,4.6,117.2,25.0,0.583246313,0.09413391,,113,,20.0,,1,2.0,95.0
Malaysia,Sabah,LG,forest_enrichment,1,0,0,0,0,0,,34,,67.5,Shorea leptoderma,Shorea,leptoderma,Dipterocarpaceae,4.6,117.2,41.0,0.583246313,0.09413391,,113,,20.0,,1,3.0,90.0
Malaysia,Sabah,LG,forest_enrichment,1,0,0,0,0,0,,34,,67.5,Shorea leptoderma,Shorea,leptoderma,Dipterocarpaceae,4.6,117.2,53.0,0.583246313,0.09413391,,113,,20.0,,1,4.0,80.0
Malaysia,Sabah,LG,forest_enrichment,1,0,0,0,0,0,,34,,67.5,Shorea leptoderma,Shorea,leptoderma,Dipterocarpaceae,4.6,117.2,108.0,0.583246313,0.09413391,,113,,20.0,,1,7.5,80.0
Malaysia,Sabah,LG,forest_enrichment,1,0,0,0,0,0,,34,,67.5,Shorea macrophylla,Shorea,macrophylla,Dipterocarpaceae,4.6,117.2,14.0,0.32,0.070823262,,1,,20.0,,1,1.0,95.0
Malaysia,Sabah,LG,forest_enrichment,1,0,0,0,0,0,,34,,67.5,Shorea macrophylla,Shorea,macrophylla,Dipterocarpaceae,4.6,117.2,135.0,0.32,0.070823262,,1,,20.0,,1,10.0,70.0
Malaysia,Sabah,LG,forest_enrichment,1,0,0,0,0,0,,34,,67.5,Shorea macrophylla,Shorea,macrophylla,Dipterocarpaceae,4.6,117.2,25.0,0.32,0.070823262,,1,,20.0,,1,2.0,95.0
Malaysia,Sabah,LG,forest_enrichment,1,0,0,0,0,0,,34,,67.5,Shorea macrophylla,Shorea,macrophylla,Dipterocarpaceae,4.6,117.2,41.0,0.32,0.070823262,,1,,20.0,,1,3.0,90.0
Malaysia,Sabah,LG,forest_enrichment,1,0,0,0,0,0,,34,,67.5,Shorea macrophylla,Shorea,macrophylla,Dipterocarpaceae,4.6,117.2,53.0,0.32,0.070823262,,1,,20.0,,1,4.0,85.0
Malaysia,Sabah,LG,forest_enrichment,1,0,0,0,0,0,,34,,67.5,Shorea macrophylla,Shorea,macrophylla,Dipterocarpaceae,4.6,117.2,108.0,0.32,0.070823262,,1,,20.0,,1,7.5,75.0
Malaysia,Sabah,LG,forest_enrichment,1,0,0,0,0,0,,34,,67.5,Shorea macroptera,Shorea,macroptera,Dipterocarpaceae,4.6,117.2,14.0,0.425,0.070823262,,4,,20.0,,1,1.0,85.0
Malaysia,Sabah,LG,forest_enrichment,1,0,0,0,0,0,,34,,67.5,Shorea macroptera,Shorea,macroptera,Dipterocarpaceae,4.6,117.2,135.0,0.425,0.070823262,,4,,20.0,,1,10.0,55.0
Malaysia,Sabah,LG,forest_enrichment,1,0,0,0,0,0,,34,,67.5,Shorea macroptera,Shorea,macroptera,Dipterocarpaceae,4.6,117.2,25.0,0.425,0.070823262,,4,,20.0,,1,2.0,70.0
Malaysia,Sabah,LG,forest_enrichment,1,0,0,0,0,0,,34,,67.5,Shorea macroptera,Shorea,macroptera,Dipterocarpaceae,4.6,117.2,41.0,0.425,0.070823262,,4,,20.0,,1,3.0,75.0
Malaysia,Sabah,LG,forest_enrichment,1,0,0,0,0,0,,34,,67.5,Shorea macroptera,Shorea,macroptera,Dipterocarpaceae,4.6,117.2,53.0,0.425,0.070823262,,4,,20.0,,1,4.0,65.0
Malaysia,Sabah,LG,forest_enrichment,1,0,0,0,0,0,,34,,67.5,Shorea macroptera,Shorea,macroptera,Dipterocarpaceae,4.6,117.2,108.0,0.425,0.070823262,,4,,20.0,,1,7.5,50.0
Malaysia,Sabah,LG,forest_enrichment,1,0,0,0,0,0,,34,,67.5,Shorea ovalis,Shorea,ovalis,Dipterocarpaceae,4.6,117.2,14.0,0.43,0.070823262,,2,,20.0,,1,1.0,100.0
Malaysia,Sabah,LG,forest_enrichment,1,0,0,0,0,0,,34,,67.5,Shorea ovalis,Shorea,ovalis,Dipterocarpaceae,4.6,117.2,135.0,0.43,0.070823262,,2,,20.0,,1,10.0,80.0
Malaysia,Sabah,LG,forest_enrichment,1,0,0,0,0,0,,34,,67.5,Shorea ovalis,Shorea,ovalis,Dipterocarpaceae,4.6,117.2,25.0,0.43,0.070823262,,2,,20.0,,1,2.0,100.0
Malaysia,Sabah,LG,forest_enrichment,1,0,0,0,0,0,,34,,67.5,Shorea ovalis,Shorea,ovalis,Dipterocarpaceae,4.6,117.2,41.0,0.43,0.070823262,,2,,20.0,,1,3.0,100.0
Malaysia,Sabah,LG,forest_enrichment,1,0,0,0,0,0,,34,,67.5,Shorea ovalis,Shorea,ovalis,Dipterocarpaceae,4.6,117.2,53.0,0.43,0.070823262,,2,,20.0,,1,4.0,90.0
Malaysia,Sabah,LG,forest_enrichment,1,0,0,0,0,0,,34,,67.5,Shorea ovalis,Shorea,ovalis,Dipterocarpaceae,4.6,117.2,108.0,0.43,0.070823262,,2,,20.0,,1,7.5,85.0
Malaysia,Sabah,LG,forest_enrichment,1,0,0,0,0,0,,34,,67.5,Shorea parvifolia,Shorea,parvifolia,Dipterocarpaceae,4.6,117.2,14.0,0.405,0.070823262,,2,,20.0,,1,1.0,85.0
Malaysia,Sabah,LG,forest_enrichment,1,0,0,0,0,0,,34,,67.5,Shorea parvifolia,Shorea,parvifolia,Dipterocarpaceae,4.6,117.2,135.0,0.405,0.070823262,,2,,20.0,,1,10.0,15.0
Malaysia,Sabah,LG,forest_enrichment,1,0,0,0,0,0,,34,,67.5,Shorea parvifolia,Shorea,parvifolia,Dipterocarpaceae,4.6,117.2,25.0,0.405,0.070823262,,2,,20.0,,1,2.0,65.0
Malaysia,Sabah,LG,forest_enrichment,1,0,0,0,0,0,,34,,67.5,Shorea parvifolia,Shorea,parvifolia,Dipterocarpaceae,4.6,117.2,41.0,0.405,0.070823262,,2,,20.0,,1,3.0,45.0
Malaysia,Sabah,LG,forest_enrichment,1,0,0,0,0,0,,34,,67.5,Shorea parvifolia,Shorea,parvifolia,Dipterocarpaceae,4.6,117.2,53.0,0.405,0.070823262,,2,,20.0,,1,4.0,35.0
Malaysia,Sabah,LG,forest_enrichment,1,0,0,0,0,0,,34,,67.5,Shorea parvifolia,Shorea,parvifolia,Dipterocarpaceae,4.6,117.2,108.0,0.405,0.070823262,,2,,20.0,,1,7.5,25.0
Malaysia,Sabah,LG,forest_enrichment,1,0,0,0,0,0,,34,,67.5,Canarium sp,Canarium,sp.,Burseraceae,4.6,117.2,14.0,0.517,0.070823262,,1,,20.0,,1,1.0,100.0
Malaysia,Sabah,LG,forest_enrichment,1,0,0,0,0,0,,34,,67.5,Canarium sp,Canarium,sp.,Burseraceae,4.6,117.2,135.0,0.517,0.070823262,,1,,20.0,,1,10.0,50.0
Malaysia,Sabah,LG,forest_enrichment,1,0,0,0,0,0,,34,,67.5,Canarium sp,Canarium,sp.,Burseraceae,4.6,117.2,25.0,0.517,0.070823262,,1,,20.0,,1,2.0,100.0
Malaysia,Sabah,LG,forest_enrichment,1,0,0,0,0,0,,34,,67.5,Canarium sp,Canarium,sp.,Burseraceae,4.6,117.2,41.0,0.517,0.070823262,,1,,20.0,,1,3.0,100.0
Malaysia,Sabah,LG,forest_enrichment,1,0,0,0,0,0,,34,,67.5,Canarium sp,Canarium,sp.,Burseraceae,4.6,117.2,53.0,0.517,0.070823262,,1,,20.0,,1,4.0,85.0
Malaysia,Sabah,LG,forest_enrichment,1,0,0,0,0,0,,34,,67.5,Canarium sp,Canarium,sp.,Burseraceae,4.6,117.2,108.0,0.517,0.070823262,,1,,20.0,,1,7.5,70.0
Malaysia,Sabah,LG,forest_enrichment,1,0,0,0,0,0,,34,,67.5,Shorea pauciflora,Shorea,pauciflora,Dipterocarpaceae,4.6,117.2,14.0,0.5325,0.070823262,,4,,20.0,,1,1.0,95.0
Malaysia,Sabah,LG,forest_enrichment,1,0,0,0,0,0,,34,,67.5,Shorea pauciflora,Shorea,pauciflora,Dipterocarpaceae,4.6,117.2,135.0,0.5325,0.070823262,,4,,20.0,,1,10.0,60.0
Malaysia,Sabah,LG,forest_enrichment,1,0,0,0,0,0,,34,,67.5,Shorea pauciflora,Shorea,pauciflora,Dipterocarpaceae,4.6,117.2,25.0,0.5325,0.070823262,,4,,20.0,,1,2.0,90.0
Malaysia,Sabah,LG,forest_enrichment,1,0,0,0,0,0,,34,,67.5,Shorea pauciflora,Shorea,pauciflora,Dipterocarpaceae,4.6,117.2,41.0,0.5325,0.070823262,,4,,20.0,,1,3.0,85.0
Malaysia,Sabah,LG,forest_enrichment,1,0,0,0,0,0,,34,,67.5,Shorea pauciflora,Shorea,pauciflora,Dipterocarpaceae,4.6,117.2,53.0,0.5325,0.070823262,,4,,20.0,,1,4.0,75.0
Malaysia,Sabah,LG,forest_enrichment,1,0,0,0,0,0,,34,,67.5,Shorea pauciflora,Shorea,pauciflora,Dipterocarpaceae,4.6,117.2,108.0,0.5325,0.070823262,,4,,20.0,,1,7.5,55.0
Malaysia,Sabah,LG,forest_enrichment,1,0,0,0,0,0,,34,,67.5,Shorea platyclados,Shorea,platyclados,Dipterocarpaceae,4.6,117.2,14.0,0.556666667,0.070823262,,3,,20.0,,1,1.0,95.0
Malaysia,Sabah,LG,forest_enrichment,1,0,0,0,0,0,,34,,67.5,Shorea platyclados,Shorea,platyclados,Dipterocarpaceae,4.6,117.2,135.0,0.556666667,0.070823262,,3,,20.0,,1,10.0,30.0
Malaysia,Sabah,LG,forest_enrichment,1,0,0,0,0,0,,34,,67.5,Shorea platyclados,Shorea,platyclados,Dipterocarpaceae,4.6,117.2,25.0,0.556666667,0.070823262,,3,,20.0,,1,2.0,80.0
Malaysia,Sabah,LG,forest_enrichment,1,0,0,0,0,0,,34,,67.5,Shorea platyclados,Shorea,platyclados,Dipterocarpaceae,4.6,117.2,41.0,0.556666667,0.070823262,,3,,20.0,,1,3.0,50.0
Malaysia,Sabah,LG,forest_enrichment,1,0,0,0,0,0,,34,,67.5,Shorea platyclados,Shorea,platyclados,Dipterocarpaceae,4.6,117.2,53.0,0.556666667,0.070823262,,3,,20.0,,1,4.0,45.0
Malaysia,Sabah,LG,forest_enrichment,1,0,0,0,0,0,,34,,67.5,Shorea platyclados,Shorea,platyclados,Dipterocarpaceae,4.6,117.2,108.0,0.556666667,0.070823262,,3,,20.0,,1,7.5,30.0
Malaysia,Sabah,LG,forest_enrichment,1,0,0,0,0,0,,34,,67.5,Shorea xanthophylla,Shorea,xanthophylla,Dipterocarpaceae,4.6,117.2,14.0,0.52,0.070823262,,2,,20.0,,1,1.0,95.0
Malaysia,Sabah,LG,forest_enrichment,1,0,0,0,0,0,,34,,67.5,Shorea xanthophylla,Shorea,xanthophylla,Dipterocarpaceae,4.6,117.2,135.0,0.52,0.070823262,,2,,20.0,,1,10.0,65.0
Malaysia,Sabah,LG,forest_enrichment,1,0,0,0,0,0,,34,,67.5,Shorea xanthophylla,Shorea,xanthophylla,Dipterocarpaceae,4.6,117.2,25.0,0.52,0.070823262,,2,,20.0,,1,2.0,80.0
Malaysia,Sabah,LG,forest_enrichment,1,0,0,0,0,0,,34,,67.5,Shorea xanthophylla,Shorea,xanthophylla,Dipterocarpaceae,4.6,117.2,41.0,0.52,0.070823262,,2,,20.0,,1,3.0,80.0
Malaysia,Sabah,LG,forest_enrichment,1,0,0,0,0,0,,34,,67.5,Shorea xanthophylla,Shorea,xanthophylla,Dipterocarpaceae,4.6,117.2,53.0,0.52,0.070823262,,2,,20.0,,1,4.0,70.0
Malaysia,Sabah,LG,forest_enrichment,1,0,0,0,0,0,,34,,67.5,Shorea xanthophylla,Shorea,xanthophylla,Dipterocarpaceae,4.6,117.2,108.0,0.52,0.070823262,,2,,20.0,,1,7.5,65.0
Malaysia,Sabah,LG,forest_enrichment,1,0,0,0,0,0,,34,,67.5,Sindora beccariana,Sindora,beccariana,Fabaceae,4.6,117.2,14.0,0.545,0.070823262,,2,,20.0,,1,1.0,90.0
Malaysia,Sabah,LG,forest_enrichment,1,0,0,0,0,0,,34,,67.5,Sindora beccariana,Sindora,beccariana,Fabaceae,4.6,117.2,135.0,0.545,0.070823262,,2,,20.0,,1,10.0,50.0
Malaysia,Sabah,LG,forest_enrichment,1,0,0,0,0,0,,34,,67.5,Sindora beccariana,Sindora,beccariana,Fabaceae,4.6,117.2,25.0,0.545,0.070823262,,2,,20.0,,1,2.0,80.0
Malaysia,Sabah,LG,forest_enrichment,1,0,0,0,0,0,,34,,67.5,Sindora beccariana,Sindora,beccariana,Fabaceae,4.6,117.2,41.0,0.545,0.070823262,,2,,20.0,,1,3.0,75.0
Malaysia,Sabah,LG,forest_enrichment,1,0,0,0,0,0,,34,,67.5,Sindora beccariana,Sindora,beccariana,Fabaceae,4.6,117.2,53.0,0.545,0.070823262,,2,,20.0,,1,4.0,60.0
Malaysia,Sabah,LG,forest_enrichment,1,0,0,0,0,0,,34,,67.5,Sindora beccariana,Sindora,beccariana,Fabaceae,4.6,117.2,108.0,0.545,0.070823262,,2,,20.0,,1,7.5,45.0
Malaysia,Sabah,LG,forest_enrichment,1,0,0,0,0,0,,34,,67.5,Walsura pinnata,Walsura,pinnata,Meliaceae,4.6,117.2,14.0,0.868,0.09413391,,1,,21.0,,1,1.0,100.0
Malaysia,Sabah,LG,forest_enrichment,1,0,0,0,0,0,,34,,67.5,Walsura pinnata,Walsura,pinnata,Meliaceae,4.6,117.2,135.0,0.868,0.09413391,,1,,21.0,,1,10.0,70.0
Malaysia,Sabah,LG,forest_enrichment,1,0,0,0,0,0,,34,,67.5,Walsura pinnata,Walsura,pinnata,Meliaceae,4.6,117.2,25.0,0.868,0.09413391,,1,,21.0,,1,2.0,95.0
Malaysia,Sabah,LG,forest_enrichment,1,0,0,0,0,0,,34,,67.5,Walsura pinnata,Walsura,pinnata,Meliaceae,4.6,117.2,41.0,0.868,0.09413391,,1,,21.0,,1,3.0,90.0
Malaysia,Sabah,LG,forest_enrichment,1,0,0,0,0,0,,34,,67.5,Walsura pinnata,Walsura,pinnata,Meliaceae,4.6,117.2,53.0,0.868,0.09413391,,1,,21.0,,1,4.0,80.0
Malaysia,Sabah,LG,forest_enrichment,1,0,0,0,0,0,,34,,67.5,Walsura pinnata,Walsura,pinnata,Meliaceae,4.6,117.2,108.0,0.868,0.09413391,,1,,21.0,,1,7.5,65.0
Malaysia,Sabah,LG,forest_enrichment,1,0,0,0,0,0,,34,,67.5,Diospyros sp,Diospyros,sp.,Ebenaceae,4.6,117.2,14.0,0.7728,0.070823262,,5,,20.0,,1,1.0,95.0
Malaysia,Sabah,LG,forest_enrichment,1,0,0,0,0,0,,34,,67.5,Diospyros sp,Diospyros,sp.,Ebenaceae,4.6,117.2,135.0,0.7728,0.070823262,,5,,20.0,,1,10.0,60.0
Malaysia,Sabah,LG,forest_enrichment,1,0,0,0,0,0,,34,,67.5,Diospyros sp,Diospyros,sp.,Ebenaceae,4.6,117.2,25.0,0.7728,0.070823262,,5,,20.0,,1,2.0,85.0
Malaysia,Sabah,LG,forest_enrichment,1,0,0,0,0,0,,34,,67.5,Diospyros sp,Diospyros,sp.,Ebenaceae,4.6,117.2,41.0,0.7728,0.070823262,,5,,20.0,,1,3.0,75.0
Malaysia,Sabah,LG,forest_enrichment,1,0,0,0,0,0,,34,,67.5,Diospyros sp,Diospyros,sp.,Ebenaceae,4.6,117.2,53.0,0.7728,0.070823262,,5,,20.0,,1,4.0,75.0
Malaysia,Sabah,LG,forest_enrichment,1,0,0,0,0,0,,34,,67.5,Diospyros sp,Diospyros,sp.,Ebenaceae,4.6,117.2,108.0,0.7728,0.070823262,,5,,20.0,,1,7.5,65.0
Malaysia,Sabah,LG,forest_enrichment,1,0,0,0,0,0,,34,,67.5,Dipterocarpus conformis,Dipterocarpus,conformis,Dipterocarpaceae,4.6,117.2,14.0,0.765,0.070823262,,2,,20.0,,1,1.0,90.0
Malaysia,Sabah,LG,forest_enrichment,1,0,0,0,0,0,,34,,67.5,Dipterocarpus conformis,Dipterocarpus,conformis,Dipterocarpaceae,4.6,117.2,135.0,0.765,0.070823262,,2,,20.0,,1,10.0,60.0
Malaysia,Sabah,LG,forest_enrichment,1,0,0,0,0,0,,34,,67.5,Dipterocarpus conformis,Dipterocarpus,conformis,Dipterocarpaceae,4.6,117.2,25.0,0.765,0.070823262,,2,,20.0,,1,2.0,85.0
Malaysia,Sabah,LG,forest_enrichment,1,0,0,0,0,0,,34,,67.5,Dipterocarpus conformis,Dipterocarpus,conformis,Dipterocarpaceae,4.6,117.2,41.0,0.765,0.070823262,,2,,20.0,,1,3.0,85.0
Malaysia,Sabah,LG,forest_enrichment,1,0,0,0,0,0,,34,,67.5,Dipterocarpus conformis,Dipterocarpus,conformis,Dipterocarpaceae,4.6,117.2,53.0,0.765,0.070823262,,2,,20.0,,1,4.0,65.0
Malaysia,Sabah,LG,forest_enrichment,1,0,0,0,0,0,,34,,67.5,Dipterocarpus conformis,Dipterocarpus,conformis,Dipterocarpaceae,4.6,117.2,108.0,0.765,0.070823262,,2,,20.0,,1,7.5,60.0
Malaysia,Sabah,LG,forest_enrichment,1,0,0,0,0,0,,34,,67.5,Dryobalanops keithii,Dryobalanops,keithii,Dipterocarpaceae,4.6,117.2,14.0,0.63,0.070823262,,1,,19.0,,1,1.0,100.0
Malaysia,Sabah,LG,forest_enrichment,1,0,0,0,0,0,,34,,67.5,Dryobalanops keithii,Dryobalanops,keithii,Dipterocarpaceae,4.6,117.2,135.0,0.63,0.070823262,,1,,19.0,,1,10.0,68.42105263
Malaysia,Sabah,LG,forest_enrichment,1,0,0,0,0,0,,34,,67.5,Dryobalanops keithii,Dryobalanops,keithii,Dipterocarpaceae,4.6,117.2,25.0,0.63,0.070823262,,1,,19.0,,1,2.0,78.94736842
Malaysia,Sabah,LG,forest_enrichment,1,0,0,0,0,0,,34,,67.5,Dryobalanops keithii,Dryobalanops,keithii,Dipterocarpaceae,4.6,117.2,41.0,0.63,0.070823262,,1,,19.0,,1,3.0,73.68421053
Malaysia,Sabah,LG,forest_enrichment,1,0,0,0,0,0,,34,,67.5,Dryobalanops keithii,Dryobalanops,keithii,Dipterocarpaceae,4.6,117.2,53.0,0.63,0.070823262,,1,,19.0,,1,4.0,68.42105263
Malaysia,Sabah,LG,forest_enrichment,1,0,0,0,0,0,,34,,67.5,Dryobalanops keithii,Dryobalanops,keithii,Dipterocarpaceae,4.6,117.2,108.0,0.63,0.070823262,,1,,19.0,,1,7.5,68.42105263
Malaysia,Sabah,LG,forest_enrichment,1,0,0,0,0,0,,34,,67.5,Dryobalanops lanceolata,Dryobalanops,lanceolata,Dipterocarpaceae,4.6,117.2,14.0,0.62,0.070823262,,2,,20.0,,1,1.0,100.0
Malaysia,Sabah,LG,forest_enrichment,1,0,0,0,0,0,,34,,67.5,Dryobalanops lanceolata,Dryobalanops,lanceolata,Dipterocarpaceae,4.6,117.2,135.0,0.62,0.070823262,,2,,20.0,,1,10.0,70.0
Malaysia,Sabah,LG,forest_enrichment,1,0,0,0,0,0,,34,,67.5,Dryobalanops lanceolata,Dryobalanops,lanceolata,Dipterocarpaceae,4.6,117.2,25.0,0.62,0.070823262,,2,,20.0,,1,2.0,95.0
Malaysia,Sabah,LG,forest_enrichment,1,0,0,0,0,0,,34,,67.5,Dryobalanops lanceolata,Dryobalanops,lanceolata,Dipterocarpaceae,4.6,117.2,41.0,0.62,0.070823262,,2,,20.0,,1,3.0,85.0
Malaysia,Sabah,LG,forest_enrichment,1,0,0,0,0,0,,34,,67.5,Dryobalanops lanceolata,Dryobalanops,lanceolata,Dipterocarpaceae,4.6,117.2,53.0,0.62,0.070823262,,2,,20.0,,1,4.0,80.0
Malaysia,Sabah,LG,forest_enrichment,1,0,0,0,0,0,,34,,67.5,Dryobalanops lanceolata,Dryobalanops,lanceolata,Dipterocarpaceae,4.6,117.2,108.0,0.62,0.070823262,,2,,20.0,,1,7.5,70.0
Malaysia,Sabah,LG,forest_enrichment,1,0,0,0,0,0,,34,,67.5,Durio sp,Durio,sp,Malvaceae,4.6,117.2,14.0,0.543648148,0.09413391,,18,,20.0,,1,1.0,100.0
Malaysia,Sabah,LG,forest_enrichment,1,0,0,0,0,0,,34,,67.5,Durio sp,Durio,sp,Malvaceae,4.6,117.2,135.0,0.543648148,0.09413391,,18,,20.0,,1,10.0,70.0
Malaysia,Sabah,LG,forest_enrichment,1,0,0,0,0,0,,34,,67.5,Durio sp,Durio,sp,Malvaceae,4.6,117.2,25.0,0.543648148,0.09413391,,18,,20.0,,1,2.0,95.0
Malaysia,Sabah,LG,forest_enrichment,1,0,0,0,0,0,,34,,67.5,Durio sp,Durio,sp,Malvaceae,4.6,117.2,41.0,0.543648148,0.09413391,,18,,20.0,,1,3.0,85.0
Malaysia,Sabah,LG,forest_enrichment,1,0,0,0,0,0,,34,,67.5,Durio sp,Durio,sp,Malvaceae,4.6,117.2,53.0,0.543648148,0.09413391,,18,,20.0,,1,4.0,75.0
Malaysia,Sabah,LG,forest_enrichment,1,0,0,0,0,0,,34,,67.5,Durio sp,Durio,sp,Malvaceae,4.6,117.2,108.0,0.543648148,0.09413391,,18,,20.0,,1,7.5,75.0
Indonesia,South Sumatra,F,open_degraded,0,0,0,0,0,0,,15,,,Shorea pauciflora,Shorea,pauciflora,Dipterocarpaceae,-3.17,104.1669444,7.0,0.5325,0.070823262,,4,,36.0,,0,1.0,90.0
Indonesia,South Sumatra,F,open_degraded,0,0,0,0,0,0,,15,,,Shorea pauciflora,Shorea,pauciflora,Dipterocarpaceae,-3.17,104.1669444,4.0,0.5325,0.070823262,,4,,36.0,,0,9999.0,100.0
Indonesia,South Sumatra,F,open_degraded,0,0,0,0,0,0,,15,,,Alstonia scholaris,Alstonia,scholaris,Apocynaceae,-3.17,104.1669444,7.0,0.382,0.070823262,,10,,36.0,,0,1.0,100.0
Indonesia,South Sumatra,F,open_degraded,0,0,0,0,0,0,,15,,,Alstonia scholaris,Alstonia,scholaris,Apocynaceae,-3.17,104.1669444,4.0,0.382,0.070823262,,10,,36.0,,0,9999.0,100.0
Indonesia,South Sumatra,F,open_degraded,0,0,0,0,0,0,,15,,,Diospyros siamang,Diospyros,siamang,Ebenaceae,-3.17,104.1669444,7.0,0.52,0.070823262,,1,,36.0,,0,1.0,90.0
Indonesia,South Sumatra,F,open_degraded,0,0,0,0,0,0,,15,,,Diospyros siamang,Diospyros,siamang,Ebenaceae,-3.17,104.1669444,4.0,0.52,0.070823262,,1,,36.0,,0,9999.0,100.0
Indonesia,South Sumatra,F,open_degraded,0,0,0,0,0,0,,15,,,Dyera polyphylla,Dyera,polyphylla,Apocynaceae,-3.17,104.1669444,7.0,0.33,0.070823262,,1,,36.0,,0,1.0,100.0
Indonesia,South Sumatra,F,open_degraded,0,0,0,0,0,0,,15,,,Dyera polyphylla,Dyera,polyphylla,Apocynaceae,-3.17,104.1669444,4.0,0.33,0.070823262,,1,,36.0,,0,9999.0,100.0
Indonesia,South Sumatra,F,open_degraded,0,0,0,0,0,0,,15,,,Endospermum duodenum,Endospermum,duodenum,Euphorbiaceae,-3.17,104.1669444,7.0,0.349185185,0.09413391,,9,,36.0,,0,1.0,100.0
Indonesia,South Sumatra,F,open_degraded,0,0,0,0,0,0,,15,,,Endospermum duodenum,Endospermum,duodenum,Euphorbiaceae,-3.17,104.1669444,4.0,0.349185185,0.09413391,,9,,36.0,,0,9999.0,100.0
Indonesia,South Sumatra,F,open_degraded,0,0,0,0,0,0,,15,,,Alstonia pneumatophora,Alstonia,pneumatophora,Apocynaceae,-3.17,104.1669444,7.0,0.295,0.070823262,,2,,36.0,,0,1.0,90.0
Indonesia,South Sumatra,F,open_degraded,0,0,0,0,0,0,,15,,,Alstonia pneumatophora,Alstonia,pneumatophora,Apocynaceae,-3.17,104.1669444,4.0,0.295,0.070823262,,2,,36.0,,0,9999.0,100.0
Indonesia,South Sumatra,F,open_degraded,0,0,0,0,0,0,,15,,,Aquilaria malaccensis,Aquilaria,malaccensis,Thymelaeaceae,-3.17,104.1669444,7.0,0.32,0.070823262,,2,,36.0,,0,1.0,100.0
Indonesia,South Sumatra,F,open_degraded,0,0,0,0,0,0,,15,,,Aquilaria malaccensis,Aquilaria,malaccensis,Thymelaeaceae,-3.17,104.1669444,4.0,0.32,0.070823262,,2,,36.0,,0,9999.0,100.0
Indonesia,South Sumatra,F,open_degraded,0,0,0,0,0,0,,15,,,Hopea mengarawan,Hopea,mengarawan,Dipterocarpaceae,-3.17,104.1669444,7.0,0.56,0.070823262,,2,,36.0,,0,1.0,100.0
Indonesia,South Sumatra,F,open_degraded,0,0,0,0,0,0,,15,,,Hopea mengarawan,Hopea,mengarawan,Dipterocarpaceae,-3.17,104.1669444,4.0,0.56,0.070823262,,2,,36.0,,0,9999.0,100.0
Indonesia,South Sumatra,F,open_degraded,0,0,0,0,0,0,,15,,,Fagraea fragrans,Fagraea,fragrans,Gentianaceae,-3.17,104.1669444,7.0,0.688,0.070823262,,4,,36.0,,0,1.0,100.0
Indonesia,South Sumatra,F,open_degraded,0,0,0,0,0,0,,15,,,Fagraea fragrans,Fagraea,fragrans,Gentianaceae,-3.17,104.1669444,4.0,0.688,0.070823262,,4,,36.0,,0,9999.0,100.0
Indonesia,South Sumatra,F,open_degraded,0,0,0,0,0,0,,15,,,Dialium indum,Dialium,indum,Fabaceae,-3.17,104.1669444,7.0,0.82,0.070823262,,3,,36.0,,0,1.0,100.0
Indonesia,South Sumatra,F,open_degraded,0,0,0,0,0,0,,15,,,Dialium indum,Dialium,indum,Fabaceae,-3.17,104.1669444,4.0,0.82,0.070823262,,3,,36.0,,0,9999.0,100.0
Malaysia,Sabah,LG,forest_enrichment,0,0,0,0,0,0,,5,,,Duabanga moluccana,Duabanga,moluccana,Lythraceae,4.966666667,117.8,12.0,0.332333333,0.070823262,,3,,96.0,,0,1.0,35.0
Malaysia,Sabah,LG,forest_enrichment,0,0,0,0,0,0,,5,,,Octomeles sumatrana,Octomeles,sumatrana,Tetramelaceae,4.966666667,117.8,12.0,0.301,0.09413391,,1,,96.0,,0,1.0,50.0
Malaysia,Sabah,LG,forest_enrichment,0,0,0,0,0,0,,5,,,Macaranga pearsonii,Macaranga,pearsonii,Euphorbiaceae,4.966666667,117.8,12.0,0.382929167,0.09413391,,40,,96.0,,0,1.0,67.0
Malaysia,Sabah,LG,forest_enrichment,0,0,0,0,0,0,,5,,,Macaranga gigantea,Macaranga,gigantea,Euphorbiaceae,4.966666667,117.8,12.0,0.295,0.070823262,,2,,96.0,,0,1.0,63.0
Malaysia,Sabah,LG,forest_enrichment,0,0,0,0,0,0,,5,,,Neonauclea longipedunculata,Neonauclea,longipedunculata,Rubiaceae,4.966666667,117.8,12.0,0.650794118,0.09413391,,17,,96.0,,0,1.0,78.0
Malaysia,Sabah,LG,forest_enrichment,0,0,0,0,0,0,,5,,,Octomeles sumatrana,Octomeles,sumatrana,Tetramelaceae,4.966666667,117.8,12.0,0.301,0.09413391,,1,,96.0,,0,1.0,74.0
Malaysia,Sabah,LG,forest_enrichment,0,0,0,0,0,0,,5,,,Duabanga moluccana,Duabanga,moluccana,Lythraceae,4.966666667,117.8,12.0,0.332333333,0.070823262,,3,,96.0,,0,1.0,27.0
Malaysia,Sabah,LG,forest_enrichment,0,0,0,0,0,0,,5,,,Macaranga pearsonii,Macaranga,pearsonii,Euphorbiaceae,4.966666667,117.8,12.0,0.382929167,0.09413391,,40,,96.0,,0,1.0,52.0
Malaysia,Sabah,LG,forest_enrichment,0,0,0,0,0,0,,5,,,Macaranga gigantea,Macaranga,gigantea,Euphorbiaceae,4.966666667,117.8,12.0,0.295,0.070823262,,2,,96.0,,0,1.0,35.0
Malaysia,Sabah,LG,forest_enrichment,0,0,0,0,0,0,,5,,,Neonauclea longipedunculata,Neonauclea,longipedunculata,Rubiaceae,4.966666667,117.8,12.0,0.650794118,0.09413391,,17,,96.0,,0,1.0,62.0
Malaysia,Sarawak,AG,open_degraded,1,0,0,0,0,0,,1,12.0,,Dryobalanops beccarii,Dryobalanops,beccarii,Dipterocarpaceae,3.65,113.7,12.0,0.503333333,0.070823262,,3,,36.0,,1,1.0,28.88462515
Malaysia,Sarawak,AG,open_degraded,1,0,0,0,0,0,,1,12.0,,Dryobalanops beccarii,Dryobalanops,beccarii,Dipterocarpaceae,3.65,113.7,24.0,0.503333333,0.070823262,,3,,36.0,,1,2.0,16.1536074
Malaysia,Sarawak,AG,open_degraded,1,0,0,0,0,0,,1,12.0,,Dryobalanops beccarii,Dryobalanops,beccarii,Dipterocarpaceae,3.65,113.7,36.0,0.503333333,0.070823262,,3,,36.0,,1,3.0,15.72754719
Malaysia,Sarawak,AG,open_degraded,1,0,0,0,0,0,,1,12.0,,Dryobalanops beccarii,Dryobalanops,beccarii,Dipterocarpaceae,3.65,113.7,50.0,0.503333333,0.070823262,,3,,36.0,,1,4.0,12.81002229
Malaysia,Sarawak,AG,open_degraded,1,0,0,0,0,0,,1,12.0,,Dryobalanops beccarii,Dryobalanops,beccarii,Dipterocarpaceae,3.65,113.7,81.0,0.503333333,0.070823262,,3,,36.0,,1,7.5,6.69845659
Malaysia,Sarawak,AG,open_degraded,1,0,0,0,0,0,,1,12.0,,Dryobalanops beccarii,Dryobalanops,beccarii,Dipterocarpaceae,3.65,113.7,1.0,0.503333333,0.070823262,,3,,36.0,,1,9999.0,94.40196383
Malaysia,Sarawak,AG,forest_enrichment,1,0,0,0,0,0,,1,12.0,,Shorea parvifolia,Shorea,parvifolia,Dipterocarpaceae,3.65,113.7,12.0,0.405,0.070823262,,2,,36.0,,1,1.0,65.03864942
Malaysia,Sarawak,AG,forest_enrichment,1,0,0,0,0,0,,1,12.0,,Shorea parvifolia,Shorea,parvifolia,Dipterocarpaceae,3.65,113.7,24.0,0.405,0.070823262,,2,,36.0,,1,2.0,61.20646091
Malaysia,Sarawak,AG,forest_enrichment,1,0,0,0,0,0,,1,12.0,,Shorea parvifolia,Shorea,parvifolia,Dipterocarpaceae,3.65,113.7,36.0,0.405,0.070823262,,2,,36.0,,1,3.0,53.66841977
Malaysia,Sarawak,AG,forest_enrichment,1,0,0,0,0,0,,1,12.0,,Shorea parvifolia,Shorea,parvifolia,Dipterocarpaceae,3.65,113.7,50.0,0.405,0.070823262,,2,,36.0,,1,4.0,45.45190814
Malaysia,Sarawak,AG,forest_enrichment,1,0,0,0,0,0,,1,12.0,,Shorea parvifolia,Shorea,parvifolia,Dipterocarpaceae,3.65,113.7,81.0,0.405,0.070823262,,2,,36.0,,1,7.5,24.6641961
Malaysia,Sarawak,AG,forest_enrichment,1,0,0,0,0,0,,1,12.0,,Shorea parvifolia,Shorea,parvifolia,Dipterocarpaceae,3.65,113.7,1.0,0.405,0.070823262,,2,,36.0,,1,9999.0,90.34793839
Malaysia,Sarawak,AG,forest_enrichment,1,0,0,0,0,0,,1,12.0,,Shorea seminis,Shorea,seminis,Dipterocarpaceae,3.65,113.7,12.0,0.72,0.070823262,,1,,36.0,,1,1.0,68.96909918
Malaysia,Sarawak,AG,forest_enrichment,1,0,0,0,0,0,,1,12.0,,Shorea seminis,Shorea,seminis,Dipterocarpaceae,3.65,113.7,24.0,0.72,0.070823262,,1,,36.0,,1,2.0,63.97493246
Malaysia,Sarawak,AG,forest_enrichment,1,0,0,0,0,0,,1,12.0,,Shorea seminis,Shorea,seminis,Dipterocarpaceae,3.65,113.7,36.0,0.72,0.070823262,,1,,36.0,,1,3.0,61.05049068
Malaysia,Sarawak,AG,forest_enrichment,1,0,0,0,0,0,,1,12.0,,Shorea seminis,Shorea,seminis,Dipterocarpaceae,3.65,113.7,50.0,0.72,0.070823262,,1,,36.0,,1,4.0,59.30206442
Malaysia,Sarawak,AG,forest_enrichment,1,0,0,0,0,0,,1,12.0,,Shorea seminis,Shorea,seminis,Dipterocarpaceae,3.65,113.7,81.0,0.72,0.070823262,,1,,36.0,,1,7.5,50.52405997
Malaysia,Sarawak,AG,forest_enrichment,1,0,0,0,0,0,,1,12.0,,Shorea seminis,Shorea,seminis,Dipterocarpaceae,3.65,113.7,3.0,0.72,0.070823262,,1,,36.0,,1,9999.0,86.67951861
Malaysia,Sarawak,AG,forest_enrichment,1,0,0,0,0,0,,1,12.0,,Shorea virescens,Shorea,virescens,Dipterocarpaceae,3.65,113.7,12.0,0.435,0.070823262,,2,,36.0,,1,1.0,92.74364109
Malaysia,Sarawak,AG,forest_enrichment,1,0,0,0,0,0,,1,12.0,,Shorea virescens,Shorea,virescens,Dipterocarpaceae,3.65,113.7,24.0,0.435,0.070823262,,2,,36.0,,1,2.0,86.82145152
Malaysia,Sarawak,AG,forest_enrichment,1,0,0,0,0,0,,1,12.0,,Shorea virescens,Shorea,virescens,Dipterocarpaceae,3.65,113.7,36.0,0.435,0.070823262,,2,,36.0,,1,3.0,86.89163812
Malaysia,Sarawak,AG,forest_enrichment,1,0,0,0,0,0,,1,12.0,,Shorea virescens,Shorea,virescens,Dipterocarpaceae,3.65,113.7,50.0,0.435,0.070823262,,2,,36.0,,1,4.0,84.92641325
Malaysia,Sarawak,AG,forest_enrichment,1,0,0,0,0,0,,1,12.0,,Shorea virescens,Shorea,virescens,Dipterocarpaceae,3.65,113.7,81.0,0.435,0.070823262,,2,,36.0,,1,7.5,81.6853519
Malaysia,Sarawak,AG,forest_enrichment,1,0,0,0,0,0,,1,12.0,,Shorea virescens,Shorea,virescens,Dipterocarpaceae,3.65,113.7,3.0,0.435,0.070823262,,2,,36.0,,1,9999.0,95.21420951
Malaysia,Sarawak,LG,forest_enrichment,1,0,0,0,0,0,,1,12.0,,Dryobalanops beccarii,Dryobalanops,beccarii,Dipterocarpaceae,3.65,113.7,12.0,0.503333333,0.070823262,,3,,36.0,,1,1.0,69.41427106
Malaysia,Sarawak,LG,forest_enrichment,1,0,0,0,0,0,,1,12.0,,Dryobalanops beccarii,Dryobalanops,beccarii,Dipterocarpaceae,3.65,113.7,24.0,0.503333333,0.070823262,,3,,36.0,,1,2.0,55.73104337
Malaysia,Sarawak,LG,forest_enrichment,1,0,0,0,0,0,,1,12.0,,Dryobalanops beccarii,Dryobalanops,beccarii,Dipterocarpaceae,3.65,113.7,36.0,0.503333333,0.070823262,,3,,36.0,,1,3.0,49.08471634
Malaysia,Sarawak,LG,forest_enrichment,1,0,0,0,0,0,,1,12.0,,Dryobalanops beccarii,Dryobalanops,beccarii,Dipterocarpaceae,3.65,113.7,50.0,0.503333333,0.070823262,,3,,36.0,,1,4.0,46.65711054
Malaysia,Sarawak,LG,forest_enrichment,1,0,0,0,0,0,,1,12.0,,Dryobalanops beccarii,Dryobalanops,beccarii,Dipterocarpaceae,3.65,113.7,81.0,0.503333333,0.070823262,,3,,36.0,,1,7.5,44.82851582
Malaysia,Sarawak,LG,forest_enrichment,1,0,0,0,0,0,,1,12.0,,Dryobalanops beccarii,Dryobalanops,beccarii,Dipterocarpaceae,3.65,113.7,3.0,0.503333333,0.070823262,,3,,36.0,,1,9999.0,93.41285079
Malaysia,Sarawak,LG,forest_enrichment,1,0,0,0,0,0,,1,12.0,,Parashorea macrophylla,Parashorea,macrophylla,Dipterocarpaceae,3.65,113.7,12.0,0.53,0.070823262,,1,,36.0,,1,1.0,67.53899161
Malaysia,Sarawak,LG,forest_enrichment,1,0,0,0,0,0,,1,12.0,,Parashorea macrophylla,Parashorea,macrophylla,Dipterocarpaceae,3.65,113.7,24.0,0.53,0.070823262,,1,,36.0,,1,2.0,54.32655638
Malaysia,Sarawak,LG,forest_enrichment,1,0,0,0,0,0,,1,12.0,,Parashorea macrophylla,Parashorea,macrophylla,Dipterocarpaceae,3.65,113.7,36.0,0.53,0.070823262,,1,,36.0,,1,3.0,42.74940165
Malaysia,Sarawak,LG,forest_enrichment,1,0,0,0,0,0,,1,12.0,,Parashorea macrophylla,Parashorea,macrophylla,Dipterocarpaceae,3.65,113.7,50.0,0.53,0.070823262,,1,,36.0,,1,4.0,41.25549039
Malaysia,Sarawak,LG,forest_enrichment,1,0,0,0,0,0,,1,12.0,,Parashorea macrophylla,Parashorea,macrophylla,Dipterocarpaceae,3.65,113.7,81.0,0.53,0.070823262,,1,,36.0,,1,7.5,40.37374083
Malaysia,Sarawak,LG,forest_enrichment,1,0,0,0,0,0,,1,12.0,,Parashorea macrophylla,Parashorea,macrophylla,Dipterocarpaceae,3.65,113.7,3.0,0.53,0.070823262,,1,,36.0,,1,9999.0,85.66910392
Malaysia,Sarawak,LG,forest_enrichment,1,0,0,0,0,0,,1,12.0,,Shorea macrophylla,Shorea,macrophylla,Dipterocarpaceae,3.65,113.7,12.0,0.32,0.070823262,,1,,36.0,,1,1.0,98.76055338
Malaysia,Sarawak,LG,forest_enrichment,1,0,0,0,0,0,,1,12.0,,Shorea macrophylla,Shorea,macrophylla,Dipterocarpaceae,3.65,113.7,24.0,0.32,0.070823262,,1,,36.0,,1,2.0,91.41395545
Malaysia,Sarawak,LG,forest_enrichment,1,0,0,0,0,0,,1,12.0,,Shorea macrophylla,Shorea,macrophylla,Dipterocarpaceae,3.65,113.7,36.0,0.32,0.070823262,,1,,36.0,,1,3.0,86.64422293
Malaysia,Sarawak,LG,forest_enrichment,1,0,0,0,0,0,,1,12.0,,Shorea macrophylla,Shorea,macrophylla,Dipterocarpaceae,3.65,113.7,50.0,0.32,0.070823262,,1,,36.0,,1,4.0,86.33058047
Malaysia,Sarawak,LG,forest_enrichment,1,0,0,0,0,0,,1,12.0,,Shorea macrophylla,Shorea,macrophylla,Dipterocarpaceae,3.65,113.7,81.0,0.32,0.070823262,,1,,36.0,,1,7.5,49.05512743
Malaysia,Sarawak,LG,forest_enrichment,1,0,0,0,0,0,,1,12.0,,Shorea parvifolia,Shorea,parvifolia,Dipterocarpaceae,3.65,113.7,12.0,0.405,0.070823262,,2,,36.0,,1,1.0,71.9937666
Malaysia,Sarawak,LG,forest_enrichment,1,0,0,0,0,0,,1,12.0,,Shorea parvifolia,Shorea,parvifolia,Dipterocarpaceae,3.65,113.7,24.0,0.405,0.070823262,,2,,36.0,,1,2.0,38.5911733
Malaysia,Sarawak,LG,forest_enrichment,1,0,0,0,0,0,,1,12.0,,Shorea parvifolia,Shorea,parvifolia,Dipterocarpaceae,3.65,113.7,36.0,0.405,0.070823262,,2,,36.0,,1,3.0,29.13718734
Malaysia,Sarawak,LG,forest_enrichment,1,0,0,0,0,0,,1,12.0,,Shorea parvifolia,Shorea,parvifolia,Dipterocarpaceae,3.65,113.7,50.0,0.405,0.070823262,,2,,36.0,,1,4.0,26.22958365
Malaysia,Sarawak,LG,forest_enrichment,1,0,0,0,0,0,,1,12.0,,Shorea parvifolia,Shorea,parvifolia,Dipterocarpaceae,3.65,113.7,81.0,0.405,0.070823262,,2,,36.0,,1,7.5,17.84014097
Malaysia,Sarawak,LG,forest_enrichment,1,0,0,0,0,0,,1,12.0,,Shorea seminis,Shorea,seminis,Dipterocarpaceae,3.65,113.7,12.0,0.72,0.070823262,,1,,36.0,,1,1.0,94.76079009
Malaysia,Sarawak,LG,forest_enrichment,1,0,0,0,0,0,,1,12.0,,Shorea seminis,Shorea,seminis,Dipterocarpaceae,3.65,113.7,24.0,0.72,0.070823262,,1,,36.0,,1,2.0,96.09689382
Malaysia,Sarawak,LG,forest_enrichment,1,0,0,0,0,0,,1,12.0,,Shorea seminis,Shorea,seminis,Dipterocarpaceae,3.65,113.7,36.0,0.72,0.070823262,,1,,36.0,,1,3.0,81.47997159
Malaysia,Sarawak,LG,forest_enrichment,1,0,0,0,0,0,,1,12.0,,Shorea seminis,Shorea,seminis,Dipterocarpaceae,3.65,113.7,50.0,0.72,0.070823262,,1,,36.0,,1,4.0,76.46497988
Malaysia,Sarawak,LG,forest_enrichment,1,0,0,0,0,0,,1,12.0,,Shorea seminis,Shorea,seminis,Dipterocarpaceae,3.65,113.7,81.0,0.72,0.070823262,,1,,36.0,,1,7.5,66.90184372
Malaysia,Sarawak,LG,forest_enrichment,1,0,0,0,0,0,,1,12.0,,Shorea seminis,Shorea,seminis,Dipterocarpaceae,3.65,113.7,3.0,0.72,0.070823262,,1,,36.0,,1,9999.0,97.16472476
Malaysia,Sarawak,LG,forest_enrichment,1,0,0,0,0,0,,1,12.0,,Shorea virescens,Shorea,virescens,Dipterocarpaceae,3.65,113.7,12.0,0.435,0.070823262,,2,,36.0,,1,1.0,97.34554588
Malaysia,Sarawak,LG,forest_enrichment,1,0,0,0,0,0,,1,12.0,,Shorea virescens,Shorea,virescens,Dipterocarpaceae,3.65,113.7,24.0,0.435,0.070823262,,2,,36.0,,1,2.0,72.38828542
Malaysia,Sarawak,LG,forest_enrichment,1,0,0,0,0,0,,1,12.0,,Shorea virescens,Shorea,virescens,Dipterocarpaceae,3.65,113.7,36.0,0.435,0.070823262,,2,,36.0,,1,3.0,65.51905526
Malaysia,Sarawak,LG,forest_enrichment,1,0,0,0,0,0,,1,12.0,,Shorea virescens,Shorea,virescens,Dipterocarpaceae,3.65,113.7,50.0,0.435,0.070823262,,2,,36.0,,1,4.0,60.2745851
Malaysia,Sarawak,LG,forest_enrichment,1,0,0,0,0,0,,1,12.0,,Shorea virescens,Shorea,virescens,Dipterocarpaceae,3.65,113.7,81.0,0.435,0.070823262,,2,,36.0,,1,7.5,57.03229794
Malaysia,Sarawak,AG,open_degraded,1,0,0,0,0,0,,1,12.0,,Parashorea macrophylla,Parashorea,macrophylla,Dipterocarpaceae,3.65,113.7,12.0,0.53,0.070823262,,1,,36.0,,1,1.0,34.75635563
Malaysia,Sarawak,AG,open_degraded,1,0,0,0,0,0,,1,12.0,,Parashorea macrophylla,Parashorea,macrophylla,Dipterocarpaceae,3.65,113.7,24.0,0.53,0.070823262,,1,,36.0,,1,2.0,17.00008465
Malaysia,Sarawak,AG,open_degraded,1,0,0,0,0,0,,1,12.0,,Parashorea macrophylla,Parashorea,macrophylla,Dipterocarpaceae,3.65,113.7,36.0,0.53,0.070823262,,1,,36.0,,1,3.0,10.69947236
Malaysia,Sarawak,AG,open_degraded,1,0,0,0,0,0,,1,12.0,,Parashorea macrophylla,Parashorea,macrophylla,Dipterocarpaceae,3.65,113.7,50.0,0.53,0.070823262,,1,,36.0,,1,4.0,6.661775909
Malaysia,Sarawak,AG,open_degraded,1,0,0,0,0,0,,1,12.0,,Parashorea macrophylla,Parashorea,macrophylla,Dipterocarpaceae,3.65,113.7,81.0,0.53,0.070823262,,1,,36.0,,1,7.5,6.709742953
Malaysia,Sarawak,AG,open_degraded,1,0,0,0,0,0,,1,12.0,,Parashorea macrophylla,Parashorea,macrophylla,Dipterocarpaceae,3.65,113.7,1.0,0.53,0.070823262,,1,,36.0,,1,9999.0,95.51367061
Malaysia,Sarawak,AG,open_degraded,1,0,0,0,0,0,,1,12.0,,Shorea macrophylla,Shorea,macrophylla,Dipterocarpaceae,3.65,113.7,12.0,0.32,0.070823262,,1,,36.0,,1,1.0,40.61962134
Malaysia,Sarawak,AG,open_degraded,1,0,0,0,0,0,,1,12.0,,Shorea macrophylla,Shorea,macrophylla,Dipterocarpaceae,3.65,113.7,24.0,0.32,0.070823262,,1,,36.0,,1,2.0,13.65085635
Malaysia,Sarawak,AG,open_degraded,1,0,0,0,0,0,,1,12.0,,Shorea macrophylla,Shorea,macrophylla,Dipterocarpaceae,3.65,113.7,36.0,0.32,0.070823262,,1,,36.0,,1,3.0,3.738607827
Malaysia,Sarawak,AG,open_degraded,1,0,0,0,0,0,,1,12.0,,Shorea macrophylla,Shorea,macrophylla,Dipterocarpaceae,3.65,113.7,50.0,0.32,0.070823262,,1,,36.0,,1,4.0,3.030388533
Malaysia,Sarawak,AG,open_degraded,1,0,0,0,0,0,,1,12.0,,Shorea macrophylla,Shorea,macrophylla,Dipterocarpaceae,3.65,113.7,81.0,0.32,0.070823262,,1,,36.0,,1,7.5,0.843655653
Malaysia,Sarawak,AG,open_degraded,1,0,0,0,0,0,,1,12.0,,Shorea macrophylla,Shorea,macrophylla,Dipterocarpaceae,3.65,113.7,1.0,0.32,0.070823262,,1,,36.0,,1,9999.0,94.40760701
Malaysia,Sarawak,AG,open_degraded,1,0,0,0,0,0,,1,12.0,,Shorea parvifolia,Shorea,parvifolia,Dipterocarpaceae,3.65,113.7,12.0,0.405,0.070823262,,2,,36.0,,1,1.0,43.13083717
Malaysia,Sarawak,AG,open_degraded,1,0,0,0,0,0,,1,12.0,,Shorea parvifolia,Shorea,parvifolia,Dipterocarpaceae,3.65,113.7,24.0,0.405,0.070823262,,2,,36.0,,1,2.0,30.41110578
Malaysia,Sarawak,AG,open_degraded,1,0,0,0,0,0,,1,12.0,,Shorea parvifolia,Shorea,parvifolia,Dipterocarpaceae,3.65,113.7,36.0,0.405,0.070823262,,2,,36.0,,1,3.0,27.47100815
Malaysia,Sarawak,AG,open_degraded,1,0,0,0,0,0,,1,12.0,,Shorea parvifolia,Shorea,parvifolia,Dipterocarpaceae,3.65,113.7,50.0,0.405,0.070823262,,2,,36.0,,1,4.0,22.57836968
Malaysia,Sarawak,AG,open_degraded,1,0,0,0,0,0,,1,12.0,,Shorea parvifolia,Shorea,parvifolia,Dipterocarpaceae,3.65,113.7,81.0,0.405,0.070823262,,2,,36.0,,1,7.5,19.27993002
Malaysia,Sarawak,AG,open_degraded,1,0,0,0,0,0,,1,12.0,,Shorea parvifolia,Shorea,parvifolia,Dipterocarpaceae,3.65,113.7,1.0,0.405,0.070823262,,2,,36.0,,1,9999.0,94.69258768
Malaysia,Sarawak,AG,open_degraded,1,0,0,0,0,0,,1,12.0,,Shorea seminis,Shorea,seminis,Dipterocarpaceae,3.65,113.7,12.0,0.72,0.070823262,,1,,36.0,,1,1.0,51.24008916
Malaysia,Sarawak,AG,open_degraded,1,0,0,0,0,0,,1,12.0,,Shorea seminis,Shorea,seminis,Dipterocarpaceae,3.65,113.7,24.0,0.72,0.070823262,,1,,36.0,,1,2.0,51.64357665
Malaysia,Sarawak,AG,open_degraded,1,0,0,0,0,0,,1,12.0,,Shorea seminis,Shorea,seminis,Dipterocarpaceae,3.65,113.7,36.0,0.72,0.070823262,,1,,36.0,,1,3.0,50.37103919
Malaysia,Sarawak,AG,open_degraded,1,0,0,0,0,0,,1,12.0,,Shorea seminis,Shorea,seminis,Dipterocarpaceae,3.65,113.7,50.0,0.72,0.070823262,,1,,36.0,,1,4.0,47.72156542
Malaysia,Sarawak,AG,open_degraded,1,0,0,0,0,0,,1,12.0,,Shorea seminis,Shorea,seminis,Dipterocarpaceae,3.65,113.7,81.0,0.72,0.070823262,,1,,36.0,,1,7.5,45.54329731
Malaysia,Sarawak,AG,open_degraded,1,0,0,0,0,0,,1,12.0,,Shorea seminis,Shorea,seminis,Dipterocarpaceae,3.65,113.7,1.0,0.72,0.070823262,,1,,36.0,,1,9999.0,89.38235377
Malaysia,Sarawak,AG,open_degraded,1,0,0,0,0,0,,1,12.0,,Shorea virescens,Shorea,virescens,Dipterocarpaceae,3.65,113.7,12.0,0.435,0.070823262,,2,,36.0,,1,1.0,51.51378347
Malaysia,Sarawak,AG,open_degraded,1,0,0,0,0,0,,1,12.0,,Shorea virescens,Shorea,virescens,Dipterocarpaceae,3.65,113.7,24.0,0.435,0.070823262,,2,,36.0,,1,2.0,38.50624982
Malaysia,Sarawak,AG,open_degraded,1,0,0,0,0,0,,1,12.0,,Shorea virescens,Shorea,virescens,Dipterocarpaceae,3.65,113.7,36.0,0.435,0.070823262,,2,,36.0,,1,3.0,39.19189639
Malaysia,Sarawak,AG,open_degraded,1,0,0,0,0,0,,1,12.0,,Shorea virescens,Shorea,virescens,Dipterocarpaceae,3.65,113.7,50.0,0.435,0.070823262,,2,,36.0,,1,4.0,36.2715499
Malaysia,Sarawak,AG,open_degraded,1,0,0,0,0,0,,1,12.0,,Shorea virescens,Shorea,virescens,Dipterocarpaceae,3.65,113.7,81.0,0.435,0.070823262,,2,,36.0,,1,7.5,11.46412347
Malaysia,Sarawak,AG,open_degraded,1,0,0,0,0,0,,1,12.0,,Shorea virescens,Shorea,virescens,Dipterocarpaceae,3.65,113.7,1.0,0.435,0.070823262,,2,,36.0,,1,9999.0,89.09455151
Malaysia,Sarawak,AG,forest_enrichment,1,0,0,0,0,0,,1,12.0,,Dryobalanops beccarii,Dryobalanops,beccarii,Dipterocarpaceae,3.65,113.7,12.0,0.503333333,0.070823262,,3,,36.0,,1,1.0,62.27173757
Malaysia,Sarawak,AG,forest_enrichment,1,0,0,0,0,0,,1,12.0,,Dryobalanops beccarii,Dryobalanops,beccarii,Dipterocarpaceae,3.65,113.7,24.0,0.503333333,0.070823262,,3,,36.0,,1,2.0,62.81763337
Malaysia,Sarawak,AG,forest_enrichment,1,0,0,0,0,0,,1,12.0,,Dryobalanops beccarii,Dryobalanops,beccarii,Dipterocarpaceae,3.65,113.7,36.0,0.503333333,0.070823262,,3,,36.0,,1,3.0,56.8985632
Malaysia,Sarawak,AG,forest_enrichment,1,0,0,0,0,0,,1,12.0,,Dryobalanops beccarii,Dryobalanops,beccarii,Dipterocarpaceae,3.65,113.7,50.0,0.503333333,0.070823262,,3,,36.0,,1,4.0,53.53272567
Malaysia,Sarawak,AG,forest_enrichment,1,0,0,0,0,0,,1,12.0,,Dryobalanops beccarii,Dryobalanops,beccarii,Dipterocarpaceae,3.65,113.7,81.0,0.503333333,0.070823262,,3,,36.0,,1,7.5,51.44428432
Malaysia,Sarawak,AG,forest_enrichment,1,0,0,0,0,0,,1,12.0,,Dryobalanops beccarii,Dryobalanops,beccarii,Dipterocarpaceae,3.65,113.7,1.0,0.503333333,0.070823262,,3,,36.0,,1,9999.0,94.26279112
Malaysia,Sarawak,AG,forest_enrichment,1,0,0,0,0,0,,1,12.0,,Parashorea macrophylla,Parashorea,macrophylla,Dipterocarpaceae,3.65,113.7,12.0,0.53,0.070823262,,1,,36.0,,1,1.0,87.20201888
Malaysia,Sarawak,AG,forest_enrichment,1,0,0,0,0,0,,1,12.0,,Parashorea macrophylla,Parashorea,macrophylla,Dipterocarpaceae,3.65,113.7,24.0,0.53,0.070823262,,1,,36.0,,1,2.0,86.82457093
Malaysia,Sarawak,AG,forest_enrichment,1,0,0,0,0,0,,1,12.0,,Parashorea macrophylla,Parashorea,macrophylla,Dipterocarpaceae,3.65,113.7,36.0,0.53,0.070823262,,1,,36.0,,1,3.0,87.59350415
Malaysia,Sarawak,AG,forest_enrichment,1,0,0,0,0,0,,1,12.0,,Parashorea macrophylla,Parashorea,macrophylla,Dipterocarpaceae,3.65,113.7,50.0,0.53,0.070823262,,1,,36.0,,1,4.0,81.69159071
Malaysia,Sarawak,AG,forest_enrichment,1,0,0,0,0,0,,1,12.0,,Parashorea macrophylla,Parashorea,macrophylla,Dipterocarpaceae,3.65,113.7,81.0,0.53,0.070823262,,1,,36.0,,1,7.5,81.90994903
Malaysia,Sarawak,AG,forest_enrichment,1,0,0,0,0,0,,1,12.0,,Parashorea macrophylla,Parashorea,macrophylla,Dipterocarpaceae,3.65,113.7,1.0,0.53,0.070823262,,1,,36.0,,1,9999.0,94.95997804
Malaysia,Sarawak,AG,forest_enrichment,1,0,0,0,0,0,,1,12.0,,Shorea macrophylla,Shorea,macrophylla,Dipterocarpaceae,3.65,113.7,12.0,0.32,0.070823262,,1,,36.0,,1,1.0,77.74242453
Malaysia,Sarawak,AG,forest_enrichment,1,0,0,0,0,0,,1,12.0,,Shorea macrophylla,Shorea,macrophylla,Dipterocarpaceae,3.65,113.7,24.0,0.32,0.070823262,,1,,36.0,,1,2.0,77.82040964
Malaysia,Sarawak,AG,forest_enrichment,1,0,0,0,0,0,,1,12.0,,Shorea macrophylla,Shorea,macrophylla,Dipterocarpaceae,3.65,113.7,36.0,0.32,0.070823262,,1,,36.0,,1,3.0,64.97938074
Malaysia,Sarawak,AG,forest_enrichment,1,0,0,0,0,0,,1,12.0,,Shorea macrophylla,Shorea,macrophylla,Dipterocarpaceae,3.65,113.7,50.0,0.32,0.070823262,,1,,36.0,,1,4.0,61.84905825
Malaysia,Sarawak,AG,forest_enrichment,1,0,0,0,0,0,,1,12.0,,Shorea macrophylla,Shorea,macrophylla,Dipterocarpaceae,3.65,113.7,81.0,0.32,0.070823262,,1,,36.0,,1,7.5,51.67044115
Malaysia,Sarawak,AG,forest_enrichment,1,0,0,0,0,0,,1,12.0,,Shorea macrophylla,Shorea,macrophylla,Dipterocarpaceae,3.65,113.7,1.0,0.32,0.070823262,,1,,36.0,,1,9999.0,94.27370903
Malaysia,,LG,forest_enrichment,1,0,0,0,0,0,,1,12.0,,Shorea curtisii,Shorea,curtisii,Dipterocarpaceae,4.533333333,101.2166667,216.0,0.526666667,0.070823262,,3,,150.0,,1,10.0,25.0
Malaysia,,LG,forest_enrichment,1,0,0,0,0,0,,1,12.0,,Shorea curtisii,Shorea,curtisii,Dipterocarpaceae,4.533333333,101.2166667,216.0,0.526666667,0.070823262,,3,,350.0,,1,10.0,22.0
Malaysia,,LG,forest_enrichment,1,0,0,0,0,0,,1,12.0,,Shorea curtisii,Shorea,curtisii,Dipterocarpaceae,4.533333333,101.2166667,216.0,0.526666667,0.070823262,,3,,600.0,,1,10.0,34.0
Malaysia,,LG,forest_enrichment,1,0,0,0,0,0,,1,12.0,,Shorea curtisii,Shorea,curtisii,Dipterocarpaceae,4.533333333,101.2166667,216.0,0.526666667,0.070823262,,3,,900.0,,1,10.0,40.0
Thailand,Chiang Mai,F,open_degraded,1,0,0,0,0,0,,6,3.0,,Beilschmiedia sp,Beilschmiedia,sp.,Lauraceae,18.83333333,98.83333333,4.0,0.606285714,0.070823262,,7,,30.0,,1,9999.0,93.0
Thailand,Chiang Mai,F,open_degraded,0,0,0,0,0,0,,6,3.0,,Beilschmiedia sp,Beilschmiedia,sp.,Lauraceae,18.83333333,98.83333333,8.0,0.606285714,0.070823262,,7,,30.0,,0,1.0,93.0
Thailand,Chiang Mai,F,open_degraded,0,0,0,0,0,0,,6,3.0,,Prunus campanulata,Prunus,campanulata,Rosaceae,18.83333333,98.83333333,8.0,0.585666667,0.09413391,,27,,30.0,,0,1.0,70.0
Thailand,Chiang Mai,F,open_degraded,0,0,0,0,0,0,,6,3.0,,Engelhardia spicata,Engelhardia,spicata,Juglandaceae,18.83333333,98.83333333,8.0,0.487918283,0.123401724,,5,,30.0,,0,1.0,67.0
Thailand,Chiang Mai,F,open_degraded,1,0,0,0,0,0,,6,3.0,,Prunus campanulata,Prunus,campanulata,Rosaceae,18.83333333,98.83333333,4.0,0.585666667,0.09413391,,27,,30.0,,1,9999.0,97.0
Thailand,Chiang Mai,F,open_degraded,1,0,0,0,0,0,,6,3.0,,Engelhardia spicata,Engelhardia,spicata,Juglandaceae,18.83333333,98.83333333,4.0,0.487918283,0.123401724,,5,,30.0,,1,9999.0,97.0
Thailand,Chiang Mai,F,open_degraded,0,0,0,0,0,0,,6,3.0,,Beilschmiedia sp,Beilschmiedia,sp.,Lauraceae,18.83333333,98.83333333,4.0,0.606285714,0.070823262,,7,,30.0,,0,9999.0,97.0
Thailand,Chiang Mai,F,open_degraded,0,0,0,0,0,0,,6,3.0,,Prunus campanulata,Prunus,campanulata,Rosaceae,18.83333333,98.83333333,4.0,0.585666667,0.09413391,,27,,30.0,,0,9999.0,93.0
Thailand,Chiang Mai,F,open_degraded,0,0,0,0,0,0,,6,3.0,,Engelhardia spicata,Engelhardia,spicata,Juglandaceae,18.83333333,98.83333333,4.0,0.487918283,0.123401724,,5,,30.0,,0,9999.0,87.0
Thailand,Chiang Mai,F,open_degraded,1,0,0,0,0,0,,6,3.0,,Beilschmiedia sp,Beilschmiedia,sp.,Lauraceae,18.83333333,98.83333333,8.0,0.606285714,0.070823262,,7,,30.0,,1,1.0,37.0
Thailand,Chiang Mai,F,open_degraded,1,0,0,0,0,0,,6,3.0,,Prunus campanulata,Prunus,campanulata,Rosaceae,18.83333333,98.83333333,8.0,0.585666667,0.09413391,,27,,30.0,,1,1.0,53.0
Thailand,Chiang Mai,F,open_degraded,1,0,0,0,0,0,,6,3.0,,Engelhardia spicata,Engelhardia,spicata,Juglandaceae,18.83333333,98.83333333,8.0,0.487918283,0.123401724,,5,,30.0,,1,1.0,27.0
Malaysia,Sarawak,AG,open_degraded,1,0,0,0,1,0,,1,38.0,,Dryobalanops lanceolata,Dryobalanops,lanceolata,Dipterocarpaceae,3.683333333,113.65,11.0,0.62,0.070823262,,2,,16.0,,1,1.0,98.9516122
Malaysia,Sarawak,AG,open_degraded,1,0,0,0,1,0,,1,38.0,,Dryobalanops lanceolata,Dryobalanops,lanceolata,Dipterocarpaceae,3.683333333,113.65,29.0,0.62,0.070823262,,2,,16.0,,1,2.0,93.55033928
Malaysia,Sarawak,AG,open_degraded,1,0,0,0,1,0,,1,38.0,,Dryobalanops lanceolata,Dryobalanops,lanceolata,Dipterocarpaceae,3.683333333,113.65,34.0,0.62,0.070823262,,2,,16.0,,1,3.0,87.03402144
Malaysia,Sarawak,AG,open_degraded,1,0,0,0,1,0,,1,38.0,,Dryobalanops lanceolata,Dryobalanops,lanceolata,Dipterocarpaceae,3.683333333,113.65,4.0,0.62,0.070823262,,2,,16.0,,1,9999.0,99.97895038
Malaysia,Sarawak,AG,open_degraded,1,0,0,0,1,0,,1,38.0,,Dryobalanops lanceolata,Dryobalanops,lanceolata,Dipterocarpaceae,3.683333333,113.65,11.0,0.62,0.070823262,,2,,16.0,,1,1.0,49.85121234
Malaysia,Sarawak,AG,open_degraded,1,0,0,0,1,0,,1,38.0,,Dryobalanops lanceolata,Dryobalanops,lanceolata,Dipterocarpaceae,3.683333333,113.65,29.0,0.62,0.070823262,,2,,16.0,,1,2.0,50.85047759
Malaysia,Sarawak,AG,open_degraded,1,0,0,0,1,0,,1,38.0,,Dryobalanops lanceolata,Dryobalanops,lanceolata,Dipterocarpaceae,3.683333333,113.65,34.0,0.62,0.070823262,,2,,16.0,,1,3.0,38.09698751
Malaysia,Sarawak,AG,open_degraded,1,0,0,0,1,0,,1,38.0,,Dryobalanops lanceolata,Dryobalanops,lanceolata,Dipterocarpaceae,3.683333333,113.65,4.0,0.62,0.070823262,,2,,16.0,,1,9999.0,100.0
Malaysia,Sarawak,AG,open_degraded,1,0,0,0,1,0,,1,38.0,,Dryobalanops lanceolata,Dryobalanops,lanceolata,Dipterocarpaceae,3.683333333,113.65,11.0,0.62,0.070823262,,2,,16.0,,1,1.0,29.79059515
Malaysia,Sarawak,AG,open_degraded,1,0,0,0,1,0,,1,38.0,,Dryobalanops lanceolata,Dryobalanops,lanceolata,Dipterocarpaceae,3.683333333,113.65,29.0,0.62,0.070823262,,2,,16.0,,1,2.0,29.93570904
Malaysia,Sarawak,AG,open_degraded,1,0,0,0,1,0,,1,38.0,,Dryobalanops lanceolata,Dryobalanops,lanceolata,Dipterocarpaceae,3.683333333,113.65,34.0,0.62,0.070823262,,2,,16.0,,1,3.0,15.46105805
Malaysia,Sarawak,AG,open_degraded,1,0,0,0,1,0,,1,38.0,,Dryobalanops lanceolata,Dryobalanops,lanceolata,Dipterocarpaceae,3.683333333,113.65,4.0,0.62,0.070823262,,2,,16.0,,1,9999.0,86.33908891
Malaysia,Sarawak,AG,open_degraded,1,0,0,0,1,0,,1,38.0,,Dryobalanops lanceolata,Dryobalanops,lanceolata,Dipterocarpaceae,3.683333333,113.65,11.0,0.62,0.070823262,,2,,16.0,,1,1.0,99.99265246
Malaysia,Sarawak,AG,open_degraded,1,0,0,0,1,0,,1,38.0,,Dryobalanops lanceolata,Dryobalanops,lanceolata,Dipterocarpaceae,3.683333333,113.65,29.0,0.62,0.070823262,,2,,16.0,,1,2.0,95.26818516
Malaysia,Sarawak,AG,open_degraded,1,0,0,0,1,0,,1,38.0,,Dryobalanops lanceolata,Dryobalanops,lanceolata,Dipterocarpaceae,3.683333333,113.65,34.0,0.62,0.070823262,,2,,16.0,,1,3.0,88.81888317
Malaysia,Sarawak,AG,open_degraded,1,0,0,0,1,0,,1,38.0,,Dryobalanops lanceolata,Dryobalanops,lanceolata,Dipterocarpaceae,3.683333333,113.65,4.0,0.62,0.070823262,,2,,16.0,,1,9999.0,100.0
Malaysia,Sarawak,AG,open_degraded,1,0,0,0,1,0,,1,38.0,,Dryobalanops lanceolata,Dryobalanops,lanceolata,Dipterocarpaceae,3.683333333,113.65,11.0,0.62,0.070823262,,2,,16.0,,1,1.0,86.52645114
Malaysia,Sarawak,AG,open_degraded,1,0,0,0,1,0,,1,38.0,,Dryobalanops lanceolata,Dryobalanops,lanceolata,Dipterocarpaceae,3.683333333,113.65,29.0,0.62,0.070823262,,2,,16.0,,1,2.0,86.95444526
Malaysia,Sarawak,AG,open_degraded,1,0,0,0,1,0,,1,38.0,,Dryobalanops lanceolata,Dryobalanops,lanceolata,Dipterocarpaceae,3.683333333,113.65,34.0,0.62,0.070823262,,2,,16.0,,1,3.0,86.24908156
Malaysia,Sarawak,AG,open_degraded,1,0,0,0,1,0,,1,38.0,,Dryobalanops lanceolata,Dryobalanops,lanceolata,Dipterocarpaceae,3.683333333,113.65,4.0,0.62,0.070823262,,2,,16.0,,1,9999.0,100.0
Malaysia,Sarawak,AG,open_degraded,1,0,0,0,1,0,,1,38.0,,Dryobalanops lanceolata,Dryobalanops,lanceolata,Dipterocarpaceae,3.683333333,113.65,11.0,0.62,0.070823262,,2,,16.0,,1,1.0,94.84386481
Malaysia,Sarawak,AG,open_degraded,1,0,0,0,1,0,,1,38.0,,Dryobalanops lanceolata,Dryobalanops,lanceolata,Dipterocarpaceae,3.683333333,113.65,29.0,0.62,0.070823262,,2,,16.0,,1,2.0,92.97207935
Malaysia,Sarawak,AG,open_degraded,1,0,0,0,1,0,,1,38.0,,Dryobalanops lanceolata,Dryobalanops,lanceolata,Dipterocarpaceae,3.683333333,113.65,34.0,0.62,0.070823262,,2,,16.0,,1,3.0,94.25606172
Malaysia,Sarawak,AG,open_degraded,1,0,0,0,1,0,,1,38.0,,Dryobalanops lanceolata,Dryobalanops,lanceolata,Dipterocarpaceae,3.683333333,113.65,4.0,0.62,0.070823262,,2,,16.0,,1,9999.0,94.35525349
Malaysia,Sarawak,AG,open_degraded,1,0,0,0,0,0,,1,38.0,,Dryobalanops lanceolata,Dryobalanops,lanceolata,Dipterocarpaceae,3.683333333,113.65,11.0,0.62,0.070823262,,2,,32.0,,1,1.0,94.83468038
Malaysia,Sarawak,AG,open_degraded,1,0,0,0,0,0,,1,38.0,,Dryobalanops lanceolata,Dryobalanops,lanceolata,Dipterocarpaceae,3.683333333,113.65,29.0,0.62,0.070823262,,2,,32.0,,1,2.0,87.53122704
Malaysia,Sarawak,AG,open_degraded,1,0,0,0,0,0,,1,38.0,,Dryobalanops lanceolata,Dryobalanops,lanceolata,Dipterocarpaceae,3.683333333,113.65,34.0,0.62,0.070823262,,2,,32.0,,1,3.0,81.65686995
Malaysia,Sarawak,AG,open_degraded,1,0,0,0,0,0,,1,38.0,,Dryobalanops lanceolata,Dryobalanops,lanceolata,Dipterocarpaceae,3.683333333,113.65,4.0,0.62,0.070823262,,2,,32.0,,1,9999.0,100.0
Malaysia,Selangor,LG,open_degraded,1,0,0,0,1,0,1111.111111,6,,,Anisoptera marginata,Anisoptera,marginata,Dipterocarpaceae,3.435555556,101.4191667,8.0,0.526666667,0.070823262,,3,,42.0,,1,1.0,82.49450549
Malaysia,Selangor,LG,open_degraded,1,0,0,0,1,0,1111.111111,6,,,Anisoptera marginata,Anisoptera,marginata,Dipterocarpaceae,3.435555556,101.4191667,5.0,0.526666667,0.070823262,,3,,42.0,,1,9999.0,88.56959707
Malaysia,Selangor,LG,open_degraded,1,0,1,0,1,0,1111.111111,6,,,Durio carinatus,Durio,carinatus,Malvaceae,3.435555556,101.4191667,8.0,0.46,0.070823262,,1,,42.0,,1,1.0,30.14103836
Malaysia,Selangor,LG,open_degraded,1,0,1,0,1,0,1111.111111,6,,,Durio carinatus,Durio,carinatus,Malvaceae,3.435555556,101.4191667,5.0,0.46,0.070823262,,1,,42.0,,1,9999.0,41.99215526
Malaysia,Selangor,LG,open_degraded,1,0,1,0,1,0,1111.111111,6,,,Durio carinatus,Durio,carinatus,Malvaceae,3.435555556,101.4191667,8.0,0.46,0.070823262,,1,,42.0,,1,1.0,80.74144822
Malaysia,Selangor,LG,open_degraded,1,0,1,0,1,0,1111.111111,6,,,Durio carinatus,Durio,carinatus,Malvaceae,3.435555556,101.4191667,5.0,0.46,0.070823262,,1,,42.0,,1,9999.0,90.08410374
Malaysia,Selangor,LG,open_degraded,1,1,0,0,1,0,1111.111111,6,,,Durio carinatus,Durio,carinatus,Malvaceae,3.435555556,101.4191667,8.0,0.46,0.070823262,,1,,42.0,,1,1.0,75.27387035
Malaysia,Selangor,LG,open_degraded,1,1,0,0,1,0,1111.111111,6,,,Durio carinatus,Durio,carinatus,Malvaceae,3.435555556,101.4191667,5.0,0.46,0.070823262,,1,,42.0,,1,9999.0,87.35031481
Malaysia,Selangor,LG,open_degraded,1,0,0,0,1,0,1111.111111,6,,,Madhuca motleyana,Ganua,motleyana,Sapotaceae,3.435555556,101.4191667,8.0,0.46,0.070823262,,2,,42.0,,1,1.0,100.0
Malaysia,Selangor,LG,open_degraded,1,0,0,0,1,0,1111.111111,6,,,Madhuca motleyana,Ganua,motleyana,Sapotaceae,3.435555556,101.4191667,5.0,0.46,0.070823262,,2,,42.0,,1,9999.0,100.0
Malaysia,Selangor,LG,open_degraded,1,0,1,0,1,0,1111.111111,6,,,Madhuca motleyana,Ganua,motleyana,Sapotaceae,3.435555556,101.4191667,8.0,0.46,0.070823262,,2,,42.0,,1,1.0,75.0084251
Malaysia,Selangor,LG,open_degraded,1,0,1,0,1,0,1111.111111,6,,,Madhuca motleyana,Ganua,motleyana,Sapotaceae,3.435555556,101.4191667,5.0,0.46,0.070823262,,2,,42.0,,1,9999.0,77.00693601
Malaysia,Selangor,LG,open_degraded,1,0,1,0,1,0,1111.111111,6,,,Madhuca motleyana,Ganua,motleyana,Sapotaceae,3.435555556,101.4191667,8.0,0.46,0.070823262,,2,,42.0,,1,1.0,100.0
Malaysia,Selangor,LG,open_degraded,1,0,1,0,1,0,1111.111111,6,,,Madhuca motleyana,Ganua,motleyana,Sapotaceae,3.435555556,101.4191667,5.0,0.46,0.070823262,,2,,42.0,,1,9999.0,100.0
Malaysia,Selangor,LG,open_degraded,1,1,0,0,1,0,1111.111111,6,,,Madhuca motleyana,Ganua,motleyana,Sapotaceae,3.435555556,101.4191667,8.0,0.46,0.070823262,,2,,42.0,,1,1.0,93.23484463
Malaysia,Selangor,LG,open_degraded,1,1,0,0,1,0,1111.111111,6,,,Madhuca motleyana,Ganua,motleyana,Sapotaceae,3.435555556,101.4191667,5.0,0.46,0.070823262,,2,,42.0,,1,9999.0,95.70672832
Malaysia,Selangor,LG,open_degraded,1,0,0,0,1,0,1111.111111,6,,,Gonystylus bancanus,Gonystylus,bancanus,Thymelaeaceae,3.435555556,101.4191667,8.0,0.52,0.070823262,,3,,42.0,,1,1.0,93.65012307
Malaysia,Selangor,LG,open_degraded,1,0,0,0,1,0,1111.111111,6,,,Gonystylus bancanus,Gonystylus,bancanus,Thymelaeaceae,3.435555556,101.4191667,5.0,0.52,0.070823262,,3,,42.0,,1,9999.0,95.87505496
Malaysia,Selangor,LG,open_degraded,1,0,1,0,1,0,1111.111111,6,,,Gonystylus bancanus,Gonystylus,bancanus,Thymelaeaceae,3.435555556,101.4191667,8.0,0.52,0.070823262,,3,,42.0,,1,1.0,29.69443676
Malaysia,Selangor,LG,open_degraded,1,0,1,0,1,0,1111.111111,6,,,Gonystylus bancanus,Gonystylus,bancanus,Thymelaeaceae,3.435555556,101.4191667,5.0,0.52,0.070823262,,3,,42.0,,1,9999.0,46.84822469
Malaysia,Selangor,LG,open_degraded,1,0,1,0,1,0,1111.111111,6,,,Gonystylus bancanus,Gonystylus,bancanus,Thymelaeaceae,3.435555556,101.4191667,8.0,0.52,0.070823262,,3,,42.0,,1,1.0,87.40939853
Malaysia,Selangor,LG,open_degraded,1,0,1,0,1,0,1111.111111,6,,,Gonystylus bancanus,Gonystylus,bancanus,Thymelaeaceae,3.435555556,101.4191667,5.0,0.52,0.070823262,,3,,42.0,,1,9999.0,95.64967884
Malaysia,Selangor,LG,open_degraded,1,0,1,0,1,0,1111.111111,6,,,Anisoptera marginata,Anisoptera,marginata,Dipterocarpaceae,3.435555556,101.4191667,8.0,0.526666667,0.070823262,,3,,42.0,,1,1.0,63.003663
Malaysia,Selangor,LG,open_degraded,1,0,1,0,1,0,1111.111111,6,,,Anisoptera marginata,Anisoptera,marginata,Dipterocarpaceae,3.435555556,101.4191667,5.0,0.526666667,0.070823262,,3,,42.0,,1,9999.0,67.03113553
Malaysia,Selangor,LG,open_degraded,1,1,0,0,1,0,1111.111111,6,,,Gonystylus bancanus,Gonystylus,bancanus,Thymelaeaceae,3.435555556,101.4191667,8.0,0.52,0.070823262,,3,,42.0,,1,1.0,80.28113087
Malaysia,Selangor,LG,open_degraded,1,1,0,0,1,0,1111.111111,6,,,Gonystylus bancanus,Gonystylus,bancanus,Thymelaeaceae,3.435555556,101.4191667,5.0,0.52,0.070823262,,3,,42.0,,1,9999.0,89.41149273
Malaysia,Selangor,LG,open_degraded,1,0,0,0,1,0,1111.111111,6,,,Shorea platycarpa,Shorea,platycarpa,Dipterocarpaceae,3.435555556,101.4191667,8.0,0.59,0.070823262,,2,,42.0,,1,1.0,93.40150006
Malaysia,Selangor,LG,open_degraded,1,0,0,0,1,0,1111.111111,6,,,Shorea platycarpa,Shorea,platycarpa,Dipterocarpaceae,3.435555556,101.4191667,5.0,0.59,0.070823262,,2,,42.0,,1,9999.0,95.71526231
Malaysia,Selangor,LG,open_degraded,1,0,1,0,1,0,1111.111111,6,,,Shorea platycarpa,Shorea,platycarpa,Dipterocarpaceae,3.435555556,101.4191667,8.0,0.59,0.070823262,,2,,42.0,,1,1.0,49.11383257
Malaysia,Selangor,LG,open_degraded,1,0,1,0,1,0,1111.111111,6,,,Shorea platycarpa,Shorea,platycarpa,Dipterocarpaceae,3.435555556,101.4191667,5.0,0.59,0.070823262,,2,,42.0,,1,9999.0,57.27626079
Malaysia,Selangor,LG,open_degraded,1,0,1,0,1,0,1111.111111,6,,,Shorea platycarpa,Shorea,platycarpa,Dipterocarpaceae,3.435555556,101.4191667,8.0,0.59,0.070823262,,2,,42.0,,1,1.0,80.30626196
Malaysia,Selangor,LG,open_degraded,1,0,1,0,1,0,1111.111111,6,,,Shorea platycarpa,Shorea,platycarpa,Dipterocarpaceae,3.435555556,101.4191667,5.0,0.59,0.070823262,,2,,42.0,,1,9999.0,87.27626079
Malaysia,Selangor,LG,open_degraded,1,1,0,0,1,0,1111.111111,6,,,Shorea platycarpa,Shorea,platycarpa,Dipterocarpaceae,3.435555556,101.4191667,8.0,0.59,0.070823262,,2,,42.0,,1,1.0,93.39954686
Malaysia,Selangor,LG,open_degraded,1,1,0,0,1,0,1111.111111,6,,,Shorea platycarpa,Shorea,platycarpa,Dipterocarpaceae,3.435555556,101.4191667,5.0,0.59,0.070823262,,2,,42.0,,1,9999.0,93.71069182
Malaysia,Selangor,LG,open_degraded,1,0,1,0,1,0,1111.111111,6,,,Anisoptera marginata,Anisoptera,marginata,Dipterocarpaceae,3.435555556,101.4191667,8.0,0.526666667,0.070823262,,3,,42.0,,1,1.0,93.91758242
Malaysia,Selangor,LG,open_degraded,1,0,1,0,1,0,1111.111111,6,,,Anisoptera marginata,Anisoptera,marginata,Dipterocarpaceae,3.435555556,101.4191667,5.0,0.526666667,0.070823262,,3,,42.0,,1,9999.0,95.6043956
Malaysia,Selangor,LG,open_degraded,1,1,0,0,1,0,1111.111111,6,,,Anisoptera marginata,Anisoptera,marginata,Dipterocarpaceae,3.435555556,101.4191667,8.0,0.526666667,0.070823262,,3,,42.0,,1,1.0,81.97985348
Malaysia,Selangor,LG,open_degraded,1,1,0,0,1,0,1111.111111,6,,,Anisoptera marginata,Anisoptera,marginata,Dipterocarpaceae,3.435555556,101.4191667,5.0,0.526666667,0.070823262,,3,,42.0,,1,9999.0,82.92857143
Malaysia,Selangor,LG,open_degraded,1,0,0,0,1,0,1111.111111,6,,,Calophyllum ferrugineum,Calophyllum,ferrugineum,Clusiaceae,3.435555556,101.4191667,8.0,0.669211656,0.123401724,,9,,42.0,,1,1.0,63.62130461
Malaysia,Selangor,LG,open_degraded,1,0,0,0,1,0,1111.111111,6,,,Calophyllum ferrugineum,Calophyllum,ferrugineum,Clusiaceae,3.435555556,101.4191667,5.0,0.669211656,0.123401724,,9,,42.0,,1,9999.0,79.77163375
Malaysia,Selangor,LG,open_degraded,1,0,1,0,1,0,1111.111111,6,,,Calophyllum ferrugineum,Calophyllum,ferrugineum,Clusiaceae,3.435555556,101.4191667,8.0,0.669211656,0.123401724,,9,,42.0,,1,1.0,44.1141979
Malaysia,Selangor,LG,open_degraded,1,0,1,0,1,0,1111.111111,6,,,Calophyllum ferrugineum,Calophyllum,ferrugineum,Clusiaceae,3.435555556,101.4191667,5.0,0.669211656,0.123401724,,9,,42.0,,1,9999.0,49.94117738
Malaysia,Selangor,LG,open_degraded,1,0,1,0,1,0,1111.111111,6,,,Calophyllum ferrugineum,Calophyllum,ferrugineum,Clusiaceae,3.435555556,101.4191667,8.0,0.669211656,0.123401724,,9,,42.0,,1,1.0,56.45987691
Malaysia,Selangor,LG,open_degraded,1,0,1,0,1,0,1111.111111,6,,,Calophyllum ferrugineum,Calophyllum,ferrugineum,Clusiaceae,3.435555556,101.4191667,5.0,0.669211656,0.123401724,,9,,42.0,,1,9999.0,73.08932553
Malaysia,Selangor,LG,open_degraded,1,1,0,0,1,0,1111.111111,6,,,Calophyllum ferrugineum,Calophyllum,ferrugineum,Clusiaceae,3.435555556,101.4191667,8.0,0.669211656,0.123401724,,9,,42.0,,1,1.0,63.91872465
Malaysia,Selangor,LG,open_degraded,1,1,0,0,1,0,1111.111111,6,,,Calophyllum ferrugineum,Calophyllum,ferrugineum,Clusiaceae,3.435555556,101.4191667,5.0,0.669211656,0.123401724,,9,,42.0,,1,9999.0,77.71895516
Malaysia,Selangor,LG,open_degraded,1,0,0,0,1,0,1111.111111,6,,,Durio carinatus,Durio,carinatus,Malvaceae,3.435555556,101.4191667,8.0,0.46,0.070823262,,1,,42.0,,1,1.0,75.04335006
Malaysia,Selangor,LG,open_degraded,1,0,0,0,1,0,1111.111111,6,,,Durio carinatus,Durio,carinatus,Malvaceae,3.435555556,101.4191667,5.0,0.46,0.070823262,,1,,42.0,,1,9999.0,85.07237373
Malaysia,Pahang,LG,open_degraded,1,0,0,0,0,0,,2,,,Anisoptera marginata,Anisoptera,marginata,Dipterocarpaceae,3.92,102.58,9.0,0.526666667,0.070823262,,3,,36.0,,1,1.0,84.0
Malaysia,Pahang,LG,open_degraded,1,0,0,0,0,0,,2,,,Anisoptera marginata,Anisoptera,marginata,Dipterocarpaceae,3.92,102.58,9.0,0.526666667,0.070823262,,3,,36.0,,1,1.0,84.33333333
Malaysia,Pahang,LG,open_degraded,1,0,0,0,0,0,,2,,,Gonystylus bancanus,Gonystylus,bancanus,Thymelaeaceae,3.92,102.58,9.0,0.52,0.070823262,,3,,36.0,,1,1.0,80.66666667
Malaysia,Pahang,LG,open_degraded,1,0,0,0,0,0,,2,,,Gonystylus bancanus,Gonystylus,bancanus,Thymelaeaceae,3.92,102.58,9.0,0.52,0.070823262,,3,,36.0,,1,1.0,74.0
Malaysia,Pahang,LG,open_degraded,0,0,0,0,0,0,,2,,,Anisoptera marginata,Anisoptera,marginata,Dipterocarpaceae,3.92,102.58,3.0,0.526666667,0.070823262,,3,,36.0,,0,9999.0,59.33333333
Malaysia,Pahang,LG,open_degraded,0,0,0,0,0,0,,2,,,Gonystylus bancanus,Gonystylus,bancanus,Thymelaeaceae,3.92,102.58,3.0,0.52,0.070823262,,3,,36.0,,0,9999.0,25.66666667
Indonesia,Central Kalimantan,LG,forest_enrichment,1,0,0,0,0,0,,1,9.0,,Shorea johorensis,Shorea,johorensis,Dipterocarpaceae,-0.883333333,112.0333333,12.0,0.393333333,0.070823262,,3,,78.0,,1,1.0,100.0
Indonesia,Central Kalimantan,LG,forest_enrichment,1,0,0,0,0,0,,1,9.0,,Shorea johorensis,Shorea,johorensis,Dipterocarpaceae,-0.883333333,112.0333333,132.0,0.393333333,0.070823262,,3,,78.0,,1,10.0,75.13621957
Indonesia,Central Kalimantan,LG,forest_enrichment,1,0,0,0,0,0,,1,9.0,,Shorea johorensis,Shorea,johorensis,Dipterocarpaceae,-0.883333333,112.0333333,24.0,0.393333333,0.070823262,,3,,78.0,,1,2.0,93.44815178
Indonesia,Central Kalimantan,LG,forest_enrichment,1,0,0,0,0,0,,1,9.0,,Shorea johorensis,Shorea,johorensis,Dipterocarpaceae,-0.883333333,112.0333333,48.0,0.393333333,0.070823262,,3,,78.0,,1,4.0,87.61025479
Indonesia,Central Kalimantan,LG,forest_enrichment,1,0,0,0,0,0,,1,9.0,,Shorea johorensis,Shorea,johorensis,Dipterocarpaceae,-0.883333333,112.0333333,96.0,0.393333333,0.070823262,,3,,78.0,,1,7.5,76.90882383
Indonesia,Central Kalimantan,LG,forest_enrichment,1,0,0,0,0,0,,1,9.0,,Shorea johorensis,Shorea,johorensis,Dipterocarpaceae,-0.883333333,112.0333333,12.0,0.393333333,0.070823262,,3,,78.0,,1,1.0,98.99458276
Indonesia,Central Kalimantan,LG,forest_enrichment,1,0,0,0,0,0,,1,9.0,,Shorea johorensis,Shorea,johorensis,Dipterocarpaceae,-0.883333333,112.0333333,132.0,0.393333333,0.070823262,,3,,78.0,,1,10.0,86.53149045
Indonesia,Central Kalimantan,LG,forest_enrichment,1,0,0,0,0,0,,1,9.0,,Shorea johorensis,Shorea,johorensis,Dipterocarpaceae,-0.883333333,112.0333333,24.0,0.393333333,0.070823262,,3,,78.0,,1,2.0,97.00814803
Indonesia,Central Kalimantan,LG,forest_enrichment,1,0,0,0,0,0,,1,9.0,,Shorea johorensis,Shorea,johorensis,Dipterocarpaceae,-0.883333333,112.0333333,48.0,0.393333333,0.070823262,,3,,78.0,,1,4.0,96.86677741
Indonesia,Central Kalimantan,LG,forest_enrichment,1,0,0,0,0,0,,1,9.0,,Shorea johorensis,Shorea,johorensis,Dipterocarpaceae,-0.883333333,112.0333333,96.0,0.393333333,0.070823262,,3,,78.0,,1,7.5,88.65840855
Indonesia,Central Kalimantan,LG,forest_enrichment,1,0,0,0,0,0,,1,9.0,,Shorea johorensis,Shorea,johorensis,Dipterocarpaceae,-0.883333333,112.0333333,12.0,0.393333333,0.070823262,,3,,78.0,,1,1.0,99.97515663
Indonesia,Central Kalimantan,LG,forest_enrichment,1,0,0,0,0,0,,1,9.0,,Shorea johorensis,Shorea,johorensis,Dipterocarpaceae,-0.883333333,112.0333333,132.0,0.393333333,0.070823262,,3,,78.0,,1,10.0,71.22013496
Indonesia,Central Kalimantan,LG,forest_enrichment,1,0,0,0,0,0,,1,9.0,,Shorea johorensis,Shorea,johorensis,Dipterocarpaceae,-0.883333333,112.0333333,24.0,0.393333333,0.070823262,,3,,78.0,,1,2.0,95.31805926
Indonesia,Central Kalimantan,LG,forest_enrichment,1,0,0,0,0,0,,1,9.0,,Shorea johorensis,Shorea,johorensis,Dipterocarpaceae,-0.883333333,112.0333333,48.0,0.393333333,0.070823262,,3,,78.0,,1,4.0,88.32198786
Indonesia,Central Kalimantan,LG,forest_enrichment,1,0,0,0,0,0,,1,9.0,,Shorea johorensis,Shorea,johorensis,Dipterocarpaceae,-0.883333333,112.0333333,96.0,0.393333333,0.070823262,,3,,78.0,,1,7.5,75.30642625
Indonesia,Central Kalimantan,F,open_degraded,0,1,0,0,0,0,1111.111111,3,,,Alstonia spatulata,Alstonia,spatulata,Apocynaceae,-2.285277778,114.4677778,34.0,0.34,0.070823262,,1,,21.0,,1,3.0,0.76
Indonesia,Central Kalimantan,F,open_degraded,0,1,0,0,0,0,1111.111111,3,,,Dyera polyphylla,Dyera,polyphylla,Apocynaceae,-2.285277778,114.4677778,34.0,0.33,0.070823262,,1,,21.0,,1,3.0,0.82
Indonesia,Central Kalimantan,F,open_degraded,0,1,0,0,0,0,1111.111111,3,,,Shorea balangeran,Shorea,balangeran,Dipterocarpaceae,-2.285277778,114.4677778,34.0,0.69,0.070823262,,1,,21.0,,1,3.0,0.92
Indonesia,Central Kalimantan,F,open_degraded,0,1,0,0,0,0,1111.111111,3,,,Alstonia spatulata,Alstonia,spatulata,Apocynaceae,-2.287777778,114.5319444,17.0,0.34,0.070823262,,1,,21.0,,1,1.0,0.61
Indonesia,Central Kalimantan,F,open_degraded,0,1,0,0,0,0,1111.111111,3,,,Dyera polyphylla,Dyera,polyphylla,Apocynaceae,-2.287777778,114.5319444,17.0,0.33,0.070823262,,1,,21.0,,1,1.0,0.49
Indonesia,Central Kalimantan,F,open_degraded,0,1,0,0,0,0,1111.111111,3,,,Shorea balangeran,Shorea,balangeran,Dipterocarpaceae,-2.287777778,114.5319444,17.0,0.69,0.070823262,,1,,21.0,,1,1.0,0.79
Indonesia,Central Kalimantan,F,open_degraded,0,1,0,0,0,0,1111.111111,22,,,Diospyros evena,Diospyros,evena,Ebenaceae,-2.239722222,114.4852778,36.0,0.58,0.070823262,,1,,7.0,,1,3.0,1.0
Indonesia,Central Kalimantan,F,open_degraded,0,1,0,0,0,0,1111.111111,22,,,Angelesia splendens,Angelesia,splendens,Chrysobalanaceae,-2.239722222,114.4852778,36.0,0.805709207,0.123401724,,10,,7.0,,1,3.0,0.9
Indonesia,Central Kalimantan,F,open_degraded,0,1,0,0,0,0,1111.111111,22,,,Planchonella malaccensis,Planchonella,malaccensis,Sapotaceae,-2.239722222,114.4852778,36.0,0.714868812,0.123401724,,31,,7.0,,1,3.0,0.89
Indonesia,Central Kalimantan,F,open_degraded,0,0,0,0,0,0,1111.111111,22,,,Saraca declinata,Saraca,declinata,Fabaceae,-2.239722222,114.4852778,36.0,0.44,0.070823262,,1,,7.0,,0,3.0,1.0
Indonesia,Central Kalimantan,F,open_degraded,0,0,0,0,0,0,1111.111111,22,,,Shorea balangeran,Shorea,balangeran,Dipterocarpaceae,-2.239722222,114.4852778,36.0,0.69,0.070823262,,1,,7.0,,0,3.0,1.0
Indonesia,Central Kalimantan,F,open_degraded,0,0,0,0,0,0,1111.111111,22,,,Syzygium sp,Syzygium,sp.,Myrtaceae,-2.239722222,114.4852778,36.0,0.679166667,0.070823262,,6,,7.0,,0,3.0,1.0
Indonesia,Central Kalimantan,F,open_degraded,0,0,0,0,0,0,1111.111111,22,,,Syzygium sp,Syzygium,sp.,Myrtaceae,-2.239722222,114.4852778,36.0,0.679166667,0.070823262,,6,,7.0,,0,3.0,1.0
Indonesia,Central Kalimantan,F,open_degraded,0,0,0,0,0,0,1111.111111,22,,,Syzygium sp,Syzygium,sp.,Myrtaceae,-2.239722222,114.4852778,36.0,0.679166667,0.070823262,,6,,7.0,,0,3.0,1.0
Indonesia,Central Kalimantan,F,open_degraded,0,0,0,0,0,0,1111.111111,22,,,Baccaurea bracteata,Baccaurea,bracteata,Phyllanthaceae,-2.237222222,114.4852778,36.0,0.635,0.070823262,,2,,7.0,,0,3.0,1.0
Indonesia,Central Kalimantan,F,open_degraded,0,0,0,0,0,0,1111.111111,22,,,Diospyros evena,Diospyros,evena,Ebenaceae,-2.237222222,114.4852778,36.0,0.58,0.070823262,,1,,7.0,,0,3.0,1.0
Indonesia,Central Kalimantan,F,open_degraded,0,0,0,0,0,0,1111.111111,22,,,Angelesia splendens,Angelesia,splendens,Chrysobalanaceae,-2.237222222,114.4852778,36.0,0.805709207,0.123401724,,10,,7.0,,0,3.0,0.958333333
Indonesia,Central Kalimantan,F,open_degraded,0,0,0,0,0,0,1111.111111,22,,,Planchonella malaccensis,Planchonella,malaccensis,Sapotaceae,-2.237222222,114.4852778,36.0,0.714868812,0.123401724,,31,,7.0,,0,3.0,0.5
Indonesia,Central Kalimantan,F,open_degraded,0,0,0,0,0,0,1111.111111,22,,,Shorea balangeran,Shorea,balangeran,Dipterocarpaceae,-2.237222222,114.4852778,36.0,0.69,0.070823262,,1,,7.0,,0,3.0,0.930936073
Indonesia,Central Kalimantan,F,open_degraded,0,0,0,0,0,0,1111.111111,22,,,Syzygium sp,Syzygium,sp.,Myrtaceae,-2.237222222,114.4852778,36.0,0.679166667,0.070823262,,6,,7.0,,0,3.0,0.725752508
Indonesia,Central Kalimantan,F,open_degraded,0,0,0,0,0,0,1111.111111,22,,,Syzygium sp,Syzygium,sp.,Myrtaceae,-2.237222222,114.4852778,36.0,0.679166667,0.070823262,,6,,7.0,,0,3.0,0.4375
Indonesia,Central Kalimantan,F,open_degraded,0,0,0,0,0,0,1111.111111,22,,,Syzygium sp,Syzygium,sp.,Myrtaceae,-2.237222222,114.4852778,36.0,0.679166667,0.070823262,,6,,7.0,,0,3.0,0.888888889
Malaysia,,M,open_degraded,0,0,0,0,0,0,,1,,,Falcataria moluccana,Falcataria,moluccana,Fabaceae,3.23,101.63,45.5,0.702416609,0.123401724,,208,,36.0,,0,4.0,93.5
Malaysia,,M,open_degraded,0,0,0,0,0,0,,1,,,Peronema canescens,Peronema,canescens,Lamiaceae,3.23,101.63,12.0,0.57,0.070823262,,1,,36.0,,0,1.0,85.4
Malaysia,,M,open_degraded,0,0,0,0,0,0,,1,,,Araucaria hunsteinii,Araucaria,hunsteinii,Araucariaceae,3.23,101.63,44.5,0.387,0.070823262,,1,,36.0,,0,4.0,37.5
Malaysia,,M,open_degraded,0,0,0,0,0,0,,1,,,Gmelina arborea,Gmelina,arborea,Lamiaceae,3.23,101.63,44.5,0.42975,0.070823262,,8,,36.0,,0,4.0,27.5
China,Jiangxi,AG,open_degraded,0,0,1,0,0,0,,4,,33.0,Schima superba,Schima,superba,Theaceae,29.10916667,117.9233333,18.0,0.5375,0.070823262,,2,,363.0,,1,2.0,73.8
China,Jiangxi,AG,open_degraded,0,0,1,0,0,0,,4,,33.0,Elaeocarpus sylvestris,Elaeocarpus,sylvestris,Elaeocarpaceae,29.10916667,117.9233333,18.0,0.475,0.070823262,,2,,363.0,,1,2.0,95.0
China,Jiangxi,AG,open_degraded,0,0,1,0,0,0,,4,,33.0,Castanopsis indica,Castanopsis,indica,Fagaceae,29.10916667,117.9233333,18.0,0.59575,0.070823262,,4,,363.0,,1,2.0,95.0
China,Jiangxi,AG,open_degraded,0,0,1,0,0,0,,4,,33.0,Castanea henryi,Castanea,henryi,Fagaceae,29.10916667,117.9233333,18.0,0.541,0.070823262,,2,,363.0,,1,2.0,74.6
Indonesia,Central Kalimantan,F,open_degraded,0,0,0,0,1,0,,1,,,Shorea balangeran,Shorea,balangeran,Dipterocarpaceae,-2.351666667,114.0922222,36.0,0.69,0.070823262,,1,,30.0,,1,3.0,66.66
Indonesia,Jambi,F,open_degraded,1,0,0,0,0,0,1111.111111,11,,,Dyera polyphylla,Dyera,polyphylla,Apocynaceae,-0.95,103.3388889,12.0,0.33,0.070823262,,1,,500.0,,1,1.0,76.0
Indonesia,Jambi,F,open_degraded,1,0,0,0,0,0,1111.111111,11,,,Shorea balangeran,Shorea,balangeran,Dipterocarpaceae,-0.95,103.3388889,12.0,0.69,0.070823262,,1,,500.0,,1,1.0,94.0
Indonesia,Jambi,F,open_degraded,1,0,0,0,0,0,1111.111111,11,,,Elaeocarpus floribundus,Elaeocarpus,floribundus,Elaeocarpaceae,-0.95,103.3388889,12.0,0.58,0.070823262,,2,,500.0,,1,1.0,80.0
Indonesia,Jambi,F,open_degraded,1,0,0,0,0,0,1111.111111,11,,,Fagraea crenulata,Fagraea,crenulata,Gentianaceae,-0.95,103.3388889,12.0,0.47,0.070823262,,1,,500.0,,1,1.0,78.0
Indonesia,Jambi,F,open_degraded,1,0,0,0,0,0,1111.111111,11,,,Alstonia pneumatophora,Alstonia,pneumatophora,Apocynaceae,-0.95,103.3388889,12.0,0.295,0.070823262,,2,,500.0,,1,1.0,81.0
Indonesia,Jambi,F,open_degraded,1,0,0,0,0,0,1111.111111,11,,,Aquilaria microcarpa,Aquilaria,microcarpa,Thymelaeaceae,-0.95,103.3388889,12.0,0.337666667,0.09413391,,3,,500.0,,1,1.0,38.0
Indonesia,Jambi,F,open_degraded,1,0,0,0,0,0,100.0,11,,,Metroxylon sagu,Metroxylon,sagu,Arecaceae,-0.95,103.3388889,12.0,0.551760417,0.123401724,,16,,250.0,,1,1.0,0.0
Indonesia,Jambi,F,open_degraded,1,0,0,0,0,0,1111.111111,11,,,Mangifera indica,Mangifera,indica,Anacardiaceae,-0.95,103.3388889,12.0,0.5525,0.070823262,,6,,30.0,,1,1.0,100.0
Indonesia,Jambi,F,open_degraded,1,0,0,0,0,0,1111.111111,11,,,Nephelium lappaceum,Nephelium,lappaceum,Sapindaceae,-0.95,103.3388889,12.0,0.7102,0.070823262,,5,,30.0,,1,1.0,100.0
Indonesia,Central Kalimantan,F,open_degraded,0,0,0,0,0,0,4444.444444,1,8.5,19.0,Alseodaphne coriacea,Alseodaphne,coriacea,Lauraceae,-2.330555556,114.025,14.0,0.5631,0.09413391,,10,,107.0,,0,1.0,57.00934579
Indonesia,Central Kalimantan,F,open_degraded,0,0,0,0,0,0,4444.444444,1,8.5,19.0,Alseodaphne coriacea,Alseodaphne,coriacea,Lauraceae,-2.330555556,114.025,24.0,0.5631,0.09413391,,10,,107.0,,0,2.0,1.0
Indonesia,Central Kalimantan,F,open_degraded,0,0,0,0,0,0,4444.444444,1,8.5,19.0,Alseodaphne coriacea,Alseodaphne,coriacea,Lauraceae,-2.330555556,114.025,5.0,0.5631,0.09413391,,10,,107.0,,0,9999.0,85.04672897
Indonesia,Central Kalimantan,F,open_degraded,0,0,0,0,0,0,4444.444444,1,8.5,17.0,Lithocarpus dasystachyus,Lithocarpus,dasystachyus,Fagaceae,-2.330555556,114.025,14.0,0.673393116,0.09413391,,46,,35.0,,0,1.0,68.57142857
Indonesia,Central Kalimantan,F,open_degraded,0,0,0,0,0,0,4444.444444,1,8.5,17.0,Lithocarpus dasystachyus,Lithocarpus,dasystachyus,Fagaceae,-2.330555556,114.025,24.0,0.673393116,0.09413391,,46,,35.0,,0,2.0,3.0
Indonesia,Central Kalimantan,F,open_degraded,0,0,0,0,0,0,4444.444444,1,8.5,17.0,Lithocarpus dasystachyus,Lithocarpus,dasystachyus,Fagaceae,-2.330555556,114.025,5.0,0.673393116,0.09413391,,46,,35.0,,0,9999.0,82.85714286
Indonesia,Central Kalimantan,F,open_degraded,0,0,0,0,0,0,4444.444444,1,8.5,17.0,Baccaurea bracteata,Baccaurea,bracteata,Phyllanthaceae,-2.330555556,114.025,14.0,0.635,0.070823262,,2,,107.0,,0,1.0,57.00934579
Indonesia,Central Kalimantan,F,open_degraded,0,0,0,0,0,0,4444.444444,1,8.5,17.0,Baccaurea bracteata,Baccaurea,bracteata,Phyllanthaceae,-2.330555556,114.025,24.0,0.635,0.070823262,,2,,107.0,,0,2.0,0.0
Indonesia,Central Kalimantan,F,open_degraded,0,0,0,0,0,0,4444.444444,1,8.5,17.0,Baccaurea bracteata,Baccaurea,bracteata,Phyllanthaceae,-2.330555556,114.025,5.0,0.635,0.070823262,,2,,107.0,,0,9999.0,87.85046729
Indonesia,Central Kalimantan,F,open_degraded,0,0,0,0,0,0,4444.444444,1,8.5,13.0,Palaquium leiocarpum,Palaquium,leiocarpum,Sapotaceae,-2.330555556,114.025,14.0,0.71,0.070823262,,2,,54.0,,0,1.0,24.07407407
Indonesia,Central Kalimantan,F,open_degraded,0,0,0,0,0,0,4444.444444,1,8.5,13.0,Palaquium leiocarpum,Palaquium,leiocarpum,Sapotaceae,-2.330555556,114.025,24.0,0.71,0.070823262,,2,,54.0,,0,2.0,0.0
Indonesia,Central Kalimantan,F,open_degraded,0,0,0,0,0,0,4444.444444,1,8.5,13.0,Palaquium leiocarpum,Palaquium,leiocarpum,Sapotaceae,-2.330555556,114.025,5.0,0.71,0.070823262,,2,,54.0,,0,9999.0,53.7037037
Indonesia,Central Kalimantan,F,open_degraded,0,0,0,0,0,0,4444.444444,1,8.5,26.0,Aglaia rubiginosa,Aglaia,rubiginosa,Meliaceae,-2.330555556,114.025,14.0,0.76,0.070823262,,2,,17.0,,0,1.0,58.82352941
Indonesia,Central Kalimantan,F,open_degraded,0,0,0,0,0,0,4444.444444,1,8.5,26.0,Aglaia rubiginosa,Aglaia,rubiginosa,Meliaceae,-2.330555556,114.025,24.0,0.76,0.070823262,,2,,17.0,,0,2.0,12.0
Indonesia,Central Kalimantan,F,open_degraded,0,0,0,0,0,0,4444.444444,1,8.5,26.0,Aglaia rubiginosa,Aglaia,rubiginosa,Meliaceae,-2.330555556,114.025,5.0,0.76,0.070823262,,2,,17.0,,0,9999.0,88.23529412
Indonesia,Central Kalimantan,F,open_degraded,0,0,0,0,0,0,4444.444444,1,8.5,48.0,Artocarpus integer,Artocarpus,integer,Moraceae,-2.330555556,114.025,14.0,0.551,0.070823262,,1,,108.0,,0,1.0,27.77777778
Indonesia,Central Kalimantan,F,open_degraded,0,0,0,0,0,0,4444.444444,1,8.5,48.0,Artocarpus integer,Artocarpus,integer,Moraceae,-2.330555556,114.025,24.0,0.551,0.070823262,,1,,108.0,,0,2.0,0.0
Indonesia,Central Kalimantan,F,open_degraded,0,0,0,0,0,0,4444.444444,1,8.5,48.0,Artocarpus integer,Artocarpus,integer,Moraceae,-2.330555556,114.025,5.0,0.551,0.070823262,,1,,108.0,,0,9999.0,66.66666667
Indonesia,Central Kalimantan,F,open_degraded,0,0,0,0,0,0,4444.444444,1,8.5,48.0,Durio zibethinus,Durio,zibethinus,Malvaceae,-2.330555556,114.025,14.0,0.516,0.070823262,,2,,17.0,,0,1.0,35.29411765
Indonesia,Central Kalimantan,F,open_degraded,0,0,0,0,0,0,4444.444444,1,8.5,48.0,Durio zibethinus,Durio,zibethinus,Malvaceae,-2.330555556,114.025,24.0,0.516,0.070823262,,2,,17.0,,0,2.0,6.0
Indonesia,Central Kalimantan,F,open_degraded,0,0,0,0,0,0,4444.444444,1,8.5,48.0,Durio zibethinus,Durio,zibethinus,Malvaceae,-2.330555556,114.025,5.0,0.516,0.070823262,,2,,17.0,,0,9999.0,70.58823529
Indonesia,Central Kalimantan,F,open_degraded,0,0,0,0,0,0,4444.444444,1,8.5,23.0,Sandoricum beccarianum,Sandoricum,beccarianum,Meliaceae,-2.330555556,114.025,14.0,0.38,0.070823262,,1,,36.0,,0,1.0,69.44444444
Indonesia,Central Kalimantan,F,open_degraded,0,0,0,0,0,0,4444.444444,1,8.5,23.0,Sandoricum beccarianum,Sandoricum,beccarianum,Meliaceae,-2.330555556,114.025,24.0,0.38,0.070823262,,1,,36.0,,0,2.0,3.0
Indonesia,Central Kalimantan,F,open_degraded,0,0,0,0,0,0,4444.444444,1,8.5,23.0,Sandoricum beccarianum,Sandoricum,beccarianum,Meliaceae,-2.330555556,114.025,5.0,0.38,0.070823262,,1,,36.0,,0,9999.0,83.33333333
Indonesia,Central Kalimantan,F,open_degraded,0,0,0,0,0,0,4444.444444,1,8.5,27.0,Nephelium maingayi,Nephelium,maingayi,Sapindaceae,-2.330555556,114.025,14.0,0.7782,0.09413391,,11,,52.0,,0,1.0,51.92307692
Indonesia,Central Kalimantan,F,open_degraded,0,0,0,0,0,0,4444.444444,1,8.5,27.0,Nephelium maingayi,Nephelium,maingayi,Sapindaceae,-2.330555556,114.025,24.0,0.7782,0.09413391,,11,,52.0,,0,2.0,0.0
Indonesia,Central Kalimantan,F,open_degraded,0,0,0,0,0,0,4444.444444,1,8.5,27.0,Nephelium maingayi,Nephelium,maingayi,Sapindaceae,-2.330555556,114.025,5.0,0.7782,0.09413391,,11,,52.0,,0,9999.0,76.92307692
Indonesia,Central Kalimantan,F,open_degraded,0,0,0,0,0,0,4444.444444,1,8.5,16.0,Syzygium leptostemon,Syzygium,leptostemon,Myrtaceae,-2.330555556,114.025,14.0,0.664366667,0.09413391,,51,,108.0,,0,1.0,91.66666667
Indonesia,Central Kalimantan,F,open_degraded,0,0,0,0,0,0,4444.444444,1,8.5,16.0,Syzygium leptostemon,Syzygium,leptostemon,Myrtaceae,-2.330555556,114.025,24.0,0.664366667,0.09413391,,51,,108.0,,0,2.0,0.0
Indonesia,Central Kalimantan,F,open_degraded,0,0,0,0,0,0,4444.444444,1,8.5,16.0,Syzygium leptostemon,Syzygium,leptostemon,Myrtaceae,-2.330555556,114.025,5.0,0.664366667,0.09413391,,51,,108.0,,0,9999.0,95.37037037
Indonesia,Central Kalimantan,F,open_degraded,1,0,0,0,0,0,4444.444444,1,8.5,13.0,Dyera polyphylla,Dyera,polyphylla,Apocynaceae,-2.330555556,114.025,14.0,0.33,0.070823262,,1,,18.0,,1,1.0,0.0
Indonesia,Central Kalimantan,F,open_degraded,1,0,0,0,0,0,4444.444444,1,8.5,13.0,Dyera polyphylla,Dyera,polyphylla,Apocynaceae,-2.330555556,114.025,20.0,0.33,0.070823262,,1,,18.0,,1,2.0,0.0
Indonesia,Central Kalimantan,F,open_degraded,1,0,0,0,0,0,4444.444444,1,8.5,13.0,Dyera polyphylla,Dyera,polyphylla,Apocynaceae,-2.330555556,114.025,5.0,0.33,0.070823262,,1,,18.0,,1,9999.0,22.22222222
Indonesia,Central Kalimantan,F,open_degraded,0,0,0,0,0,0,4444.444444,1,8.5,13.0,Dyera polyphylla,Dyera,polyphylla,Apocynaceae,-2.330555556,114.025,14.0,0.33,0.070823262,,1,,54.0,,0,1.0,64.81481481
Indonesia,Central Kalimantan,F,open_degraded,0,0,0,0,0,0,4444.444444,1,8.5,13.0,Dyera polyphylla,Dyera,polyphylla,Apocynaceae,-2.330555556,114.025,24.0,0.33,0.070823262,,1,,54.0,,0,2.0,24.0
Indonesia,Central Kalimantan,F,open_degraded,0,0,0,0,0,0,4444.444444,1,8.5,13.0,Dyera polyphylla,Dyera,polyphylla,Apocynaceae,-2.330555556,114.025,5.0,0.33,0.070823262,,1,,54.0,,0,9999.0,81.48148148
Indonesia,Central Kalimantan,F,open_degraded,1,0,0,0,0,0,4444.444444,1,8.5,13.0,Dyera polyphylla,Dyera,polyphylla,Apocynaceae,-2.330555556,114.025,14.0,0.33,0.070823262,,1,,54.0,,1,1.0,11.11111111
Indonesia,Central Kalimantan,F,open_degraded,1,0,0,0,0,0,4444.444444,1,8.5,13.0,Dyera polyphylla,Dyera,polyphylla,Apocynaceae,-2.330555556,114.025,20.0,0.33,0.070823262,,1,,54.0,,1,2.0,7.407407407
Indonesia,Central Kalimantan,F,open_degraded,1,0,0,0,0,0,4444.444444,1,8.5,13.0,Dyera polyphylla,Dyera,polyphylla,Apocynaceae,-2.330555556,114.025,5.0,0.33,0.070823262,,1,,54.0,,1,9999.0,38.88888889
Indonesia,Central Kalimantan,F,open_degraded,0,0,0,0,1,0,4444.444444,1,8.5,13.0,Dyera polyphylla,Dyera,polyphylla,Apocynaceae,-2.330555556,114.025,14.0,0.33,0.070823262,,1,,54.0,,1,1.0,55.55555556
Indonesia,Central Kalimantan,F,open_degraded,0,0,0,0,1,0,4444.444444,1,8.5,13.0,Dyera polyphylla,Dyera,polyphylla,Apocynaceae,-2.330555556,114.025,20.0,0.33,0.070823262,,1,,54.0,,1,2.0,53.7037037
Indonesia,Central Kalimantan,F,open_degraded,0,0,0,0,1,0,4444.444444,1,8.5,13.0,Dyera polyphylla,Dyera,polyphylla,Apocynaceae,-2.330555556,114.025,5.0,0.33,0.070823262,,1,,54.0,,1,9999.0,77.77777778
Indonesia,Central Kalimantan,F,open_degraded,1,0,0,1,0,0,4444.444444,1,8.5,13.0,Dyera polyphylla,Dyera,polyphylla,Apocynaceae,-2.330555556,114.025,14.0,0.33,0.070823262,,1,,18.0,,1,1.0,0.0
Indonesia,Central Kalimantan,F,open_degraded,1,0,0,1,0,0,4444.444444,1,8.5,13.0,Dyera polyphylla,Dyera,polyphylla,Apocynaceae,-2.330555556,114.025,20.0,0.33,0.070823262,,1,,18.0,,1,2.0,0.0
Indonesia,Central Kalimantan,F,open_degraded,1,0,0,1,0,0,4444.444444,1,8.5,13.0,Dyera polyphylla,Dyera,polyphylla,Apocynaceae,-2.330555556,114.025,5.0,0.33,0.070823262,,1,,18.0,,1,9999.0,22.22222222
Indonesia,Central Kalimantan,F,open_degraded,1,0,0,1,0,0,4444.444444,1,8.5,13.0,Dyera polyphylla,Dyera,polyphylla,Apocynaceae,-2.330555556,114.025,14.0,0.33,0.070823262,,1,,54.0,,1,1.0,27.77777778
Indonesia,Central Kalimantan,F,open_degraded,1,0,0,1,0,0,4444.444444,1,8.5,13.0,Dyera polyphylla,Dyera,polyphylla,Apocynaceae,-2.330555556,114.025,20.0,0.33,0.070823262,,1,,54.0,,1,2.0,24.07407407
Indonesia,Central Kalimantan,F,open_degraded,1,0,0,1,0,0,4444.444444,1,8.5,13.0,Dyera polyphylla,Dyera,polyphylla,Apocynaceae,-2.330555556,114.025,5.0,0.33,0.070823262,,1,,54.0,,1,9999.0,59.25925926
Indonesia,Central Kalimantan,F,open_degraded,1,0,0,0,0,0,4444.444444,1,8.5,42.0,Shorea balangeran,Shorea,balangeran,Dipterocarpaceae,-2.330555556,114.025,14.0,0.69,0.070823262,,1,,108.0,,1,1.0,82.40740741
Indonesia,Central Kalimantan,F,open_degraded,1,0,0,0,0,0,4444.444444,1,8.5,42.0,Shorea balangeran,Shorea,balangeran,Dipterocarpaceae,-2.330555556,114.025,20.0,0.69,0.070823262,,1,,108.0,,1,2.0,82.40740741
Indonesia,Central Kalimantan,F,open_degraded,1,0,0,0,0,0,4444.444444,1,8.5,42.0,Shorea balangeran,Shorea,balangeran,Dipterocarpaceae,-2.330555556,114.025,5.0,0.69,0.070823262,,1,,108.0,,1,9999.0,94.44444444
Indonesia,Central Kalimantan,F,open_degraded,1,0,0,0,0,0,4444.444444,1,8.5,42.0,Shorea balangeran,Shorea,balangeran,Dipterocarpaceae,-2.330555556,114.025,14.0,0.69,0.070823262,,1,,108.0,,1,1.0,75.0
Indonesia,Central Kalimantan,F,open_degraded,0,0,0,0,1,0,4444.444444,1,8.5,42.0,Shorea balangeran,Shorea,balangeran,Dipterocarpaceae,-2.330555556,114.025,20.0,0.69,0.070823262,,1,,108.0,,1,2.0,73.14814815
Indonesia,Central Kalimantan,F,open_degraded,1,0,0,0,0,0,4444.444444,1,8.5,42.0,Shorea balangeran,Shorea,balangeran,Dipterocarpaceae,-2.330555556,114.025,5.0,0.69,0.070823262,,1,,108.0,,1,9999.0,77.77777778
Indonesia,Central Kalimantan,F,open_degraded,0,0,0,0,1,0,4444.444444,1,8.5,42.0,Shorea balangeran,Shorea,balangeran,Dipterocarpaceae,-2.330555556,114.025,14.0,0.69,0.070823262,,1,,108.0,,1,1.0,94.44444444
Indonesia,Central Kalimantan,F,open_degraded,0,0,0,0,1,0,4444.444444,1,8.5,42.0,Shorea balangeran,Shorea,balangeran,Dipterocarpaceae,-2.330555556,114.025,20.0,0.69,0.070823262,,1,,108.0,,1,2.0,92.59259259
Indonesia,Central Kalimantan,F,open_degraded,0,0,0,0,1,0,4444.444444,1,8.5,42.0,Shorea balangeran,Shorea,balangeran,Dipterocarpaceae,-2.330555556,114.025,5.0,0.69,0.070823262,,1,,108.0,,1,9999.0,96.2962963
Indonesia,Central Kalimantan,F,open_degraded,0,0,0,1,0,0,4444.444444,1,8.5,42.0,Shorea balangeran,Shorea,balangeran,Dipterocarpaceae,-2.330555556,114.025,14.0,0.69,0.070823262,,1,,24.0,,1,1.0,87.5
Indonesia,Central Kalimantan,F,open_degraded,0,0,0,1,0,0,4444.444444,1,8.5,42.0,Shorea balangeran,Shorea,balangeran,Dipterocarpaceae,-2.330555556,114.025,20.0,0.69,0.070823262,,1,,24.0,,1,2.0,87.5
Indonesia,Central Kalimantan,F,open_degraded,0,0,0,1,0,0,4444.444444,1,8.5,42.0,Shorea balangeran,Shorea,balangeran,Dipterocarpaceae,-2.330555556,114.025,5.0,0.69,0.070823262,,1,,24.0,,1,9999.0,95.83333333
Indonesia,Central Kalimantan,F,open_degraded,1,0,0,0,1,0,4444.444444,1,8.5,42.0,Shorea balangeran,Shorea,balangeran,Dipterocarpaceae,-2.330555556,114.025,14.0,0.69,0.070823262,,1,,108.0,,1,1.0,90.74074074
Indonesia,Central Kalimantan,F,open_degraded,1,0,0,0,1,0,4444.444444,1,8.5,42.0,Shorea balangeran,Shorea,balangeran,Dipterocarpaceae,-2.330555556,114.025,20.0,0.69,0.070823262,,1,,108.0,,1,2.0,89.81481481
Indonesia,Central Kalimantan,F,open_degraded,1,0,0,0,1,0,4444.444444,1,8.5,42.0,Shorea balangeran,Shorea,balangeran,Dipterocarpaceae,-2.330555556,114.025,5.0,0.69,0.070823262,,1,,108.0,,1,9999.0,95.37037037
Indonesia,Central Kalimantan,F,open_degraded,1,0,0,1,0,0,4444.444444,1,8.5,42.0,Shorea balangeran,Shorea,balangeran,Dipterocarpaceae,-2.330555556,114.025,14.0,0.69,0.070823262,,1,,24.0,,1,1.0,100.0
Indonesia,Central Kalimantan,F,open_degraded,1,0,0,1,0,0,4444.444444,1,8.5,42.0,Shorea balangeran,Shorea,balangeran,Dipterocarpaceae,-2.330555556,114.025,20.0,0.69,0.070823262,,1,,24.0,,1,2.0,100.0
Indonesia,Central Kalimantan,F,open_degraded,1,0,0,1,0,0,4444.444444,1,8.5,42.0,Shorea balangeran,Shorea,balangeran,Dipterocarpaceae,-2.330555556,114.025,5.0,0.69,0.070823262,,1,,24.0,,1,9999.0,100.0
Indonesia,Central Kalimantan,F,open_degraded,0,0,0,0,0,0,4444.444444,1,8.5,23.0,Shorea balangeran,Shorea,balangeran,Dipterocarpaceae,-2.330555556,114.025,14.0,0.69,0.070823262,,1,,108.0,,0,1.0,93.51851852
Indonesia,Central Kalimantan,F,open_degraded,0,0,0,0,0,0,4444.444444,1,8.5,23.0,Shorea balangeran,Shorea,balangeran,Dipterocarpaceae,-2.330555556,114.025,24.0,0.69,0.070823262,,1,,108.0,,0,2.0,22.0
Indonesia,Central Kalimantan,F,open_degraded,0,0,0,0,0,0,4444.444444,1,8.5,23.0,Shorea balangeran,Shorea,balangeran,Dipterocarpaceae,-2.330555556,114.025,5.0,0.69,0.070823262,,1,,108.0,,0,9999.0,97.22222222
Indonesia,Central Kalimantan,F,open_degraded,1,0,0,1,1,0,4444.444444,1,8.5,42.0,Shorea balangeran,Shorea,balangeran,Dipterocarpaceae,-2.330555556,114.025,14.0,0.69,0.070823262,,1,,24.0,,1,1.0,87.5
Indonesia,Central Kalimantan,F,open_degraded,1,0,0,1,1,0,4444.444444,1,8.5,42.0,Shorea balangeran,Shorea,balangeran,Dipterocarpaceae,-2.330555556,114.025,20.0,0.69,0.070823262,,1,,24.0,,1,2.0,87.5
Indonesia,Central Kalimantan,F,open_degraded,1,0,0,1,1,0,4444.444444,1,8.5,42.0,Shorea balangeran,Shorea,balangeran,Dipterocarpaceae,-2.330555556,114.025,5.0,0.69,0.070823262,,1,,24.0,,1,9999.0,95.83333333
Indonesia,Central Kalimantan,F,open_degraded,1,0,0,0,1,0,4444.444444,1,8.5,42.0,Shorea balangeran,Shorea,balangeran,Dipterocarpaceae,-2.330555556,114.025,14.0,0.69,0.070823262,,1,,108.0,,1,1.0,81.48148148
Indonesia,Central Kalimantan,F,open_degraded,1,0,0,0,1,0,4444.444444,1,8.5,42.0,Shorea balangeran,Shorea,balangeran,Dipterocarpaceae,-2.330555556,114.025,20.0,0.69,0.070823262,,1,,108.0,,1,2.0,79.62962963
Indonesia,Central Kalimantan,F,open_degraded,1,0,0,0,1,0,4444.444444,1,8.5,42.0,Shorea balangeran,Shorea,balangeran,Dipterocarpaceae,-2.330555556,114.025,5.0,0.69,0.070823262,,1,,108.0,,1,9999.0,84.25925926
Indonesia,Central Kalimantan,F,open_degraded,1,0,0,1,0,0,4444.444444,1,8.5,42.0,Shorea balangeran,Shorea,balangeran,Dipterocarpaceae,-2.330555556,114.025,14.0,0.69,0.070823262,,1,,24.0,,1,1.0,100.0
Indonesia,Central Kalimantan,F,open_degraded,1,0,0,1,0,0,4444.444444,1,8.5,42.0,Shorea balangeran,Shorea,balangeran,Dipterocarpaceae,-2.330555556,114.025,20.0,0.69,0.070823262,,1,,24.0,,1,2.0,100.0
Indonesia,Central Kalimantan,F,open_degraded,1,0,0,1,0,0,4444.444444,1,8.5,42.0,Shorea balangeran,Shorea,balangeran,Dipterocarpaceae,-2.330555556,114.025,5.0,0.69,0.070823262,,1,,24.0,,1,9999.0,100.0
Indonesia,Central Kalimantan,F,open_degraded,1,0,0,1,1,0,4444.444444,1,8.5,42.0,Shorea balangeran,Shorea,balangeran,Dipterocarpaceae,-2.330555556,114.025,14.0,0.69,0.070823262,,1,,24.0,,1,1.0,95.83333333
Indonesia,Central Kalimantan,F,open_degraded,1,0,0,1,1,0,4444.444444,1,8.5,42.0,Shorea balangeran,Shorea,balangeran,Dipterocarpaceae,-2.330555556,114.025,20.0,0.69,0.070823262,,1,,24.0,,1,2.0,95.83333333
Indonesia,Central Kalimantan,F,open_degraded,1,0,0,1,1,0,4444.444444,1,8.5,42.0,Shorea balangeran,Shorea,balangeran,Dipterocarpaceae,-2.330555556,114.025,5.0,0.69,0.070823262,,1,,24.0,,1,9999.0,95.83333333
Indonesia,Central Kalimantan,F,open_degraded,1,0,0,0,0,0,4444.444444,1,8.5,14.0,Alstonia pneumatophora,Alstonia,pneumatophora,Apocynaceae,-2.330555556,114.025,14.0,0.295,0.070823262,,2,,108.0,,1,1.0,39.81481481
Indonesia,Central Kalimantan,F,open_degraded,1,0,0,0,0,0,4444.444444,1,8.5,14.0,Alstonia pneumatophora,Alstonia,pneumatophora,Apocynaceae,-2.330555556,114.025,20.0,0.295,0.070823262,,2,,108.0,,1,2.0,36.11111111
Indonesia,Central Kalimantan,F,open_degraded,1,0,0,0,0,0,4444.444444,1,8.5,14.0,Alstonia pneumatophora,Alstonia,pneumatophora,Apocynaceae,-2.330555556,114.025,5.0,0.295,0.070823262,,2,,108.0,,1,9999.0,82.40740741
Indonesia,Central Kalimantan,F,open_degraded,1,0,0,0,0,0,4444.444444,1,8.5,14.0,Alstonia pneumatophora,Alstonia,pneumatophora,Apocynaceae,-2.330555556,114.025,14.0,0.295,0.070823262,,2,,108.0,,1,1.0,49.07407407
Indonesia,Central Kalimantan,F,open_degraded,1,0,0,0,0,0,4444.444444,1,8.5,14.0,Alstonia pneumatophora,Alstonia,pneumatophora,Apocynaceae,-2.330555556,114.025,20.0,0.295,0.070823262,,2,,108.0,,1,2.0,48.14814815
Indonesia,Central Kalimantan,F,open_degraded,1,0,0,0,0,0,4444.444444,1,8.5,14.0,Alstonia pneumatophora,Alstonia,pneumatophora,Apocynaceae,-2.330555556,114.025,5.0,0.295,0.070823262,,2,,108.0,,1,9999.0,68.51851852
Indonesia,Central Kalimantan,F,open_degraded,0,0,0,0,1,0,4444.444444,1,8.5,14.0,Alstonia pneumatophora,Alstonia,pneumatophora,Apocynaceae,-2.330555556,114.025,14.0,0.295,0.070823262,,2,,108.0,,1,1.0,78.7037037
Indonesia,Central Kalimantan,F,open_degraded,0,0,0,0,1,0,4444.444444,1,8.5,14.0,Alstonia pneumatophora,Alstonia,pneumatophora,Apocynaceae,-2.330555556,114.025,20.0,0.295,0.070823262,,2,,108.0,,1,2.0,71.2962963
Indonesia,Central Kalimantan,F,open_degraded,0,0,0,0,1,0,4444.444444,1,8.5,14.0,Alstonia pneumatophora,Alstonia,pneumatophora,Apocynaceae,-2.330555556,114.025,5.0,0.295,0.070823262,,2,,108.0,,1,9999.0,91.66666667
Indonesia,Central Kalimantan,F,open_degraded,0,0,0,1,0,0,4444.444444,1,8.5,14.0,Alstonia pneumatophora,Alstonia,pneumatophora,Apocynaceae,-2.330555556,114.025,14.0,0.295,0.070823262,,2,,24.0,,1,1.0,50.0
Indonesia,Central Kalimantan,F,open_degraded,0,0,0,1,0,0,4444.444444,1,8.5,14.0,Alstonia pneumatophora,Alstonia,pneumatophora,Apocynaceae,-2.330555556,114.025,20.0,0.295,0.070823262,,2,,24.0,,1,2.0,33.33333333
Indonesia,Central Kalimantan,F,open_degraded,0,0,0,1,0,0,4444.444444,1,8.5,14.0,Alstonia pneumatophora,Alstonia,pneumatophora,Apocynaceae,-2.330555556,114.025,5.0,0.295,0.070823262,,2,,24.0,,1,9999.0,95.83333333
Indonesia,Central Kalimantan,F,open_degraded,1,0,0,0,1,0,4444.444444,1,8.5,14.0,Alstonia pneumatophora,Alstonia,pneumatophora,Apocynaceae,-2.330555556,114.025,14.0,0.295,0.070823262,,2,,108.0,,1,1.0,64.81481481
Indonesia,Central Kalimantan,F,open_degraded,1,0,0,0,1,0,4444.444444,1,8.5,14.0,Alstonia pneumatophora,Alstonia,pneumatophora,Apocynaceae,-2.330555556,114.025,20.0,0.295,0.070823262,,2,,108.0,,1,2.0,57.40740741
Indonesia,Central Kalimantan,F,open_degraded,1,0,0,0,1,0,4444.444444,1,8.5,14.0,Alstonia pneumatophora,Alstonia,pneumatophora,Apocynaceae,-2.330555556,114.025,5.0,0.295,0.070823262,,2,,108.0,,1,9999.0,88.88888889
Indonesia,Central Kalimantan,F,open_degraded,1,0,0,1,0,0,4444.444444,1,8.5,14.0,Alstonia pneumatophora,Alstonia,pneumatophora,Apocynaceae,-2.330555556,114.025,14.0,0.295,0.070823262,,2,,24.0,,1,1.0,37.5
Indonesia,Central Kalimantan,F,open_degraded,1,0,0,1,0,0,4444.444444,1,8.5,14.0,Alstonia pneumatophora,Alstonia,pneumatophora,Apocynaceae,-2.330555556,114.025,20.0,0.295,0.070823262,,2,,24.0,,1,2.0,29.16666667
Indonesia,Central Kalimantan,F,open_degraded,1,0,0,1,0,0,4444.444444,1,8.5,14.0,Alstonia pneumatophora,Alstonia,pneumatophora,Apocynaceae,-2.330555556,114.025,5.0,0.295,0.070823262,,2,,24.0,,1,9999.0,91.66666667
Indonesia,Central Kalimantan,F,open_degraded,0,0,0,0,0,0,4444.444444,1,8.5,42.0,Dacryodes rostrata,Dacryodes,rostrata,Burseraceae,-2.330555556,114.025,14.0,0.55,0.070823262,,20,,108.0,,0,1.0,87.03703704
Indonesia,Central Kalimantan,F,open_degraded,0,0,0,0,0,0,4444.444444,1,8.5,42.0,Dacryodes rostrata,Dacryodes,rostrata,Burseraceae,-2.330555556,114.025,24.0,0.55,0.070823262,,20,,108.0,,0,2.0,21.0
Indonesia,Central Kalimantan,F,open_degraded,0,0,0,0,0,0,4444.444444,1,8.5,42.0,Dacryodes rostrata,Dacryodes,rostrata,Burseraceae,-2.330555556,114.025,5.0,0.55,0.070823262,,20,,108.0,,0,9999.0,92.59259259
Indonesia,Central Kalimantan,F,open_degraded,1,0,0,1,1,0,4444.444444,1,8.5,14.0,Alstonia pneumatophora,Alstonia,pneumatophora,Apocynaceae,-2.330555556,114.025,14.0,0.295,0.070823262,,2,,24.0,,1,1.0,75.0
Indonesia,Central Kalimantan,F,open_degraded,1,0,0,1,1,0,4444.444444,1,8.5,14.0,Alstonia pneumatophora,Alstonia,pneumatophora,Apocynaceae,-2.330555556,114.025,20.0,0.295,0.070823262,,2,,24.0,,1,2.0,70.83333333
Indonesia,Central Kalimantan,F,open_degraded,1,0,0,1,1,0,4444.444444,1,8.5,14.0,Alstonia pneumatophora,Alstonia,pneumatophora,Apocynaceae,-2.330555556,114.025,5.0,0.295,0.070823262,,2,,24.0,,1,9999.0,91.66666667
Indonesia,Central Kalimantan,F,open_degraded,1,0,0,0,1,0,4444.444444,1,8.5,14.0,Alstonia pneumatophora,Alstonia,pneumatophora,Apocynaceae,-2.330555556,114.025,14.0,0.295,0.070823262,,2,,108.0,,1,1.0,66.66666667
Indonesia,Central Kalimantan,F,open_degraded,1,0,0,0,1,0,4444.444444,1,8.5,14.0,Alstonia pneumatophora,Alstonia,pneumatophora,Apocynaceae,-2.330555556,114.025,20.0,0.295,0.070823262,,2,,108.0,,1,2.0,64.81481481
Indonesia,Central Kalimantan,F,open_degraded,1,0,0,0,1,0,4444.444444,1,8.5,14.0,Alstonia pneumatophora,Alstonia,pneumatophora,Apocynaceae,-2.330555556,114.025,5.0,0.295,0.070823262,,2,,108.0,,1,9999.0,75.92592593
Indonesia,Central Kalimantan,F,open_degraded,1,0,0,1,0,0,4444.444444,1,8.5,14.0,Alstonia pneumatophora,Alstonia,pneumatophora,Apocynaceae,-2.330555556,114.025,14.0,0.295,0.070823262,,2,,24.0,,1,1.0,79.16666667
Indonesia,Central Kalimantan,F,open_degraded,1,0,0,1,0,0,4444.444444,1,8.5,14.0,Alstonia pneumatophora,Alstonia,pneumatophora,Apocynaceae,-2.330555556,114.025,20.0,0.295,0.070823262,,2,,24.0,,1,2.0,79.16666667
Indonesia,Central Kalimantan,F,open_degraded,1,0,0,1,0,0,4444.444444,1,8.5,14.0,Alstonia pneumatophora,Alstonia,pneumatophora,Apocynaceae,-2.330555556,114.025,5.0,0.295,0.070823262,,2,,24.0,,1,9999.0,95.83333333
Indonesia,Central Kalimantan,F,open_degraded,1,0,0,1,1,0,4444.444444,1,8.5,14.0,Alstonia pneumatophora,Alstonia,pneumatophora,Apocynaceae,-2.330555556,114.025,14.0,0.295,0.070823262,,2,,24.0,,1,1.0,41.66666667
Indonesia,Central Kalimantan,F,open_degraded,1,0,0,1,1,0,4444.444444,1,8.5,14.0,Alstonia pneumatophora,Alstonia,pneumatophora,Apocynaceae,-2.330555556,114.025,20.0,0.295,0.070823262,,2,,24.0,,1,2.0,41.66666667
Indonesia,Central Kalimantan,F,open_degraded,1,0,0,1,1,0,4444.444444,1,8.5,14.0,Alstonia pneumatophora,Alstonia,pneumatophora,Apocynaceae,-2.330555556,114.025,5.0,0.295,0.070823262,,2,,24.0,,1,9999.0,75.0
Indonesia,Central Kalimantan,F,open_degraded,1,0,0,0,0,0,4444.444444,1,8.5,17.0,Campnosperma squamatum,Campnosperma,squamatum,Anacardiaceae,-2.330555556,114.025,14.0,0.39,0.070823262,,1,,108.0,,1,1.0,48.14814815
Indonesia,Central Kalimantan,F,open_degraded,1,0,0,0,0,0,4444.444444,1,8.5,17.0,Campnosperma squamatum,Campnosperma,squamatum,Anacardiaceae,-2.330555556,114.025,20.0,0.39,0.070823262,,1,,108.0,,1,2.0,38.88888889
Indonesia,Central Kalimantan,F,open_degraded,1,0,0,0,0,0,4444.444444,1,8.5,17.0,Campnosperma squamatum,Campnosperma,squamatum,Anacardiaceae,-2.330555556,114.025,5.0,0.39,0.070823262,,1,,108.0,,1,9999.0,76.85185185
Indonesia,Central Kalimantan,F,open_degraded,1,0,0,0,0,0,4444.444444,1,8.5,17.0,Campnosperma squamatum,Campnosperma,squamatum,Anacardiaceae,-2.330555556,114.025,14.0,0.39,0.070823262,,1,,108.0,,1,1.0,44.44444444
Indonesia,Central Kalimantan,F,open_degraded,1,0,0,0,0,0,4444.444444,1,8.5,17.0,Campnosperma squamatum,Campnosperma,squamatum,Anacardiaceae,-2.330555556,114.025,20.0,0.39,0.070823262,,1,,108.0,,1,2.0,35.18518519
Indonesia,Central Kalimantan,F,open_degraded,1,0,0,0,0,0,4444.444444,1,8.5,17.0,Campnosperma squamatum,Campnosperma,squamatum,Anacardiaceae,-2.330555556,114.025,5.0,0.39,0.070823262,,1,,108.0,,1,9999.0,62.96296296
Indonesia,Central Kalimantan,F,open_degraded,1,0,0,0,0,0,4444.444444,1,8.5,42.0,Dacryodes rostrata,Dacryodes,rostrata,Burseraceae,-2.330555556,114.025,14.0,0.55,0.070823262,,20,,108.0,,1,1.0,71.2962963
Indonesia,Central Kalimantan,F,open_degraded,1,0,0,0,0,0,4444.444444,1,8.5,42.0,Dacryodes rostrata,Dacryodes,rostrata,Burseraceae,-2.330555556,114.025,20.0,0.55,0.070823262,,20,,108.0,,1,2.0,70.37037037
Indonesia,Central Kalimantan,F,open_degraded,1,0,0,0,0,0,4444.444444,1,8.5,42.0,Dacryodes rostrata,Dacryodes,rostrata,Burseraceae,-2.330555556,114.025,5.0,0.55,0.070823262,,20,,108.0,,1,9999.0,78.7037037
Indonesia,Central Kalimantan,F,open_degraded,1,0,0,0,0,0,4444.444444,1,8.5,42.0,Dacryodes rostrata,Dacryodes,rostrata,Burseraceae,-2.330555556,114.025,14.0,0.55,0.070823262,,20,,108.0,,1,1.0,77.77777778
Indonesia,Central Kalimantan,F,open_degraded,1,0,0,0,0,0,4444.444444,1,8.5,42.0,Dacryodes rostrata,Dacryodes,rostrata,Burseraceae,-2.330555556,114.025,20.0,0.55,0.070823262,,20,,108.0,,1,2.0,74.07407407
Indonesia,Central Kalimantan,F,open_degraded,1,0,0,0,0,0,4444.444444,1,8.5,42.0,Dacryodes rostrata,Dacryodes,rostrata,Burseraceae,-2.330555556,114.025,5.0,0.55,0.070823262,,20,,108.0,,1,9999.0,81.48148148
Indonesia,Central Kalimantan,F,open_degraded,0,0,0,0,0,0,4444.444444,1,8.5,16.0,Gymnacranthera farquhariana,Gymnacranthera,farquhariana,Myristicaceae,-2.330555556,114.025,14.0,0.58,0.070823262,,2,,106.0,,0,1.0,66.98113208
Indonesia,Central Kalimantan,F,open_degraded,0,0,0,0,0,0,4444.444444,1,8.5,16.0,Gymnacranthera farquhariana,Gymnacranthera,farquhariana,Myristicaceae,-2.330555556,114.025,24.0,0.58,0.070823262,,2,,106.0,,0,2.0,0.0
Indonesia,Central Kalimantan,F,open_degraded,0,0,0,0,0,0,4444.444444,1,8.5,16.0,Gymnacranthera farquhariana,Gymnacranthera,farquhariana,Myristicaceae,-2.330555556,114.025,5.0,0.58,0.070823262,,2,,106.0,,0,9999.0,87.73584906
Indonesia,Central Kalimantan,F,open_degraded,0,0,0,0,0,0,4444.444444,1,8.5,20.0,Horsfieldia crassifolia,Horsfieldia,crassifolia,Magnoliaceae,-2.330555556,114.025,14.0,0.441512037,0.123401724,,5,,106.0,,0,1.0,80.18867925
Indonesia,Central Kalimantan,F,open_degraded,0,0,0,0,0,0,4444.444444,1,8.5,20.0,Horsfieldia crassifolia,Horsfieldia,crassifolia,Magnoliaceae,-2.330555556,114.025,24.0,0.441512037,0.123401724,,5,,106.0,,0,2.0,3.0
Indonesia,Central Kalimantan,F,open_degraded,0,0,0,0,0,0,4444.444444,1,8.5,20.0,Horsfieldia crassifolia,Horsfieldia,crassifolia,Magnoliaceae,-2.330555556,114.025,5.0,0.441512037,0.123401724,,5,,106.0,,0,9999.0,93.39622642
Indonesia,Central Kalimantan,F,open_degraded,0,0,0,0,0,0,4444.444444,1,8.5,17.0,Alstonia pneumatophora,Alstonia,pneumatophora,Apocynaceae,-2.330555556,114.025,14.0,0.295,0.070823262,,2,,108.0,,0,1.0,36.11111111
Indonesia,Central Kalimantan,F,open_degraded,0,0,0,0,0,0,4444.444444,1,8.5,17.0,Alstonia pneumatophora,Alstonia,pneumatophora,Apocynaceae,-2.330555556,114.025,24.0,0.295,0.070823262,,2,,108.0,,0,2.0,6.0
Indonesia,Central Kalimantan,F,open_degraded,0,0,0,0,0,0,4444.444444,1,8.5,17.0,Alstonia pneumatophora,Alstonia,pneumatophora,Apocynaceae,-2.330555556,114.025,5.0,0.295,0.070823262,,2,,108.0,,0,9999.0,88.88888889
Indonesia,Central Kalimantan,F,open_degraded,0,0,0,0,0,0,4444.444444,1,8.5,14.0,Adenanthera pavonina,Adenanthera,pavonina,Fabaceae,-2.330555556,114.025,14.0,0.687,0.070823262,,9,,107.0,,0,1.0,88.78504673
Indonesia,Central Kalimantan,F,open_degraded,0,0,0,0,0,0,4444.444444,1,8.5,14.0,Adenanthera pavonina,Adenanthera,pavonina,Fabaceae,-2.330555556,114.025,24.0,0.687,0.070823262,,9,,107.0,,0,2.0,0.0
Indonesia,Central Kalimantan,F,open_degraded,0,0,0,0,0,0,4444.444444,1,8.5,14.0,Adenanthera pavonina,Adenanthera,pavonina,Fabaceae,-2.330555556,114.025,5.0,0.687,0.070823262,,9,,107.0,,0,9999.0,93.45794393
Indonesia,Central Kalimantan,F,open_degraded,0,0,0,0,0,0,4444.444444,1,8.5,17.0,Campnosperma squamatum,Campnosperma,squamatum,Anacardiaceae,-2.330555556,114.025,14.0,0.39,0.070823262,,1,,108.0,,0,1.0,72.22222222
Indonesia,Central Kalimantan,F,open_degraded,0,0,0,0,0,0,4444.444444,1,8.5,17.0,Campnosperma squamatum,Campnosperma,squamatum,Anacardiaceae,-2.330555556,114.025,24.0,0.39,0.070823262,,1,,108.0,,0,2.0,3.0
Indonesia,Central Kalimantan,F,open_degraded,0,0,0,0,0,0,4444.444444,1,8.5,17.0,Campnosperma squamatum,Campnosperma,squamatum,Anacardiaceae,-2.330555556,114.025,5.0,0.39,0.070823262,,1,,108.0,,0,9999.0,98.14814815
Indonesia,Central Kalimantan,F,open_degraded,0,0,0,0,0,0,4444.444444,1,8.5,16.0,Adenanthera pavonina,Adenanthera,pavonina,Fabaceae,-2.330555556,114.025,12.0,0.687,0.070823262,,9,,39.0,,0,1.0,10.0
Indonesia,Central Kalimantan,F,open_degraded,0,0,0,0,0,0,4444.444444,1,8.5,16.0,Adenanthera pavonina,Adenanthera,pavonina,Fabaceae,-2.330555556,114.025,24.0,0.687,0.070823262,,9,,39.0,,0,2.0,3.0
Indonesia,Central Kalimantan,F,open_degraded,0,0,0,0,0,0,4444.444444,1,8.5,16.0,Campnosperma squamatum,Campnosperma,squamatum,Anacardiaceae,-2.330555556,114.025,12.0,0.39,0.070823262,,1,,20.0,,0,1.0,0.0
Indonesia,Central Kalimantan,F,open_degraded,0,0,0,0,0,0,4444.444444,1,8.5,16.0,Campnosperma squamatum,Campnosperma,squamatum,Anacardiaceae,-2.330555556,114.025,24.0,0.39,0.070823262,,1,,20.0,,0,2.0,0.0
Indonesia,Central Kalimantan,F,open_degraded,0,0,0,0,0,0,4444.444444,1,8.5,30.0,Dacryodes rostrata,Dacryodes,rostrata,Burseraceae,-2.330555556,114.025,12.0,0.55,0.070823262,,20,,40.0,,0,1.0,73.0
Indonesia,Central Kalimantan,F,open_degraded,0,0,0,0,0,0,4444.444444,1,8.5,30.0,Dacryodes rostrata,Dacryodes,rostrata,Burseraceae,-2.330555556,114.025,24.0,0.55,0.070823262,,20,,40.0,,0,2.0,65.0
Indonesia,Central Kalimantan,F,open_degraded,0,0,0,0,0,0,4444.444444,1,8.5,20.0,Horsfieldia crassifolia,Horsfieldia,crassifolia,Magnoliaceae,-2.330555556,114.025,12.0,0.441512037,0.123401724,,5,,20.0,,0,1.0,5.0
Indonesia,Central Kalimantan,F,open_degraded,0,0,0,0,0,0,4444.444444,1,8.5,20.0,Horsfieldia crassifolia,Horsfieldia,crassifolia,Magnoliaceae,-2.330555556,114.025,24.0,0.441512037,0.123401724,,5,,20.0,,0,2.0,5.0
Indonesia,Central Kalimantan,F,open_degraded,0,0,0,0,0,0,4444.444444,1,8.5,30.0,Shorea balangeran,Shorea,balangeran,Dipterocarpaceae,-2.330555556,114.025,12.0,0.69,0.070823262,,1,,60.0,,0,1.0,95.0
Indonesia,Central Kalimantan,F,open_degraded,0,0,0,0,0,0,4444.444444,1,8.5,30.0,Shorea balangeran,Shorea,balangeran,Dipterocarpaceae,-2.330555556,114.025,24.0,0.69,0.070823262,,1,,60.0,,0,2.0,82.0
China,Guangdong,LG,open_degraded,0,1,0,0,0,0,,1,9.0,19.5,Castanopsis fissa,Castanopsis,fissa,Fagaceae,21.46361111,110.905,15.0,0.4446,0.070823262,,5,,105.0,,1,1.0,95.0
China,Guangdong,LG,open_degraded,0,1,0,0,0,0,,1,9.0,19.5,Castanopsis fissa,Castanopsis,fissa,Fagaceae,21.46361111,110.905,21.0,0.4446,0.070823262,,5,,105.0,,1,2.0,95.0
China,Guangdong,LG,open_degraded,0,1,0,0,0,0,,1,9.0,19.5,Castanopsis fissa,Castanopsis,fissa,Fagaceae,21.46361111,110.905,5.0,0.4446,0.070823262,,5,,105.0,,1,9999.0,95.0
China,Guangdong,LG,open_degraded,0,1,0,0,0,0,,1,9.0,19.5,Castanopsis fissa,Castanopsis,fissa,Fagaceae,21.46361111,110.905,15.0,0.4446,0.070823262,,5,,105.0,,1,1.0,83.0
China,Guangdong,LG,open_degraded,0,1,0,0,0,0,,1,9.0,19.5,Castanopsis fissa,Castanopsis,fissa,Fagaceae,21.46361111,110.905,21.0,0.4446,0.070823262,,5,,105.0,,1,2.0,83.0
China,Guangdong,LG,open_degraded,0,1,0,0,0,0,,1,9.0,19.5,Castanopsis fissa,Castanopsis,fissa,Fagaceae,21.46361111,110.905,5.0,0.4446,0.070823262,,5,,105.0,,1,9999.0,87.0
China,Guangdong,LG,open_degraded,0,0,0,0,0,0,,1,9.0,19.5,Castanopsis fissa,Castanopsis,fissa,Fagaceae,21.46361111,110.905,15.0,0.4446,0.070823262,,5,,105.0,,0,1.0,67.0
China,Guangdong,LG,open_degraded,0,0,0,0,0,0,,1,9.0,19.5,Castanopsis fissa,Castanopsis,fissa,Fagaceae,21.46361111,110.905,21.0,0.4446,0.070823262,,5,,105.0,,0,2.0,66.0
China,Guangdong,LG,open_degraded,0,0,0,0,0,0,,1,9.0,19.5,Castanopsis fissa,Castanopsis,fissa,Fagaceae,21.46361111,110.905,5.0,0.4446,0.070823262,,5,,105.0,,0,9999.0,70.0
China,Guangdong,LG,open_degraded,0,1,0,0,0,0,,1,9.0,19.5,Syzygium hancei,Syzygium,hancei,Myrtaceae,21.46361111,110.905,15.0,0.664366667,0.09413391,,51,,105.0,,1,1.0,75.0
China,Guangdong,LG,open_degraded,0,1,0,0,0,0,,1,9.0,19.5,Syzygium hancei,Syzygium,hancei,Myrtaceae,21.46361111,110.905,21.0,0.664366667,0.09413391,,51,,105.0,,1,2.0,75.0
China,Guangdong,LG,open_degraded,0,1,0,0,0,0,,1,9.0,19.5,Syzygium hancei,Syzygium,hancei,Myrtaceae,21.46361111,110.905,5.0,0.664366667,0.09413391,,51,,105.0,,1,9999.0,89.0
China,Guangdong,LG,open_degraded,0,1,0,0,0,0,,1,9.0,19.5,Syzygium hancei,Syzygium,hancei,Myrtaceae,21.46361111,110.905,15.0,0.664366667,0.09413391,,51,,105.0,,1,1.0,88.0
China,Guangdong,LG,open_degraded,0,1,0,0,0,0,,1,9.0,19.5,Syzygium hancei,Syzygium,hancei,Myrtaceae,21.46361111,110.905,21.0,0.664366667,0.09413391,,51,,105.0,,1,2.0,88.0
China,Guangdong,LG,open_degraded,0,1,0,0,0,0,,1,9.0,19.5,Syzygium hancei,Syzygium,hancei,Myrtaceae,21.46361111,110.905,5.0,0.664366667,0.09413391,,51,,105.0,,1,9999.0,88.0
China,Guangdong,LG,open_degraded,0,0,0,0,0,0,,1,9.0,19.5,Syzygium hancei,Syzygium,hancei,Myrtaceae,21.46361111,110.905,15.0,0.664366667,0.09413391,,51,,105.0,,0,1.0,64.0
China,Guangdong,LG,open_degraded,0,0,0,0,0,0,,1,9.0,19.5,Syzygium hancei,Syzygium,hancei,Myrtaceae,21.46361111,110.905,21.0,0.664366667,0.09413391,,51,,105.0,,0,2.0,64.0
China,Guangdong,LG,open_degraded,0,0,0,0,0,0,,1,9.0,19.5,Syzygium hancei,Syzygium,hancei,Myrtaceae,21.46361111,110.905,5.0,0.664366667,0.09413391,,51,,105.0,,0,9999.0,85.0
China,Guangdong,PL,open_degraded,0,0,0,1,0,0,,1,,5.0,Schima superba,Schima,superba,Theaceae,23.43333333,117.0333333,16.0,0.5375,0.070823262,,2,,90.0,,1,1.0,43.91351943
China,Guangdong,PL,open_degraded,0,0,0,1,0,0,,1,,5.0,Schima superba,Schima,superba,Theaceae,23.43333333,117.0333333,22.0,0.5375,0.070823262,,2,,90.0,,1,2.0,22.16611932
China,Guangdong,PL,open_degraded,0,0,0,1,0,0,,1,,5.0,Schima superba,Schima,superba,Theaceae,23.43333333,117.0333333,2.0,0.5375,0.070823262,,2,,90.0,,1,9999.0,88.67542419
China,Guangdong,PL,plantation_enrichment,0,0,0,1,0,0,,1,,5.0,Schima superba,Schima,superba,Theaceae,23.43333333,117.0333333,16.0,0.5375,0.070823262,,2,,90.0,,1,1.0,88.04050356
China,Guangdong,PL,plantation_enrichment,0,0,0,1,0,0,,1,,5.0,Schima superba,Schima,superba,Theaceae,23.43333333,117.0333333,22.0,0.5375,0.070823262,,2,,90.0,,1,2.0,87.56294472
China,Guangdong,PL,plantation_enrichment,0,0,0,1,0,0,,1,,5.0,Schima superba,Schima,superba,Theaceae,23.43333333,117.0333333,2.0,0.5375,0.070823262,,2,,90.0,,1,9999.0,97.24685276
China,Guangdong,PL,forest_enrichment,0,0,0,1,0,0,,1,,5.0,Schima superba,Schima,superba,Theaceae,23.43333333,117.0333333,16.0,0.5375,0.070823262,,2,,90.0,,1,1.0,78.19786535
China,Guangdong,PL,forest_enrichment,0,0,0,1,0,0,,1,,5.0,Schima superba,Schima,superba,Theaceae,23.43333333,117.0333333,22.0,0.5375,0.070823262,,2,,90.0,,1,2.0,45.65818281
China,Guangdong,PL,forest_enrichment,0,0,0,1,0,0,,1,,5.0,Schima superba,Schima,superba,Theaceae,23.43333333,117.0333333,2.0,0.5375,0.070823262,,2,,90.0,,1,9999.0,98.83141762
China,Guangdong,PL,open_degraded,0,0,0,1,0,0,,1,,4.0,Acacia auriculiformis,Acacia,auriculiformis,Fabaceae,23.43333333,117.0333333,16.0,0.68,0.070823262,,1,,90.0,,1,1.0,97.76676818
China,Guangdong,PL,open_degraded,0,0,0,1,0,0,,1,,4.0,Acacia auriculiformis,Acacia,auriculiformis,Fabaceae,23.43333333,117.0333333,22.0,0.68,0.070823262,,1,,90.0,,1,2.0,97.59329121
China,Guangdong,PL,open_degraded,0,0,0,1,0,0,,1,,4.0,Acacia auriculiformis,Acacia,auriculiformis,Fabaceae,23.43333333,117.0333333,2.0,0.68,0.070823262,,1,,90.0,,1,9999.0,99.77652531
China,Guangdong,PL,plantation_enrichment,0,0,0,1,0,0,,1,,4.0,Acacia auriculiformis,Acacia,auriculiformis,Fabaceae,23.43333333,117.0333333,16.0,0.68,0.070823262,,1,,90.0,,1,1.0,38.36416527
China,Guangdong,PL,plantation_enrichment,0,0,0,1,0,0,,1,,4.0,Acacia auriculiformis,Acacia,auriculiformis,Fabaceae,23.43333333,117.0333333,22.0,0.68,0.070823262,,1,,90.0,,1,2.0,35.84761299
China,Guangdong,PL,plantation_enrichment,0,0,0,1,0,0,,1,,4.0,Acacia auriculiformis,Acacia,auriculiformis,Fabaceae,23.43333333,117.0333333,2.0,0.68,0.070823262,,1,,90.0,,1,9999.0,96.42819266
China,Guangdong,PL,forest_enrichment,0,0,0,1,0,0,,1,,4.0,Acacia auriculiformis,Acacia,auriculiformis,Fabaceae,23.43333333,117.0333333,16.0,0.68,0.070823262,,1,,90.0,,1,1.0,39.71258882
China,Guangdong,PL,forest_enrichment,0,0,0,1,0,0,,1,,4.0,Acacia auriculiformis,Acacia,auriculiformis,Fabaceae,23.43333333,117.0333333,22.0,0.68,0.070823262,,1,,90.0,,1,2.0,28.80172113
China,Guangdong,PL,forest_enrichment,0,0,0,1,0,0,,1,,4.0,Acacia auriculiformis,Acacia,auriculiformis,Fabaceae,23.43333333,117.0333333,2.0,0.68,0.070823262,,1,,90.0,,1,9999.0,98.77429814
China,Hong Kong,F,open_degraded,0,0,0,0,0,0,,1,24.0,,Quercus edithiae,Quercus,edithiae,Fagaceae,22.28333333,113.95,12.0,0.700799975,0.09413391,,94,,60.0,,0,1.0,80.0
China,Hong Kong,F,open_degraded,0,0,0,0,0,0,,1,24.0,,Quercus edithiae,Quercus,edithiae,Fagaceae,22.28333333,113.95,24.0,0.700799975,0.09413391,,94,,60.0,,0,2.0,18.0
China,Hong Kong,F,open_degraded,0,0,0,0,0,0,,1,24.0,,Quercus edithiae,Quercus,edithiae,Fagaceae,22.28333333,113.95,36.0,0.700799975,0.09413391,,94,,60.0,,0,3.0,18.0
China,Hong Kong,F,open_degraded,0,0,0,0,0,0,,1,24.0,,Quercus edithiae,Quercus,edithiae,Fagaceae,22.28333333,113.95,42.0,0.700799975,0.09413391,,94,,60.0,,0,4.0,18.0
China,Hong Kong,F,open_degraded,1,0,0,0,0,0,,1,24.0,,Quercus edithiae,Quercus,edithiae,Fagaceae,22.28333333,113.95,12.0,0.700799975,0.09413391,,94,,60.0,,1,1.0,79.0
China,Hong Kong,F,open_degraded,1,0,0,0,0,0,,1,24.0,,Quercus edithiae,Quercus,edithiae,Fagaceae,22.28333333,113.95,24.0,0.700799975,0.09413391,,94,,60.0,,1,2.0,38.0
China,Hong Kong,F,open_degraded,1,0,0,0,0,0,,1,24.0,,Quercus edithiae,Quercus,edithiae,Fagaceae,22.28333333,113.95,36.0,0.700799975,0.09413391,,94,,60.0,,1,3.0,36.0
China,Hong Kong,F,open_degraded,1,0,0,0,0,0,,1,24.0,,Quercus edithiae,Quercus,edithiae,Fagaceae,22.28333333,113.95,42.0,0.700799975,0.09413391,,94,,60.0,,1,4.0,36.0
China,Hong Kong,F,open_degraded,0,0,0,0,0,1,,1,24.0,,Quercus edithiae,Quercus,edithiae,Fagaceae,22.28333333,113.95,12.0,0.700799975,0.09413391,,94,,60.0,,1,1.0,97.0
China,Hong Kong,F,open_degraded,0,0,0,0,0,1,,1,24.0,,Quercus edithiae,Quercus,edithiae,Fagaceae,22.28333333,113.95,24.0,0.700799975,0.09413391,,94,,60.0,,1,2.0,65.0
China,Hong Kong,F,open_degraded,0,0,0,0,0,1,,1,24.0,,Quercus edithiae,Quercus,edithiae,Fagaceae,22.28333333,113.95,36.0,0.700799975,0.09413391,,94,,60.0,,1,3.0,60.0
China,Hong Kong,F,open_degraded,0,0,0,0,0,1,,1,24.0,,Quercus edithiae,Quercus,edithiae,Fagaceae,22.28333333,113.95,42.0,0.700799975,0.09413391,,94,,60.0,,1,4.0,60.0
China,Yunnan,AG,open_degraded,1,0,0,1,1,0,,34,,25.0,Acer oliverianum,Acer,oliverianum,Sapindaceae,27.15,98.48333333,24.0,0.517526,0.09413391,,25,,45.0,,1,2.0,60.0
China,Yunnan,AG,open_degraded,1,0,0,1,1,0,,34,,25.0,Crataegus scabrifolia,Crataegus,scabrifolia,Rosaceae,27.15,98.48333333,24.0,0.66,0.09413391,,2,,45.0,,1,2.0,76.0
China,Yunnan,AG,open_degraded,1,0,0,1,1,0,,34,,25.0,Quercus lamellosa,Quercus,lamellosa,Fagaceae,27.15,98.48333333,24.0,0.7,0.070823262,,1,,45.0,,1,2.0,20.0
China,Yunnan,AG,open_degraded,1,0,0,1,1,0,,34,,25.0,Diospyros kaki,Diospyros,kaki,Ebenaceae,27.15,98.48333333,24.0,0.630333333,0.070823262,,3,,45.0,,1,2.0,97.0
China,Yunnan,AG,open_degraded,1,0,0,1,1,0,,34,,25.0,Elaeocarpus lanceifolius,Elaeocarpus,lanceifolius,Elaeocarpaceae,27.15,98.48333333,24.0,0.523,0.070823262,,1,,45.0,,1,2.0,16.0
China,Yunnan,AG,open_degraded,1,0,0,1,1,0,,34,,25.0,Heynea trijuga,Heynea,trijuga,Meliaceae,27.15,98.48333333,24.0,0.594346098,0.123401724,,36,,45.0,,1,2.0,90.0
China,Yunnan,AG,open_degraded,1,0,0,1,1,0,,34,,25.0,Ilex polyneura,Ilex,polyneura,Aquifoliaceae,27.15,98.48333333,24.0,0.5627,0.09413391,,25,,45.0,,1,2.0,78.0
China,Yunnan,AG,open_degraded,1,0,0,1,1,0,,34,,25.0,Ligustrum lucidum,Ligustrum,lucidum,Oleaceae,27.15,98.48333333,24.0,0.579333333,0.070823262,,3,,45.0,,1,2.0,93.0
China,Yunnan,AG,open_degraded,1,0,0,1,1,0,,34,,25.0,Lindera communis,Lindera,communis,Lauraceae,27.15,98.48333333,24.0,0.45195,0.09413391,,4,,45.0,,1,2.0,92.0
China,Yunnan,AG,open_degraded,1,0,0,1,1,0,,34,,25.0,Lindera megaphylla,Lindera,megaphylla,Lauraceae,27.15,98.48333333,24.0,0.45195,0.09413391,,4,,45.0,,1,2.0,8.0
China,Yunnan,AG,open_degraded,1,0,0,1,1,0,,34,,25.0,Lindera thomsonii,Lindera,thomsonii,Lauraceae,27.15,98.48333333,24.0,0.45195,0.09413391,,4,,45.0,,1,2.0,90.0
China,Yunnan,AG,open_degraded,1,0,0,1,1,0,,34,,25.0,Actinodaphne obovata,Actinodaphne,obovata,Lauraceae,27.15,98.48333333,24.0,0.51,0.09413391,,8,,45.0,,1,2.0,0.0
China,Yunnan,AG,open_degraded,1,0,0,1,1,0,,34,,25.0,Lithocarpus hancei,Lithocarpus,hancei,Fagaceae,27.15,98.48333333,24.0,0.673393116,0.09413391,,46,,45.0,,1,2.0,28.0
China,Yunnan,AG,open_degraded,1,0,0,1,1,0,,34,,25.0,Litsea mollis,Litsea,mollis,Lauraceae,27.15,98.48333333,24.0,0.425466667,0.09413391,,55,,45.0,,1,2.0,12.0
China,Yunnan,AG,open_degraded,1,0,0,1,1,0,,34,,25.0,Machilus rufipes,Machilus,rufipes,Lauraceae,27.15,98.48333333,24.0,0.56441757,0.123401724,,32,,45.0,,1,2.0,72.0
China,Yunnan,AG,open_degraded,1,0,0,1,1,0,,34,,25.0,Machilus yunnanensis,Machilus,yunnanensis,Lauraceae,27.15,98.48333333,24.0,0.56441757,0.123401724,,32,,45.0,,1,2.0,84.0
China,Yunnan,AG,open_degraded,1,0,0,1,1,0,,34,,25.0,Manglietia hookeri,Manglietia,hookeri,Magnoliaceae,27.15,98.48333333,24.0,0.412375,0.09413391,,4,,45.0,,1,2.0,39.0
China,Yunnan,AG,open_degraded,1,0,0,1,1,0,,34,,25.0,Michelia doltsopa,Michelia,doltsopa,Magnoliaceae,27.15,98.48333333,24.0,0.488018519,0.09413391,,18,,45.0,,1,2.0,91.0
China,Yunnan,AG,open_degraded,1,0,0,1,1,0,,34,,25.0,Myrsine semiserrata,Myrsine,semiserrata,Primulaceae,27.15,98.48333333,24.0,0.703,0.070823262,,1,,45.0,,1,2.0,36.0
China,Yunnan,AG,open_degraded,1,0,0,1,1,0,,34,,25.0,Prunus wilsonii,Prunus,wilsonii,Rosaceae,27.15,98.48333333,24.0,0.585666667,0.09413391,,27,,45.0,,1,2.0,71.0
China,Yunnan,AG,open_degraded,1,0,0,1,1,0,,34,,25.0,Polyspora longicarpa,Polyspora,longicarpa,Theaceae,27.15,98.48333333,24.0,0.576065476,0.123401724,,7,,45.0,,1,2.0,16.0
China,Yunnan,AG,open_degraded,1,0,0,1,1,0,,34,,25.0,Quercus acutissima,Quercus,acutissima,Fagaceae,27.15,98.48333333,24.0,0.7334,0.070823262,,5,,45.0,,1,2.0,90.0
China,Yunnan,AG,open_degraded,1,0,0,1,1,0,,34,,25.0,Magnolia cathcartii,Magnolia,cathcartii,Magnoliaceae,27.15,98.48333333,24.0,0.504583333,0.09413391,,20,,45.0,,1,2.0,4.0
China,Yunnan,AG,open_degraded,1,0,0,1,1,0,,34,,25.0,Schima wallichii,Schima,wallichii,Theaceae,27.15,98.48333333,24.0,0.55775,0.070823262,,8,,45.0,,1,2.0,36.0
China,Yunnan,AG,open_degraded,1,0,0,1,1,0,,34,,25.0,Sorbus corymbifera,Sorbus,corymbifera,Rosaceae,27.15,98.48333333,24.0,0.6053,0.09413391,,5,,45.0,,1,2.0,94.0
China,Yunnan,AG,open_degraded,1,0,0,1,1,0,,34,,25.0,Symplocos paniculata,Symplocos,paniculata,Symplocaceae,27.15,98.48333333,24.0,0.533541667,0.09413391,,12,,45.0,,1,2.0,48.0
China,Yunnan,AG,open_degraded,1,0,0,1,1,0,,34,,25.0,Tetradium ruticarpum,Tetradium,ruticarpum,Rutaceae,27.15,98.48333333,24.0,0.232,0.09413391,,1,,45.0,,1,2.0,53.0
China,Yunnan,AG,open_degraded,1,0,0,1,1,0,,34,,25.0,Turpinia cochinchinensis,Turpinia,cochinchinensis,Staphyleaceae,27.15,98.48333333,24.0,0.394,0.09413391,,2,,45.0,,1,2.0,0.0
China,Yunnan,AG,open_degraded,1,0,0,1,1,0,,34,,25.0,Alnus nepalensis,Alnus,nepalensis,Betulaceae,27.15,98.48333333,24.0,0.409666667,0.070823262,,3,,45.0,,1,2.0,94.0
China,Yunnan,AG,open_degraded,1,0,0,1,1,0,,34,,25.0,Betula alnoides,Betula,alnoides,Betulaceae,27.15,98.48333333,24.0,0.5515,0.070823262,,2,,45.0,,1,2.0,58.0
China,Yunnan,AG,open_degraded,1,0,0,1,1,0,,34,,25.0,Celtis cerasifera,Celtis,cerasifera,Cannabaceae,27.15,98.48333333,24.0,0.566228571,0.09413391,,27,,45.0,,1,2.0,44.0
China,Yunnan,AG,open_degraded,1,0,0,1,1,0,,34,,25.0,Prunus cerasoides,Prunus,cerasoides,Rosaceae,27.15,98.48333333,24.0,0.585666667,0.09413391,,27,,45.0,,1,2.0,87.0
China,Yunnan,AG,open_degraded,1,0,0,1,1,0,,34,,25.0,Prunus serrulata,Prunus,serrulata,Rosaceae,27.15,98.48333333,24.0,0.585666667,0.09413391,,27,,45.0,,1,2.0,92.0
China,Yunnan,AG,open_degraded,1,0,0,1,1,0,,34,,25.0,Choerospondias axillaris,Choerospondias,axillaris,Anacardiaceae,27.15,98.48333333,24.0,0.487,0.070823262,,4,,45.0,,1,2.0,55.0
Thailand,Chiang Mai,PL,plantation_enrichment,1,0,1,0,1,0,,21,,,Alangium kurzii,Alangium,kurzii,Cornaceae,18.89,98.82,17.0,0.42,0.070823262,,1,,68.02721088,,1,1.0,10.29
Thailand,Chiang Mai,PL,plantation_enrichment,1,0,1,0,1,0,,21,,,Alangium kurzii,Alangium,kurzii,Cornaceae,18.89,98.82,5.0,0.42,0.070823262,,1,,68.02721088,,1,9999.0,61.76024279
Thailand,Chiang Mai,PL,plantation_enrichment,1,0,0,0,1,0,,21,,,Bauhinia variegata,Bauhinia,variegata,Fabaceae,18.89,98.82,17.0,0.653,0.070823262,,2,,63.99669694,,1,1.0,48.44
Thailand,Chiang Mai,PL,plantation_enrichment,1,0,0,0,1,0,,21,,,Bauhinia variegata,Bauhinia,variegata,Fabaceae,18.89,98.82,5.0,0.653,0.070823262,,2,,63.99669694,,1,9999.0,98.48254932
Thailand,Chiang Mai,PL,plantation_enrichment,1,0,1,0,1,0,,21,,,Bischofia javanica,Bischofia,javanica,Phyllanthaceae,18.89,98.82,17.0,0.6017,0.070823262,,10,,65.00127453,,1,1.0,78.46
Thailand,Chiang Mai,PL,plantation_enrichment,1,0,1,0,1,0,,21,,,Bischofia javanica,Bischofia,javanica,Phyllanthaceae,18.89,98.82,5.0,0.6017,0.070823262,,10,,65.00127453,,1,9999.0,100.0
Thailand,Chiang Mai,PL,plantation_enrichment,1,0,0,0,1,0,,21,,,Bischofia javanica,Bischofia,javanica,Phyllanthaceae,18.89,98.82,17.0,0.6017,0.070823262,,10,,64.00227564,,1,1.0,70.31
Thailand,Chiang Mai,PL,plantation_enrichment,1,0,0,0,1,0,,21,,,Bischofia javanica,Bischofia,javanica,Phyllanthaceae,18.89,98.82,5.0,0.6017,0.070823262,,10,,64.00227564,,1,9999.0,98.48254932
Thailand,Chiang Mai,PL,plantation_enrichment,1,0,1,0,1,0,,21,,,Castanopsis tribuloides,Castanopsis,tribuloides,Fagaceae,18.89,98.82,17.0,0.595,0.070823262,,2,,68.99950715,,1,1.0,81.16
Thailand,Chiang Mai,PL,plantation_enrichment,1,0,1,0,1,0,,21,,,Castanopsis tribuloides,Castanopsis,tribuloides,Fagaceae,18.89,98.82,5.0,0.595,0.070823262,,2,,68.99950715,,1,9999.0,98.93778452
Thailand,Chiang Mai,PL,plantation_enrichment,1,0,0,0,1,0,,21,,,Castanopsis tribuloides,Castanopsis,tribuloides,Fagaceae,18.89,98.82,17.0,0.595,0.070823262,,2,,60.99571381,,1,1.0,60.66
Thailand,Chiang Mai,PL,plantation_enrichment,1,0,0,0,1,0,,21,,,Castanopsis tribuloides,Castanopsis,tribuloides,Fagaceae,18.89,98.82,5.0,0.595,0.070823262,,2,,60.99571381,,1,9999.0,98.48254932
Thailand,Chiang Mai,PL,plantation_enrichment,1,0,1,0,1,0,,21,,,Erythrina stricta,Erythrina,stricta,Fabaceae,18.89,98.82,17.0,0.22,0.070823262,,1,,65.00397984,,1,1.0,75.38
Thailand,Chiang Mai,PL,plantation_enrichment,1,0,1,0,1,0,,21,,,Erythrina stricta,Erythrina,stricta,Fabaceae,18.89,98.82,5.0,0.22,0.070823262,,1,,65.00397984,,1,9999.0,97.1168437
Thailand,Chiang Mai,PL,plantation_enrichment,1,0,0,0,1,0,,21,,,Erythrina stricta,Erythrina,stricta,Fabaceae,18.89,98.82,17.0,0.22,0.070823262,,1,,66.00176005,,1,1.0,68.18
Thailand,Chiang Mai,PL,plantation_enrichment,1,0,0,0,1,0,,21,,,Erythrina stricta,Erythrina,stricta,Fabaceae,18.89,98.82,5.0,0.22,0.070823262,,1,,66.00176005,,1,9999.0,95.59939302
Thailand,Chiang Mai,PL,plantation_enrichment,1,0,1,0,1,0,,21,,,Eugenia fruticosa,Eugenia,fruticosa,Myrtaceae,18.89,98.82,17.0,0.722760274,0.09413391,,73,,68.00368834,,1,1.0,86.76
Thailand,Chiang Mai,PL,plantation_enrichment,1,0,1,0,1,0,,21,,,Eugenia fruticosa,Eugenia,fruticosa,Myrtaceae,18.89,98.82,5.0,0.722760274,0.09413391,,73,,68.00368834,,1,9999.0,100.0
Thailand,Chiang Mai,PL,plantation_enrichment,1,0,0,0,1,0,,21,,,Eugenia fruticosa,Eugenia,fruticosa,Myrtaceae,18.89,98.82,17.0,0.722760274,0.09413391,,73,,65.00397984,,1,1.0,75.38
Thailand,Chiang Mai,PL,plantation_enrichment,1,0,0,0,1,0,,21,,,Eugenia fruticosa,Eugenia,fruticosa,Myrtaceae,18.89,98.82,5.0,0.722760274,0.09413391,,73,,65.00397984,,1,9999.0,100.0
Thailand,Chiang Mai,PL,plantation_enrichment,1,0,1,0,1,0,,21,,,Glochidion sphaerogynum,Glochidion,sphaerogynum,Phyllanthaceae,18.89,98.82,17.0,0.557558824,0.09413391,,17,,17.00060716,,1,1.0,82.35
Thailand,Chiang Mai,PL,plantation_enrichment,1,0,1,0,1,0,,21,,,Glochidion sphaerogynum,Glochidion,sphaerogynum,Phyllanthaceae,18.89,98.82,5.0,0.557558824,0.09413391,,17,,17.00060716,,1,9999.0,100.0
Thailand,Chiang Mai,PL,plantation_enrichment,1,0,0,0,1,0,,21,,,Alangium kurzii,Alangium,kurzii,Cornaceae,18.89,98.82,17.0,0.42,0.070823262,,1,,63.02521008,,1,1.0,4.76
Thailand,Chiang Mai,PL,plantation_enrichment,1,0,0,0,1,0,,21,,,Alangium kurzii,Alangium,kurzii,Cornaceae,18.89,98.82,5.0,0.42,0.070823262,,1,,63.02521008,,1,9999.0,33.08042489
Thailand,Chiang Mai,PL,plantation_enrichment,1,0,0,0,1,0,,21,,,Glochidion sphaerogynum,Glochidion,sphaerogynum,Phyllanthaceae,18.89,98.82,17.0,0.557558824,0.09413391,,17,,17.00060716,,1,1.0,82.35
Thailand,Chiang Mai,PL,plantation_enrichment,1,0,0,0,1,0,,21,,,Glochidion sphaerogynum,Glochidion,sphaerogynum,Phyllanthaceae,18.89,98.82,5.0,0.557558824,0.09413391,,17,,17.00060716,,1,9999.0,100.0
Thailand,Chiang Mai,PL,plantation_enrichment,1,0,1,0,1,0,,21,,,Heynea trijuga,Heynea,trijuga,Meliaceae,18.89,98.82,17.0,0.594346098,0.123401724,,36,,64.99661476,,1,1.0,73.85
Thailand,Chiang Mai,PL,plantation_enrichment,1,0,1,0,1,0,,21,,,Heynea trijuga,Heynea,trijuga,Meliaceae,18.89,98.82,5.0,0.594346098,0.123401724,,36,,64.99661476,,1,9999.0,98.48254932
Thailand,Chiang Mai,PL,plantation_enrichment,1,0,0,0,1,0,,21,,,Heynea trijuga,Heynea,trijuga,Meliaceae,18.89,98.82,17.0,0.594346098,0.123401724,,36,,61.00422337,,1,1.0,63.93
Thailand,Chiang Mai,PL,plantation_enrichment,1,0,0,0,1,0,,21,,,Heynea trijuga,Heynea,trijuga,Meliaceae,18.89,98.82,5.0,0.594346098,0.123401724,,36,,61.00422337,,1,9999.0,98.48254932
Thailand,Chiang Mai,PL,plantation_enrichment,1,0,1,0,1,0,,21,,,Holoptelea integrifolia,Holoptelea,integrifolia,Holoptelea,18.89,98.82,17.0,0.564741226,0.132113452,,620,,17.00102006,,1,1.0,29.41
Thailand,Chiang Mai,PL,plantation_enrichment,1,0,1,0,1,0,,21,,,Holoptelea integrifolia,Holoptelea,integrifolia,Holoptelea,18.89,98.82,5.0,0.564741226,0.132113452,,620,,17.00102006,,1,9999.0,94.23368741
Thailand,Chiang Mai,PL,plantation_enrichment,1,0,0,0,1,0,,21,,,Holoptelea integrifolia,Holoptelea,integrifolia,Holoptelea,18.89,98.82,17.0,0.564741226,0.132113452,,620,,16.99854298,,1,1.0,41.18
Thailand,Chiang Mai,PL,plantation_enrichment,1,0,0,0,1,0,,21,,,Holoptelea integrifolia,Holoptelea,integrifolia,Holoptelea,18.89,98.82,5.0,0.564741226,0.132113452,,620,,16.99854298,,1,9999.0,100.0
Thailand,Chiang Mai,PL,plantation_enrichment,1,0,1,0,1,0,,21,,,Hovenia dulcis,Hovenia,dulcis,Rhamnaceae,18.89,98.82,17.0,0.543,0.070823262,,4,,63.00039375,,1,1.0,76.19
Thailand,Chiang Mai,PL,plantation_enrichment,1,0,1,0,1,0,,21,,,Hovenia dulcis,Hovenia,dulcis,Rhamnaceae,18.89,98.82,5.0,0.543,0.070823262,,4,,63.00039375,,1,9999.0,100.0
Thailand,Chiang Mai,PL,plantation_enrichment,1,0,0,0,1,0,,21,,,Hovenia dulcis,Hovenia,dulcis,Rhamnaceae,18.89,98.82,17.0,0.543,0.070823262,,4,,62.99643933,,1,1.0,73.02
Thailand,Chiang Mai,PL,plantation_enrichment,1,0,0,0,1,0,,21,,,Hovenia dulcis,Hovenia,dulcis,Rhamnaceae,18.89,98.82,5.0,0.543,0.070823262,,4,,62.99643933,,1,9999.0,100.0
Thailand,Chiang Mai,PL,plantation_enrichment,1,0,1,0,1,0,,21,,,Litsea glutinosa,Litsea,glutinosa,Lauraceae,18.89,98.82,17.0,0.5015,0.070823262,,2,,72.00108681,,1,1.0,73.61
Thailand,Chiang Mai,PL,plantation_enrichment,1,0,1,0,1,0,,21,,,Litsea glutinosa,Litsea,glutinosa,Lauraceae,18.89,98.82,5.0,0.5015,0.070823262,,2,,72.00108681,,1,9999.0,100.0
Thailand,Chiang Mai,PL,plantation_enrichment,1,0,0,0,1,0,,21,,,Litsea glutinosa,Litsea,glutinosa,Lauraceae,18.89,98.82,17.0,0.5015,0.070823262,,2,,61.99802734,,1,1.0,70.97
Thailand,Chiang Mai,PL,plantation_enrichment,1,0,0,0,1,0,,21,,,Litsea glutinosa,Litsea,glutinosa,Lauraceae,18.89,98.82,5.0,0.5015,0.070823262,,2,,61.99802734,,1,9999.0,100.0
Thailand,Chiang Mai,PL,plantation_enrichment,1,0,0,0,1,0,,21,,,Macaranga denticulata,Macaranga,denticulata,Euphorbiaceae,18.89,98.82,17.0,0.4335,0.070823262,,4,,18.0,,1,1.0,50.0
Thailand,Chiang Mai,PL,plantation_enrichment,1,0,0,0,1,0,,21,,,Macaranga denticulata,Macaranga,denticulata,Euphorbiaceae,18.89,98.82,5.0,0.4335,0.070823262,,4,,18.0,,1,9999.0,61.15326252
Thailand,Chiang Mai,PL,plantation_enrichment,1,0,1,0,1,0,,21,,,Alseodaphne andersonii,Alseodaphne,andersonii,Lauraceae,18.89,98.82,17.0,0.5631,0.09413391,,10,,16.0,,1,1.0,56.25
Thailand,Chiang Mai,PL,plantation_enrichment,1,0,1,0,1,0,,21,,,Alseodaphne andersonii,Alseodaphne,andersonii,Lauraceae,18.89,98.82,5.0,0.5631,0.09413391,,10,,16.0,,1,9999.0,100.0
Thailand,Chiang Mai,PL,plantation_enrichment,1,0,1,0,1,0,,21,,,Macaranga denticulata,Macaranga,denticulata,Euphorbiaceae,18.89,98.82,17.0,0.4335,0.070823262,,4,,18.00055386,,1,1.0,72.22
Thailand,Chiang Mai,PL,plantation_enrichment,1,0,1,0,1,0,,21,,,Macaranga denticulata,Macaranga,denticulata,Euphorbiaceae,18.89,98.82,5.0,0.4335,0.070823262,,4,,18.00055386,,1,9999.0,100.0
Thailand,Chiang Mai,PL,plantation_enrichment,1,0,1,0,1,0,,21,,,Markhamia stipulata,Markhamia,stipulata,Bignoniaceae,18.89,98.82,17.0,0.6755,0.070823262,,2,,65.9951372,,1,1.0,57.58
Thailand,Chiang Mai,PL,plantation_enrichment,1,0,1,0,1,0,,21,,,Markhamia stipulata,Markhamia,stipulata,Bignoniaceae,18.89,98.82,5.0,0.6755,0.070823262,,2,,65.9951372,,1,9999.0,100.0
Thailand,Chiang Mai,PL,plantation_enrichment,1,0,0,0,1,0,,21,,,Markhamia stipulata,Markhamia,stipulata,Bignoniaceae,18.89,98.82,17.0,0.6755,0.070823262,,2,,63.99669694,,1,1.0,48.44
Thailand,Chiang Mai,PL,plantation_enrichment,1,0,0,0,1,0,,21,,,Markhamia stipulata,Markhamia,stipulata,Bignoniaceae,18.89,98.82,5.0,0.6755,0.070823262,,2,,63.99669694,,1,9999.0,98.63429439
Thailand,Chiang Mai,PL,plantation_enrichment,1,0,1,0,1,0,,21,,,Prunus campanulata,Prunus,campanulata,Rosaceae,18.89,98.82,17.0,0.585666667,0.09413391,,27,,68.99833452,,1,1.0,84.06
Thailand,Chiang Mai,PL,plantation_enrichment,1,0,1,0,1,0,,21,,,Prunus campanulata,Prunus,campanulata,Rosaceae,18.89,98.82,5.0,0.585666667,0.09413391,,27,,68.99833452,,1,9999.0,100.0
Thailand,Chiang Mai,PL,plantation_enrichment,1,0,0,0,1,0,,21,,,Prunus campanulata,Prunus,campanulata,Rosaceae,18.89,98.82,17.0,0.585666667,0.09413391,,27,,62.99938537,,1,1.0,65.08
Thailand,Chiang Mai,PL,plantation_enrichment,1,0,0,0,1,0,,21,,,Prunus campanulata,Prunus,campanulata,Rosaceae,18.89,98.82,5.0,0.585666667,0.09413391,,27,,62.99938537,,1,9999.0,98.48254932
Thailand,Chiang Mai,PL,plantation_enrichment,1,0,1,0,1,0,,21,,,Sapindus rarak,Sapindus,rarak,Sapindaceae,18.89,98.82,17.0,0.51,0.070823262,,1,,19.00108578,,1,1.0,73.68
Thailand,Chiang Mai,PL,plantation_enrichment,1,0,1,0,1,0,,21,,,Sapindus rarak,Sapindus,rarak,Sapindaceae,18.89,98.82,5.0,0.51,0.070823262,,1,,19.00108578,,1,9999.0,100.0
Thailand,Chiang Mai,PL,plantation_enrichment,1,0,0,0,1,0,,21,,,Sapindus rarak,Sapindus,rarak,Sapindaceae,18.89,98.82,17.0,0.51,0.070823262,,1,,16.99891825,,1,1.0,64.71
Thailand,Chiang Mai,PL,plantation_enrichment,1,0,0,0,1,0,,21,,,Sapindus rarak,Sapindus,rarak,Sapindaceae,18.89,98.82,5.0,0.51,0.070823262,,1,,16.99891825,,1,9999.0,100.0
Thailand,Chiang Mai,PL,plantation_enrichment,1,0,1,0,1,0,,21,,,Sarcosperma arboreum,Sarcosperma,arboreum,Sapotaceae,18.89,98.82,17.0,0.413,0.070823262,,1,,68.00368834,,1,1.0,86.76
Thailand,Chiang Mai,PL,plantation_enrichment,1,0,1,0,1,0,,21,,,Sarcosperma arboreum,Sarcosperma,arboreum,Sapotaceae,18.89,98.82,5.0,0.413,0.070823262,,1,,68.00368834,,1,9999.0,100.0
Thailand,Chiang Mai,PL,plantation_enrichment,1,0,0,0,1,0,,21,,,Sarcosperma arboreum,Sarcosperma,arboreum,Sapotaceae,18.89,98.82,17.0,0.413,0.070823262,,1,,63.99813824,,1,1.0,85.94
Thailand,Chiang Mai,PL,plantation_enrichment,1,0,0,0,1,0,,21,,,Sarcosperma arboreum,Sarcosperma,arboreum,Sapotaceae,18.89,98.82,5.0,0.413,0.070823262,,1,,63.99813824,,1,9999.0,100.0
Thailand,Chiang Mai,PL,plantation_enrichment,1,0,1,0,1,0,,21,,,Choerospondias axillaris,Choerospondias,axillaris,Anacardiaceae,18.89,98.82,17.0,0.487,0.070823262,,4,,19.00108578,,1,1.0,73.68
Thailand,Chiang Mai,PL,plantation_enrichment,1,0,1,0,1,0,,21,,,Choerospondias axillaris,Choerospondias,axillaris,Anacardiaceae,18.89,98.82,5.0,0.487,0.070823262,,4,,19.00108578,,1,9999.0,94.68892261
Thailand,Chiang Mai,PL,plantation_enrichment,1,0,0,0,1,0,,21,,,Alseodaphne andersonii,Alseodaphne,andersonii,Lauraceae,18.89,98.82,17.0,0.5631,0.09413391,,10,,18.99936669,,1,1.0,47.37
Thailand,Chiang Mai,PL,plantation_enrichment,1,0,0,0,1,0,,21,,,Alseodaphne andersonii,Alseodaphne,andersonii,Lauraceae,18.89,98.82,5.0,0.5631,0.09413391,,10,,18.99936669,,1,9999.0,78.90743551
Thailand,Chiang Mai,PL,plantation_enrichment,1,0,0,0,1,0,,21,,,Choerospondias axillaris,Choerospondias,axillaris,Anacardiaceae,18.89,98.82,17.0,0.487,0.070823262,,4,,17.00102006,,1,1.0,58.82
Thailand,Chiang Mai,PL,plantation_enrichment,1,0,0,0,1,0,,21,,,Choerospondias axillaris,Choerospondias,axillaris,Anacardiaceae,18.89,98.82,5.0,0.487,0.070823262,,4,,17.00102006,,1,9999.0,100.0
Thailand,Chiang Mai,PL,plantation_enrichment,1,0,1,0,1,0,,21,,,Toona hexandra,Toona,hexandra,Meliaceae,18.89,98.82,17.0,0.413111111,0.09413391,,3,,62.00296536,,1,1.0,74.19
Thailand,Chiang Mai,PL,plantation_enrichment,1,0,1,0,1,0,,21,,,Toona hexandra,Toona,hexandra,Meliaceae,18.89,98.82,5.0,0.413111111,0.09413391,,3,,62.00296536,,1,9999.0,100.0
Thailand,Chiang Mai,PL,plantation_enrichment,1,0,0,0,1,0,,21,,,Toona hexandra,Toona,hexandra,Meliaceae,18.89,98.82,17.0,0.413111111,0.09413391,,3,,63.00114548,,1,1.0,69.84
Thailand,Chiang Mai,PL,plantation_enrichment,1,0,0,0,1,0,,21,,,Toona hexandra,Toona,hexandra,Meliaceae,18.89,98.82,5.0,0.413111111,0.09413391,,3,,63.00114548,,1,9999.0,98.48254932
Thailand,Chiang Mai,PL,plantation_enrichment,1,0,1,0,1,0,,21,,,Antidesma bunius,Antidesma,bunius,Phyllanthaceae,18.89,98.82,17.0,0.629333333,0.070823262,,3,,18.99936669,,1,1.0,78.95
Thailand,Chiang Mai,PL,plantation_enrichment,1,0,1,0,1,0,,21,,,Antidesma bunius,Antidesma,bunius,Phyllanthaceae,18.89,98.82,5.0,0.629333333,0.070823262,,3,,18.99936669,,1,9999.0,100.0
Thailand,Chiang Mai,PL,plantation_enrichment,1,0,0,0,1,0,,21,,,Antidesma bunius,Antidesma,bunius,Phyllanthaceae,18.89,98.82,17.0,0.629333333,0.070823262,,3,,16.99957501,,1,1.0,70.59
Thailand,Chiang Mai,PL,plantation_enrichment,1,0,0,0,1,0,,21,,,Antidesma bunius,Antidesma,bunius,Phyllanthaceae,18.89,98.82,5.0,0.629333333,0.070823262,,3,,16.99957501,,1,9999.0,100.0
Thailand,Chiang Mai,PL,plantation_enrichment,1,0,1,0,1,0,,21,,,Artocarpus lakoocha,Artocarpus,lakoocha,Moraceae,18.89,98.82,17.0,0.64,0.070823262,,1,,18.00055386,,1,1.0,72.22
Thailand,Chiang Mai,PL,plantation_enrichment,1,0,1,0,1,0,,21,,,Artocarpus lakoocha,Artocarpus,lakoocha,Moraceae,18.89,98.82,5.0,0.64,0.070823262,,1,,18.00055386,,1,9999.0,100.0
Thailand,Chiang Mai,PL,plantation_enrichment,1,0,0,0,1,0,,21,,,Artocarpus lakoocha,Artocarpus,lakoocha,Moraceae,18.89,98.82,17.0,0.64,0.070823262,,1,,16.99891825,,1,1.0,64.71
Thailand,Chiang Mai,PL,plantation_enrichment,1,0,0,0,1,0,,21,,,Artocarpus lakoocha,Artocarpus,lakoocha,Moraceae,18.89,98.82,5.0,0.64,0.070823262,,1,,16.99891825,,1,9999.0,100.0
Thailand,Chiang Mai,PL,plantation_enrichment,1,0,1,0,1,0,,21,,,Bauhinia variegata,Bauhinia,variegata,Fabaceae,18.89,98.82,17.0,0.653,0.070823262,,2,,66.00037715,,1,1.0,53.03
Thailand,Chiang Mai,PL,plantation_enrichment,1,0,1,0,1,0,,21,,,Bauhinia variegata,Bauhinia,variegata,Fabaceae,18.89,98.82,5.0,0.653,0.070823262,,2,,66.00037715,,1,9999.0,97.1168437
Indonesia,Central Kalimantan,F,open_degraded,1,0,0,0,0,0,2500.0,8,9.0,,Melaleuca cajuputi,Melaleuca,cajuputi,Myrtaceae,-2.308055556,113.9044444,21.0,0.756647186,0.09413391,,11,,162.0,,1,2.0,0.675675676
Indonesia,Central Kalimantan,F,open_degraded,1,0,0,0,0,0,2500.0,8,9.0,,Melaleuca cajuputi,Melaleuca,cajuputi,Myrtaceae,-2.308055556,113.9044444,32.0,0.756647186,0.09413391,,11,,53.0,,1,3.0,0.0
Indonesia,Central Kalimantan,F,open_degraded,1,0,0,0,0,0,2500.0,8,9.0,,Ternstroemia magnifica,Ternstroemia,magnifica,Pentaphylacaceae,-2.308055556,113.9044444,21.0,0.615666667,0.09413391,,8,,50.0,,1,2.0,0.0
Indonesia,Central Kalimantan,F,open_degraded,1,0,0,0,0,0,2500.0,8,9.0,,Ternstroemia magnifica,Ternstroemia,magnifica,Pentaphylacaceae,-2.308055556,113.9044444,32.0,0.615666667,0.09413391,,8,,21.0,,1,3.0,0.0
Indonesia,Central Kalimantan,F,open_degraded,1,0,0,0,0,0,2500.0,8,9.0,,Combretocarpus rotundatus,Combretocarpus,rotundatus,Anisophylleaceae,-2.308055556,113.9044444,21.0,0.61,0.070823262,,2,,2.0,,1,2.0,50.0
Indonesia,Central Kalimantan,F,open_degraded,1,0,0,0,0,0,2500.0,8,9.0,,Combretocarpus rotundatus,Combretocarpus,rotundatus,Anisophylleaceae,-2.308055556,113.9044444,32.0,0.61,0.070823262,,2,,2.0,,1,3.0,0.0
Indonesia,Central Kalimantan,F,open_degraded,1,0,0,0,0,0,2500.0,8,9.0,,Shorea balangeran,Shorea,balangeran,Dipterocarpaceae,-2.308055556,113.9044444,21.0,0.69,0.070823262,,1,,344.0,,1,2.0,44.9044586
Indonesia,Central Kalimantan,F,open_degraded,1,0,0,0,0,0,2500.0,8,9.0,,Shorea balangeran,Shorea,balangeran,Dipterocarpaceae,-2.308055556,113.9044444,32.0,0.69,0.070823262,,1,,117.0,,1,3.0,20.51282051
Indonesia,Central Kalimantan,F,open_degraded,1,0,0,0,0,0,2500.0,8,9.0,,Cratoxylum glaucum,Cratoxylum,glaucum,Hypericaceae,-2.308055556,113.9044444,21.0,0.48,0.070823262,,1,,4.0,,1,2.0,0.0
Indonesia,Central Kalimantan,F,open_degraded,1,0,0,0,0,0,2500.0,8,9.0,,Cratoxylum glaucum,Cratoxylum,glaucum,Hypericaceae,-2.308055556,113.9044444,32.0,0.48,0.070823262,,1,,4.0,,1,3.0,0.0
Indonesia,Central Kalimantan,F,open_degraded,1,0,0,0,0,0,2500.0,8,9.0,,Dyera polyphylla,Dyera,polyphylla,Apocynaceae,-2.308055556,113.9044444,21.0,0.33,0.070823262,,1,,29.0,,1,2.0,0.0
Indonesia,Central Kalimantan,F,open_degraded,1,0,0,0,0,0,2500.0,8,9.0,,Dyera polyphylla,Dyera,polyphylla,Apocynaceae,-2.308055556,113.9044444,32.0,0.33,0.070823262,,1,,29.0,,1,3.0,0.0
Indonesia,Central Kalimantan,F,open_degraded,1,0,0,0,0,0,2500.0,8,9.0,,Calophyllum sclerophyllum,Calophyllum,sclerophyllum,Clusiaceae,-2.308055556,113.9044444,21.0,0.669211656,0.123401724,,9,,9.0,,1,2.0,0.0
Indonesia,Central Kalimantan,F,open_degraded,1,0,0,0,0,0,2500.0,8,9.0,,Calophyllum sclerophyllum,Calophyllum,sclerophyllum,Clusiaceae,-2.308055556,113.9044444,32.0,0.669211656,0.123401724,,9,,9.0,,1,3.0,0.0
Indonesia,Central Kalimantan,F,open_degraded,1,0,0,0,0,0,2500.0,8,9.0,,Lophopetalum rigidum,Lophopetalum,cf.,Celastraceae,-2.308055556,113.9044444,21.0,0.524428571,0.09413391,,14,,24.0,,1,2.0,86.36363636
Indonesia,Central Kalimantan,F,open_degraded,1,0,0,0,0,0,2500.0,8,9.0,,Lophopetalum rigidum,Lophopetalum,cf.,Celastraceae,-2.308055556,113.9044444,32.0,0.524428571,0.09413391,,14,,24.0,,1,3.0,82.60869565
Vietnam,Dong Nai,PL,forest_enrichment,1,0,0,0,0,0,,1,3.0,70.0,Afzelia xylocarpa,Afzelia,xylocarpa,Fabaceae,11.11416667,107.4013889,12.0,0.669883983,0.09413391,,10,,160.0,,1,1.0,98.8
Vietnam,Dong Nai,PL,forest_enrichment,1,0,0,0,0,0,,1,3.0,70.0,Afzelia xylocarpa,Afzelia,xylocarpa,Fabaceae,11.11416667,107.4013889,48.0,0.669883983,0.09413391,,10,,160.0,,1,4.0,95.6
Vietnam,Dong Nai,PL,forest_enrichment,1,0,0,0,0,0,,1,3.0,70.0,Shorea roxburghii,Shorea,roxburghii,Dipterocarpaceae,11.11416667,107.4013889,12.0,0.7,0.070823262,,1,,160.0,,1,1.0,99.4
Vietnam,Dong Nai,PL,forest_enrichment,1,0,0,0,0,0,,1,3.0,70.0,Shorea roxburghii,Shorea,roxburghii,Dipterocarpaceae,11.11416667,107.4013889,48.0,0.7,0.070823262,,1,,160.0,,1,4.0,98.1
Vietnam,Dong Nai,PL,forest_enrichment,1,0,0,0,0,0,,1,3.0,70.0,Shorea thorelii,Shorea,thorelii,Dipterocarpaceae,11.11416667,107.4013889,12.0,0.583246313,0.09413391,,113,,160.0,,1,1.0,98.7
Vietnam,Dong Nai,PL,forest_enrichment,1,0,0,0,0,0,,1,3.0,70.0,Shorea thorelii,Shorea,thorelii,Dipterocarpaceae,11.11416667,107.4013889,48.0,0.583246313,0.09413391,,113,,160.0,,1,4.0,78.8
Vietnam,Dong Nai,PL,forest_enrichment,1,0,0,0,0,0,,1,3.0,70.0,Xylia xylocarpa,Xylia,xylocarpa,Fabaceae,11.11416667,107.4013889,12.0,0.68,0.070823262,,1,,160.0,,1,1.0,98.1
Vietnam,Dong Nai,PL,forest_enrichment,1,0,0,0,0,0,,1,3.0,70.0,Xylia xylocarpa,Xylia,xylocarpa,Fabaceae,11.11416667,107.4013889,48.0,0.68,0.070823262,,1,,160.0,,1,4.0,84.4
Vietnam,Dong Nai,PL,forest_enrichment,1,0,0,0,0,0,,1,3.0,70.0,Dipterocarpus scaber,Dipterocarpus,scaber,Dipterocarpaceae,11.11416667,107.4013889,12.0,0.654277244,0.09413391,,52,,160.0,,1,1.0,96.2
Vietnam,Dong Nai,PL,forest_enrichment,1,0,0,0,0,0,,1,3.0,70.0,Dipterocarpus scaber,Dipterocarpus,scaber,Dipterocarpaceae,11.11416667,107.4013889,48.0,0.654277244,0.09413391,,52,,160.0,,1,4.0,88.4
Vietnam,Dong Nai,PL,forest_enrichment,1,0,0,0,0,0,,1,3.0,70.0,Dalbergia bariensis,Dalbergia,bariensis,Fabaceae,11.11416667,107.4013889,12.0,0.786836977,0.09413391,,33,,160.0,,1,1.0,98.6
Vietnam,Dong Nai,PL,forest_enrichment,1,0,0,0,0,0,,1,3.0,70.0,Dalbergia bariensis,Dalbergia,bariensis,Fabaceae,11.11416667,107.4013889,48.0,0.786836977,0.09413391,,33,,160.0,,1,4.0,91.1
Vietnam,Dong Nai,PL,forest_enrichment,1,0,0,0,0,0,,2,3.0,70.0,Dipterocarpus costatus,Dipterocarpus,costatus,Dipterocarpaceae,11.11416667,107.4013889,12.0,0.755,0.070823262,,2,,70.0,,1,1.0,36.2
Vietnam,Dong Nai,PL,forest_enrichment,1,0,0,0,0,0,,2,3.0,70.0,Dipterocarpus costatus,Dipterocarpus,costatus,Dipterocarpaceae,11.11416667,107.4013889,48.0,0.755,0.070823262,,2,,70.0,,1,4.0,8.8
Vietnam,Dong Nai,PL,forest_enrichment,1,0,0,0,0,0,,1,3.0,70.0,Dipterocarpus dyeri,Dipterocarpus,dyeri,Dipterocarpaceae,11.11416667,107.4013889,12.0,0.64,0.070823262,,2,,160.0,,1,1.0,96.9
Vietnam,Dong Nai,PL,forest_enrichment,1,0,0,0,0,0,,1,3.0,70.0,Dipterocarpus dyeri,Dipterocarpus,dyeri,Dipterocarpaceae,11.11416667,107.4013889,48.0,0.64,0.070823262,,2,,160.0,,1,4.0,81.3
Vietnam,Dong Nai,PL,forest_enrichment,1,0,0,0,0,0,,1,3.0,70.0,Dipterocarpus turbinatus,Dipterocarpus,turbinatus,Dipterocarpaceae,11.11416667,107.4013889,12.0,0.619,0.070823262,,2,,160.0,,1,1.0,91.9
Vietnam,Dong Nai,PL,forest_enrichment,1,0,0,0,0,0,,1,3.0,70.0,Dipterocarpus turbinatus,Dipterocarpus,turbinatus,Dipterocarpaceae,11.11416667,107.4013889,48.0,0.619,0.070823262,,2,,160.0,,1,4.0,73.6
Vietnam,Dong Nai,PL,forest_enrichment,1,0,0,0,0,0,,1,3.0,70.0,Hopea odorata,Hopea,odorata,Dipterocarpaceae,11.11416667,107.4013889,12.0,0.635,0.070823262,,2,,160.0,,1,1.0,100.0
Vietnam,Dong Nai,PL,forest_enrichment,1,0,0,0,0,0,,1,3.0,70.0,Hopea odorata,Hopea,odorata,Dipterocarpaceae,11.11416667,107.4013889,48.0,0.635,0.070823262,,2,,160.0,,1,4.0,95.6
Vietnam,Dong Nai,PL,forest_enrichment,1,0,0,0,0,0,,1,3.0,70.0,Litsea pierrei,Litsea,pierrei,Lauraceae,11.11416667,107.4013889,12.0,0.425466667,0.09413391,,55,,160.0,,1,1.0,100.0
Vietnam,Dong Nai,PL,forest_enrichment,1,0,0,0,0,0,,1,3.0,70.0,Litsea pierrei,Litsea,pierrei,Lauraceae,11.11416667,107.4013889,48.0,0.425466667,0.09413391,,55,,160.0,,1,4.0,83.2
Vietnam,Dong Nai,PL,forest_enrichment,1,0,0,0,0,0,,1,3.0,70.0,Sindora siamensis,Sindora,siamensis,Fabaceae,11.11416667,107.4013889,12.0,0.716,0.070823262,,3,,160.0,,1,1.0,95.6
Vietnam,Dong Nai,PL,forest_enrichment,1,0,0,0,0,0,,1,3.0,70.0,Sindora siamensis,Sindora,siamensis,Fabaceae,11.11416667,107.4013889,48.0,0.716,0.070823262,,3,,160.0,,1,4.0,80.0
Malaysia,Sabah,LG,forest_enrichment,1,0,0,0,0,0,,32,,,Artocarpus odoratissimus,Artocarpus,odoratissimus,Moraceae,4.616666667,117.2,12.0,0.55,0.070823262,,1,,21.0,,1,1.0,83.33
Malaysia,Sabah,LG,forest_enrichment,1,0,0,0,0,0,,32,,,Mangifera pajang,Mangifera,pajang,Anacardiaceae,4.616666667,117.2,12.0,0.49,0.070823262,,1,,21.0,,1,1.0,85.0
Malaysia,Sabah,LG,forest_enrichment,1,0,0,0,0,0,,32,,,Nephelium lappaceum,Nephelium,lappaceum,Sapindaceae,4.616666667,117.2,12.0,0.7102,0.070823262,,5,,21.0,,1,1.0,66.67
Malaysia,Sabah,LG,forest_enrichment,1,0,0,0,0,0,,32,,,Parashorea malaanonan,Parashorea,malaanonan,Dipterocarpaceae,4.616666667,117.2,12.0,0.415,0.070823262,,2,,21.0,,1,1.0,71.88
Malaysia,Sabah,LG,forest_enrichment,1,0,0,0,0,0,,32,,,Parashorea smythiesii,Parashorea,smythiesii,Dipterocarpaceae,4.616666667,117.2,12.0,0.6,0.070823262,,1,,21.0,,1,1.0,55.0
Malaysia,Sabah,LG,forest_enrichment,1,0,0,0,0,0,,32,,,Parashorea tomentella,Parashorea,tomentella,Dipterocarpaceae,4.616666667,117.2,12.0,0.5535,0.09413391,,10,,21.0,,1,1.0,65.85
Malaysia,Sabah,LG,forest_enrichment,1,0,0,0,0,0,,32,,,Pentace adenophora,Pentace,adenophora,Malvaceae,4.616666667,117.2,12.0,0.604833333,0.09413391,,9,,21.0,,1,1.0,70.83
Malaysia,Sabah,LG,forest_enrichment,1,0,0,0,0,0,,32,,,Shorea acuminatissima,Shorea,acuminatissima,Dipterocarpaceae,4.616666667,117.2,12.0,0.39,0.070823262,,2,,21.0,,1,1.0,76.92
Malaysia,Sabah,LG,forest_enrichment,1,0,0,0,0,0,,32,,,Shorea agamii,Shorea,agamii,Dipterocarpaceae,4.616666667,117.2,12.0,0.583246313,0.09413391,,113,,21.0,,1,1.0,86.49
Malaysia,Sabah,LG,forest_enrichment,1,0,0,0,0,0,,32,,,Shorea argentifolia,Shorea,argentifolia,Dipterocarpaceae,4.616666667,117.2,12.0,0.52,0.070823262,,2,,21.0,,1,1.0,38.89
Malaysia,Sabah,LG,forest_enrichment,1,0,0,0,0,0,,32,,,Shorea falciferoides,Shorea,falciferoides,Dipterocarpaceae,4.616666667,117.2,12.0,0.72,0.070823262,,1,,21.0,,1,1.0,87.27
Malaysia,Sabah,LG,forest_enrichment,1,0,0,0,0,0,,32,,,Baccaurea motleyana,Baccaurea,motleyana,Phyllanthaceae,4.616666667,117.2,12.0,0.51,0.070823262,,1,,21.0,,1,1.0,94.4
Malaysia,Sabah,LG,forest_enrichment,1,0,0,0,0,0,,32,,,Shorea faguetiana,Shorea,faguetiana,Dipterocarpaceae,4.616666667,117.2,12.0,0.48,0.070823262,,2,,21.0,,1,1.0,60.53
Malaysia,Sabah,LG,forest_enrichment,1,0,0,0,0,0,,32,,,Shorea fallax,Shorea,fallax,Dipterocarpaceae,4.616666667,117.2,12.0,0.5,0.070823262,,1,,21.0,,1,1.0,69.23
Malaysia,Sabah,LG,forest_enrichment,1,0,0,0,0,0,,32,,,Shorea gibbosa,Shorea,gibbosa,Dipterocarpaceae,4.616666667,117.2,12.0,0.455,0.070823262,,2,,21.0,,1,1.0,48.72
Malaysia,Sabah,LG,forest_enrichment,1,0,0,0,0,0,,32,,,Shorea leprosula,Shorea,leprosula,Dipterocarpaceae,4.616666667,117.2,12.0,0.44,0.070823262,,4,,21.0,,1,1.0,63.33
Malaysia,Sabah,LG,forest_enrichment,1,0,0,0,0,0,,32,,,Shorea leptoderma,Shorea,leptoderma,Dipterocarpaceae,4.616666667,117.2,12.0,0.583246313,0.09413391,,113,,21.0,,1,1.0,87.72
Malaysia,Sabah,LG,forest_enrichment,1,0,0,0,0,0,,32,,,Shorea macroptera,Shorea,macroptera,Dipterocarpaceae,4.616666667,117.2,12.0,0.425,0.070823262,,4,,21.0,,1,1.0,75.61
Malaysia,Sabah,LG,forest_enrichment,1,0,0,0,0,0,,32,,,Shorea ovalis,Shorea,ovalis,Dipterocarpaceae,4.616666667,117.2,12.0,0.43,0.070823262,,2,,21.0,,1,1.0,64.52
Malaysia,Sabah,LG,forest_enrichment,1,0,0,0,0,0,,32,,,Shorea parvifolia,Shorea,parvifolia,Dipterocarpaceae,4.616666667,117.2,12.0,0.405,0.070823262,,2,,21.0,,1,1.0,48.48
Malaysia,Sabah,LG,forest_enrichment,1,0,0,0,0,0,,32,,,Shorea parvistipulata,Shorea,parvistipulata,Dipterocarpaceae,4.616666667,117.2,12.0,0.4,0.070823262,,1,,21.0,,1,1.0,44.12
Malaysia,Sabah,LG,forest_enrichment,1,0,0,0,0,0,,32,,,Shorea pauciflora,Shorea,pauciflora,Dipterocarpaceae,4.616666667,117.2,12.0,0.5325,0.070823262,,4,,21.0,,1,1.0,80.0
Malaysia,Sabah,LG,forest_enrichment,1,0,0,0,0,0,,32,,,Dipterocarpus gracilis,Dipterocarpus,gracilis,Dipterocarpaceae,4.616666667,117.2,12.0,0.603333333,0.070823262,,3,,21.0,,1,1.0,91.4
Malaysia,Sabah,LG,forest_enrichment,1,0,0,0,0,0,,32,,,Shorea seminis,Shorea,seminis,Dipterocarpaceae,4.616666667,117.2,12.0,0.72,0.070823262,,1,,21.0,,1,1.0,75.0
Malaysia,Sabah,LG,forest_enrichment,1,0,0,0,0,0,,32,,,Shorea smithiana,Shorea,smithiana,Dipterocarpaceae,4.616666667,117.2,12.0,0.355,0.070823262,,2,,21.0,,1,1.0,54.84
Malaysia,Sabah,LG,forest_enrichment,1,0,0,0,0,0,,32,,,Shorea xanthophylla,Shorea,xanthophylla,Dipterocarpaceae,4.616666667,117.2,12.0,0.52,0.070823262,,2,,21.0,,1,1.0,78.79
Malaysia,Sabah,LG,forest_enrichment,1,0,0,0,0,0,,32,,,Dryobalanops keithii,Dryobalanops,keithii,Dipterocarpaceae,4.616666667,117.2,12.0,0.63,0.070823262,,1,,21.0,,1,1.0,47.22
Malaysia,Sabah,LG,forest_enrichment,1,0,0,0,0,0,,32,,,Dryobalanops lanceolata,Dryobalanops,lanceolata,Dipterocarpaceae,4.616666667,117.2,12.0,0.62,0.070823262,,2,,21.0,,1,1.0,69.44
Malaysia,Sabah,LG,forest_enrichment,1,0,0,0,0,0,,32,,,Ficus benjamina,Ficus,benjamina,Moraceae,4.616666667,117.2,12.0,0.459333333,0.070823262,,3,,21.0,,1,1.0,40.54
Malaysia,Sabah,LG,forest_enrichment,1,0,0,0,0,0,,32,,,Heritiera simplicifolia,Heritiera,simplicifolia,Malvaceae,4.616666667,117.2,12.0,0.673333333,0.070823262,,3,,21.0,,1,1.0,78.33
Malaysia,Sabah,LG,forest_enrichment,1,0,0,0,0,0,,32,,,Hopea ferruginea,Hopea,ferruginea,Dipterocarpaceae,4.616666667,117.2,12.0,0.58,0.070823262,,3,,21.0,,1,1.0,75.76
Malaysia,Sabah,LG,forest_enrichment,1,0,0,0,0,0,,32,,,Koompassia excelsa,Koompassia,excelsa,Fabaceae,4.616666667,117.2,12.0,0.685,0.070823262,,4,,21.0,,1,1.0,82.5
Indonesia,Central Kalimantan,LG,open_degraded,0,0,0,1,0,0,200.0,1,,,Gonystylus bancanus,Gonystylus,bancanus,Thymelaeaceae,-1.515,113.4488889,78.0,0.52,0.070823262,,3,,36.0,,1,7.5,45.0
Indonesia,Central Kalimantan,LG,open_degraded,0,0,0,1,0,0,666.6666667,1,,,Gonystylus bancanus,Gonystylus,bancanus,Thymelaeaceae,-2.36,114.1561111,15.0,0.52,0.070823262,,3,,36.0,,1,1.0,65.0
Indonesia,Central Kalimantan,LG,open_degraded,0,0,0,1,0,0,2500.0,1,,,Gonystylus bancanus,Gonystylus,bancanus,Thymelaeaceae,-1.515,113.4488889,15.0,0.52,0.070823262,,3,,36.0,,1,1.0,100.0
Indonesia,West Kalimantan,LG,open_degraded,0,0,0,1,1,0,400.0,1,,,Gonystylus bancanus,Gonystylus,bancanus,Thymelaeaceae,0.235,111.06,24.0,0.52,0.070823262,,3,,36.0,,1,2.0,100.0
Indonesia,West Kalimantan,LG,open_degraded,0,0,0,1,1,0,400.0,1,,,Gonystylus bancanus,Gonystylus,bancanus,Thymelaeaceae,0.235,111.06,24.0,0.52,0.070823262,,3,,36.0,,1,2.0,100.0
Indonesia,West Kalimantan,LG,open_degraded,0,0,0,1,1,0,400.0,1,,,Gonystylus bancanus,Gonystylus,bancanus,Thymelaeaceae,0.235,111.06,24.0,0.52,0.070823262,,3,,36.0,,1,2.0,100.0
India,Western Ghats,PL,plantation_enrichment,0,1,0,0,0,0,,9,,,Gmelina arborea,Gmelina,arborea,Lamiaceae,13.41805556,75.21666667,33.0,0.42975,0.070823262,,8,,60.0,,1,3.0,90.4
India,Western Ghats,PL,plantation_enrichment,0,1,0,0,0,0,,9,,,Garcinia gummi-gutta,Garcinia,gummi-gutta,Clusiaceae,13.41805556,75.21666667,33.0,0.741621569,0.09413391,,51,,60.0,,1,3.0,78.6
India,Western Ghats,PL,plantation_enrichment,0,1,0,0,0,0,,9,,,Phyllanthus emblica,Phyllanthus,emblica,Phyllanthaceae,13.41805556,75.21666667,33.0,0.636,0.070823262,,3,,60.0,,1,3.0,92.6
India,Western Ghats,PL,plantation_enrichment,0,1,0,0,0,0,,9,,,Mangifera indica,Mangifera,indica,Anacardiaceae,13.41805556,75.21666667,33.0,0.5525,0.070823262,,6,,60.0,,1,3.0,80.5
India,Western Ghats,PL,plantation_enrichment,0,1,0,0,0,0,,9,,,Dipterocarpus indicus,Dipterocarpus,indicus,Dipterocarpaceae,13.41805556,75.21666667,33.0,0.62,0.070823262,,1,,60.0,,1,3.0,62.6
India,Western Ghats,PL,plantation_enrichment,0,1,0,0,0,0,,9,,,Acrocarpus fraxinifolius,Acrocarpus,fraxinifolius,Fabaceae,13.41805556,75.21666667,33.0,0.5915,0.070823262,,2,,60.0,,1,3.0,28.6
India,Western Ghats,PL,plantation_enrichment,0,1,0,0,0,0,,9,,,Syzygium cumini,Syzygium,cumini,Myrtaceae,13.41805556,75.21666667,33.0,0.672666667,0.070823262,,3,,60.0,,1,3.0,85.6
India,Western Ghats,PL,plantation_enrichment,0,1,0,0,0,0,,9,,,Terminalia paniculata,Terminalia,paniculata,Combretaceae,13.41805556,75.21666667,33.0,0.630496778,0.09413391,,55,,60.0,,1,3.0,72.3
India,Western Ghats,PL,plantation_enrichment,0,1,0,0,0,0,,9,,,Dalbergia latifolia,Dalbergia,latifolia,Fabaceae,13.41805556,75.21666667,33.0,0.75,0.070823262,,3,,60.0,,1,3.0,70.3
India,Western Ghats,PL,plantation_enrichment,0,1,0,0,0,0,,9,,,Persea macrantha,Persea,macrantha,Lauraceae,13.41805556,75.21666667,33.0,0.44,0.070823262,,1,,60.0,,1,3.0,65.7
India,Western Ghats,PL,plantation_enrichment,0,1,0,0,0,0,,9,,,Drypetes venusta,Drypetes,venusta,Putranjivaceae,13.41805556,75.21666667,33.0,0.694512821,0.09413391,,26,,60.0,,1,3.0,80.1
India,Western Ghats,PL,plantation_enrichment,0,1,0,0,0,0,,9,,,Swietenia mahogani,Swietenia,mahogani,Meliaceae,13.41805556,75.21666667,33.0,0.573181818,0.09413391,,3,,60.0,,1,3.0,65.2
India,Western Ghats,PL,plantation_enrichment,0,1,0,0,0,0,,9,,,Pongamia pinnata,Pongamia,pinnata,Fabaceae,13.41805556,75.21666667,33.0,0.59475,0.070823262,,4,,60.0,,1,3.0,74.1
India,Western Ghats,PL,plantation_enrichment,0,1,0,0,0,0,,9,,,Lagerstroemia speciosa,Lagerstroemia,speciosa,Lythraceae,13.41805556,75.21666667,33.0,0.595,0.070823262,,2,,60.0,,1,3.0,90.4
India,Western Ghats,PL,plantation_enrichment,0,1,0,0,0,0,,9,,,Pterocarpus marsupium,Pterocarpus,marsupium,Fabaceae,13.41805556,75.21666667,33.0,0.62,0.070823262,,1,,60.0,,1,3.0,70.1
India,Western Ghats,PL,plantation_enrichment,0,1,0,0,0,0,,9,,,Calophyllum apetalum,Calophyllum,apetalum,Clusiaceae,13.41805556,75.21666667,33.0,0.669211656,0.123401724,,9,,60.0,,1,3.0,67.3
India,Western Ghats,PL,plantation_enrichment,0,1,0,0,0,0,,9,,,Adenanthera pavonina,Adenanthera,pavonina,Fabaceae,13.41805556,75.21666667,33.0,0.687,0.070823262,,9,,60.0,,1,3.0,76.5
India,Western Ghats,PL,plantation_enrichment,0,1,0,0,0,0,,9,,,Vateria indica,Vateria,indica,Dipterocarpaceae,13.41805556,75.21666667,33.0,0.48,0.070823262,,1,,60.0,,1,3.0,97.5
India,Western Ghats,PL,plantation_enrichment,0,1,0,0,0,0,,9,,,Hopea parviflora,Hopea,parviflora,Dipterocarpaceae,13.41805556,75.21666667,33.0,0.79,0.070823262,,1,,60.0,,1,3.0,90.3
India,Western Ghats,PL,plantation_enrichment,0,1,0,0,0,0,,9,,,Lophopetalum wightianum,Lophopetalum,wightianum,Celastraceae,13.41805556,75.21666667,33.0,0.37,0.070823262,,1,,60.0,,1,3.0,97.5
India,Western Ghats,PL,plantation_enrichment,0,1,0,0,0,0,,9,,,Artocarpus hirsutus,Artocarpus,hirsutus,Moraceae,13.41805556,75.21666667,33.0,0.47,0.070823262,,2,,60.0,,1,3.0,76.3
India,Western Ghats,PL,plantation_enrichment,0,1,0,0,0,0,,9,,,Artocarpus heterophyllus,Artocarpus,heterophyllus,Moraceae,13.41805556,75.21666667,33.0,0.491666667,0.070823262,,6,,60.0,,1,3.0,69.4
India,Western Ghats,PL,plantation_enrichment,0,1,0,0,0,0,,9,,,Terminalia bellirica,Terminalia,bellirica,Combretaceae,13.41805556,75.21666667,33.0,0.630496778,0.09413391,,55,,60.0,,1,3.0,80.4
Indonesia,Bangka Island,M,open_degraded,0,0,0,0,1,1,,10,,35.0,Calophyllum inophyllum,Calophyllum,inophyllum,Calophyllaceae,-1.983333333,106.1,12.0,0.5846,0.070823262,,5,,391.365,,1,1.0,99.99967318
Indonesia,Bangka Island,M,open_degraded,0,0,0,0,1,1,,10,,35.0,Calophyllum inophyllum,Calophyllum,inophyllum,Calophyllaceae,-1.983333333,106.1,3.0,0.5846,0.070823262,,5,,391.365,,1,9999.0,100.0
Indonesia,Bangka Island,M,open_degraded,0,0,0,0,1,1,,10,,35.0,Macaranga sp,Macaranga,sp,Euphorbiaceae,-1.983333333,106.1,12.0,0.31,0.070823262,,1,,103.695,,1,1.0,0.0
Indonesia,Bangka Island,M,open_degraded,0,0,0,0,1,1,,10,,35.0,Macaranga sp,Macaranga,sp,Euphorbiaceae,-1.983333333,106.1,3.0,0.31,0.070823262,,1,,103.695,,1,9999.0,78.75813789
Indonesia,Bangka Island,M,open_degraded,0,0,0,0,1,1,,10,,35.0,Schima wallichii,Schima,wallichii,Theaceae,-1.983333333,106.1,12.0,0.55775,0.070823262,,8,,210.735,,1,1.0,3.288166392
Indonesia,Bangka Island,M,open_degraded,0,0,0,0,1,1,,10,,35.0,Schima wallichii,Schima,wallichii,Theaceae,-1.983333333,106.1,3.0,0.55775,0.070823262,,8,,210.735,,1,9999.0,100.0
Indonesia,Bangka Island,M,open_degraded,0,0,0,0,1,1,,10,,35.0,Syzygium grande,Syzygium,grande,Myrtaceae,-1.983333333,106.1,12.0,0.664366667,0.09413391,,51,,598.755,,1,1.0,94.95581353
Indonesia,Bangka Island,M,open_degraded,0,0,0,0,1,1,,10,,35.0,Syzygium grande,Syzygium,grande,Myrtaceae,-1.983333333,106.1,3.0,0.664366667,0.09413391,,51,,598.755,,1,9999.0,100.0
Indonesia,Bangka Island,M,open_degraded,0,0,0,0,1,1,,10,,35.0,Ficus superba,Ficus,superba,Moraceae,-1.983333333,106.1,12.0,0.405534662,0.09413391,,92,,508.44,,1,1.0,100.0
Indonesia,Bangka Island,M,open_degraded,0,0,0,0,1,1,,10,,35.0,Ficus superba,Ficus,superba,Moraceae,-1.983333333,106.1,3.0,0.405534662,0.09413391,,92,,508.44,,1,9999.0,99.81174994
Indonesia,Bangka Island,M,open_degraded,0,0,0,0,1,1,,10,,35.0,Vitex pinnata,Vitex,pinnata,Lamiaceae,-1.983333333,106.1,12.0,0.565170667,0.09413391,,25,,689.07,,1,1.0,69.07927419
Indonesia,Bangka Island,M,open_degraded,0,0,0,0,1,1,,10,,35.0,Vitex pinnata,Vitex,pinnata,Lamiaceae,-1.983333333,106.1,3.0,0.565170667,0.09413391,,25,,689.07,,1,9999.0,100.0
Indonesia,Bangka Island,M,open_degraded,0,0,0,0,1,1,,10,,35.0,Hibiscus tiliaceus,Hibiscus,tiliaceus,Malvaceae,-1.983333333,106.1,12.0,0.45,0.070823262,,5,,331.155,,1,1.0,99.56205715
Indonesia,Bangka Island,M,open_degraded,0,0,0,0,1,1,,10,,35.0,Hibiscus tiliaceus,Hibiscus,tiliaceus,Malvaceae,-1.983333333,106.1,3.0,0.45,0.070823262,,5,,331.155,,1,9999.0,100.0
Indonesia,Bangka Island,M,open_degraded,0,0,0,0,1,1,,10,,35.0,Etlingera polyantha,Etlingera,polyantha,Zingiberaceae,-1.983333333,106.1,12.0,0.564741226,0.132113452,,620,,301.05,,1,1.0,34.43113185
Indonesia,Bangka Island,M,open_degraded,0,0,0,0,1,1,,10,,35.0,Etlingera polyantha,Etlingera,polyantha,Zingiberaceae,-1.983333333,106.1,3.0,0.564741226,0.132113452,,620,,301.05,,1,9999.0,99.15320156
Indonesia,Bangka Island,M,open_degraded,0,0,0,0,1,1,,10,,35.0,Mallotus paniculatus,Mallotus,paniculatus,Euphorbiaceae,-1.983333333,106.1,12.0,0.345,0.070823262,,2,,103.695,,1,1.0,1.754385965
Indonesia,Bangka Island,M,open_degraded,0,0,0,0,1,1,,10,,35.0,Mallotus paniculatus,Mallotus,paniculatus,Euphorbiaceae,-1.983333333,106.1,3.0,0.345,0.070823262,,2,,103.695,,1,9999.0,100.0
Indonesia,Bangka Island,M,open_degraded,0,0,0,0,1,1,,10,,35.0,Aporosa sp,Aporosa,sp,Phyllanthaceae,-1.983333333,106.1,12.0,0.37,0.09413391,,1,,103.695,,1,1.0,16.66666667
Indonesia,Bangka Island,M,open_degraded,0,0,0,0,1,1,,10,,35.0,Aporosa sp,Aporosa,sp,Phyllanthaceae,-1.983333333,106.1,3.0,0.37,0.09413391,,1,,103.695,,1,9999.0,100.0
Malaysia,Perlis,AG,open_degraded,1,0,0,0,0,0,,1,12.0,,Tectona grandis,Tectona,grandis,Lamiaceae,6.666666667,100.25,12.0,0.601444444,0.070823262,,36,,222.0,,1,1.0,85.79577664
Malaysia,Perlis,AG,open_degraded,1,0,0,0,0,0,,1,12.0,,Tectona grandis,Tectona,grandis,Lamiaceae,6.666666667,100.25,24.0,0.601444444,0.070823262,,36,,222.0,,1,2.0,63.4384471
Malaysia,Perlis,AG,open_degraded,1,0,0,0,0,0,,1,12.0,,Tectona grandis,Tectona,grandis,Lamiaceae,6.666666667,100.25,36.0,0.601444444,0.070823262,,36,,222.0,,1,3.0,49.65349268
Malaysia,Perlis,AG,open_degraded,1,0,0,0,0,0,,1,12.0,,Tectona grandis,Tectona,grandis,Lamiaceae,6.666666667,100.25,48.0,0.601444444,0.070823262,,36,,222.0,,1,4.0,49.81496705
Malaysia,Perlis,AG,open_degraded,1,0,0,0,0,0,,1,12.0,,Tectona grandis,Tectona,grandis,Lamiaceae,6.666666667,100.25,108.0,0.601444444,0.070823262,,36,,222.0,,1,7.5,45.10079878
Thailand,,AG,open_degraded,0,1,1,0,0,0,,3,,,Dipterocarpus scaber,Dipterocarpus,scaber,Dipterocarpaceae,6.5,101.7333333,15.0,0.654277244,0.09413391,,52,,240.0,,1,1.0,98.0
Thailand,,AG,open_degraded,0,1,1,0,0,0,,3,,,Dipterocarpus scaber,Dipterocarpus,scaber,Dipterocarpaceae,6.5,101.7333333,28.0,0.654277244,0.09413391,,52,,240.0,,1,2.0,95.99
Thailand,,AG,open_degraded,0,1,1,0,0,0,,3,,,Dipterocarpus scaber,Dipterocarpus,scaber,Dipterocarpaceae,6.5,101.7333333,33.0,0.654277244,0.09413391,,52,,240.0,,1,3.0,95.34
Thailand,,AG,open_degraded,0,1,1,0,0,0,,3,,,Dipterocarpus scaber,Dipterocarpus,scaber,Dipterocarpaceae,6.5,101.7333333,45.0,0.654277244,0.09413391,,52,,240.0,,1,4.0,94.5
Thailand,,AG,open_degraded,0,0,1,0,0,0,,3,,,Dipterocarpus scaber,Dipterocarpus,scaber,Dipterocarpaceae,6.5,101.7333333,15.0,0.654277244,0.09413391,,52,,240.0,,1,1.0,97.6
Thailand,,AG,open_degraded,0,0,1,0,0,0,,3,,,Dipterocarpus scaber,Dipterocarpus,scaber,Dipterocarpaceae,6.5,101.7333333,28.0,0.654277244,0.09413391,,52,,240.0,,1,2.0,90.7
Thailand,,AG,open_degraded,0,0,1,0,0,0,,3,,,Dipterocarpus scaber,Dipterocarpus,scaber,Dipterocarpaceae,6.5,101.7333333,34.0,0.654277244,0.09413391,,52,,240.0,,1,3.0,89.1
Thailand,,AG,open_degraded,0,0,1,0,0,0,,3,,,Dipterocarpus scaber,Dipterocarpus,scaber,Dipterocarpaceae,6.5,101.7333333,45.0,0.654277244,0.09413391,,52,,240.0,,1,4.0,85.0
Thailand,,AG,open_degraded,0,1,1,0,0,0,,3,,,Hopea odorata,Hopea,odorata,Dipterocarpaceae,6.5,101.7333333,15.0,0.635,0.070823262,,2,,180.0,,1,1.0,90.0
Thailand,,AG,open_degraded,0,1,1,0,0,0,,3,,,Hopea odorata,Hopea,odorata,Dipterocarpaceae,6.5,101.7333333,28.0,0.635,0.070823262,,2,,180.0,,1,2.0,88.3
Thailand,,AG,open_degraded,0,1,1,0,0,0,,3,,,Hopea odorata,Hopea,odorata,Dipterocarpaceae,6.5,101.7333333,33.0,0.635,0.070823262,,2,,180.0,,1,3.0,87.5
Thailand,,AG,open_degraded,0,1,1,0,0,0,,3,,,Hopea odorata,Hopea,odorata,Dipterocarpaceae,6.5,101.7333333,45.0,0.635,0.070823262,,2,,180.0,,1,4.0,87.5
Thailand,,AG,open_degraded,0,0,1,0,0,0,,3,,,Hopea odorata,Hopea,odorata,Dipterocarpaceae,6.5,101.7333333,15.0,0.635,0.070823262,,2,,240.0,,1,1.0,86.9
Thailand,,AG,open_degraded,0,0,1,0,0,0,,3,,,Hopea odorata,Hopea,odorata,Dipterocarpaceae,6.5,101.7333333,28.0,0.635,0.070823262,,2,,240.0,,1,2.0,47.8
Thailand,,AG,open_degraded,0,0,1,0,0,0,,3,,,Hopea odorata,Hopea,odorata,Dipterocarpaceae,6.5,101.7333333,34.0,0.635,0.070823262,,2,,240.0,,1,3.0,46.0
Thailand,,AG,open_degraded,0,0,1,0,0,0,,3,,,Hopea odorata,Hopea,odorata,Dipterocarpaceae,6.5,101.7333333,45.0,0.635,0.070823262,,2,,240.0,,1,4.0,37.85
Thailand,,AG,open_degraded,0,1,1,0,0,0,,3,,,Shorea roxburghii,Shorea,roxburghii,Dipterocarpaceae,6.5,101.7333333,15.0,0.7,0.070823262,,1,,180.0,,1,1.0,99.0
Thailand,,AG,open_degraded,0,1,1,0,0,0,,3,,,Shorea roxburghii,Shorea,roxburghii,Dipterocarpaceae,6.5,101.7333333,28.0,0.7,0.070823262,,1,,180.0,,1,2.0,97.7
Thailand,,AG,open_degraded,0,1,1,0,0,0,,3,,,Shorea roxburghii,Shorea,roxburghii,Dipterocarpaceae,6.5,101.7333333,33.0,0.7,0.070823262,,1,,180.0,,1,3.0,97.0
Thailand,,AG,open_degraded,0,1,1,0,0,0,,3,,,Shorea roxburghii,Shorea,roxburghii,Dipterocarpaceae,6.5,101.7333333,45.0,0.7,0.070823262,,1,,180.0,,1,4.0,94.4
Thailand,,AG,open_degraded,0,0,1,0,0,0,,3,,,Shorea roxburghii,Shorea,roxburghii,Dipterocarpaceae,6.5,101.7333333,15.0,0.7,0.070823262,,1,,300.0,,1,1.0,97.5
Thailand,,AG,open_degraded,0,0,1,0,0,0,,3,,,Shorea roxburghii,Shorea,roxburghii,Dipterocarpaceae,6.5,101.7333333,28.0,0.7,0.070823262,,1,,300.0,,1,2.0,92.0
Thailand,,AG,open_degraded,0,0,1,0,0,0,,3,,,Shorea roxburghii,Shorea,roxburghii,Dipterocarpaceae,6.5,101.7333333,34.0,0.7,0.070823262,,1,,300.0,,1,3.0,84.1
Thailand,,AG,open_degraded,0,0,1,0,0,0,,3,,,Shorea roxburghii,Shorea,roxburghii,Dipterocarpaceae,6.5,101.7333333,45.0,0.7,0.070823262,,1,,300.0,,1,4.0,74.2
India,Meghalaya,AG,open_degraded,0,0,0,0,0,0,,2,3.0,,Castanopsis purpurella,Castanopsis,purpurella,Fagaceae,25.35,91.78333333,15.0,0.567974786,0.09413391,,39,,300.0,,0,1.0,84.5809293
India,Meghalaya,AG,open_degraded,0,0,0,0,0,0,,2,3.0,,Castanopsis purpurella,Castanopsis,purpurella,Fagaceae,25.35,91.78333333,24.0,0.567974786,0.09413391,,39,,300.0,,0,2.0,69.12035983
India,Meghalaya,AG,open_degraded,0,0,0,0,0,0,,2,3.0,,Castanopsis purpurella,Castanopsis,purpurella,Fagaceae,25.35,91.78333333,3.0,0.567974786,0.09413391,,39,,300.0,,0,9999.0,95.77917297
India,Meghalaya,LG,forest_enrichment,0,0,0,0,0,0,,2,3.0,,Castanopsis purpurella,Castanopsis,purpurella,Fagaceae,25.35,91.78333333,15.0,0.567974786,0.09413391,,39,,300.0,,0,1.0,96.25547181
India,Meghalaya,LG,forest_enrichment,0,0,0,0,0,0,,2,3.0,,Castanopsis purpurella,Castanopsis,purpurella,Fagaceae,25.35,91.78333333,24.0,0.567974786,0.09413391,,39,,300.0,,0,2.0,89.07966426
India,Meghalaya,LG,forest_enrichment,0,0,0,0,0,0,,2,3.0,,Castanopsis purpurella,Castanopsis,purpurella,Fagaceae,25.35,91.78333333,3.0,0.567974786,0.09413391,,39,,300.0,,0,9999.0,100.0
India,Meghalaya,AG,open_degraded,0,0,0,0,0,0,,2,3.0,,Castanopsis purpurella,Castanopsis,purpurella,Fagaceae,25.35,91.73333333,15.0,0.567974786,0.09413391,,39,,300.0,,0,1.0,85.56779695
India,Meghalaya,AG,open_degraded,0,0,0,0,0,0,,2,3.0,,Castanopsis purpurella,Castanopsis,purpurella,Fagaceae,25.35,91.73333333,24.0,0.567974786,0.09413391,,39,,300.0,,0,2.0,76.69000415
India,Meghalaya,AG,open_degraded,0,0,0,0,0,0,,2,3.0,,Castanopsis purpurella,Castanopsis,purpurella,Fagaceae,25.35,91.73333333,3.0,0.567974786,0.09413391,,39,,300.0,,0,9999.0,99.52664623
India,Meghalaya,LG,forest_enrichment,0,0,0,0,0,0,,2,3.0,,Castanopsis purpurella,Castanopsis,purpurella,Fagaceae,25.35,91.73333333,15.0,0.567974786,0.09413391,,39,,300.0,,0,1.0,82.59407505
India,Meghalaya,LG,forest_enrichment,0,0,0,0,0,0,,2,3.0,,Castanopsis purpurella,Castanopsis,purpurella,Fagaceae,25.35,91.73333333,24.0,0.567974786,0.09413391,,39,,300.0,,0,2.0,73.50423689
India,Meghalaya,LG,forest_enrichment,0,0,0,0,0,0,,2,3.0,,Castanopsis purpurella,Castanopsis,purpurella,Fagaceae,25.35,91.73333333,3.0,0.567974786,0.09413391,,39,,300.0,,0,9999.0,92.30719803
India,Meghalaya,AG,open_degraded,0,0,0,0,0,0,,2,3.0,,Myrica esculenta,Myrica,esculenta,Myricaceae,25.35,91.78333333,15.0,0.6,0.09413391,,5,,300.0,,0,1.0,90.06259048
India,Meghalaya,AG,open_degraded,0,0,0,0,0,0,,2,3.0,,Myrica esculenta,Myrica,esculenta,Myricaceae,25.35,91.78333333,24.0,0.6,0.09413391,,5,,300.0,,0,2.0,82.14348945
India,Meghalaya,AG,open_degraded,0,0,0,0,0,0,,2,3.0,,Myrica esculenta,Myrica,esculenta,Myricaceae,25.35,91.78333333,3.0,0.6,0.09413391,,5,,300.0,,0,9999.0,98.73881755
India,Meghalaya,LG,forest_enrichment,0,0,0,0,0,0,,2,3.0,,Myrica esculenta,Myrica,esculenta,Myricaceae,25.35,91.78333333,15.0,0.6,0.09413391,,5,,300.0,,0,1.0,82.45175535
India,Meghalaya,LG,forest_enrichment,0,0,0,0,0,0,,2,3.0,,Myrica esculenta,Myrica,esculenta,Myricaceae,25.35,91.78333333,24.0,0.6,0.09413391,,5,,300.0,,0,2.0,74.73781777
India,Meghalaya,LG,forest_enrichment,0,0,0,0,0,0,,2,3.0,,Myrica esculenta,Myrica,esculenta,Myricaceae,25.35,91.78333333,3.0,0.6,0.09413391,,5,,300.0,,0,9999.0,92.39645494
India,Meghalaya,AG,open_degraded,0,0,0,0,0,0,,2,3.0,,Myrica esculenta,Myrica,esculenta,Myricaceae,25.35,91.73333333,15.0,0.6,0.09413391,,5,,300.0,,0,1.0,84.78874413
India,Meghalaya,AG,open_degraded,0,0,0,0,0,0,,2,3.0,,Myrica esculenta,Myrica,esculenta,Myricaceae,25.35,91.73333333,24.0,0.6,0.09413391,,5,,300.0,,0,2.0,73.67763302
India,Meghalaya,AG,open_degraded,0,0,0,0,0,0,,2,3.0,,Myrica esculenta,Myrica,esculenta,Myricaceae,25.35,91.73333333,3.0,0.6,0.09413391,,5,,300.0,,0,9999.0,94.49495423
India,Meghalaya,LG,forest_enrichment,0,0,0,0,0,0,,2,3.0,,Myrica esculenta,Myrica,esculenta,Myricaceae,25.35,91.73333333,15.0,0.6,0.09413391,,5,,300.0,,0,1.0,75.4866123
India,Meghalaya,LG,forest_enrichment,0,0,0,0,0,0,,2,3.0,,Myrica esculenta,Myrica,esculenta,Myricaceae,25.35,91.73333333,24.0,0.6,0.09413391,,5,,300.0,,0,2.0,44.92767207
India,Meghalaya,LG,forest_enrichment,0,0,0,0,0,0,,2,3.0,,Myrica esculenta,Myrica,esculenta,Myricaceae,25.35,91.73333333,3.0,0.6,0.09413391,,5,,300.0,,0,9999.0,97.25580863
Thailand,Narathiwat,F,open_degraded,1,0,0,1,1,0,1111.111111,15,,40.0,Macaranga pruinosa,Macaranga,pruinosa,Euphorbiaceae,6.0725,101.9647222,168.0,0.31,0.070823262,,1,,36.0,,1,10.0,46.0
Thailand,Narathiwat,F,open_degraded,1,0,0,1,1,0,1111.111111,15,,40.0,Macaranga pruinosa,Macaranga,pruinosa,Euphorbiaceae,6.0725,101.9647222,24.0,0.31,0.070823262,,1,,36.0,,1,2.0,62.0
Thailand,Narathiwat,F,open_degraded,1,0,0,1,1,0,1111.111111,15,,40.0,Macaranga pruinosa,Macaranga,pruinosa,Euphorbiaceae,6.0725,101.9647222,36.0,0.31,0.070823262,,1,,36.0,,1,3.0,48.0
Thailand,Narathiwat,F,open_degraded,1,0,0,1,1,0,1111.111111,15,,40.0,Macaranga pruinosa,Macaranga,pruinosa,Euphorbiaceae,6.0725,101.9647222,48.0,0.31,0.070823262,,1,,36.0,,1,4.0,48.0
Thailand,Narathiwat,F,open_degraded,1,0,0,1,1,0,1111.111111,15,,40.0,Macaranga pruinosa,Macaranga,pruinosa,Euphorbiaceae,6.0725,101.9647222,108.0,0.31,0.070823262,,1,,36.0,,1,7.5,47.0
Thailand,Narathiwat,F,open_degraded,1,0,0,0,1,0,1111.111111,15,,65.0,Horsfieldia crassifolia,Horsfieldia,crassifolia,Magnoliaceae,6.0725,101.9647222,168.0,0.441512037,0.123401724,,5,,36.0,,1,10.0,78.0
Thailand,Narathiwat,F,open_degraded,1,0,0,0,1,0,1111.111111,15,,65.0,Horsfieldia crassifolia,Horsfieldia,crassifolia,Magnoliaceae,6.0725,101.9647222,24.0,0.441512037,0.123401724,,5,,36.0,,1,2.0,83.0
Thailand,Narathiwat,F,open_degraded,1,0,0,0,1,0,1111.111111,15,,65.0,Horsfieldia crassifolia,Horsfieldia,crassifolia,Magnoliaceae,6.0725,101.9647222,36.0,0.441512037,0.123401724,,5,,36.0,,1,3.0,82.0
Thailand,Narathiwat,F,open_degraded,1,0,0,0,1,0,1111.111111,15,,65.0,Horsfieldia crassifolia,Horsfieldia,crassifolia,Magnoliaceae,6.0725,101.9647222,48.0,0.441512037,0.123401724,,5,,36.0,,1,4.0,82.0
Thailand,Narathiwat,F,open_degraded,1,0,0,0,1,0,1111.111111,15,,65.0,Horsfieldia crassifolia,Horsfieldia,crassifolia,Magnoliaceae,6.0725,101.9647222,108.0,0.441512037,0.123401724,,5,,36.0,,1,7.5,79.0
Thailand,Narathiwat,F,open_degraded,1,0,0,0,1,0,1111.111111,15,,50.0,Vatica pauciflora,Vatica,pauciflora,Dipterocarpaceae,6.0725,101.9647222,168.0,0.706897436,0.09413391,,13,,36.0,,1,10.0,48.0
Thailand,Narathiwat,F,open_degraded,1,0,0,0,1,0,1111.111111,15,,50.0,Vatica pauciflora,Vatica,pauciflora,Dipterocarpaceae,6.0725,101.9647222,24.0,0.706897436,0.09413391,,13,,36.0,,1,2.0,65.0
Thailand,Narathiwat,F,open_degraded,1,0,0,0,1,0,1111.111111,15,,50.0,Vatica pauciflora,Vatica,pauciflora,Dipterocarpaceae,6.0725,101.9647222,36.0,0.706897436,0.09413391,,13,,36.0,,1,3.0,49.0
Thailand,Narathiwat,F,open_degraded,1,0,0,0,1,0,1111.111111,15,,50.0,Vatica pauciflora,Vatica,pauciflora,Dipterocarpaceae,6.0725,101.9647222,48.0,0.706897436,0.09413391,,13,,36.0,,1,4.0,49.0
Thailand,Narathiwat,F,open_degraded,1,0,0,0,1,0,1111.111111,15,,50.0,Vatica pauciflora,Vatica,pauciflora,Dipterocarpaceae,6.0725,101.9647222,108.0,0.706897436,0.09413391,,13,,36.0,,1,7.5,49.0
Thailand,Narathiwat,F,open_degraded,1,0,0,0,1,0,1111.111111,15,,,Acacia mangium,Acacia,mangium,Fabaceae,6.0725,101.9647222,168.0,0.507,0.070823262,,7,,36.0,,1,10.0,0.0
Thailand,Narathiwat,F,open_degraded,1,0,0,0,1,0,1111.111111,15,,,Acacia mangium,Acacia,mangium,Fabaceae,6.0725,101.9647222,24.0,0.507,0.070823262,,7,,36.0,,1,2.0,78.0
Thailand,Narathiwat,F,open_degraded,1,0,0,0,1,0,1111.111111,15,,,Acacia mangium,Acacia,mangium,Fabaceae,6.0725,101.9647222,36.0,0.507,0.070823262,,7,,36.0,,1,3.0,78.0
Thailand,Narathiwat,F,open_degraded,1,0,0,0,1,0,1111.111111,15,,,Acacia mangium,Acacia,mangium,Fabaceae,6.0725,101.9647222,48.0,0.507,0.070823262,,7,,36.0,,1,4.0,78.0
Thailand,Narathiwat,F,open_degraded,1,0,0,0,1,0,1111.111111,15,,,Acacia mangium,Acacia,mangium,Fabaceae,6.0725,101.9647222,108.0,0.507,0.070823262,,7,,36.0,,1,7.5,0.0
Thailand,Narathiwat,F,open_degraded,1,0,0,0,1,0,1111.111111,15,,,Fagraea fragrans,Fagraea,fragrans,Gentianaceae,6.0725,101.9647222,168.0,0.688,0.070823262,,4,,36.0,,1,10.0,24.0
Thailand,Narathiwat,F,open_degraded,1,0,0,0,1,0,1111.111111,15,,,Fagraea fragrans,Fagraea,fragrans,Gentianaceae,6.0725,101.9647222,24.0,0.688,0.070823262,,4,,36.0,,1,2.0,64.0
Thailand,Narathiwat,F,open_degraded,1,0,0,0,1,0,1111.111111,15,,,Fagraea fragrans,Fagraea,fragrans,Gentianaceae,6.0725,101.9647222,36.0,0.688,0.070823262,,4,,36.0,,1,3.0,62.0
Thailand,Narathiwat,F,open_degraded,1,0,0,0,1,0,1111.111111,15,,,Fagraea fragrans,Fagraea,fragrans,Gentianaceae,6.0725,101.9647222,48.0,0.688,0.070823262,,4,,36.0,,1,4.0,62.0
Thailand,Narathiwat,F,open_degraded,1,0,0,0,1,0,1111.111111,15,,,Fagraea fragrans,Fagraea,fragrans,Gentianaceae,6.0725,101.9647222,108.0,0.688,0.070823262,,4,,36.0,,1,7.5,47.0
Thailand,Narathiwat,F,open_degraded,1,0,0,0,1,0,1111.111111,15,,,Polyalthia lateriflora,Polyalthia,lateriflora,Magnoliaceae,6.0725,101.9647222,168.0,0.441512037,0.123401724,,5,,36.0,,1,10.0,11.0
Thailand,Narathiwat,F,open_degraded,1,0,0,0,1,0,1111.111111,15,,,Polyalthia lateriflora,Polyalthia,lateriflora,Magnoliaceae,6.0725,101.9647222,24.0,0.441512037,0.123401724,,5,,36.0,,1,2.0,23.0
Thailand,Narathiwat,F,open_degraded,1,0,0,0,1,0,1111.111111,15,,,Polyalthia lateriflora,Polyalthia,lateriflora,Magnoliaceae,6.0725,101.9647222,36.0,0.441512037,0.123401724,,5,,36.0,,1,3.0,19.0
Thailand,Narathiwat,F,open_degraded,1,0,0,0,1,0,1111.111111,15,,,Polyalthia lateriflora,Polyalthia,lateriflora,Magnoliaceae,6.0725,101.9647222,48.0,0.441512037,0.123401724,,5,,36.0,,1,4.0,17.0
Thailand,Narathiwat,F,open_degraded,1,0,0,0,1,0,1111.111111,15,,,Polyalthia lateriflora,Polyalthia,lateriflora,Magnoliaceae,6.0725,101.9647222,108.0,0.441512037,0.123401724,,5,,36.0,,1,7.5,14.0
Thailand,Narathiwat,F,open_degraded,1,0,0,1,1,0,1111.111111,15,,,Syzygium kunstleri,Syzygium,kunstleri,Myrtaceae,6.0725,101.9647222,168.0,0.664366667,0.09413391,,51,,36.0,,1,10.0,68.0
Thailand,Narathiwat,F,open_degraded,1,0,0,1,1,0,1111.111111,15,,,Syzygium kunstleri,Syzygium,kunstleri,Myrtaceae,6.0725,101.9647222,24.0,0.664366667,0.09413391,,51,,36.0,,1,2.0,86.0
Thailand,Narathiwat,F,open_degraded,1,0,0,1,1,0,1111.111111,15,,,Syzygium kunstleri,Syzygium,kunstleri,Myrtaceae,6.0725,101.9647222,36.0,0.664366667,0.09413391,,51,,36.0,,1,3.0,82.0
Thailand,Narathiwat,F,open_degraded,1,0,0,1,1,0,1111.111111,15,,,Syzygium kunstleri,Syzygium,kunstleri,Myrtaceae,6.0725,101.9647222,48.0,0.664366667,0.09413391,,51,,36.0,,1,4.0,82.0
Thailand,Narathiwat,F,open_degraded,1,0,0,1,1,0,1111.111111,15,,,Syzygium kunstleri,Syzygium,kunstleri,Myrtaceae,6.0725,101.9647222,108.0,0.664366667,0.09413391,,51,,36.0,,1,7.5,82.0
Thailand,Narathiwat,F,open_degraded,1,0,0,0,1,0,1111.111111,15,,55.0,Madhuca motleyana,Ganua,motleyana,Sapotaceae,6.0725,101.9647222,168.0,0.46,0.070823262,,2,,36.0,,1,10.0,87.0
Thailand,Narathiwat,F,open_degraded,1,0,0,0,1,0,1111.111111,15,,55.0,Madhuca motleyana,Ganua,motleyana,Sapotaceae,6.0725,101.9647222,24.0,0.46,0.070823262,,2,,36.0,,1,2.0,92.0
Thailand,Narathiwat,F,open_degraded,1,0,0,0,1,0,1111.111111,15,,55.0,Madhuca motleyana,Ganua,motleyana,Sapotaceae,6.0725,101.9647222,36.0,0.46,0.070823262,,2,,36.0,,1,3.0,91.0
Thailand,Narathiwat,F,open_degraded,1,0,0,0,1,0,1111.111111,15,,55.0,Madhuca motleyana,Ganua,motleyana,Sapotaceae,6.0725,101.9647222,48.0,0.46,0.070823262,,2,,36.0,,1,4.0,91.0
Thailand,Narathiwat,F,open_degraded,1,0,0,0,1,0,1111.111111,15,,55.0,Madhuca motleyana,Ganua,motleyana,Sapotaceae,6.0725,101.9647222,108.0,0.46,0.070823262,,2,,36.0,,1,7.5,88.0
Thailand,Narathiwat,F,open_degraded,1,0,0,1,1,0,1111.111111,15,,55.0,Sterculia gilva,Sterculia,gilva,Malvaceae,6.0725,101.9647222,168.0,0.404821667,0.09413391,,40,,36.0,,1,10.0,84.0
Thailand,Narathiwat,F,open_degraded,1,0,0,1,1,0,1111.111111,15,,55.0,Sterculia gilva,Sterculia,gilva,Malvaceae,6.0725,101.9647222,24.0,0.404821667,0.09413391,,40,,36.0,,1,2.0,85.0
Thailand,Narathiwat,F,open_degraded,1,0,0,1,1,0,1111.111111,15,,55.0,Sterculia gilva,Sterculia,gilva,Malvaceae,6.0725,101.9647222,36.0,0.404821667,0.09413391,,40,,36.0,,1,3.0,85.0
Thailand,Narathiwat,F,open_degraded,1,0,0,1,1,0,1111.111111,15,,55.0,Sterculia gilva,Sterculia,gilva,Malvaceae,6.0725,101.9647222,48.0,0.404821667,0.09413391,,40,,36.0,,1,4.0,85.0
Thailand,Narathiwat,F,open_degraded,1,0,0,1,1,0,1111.111111,15,,55.0,Sterculia gilva,Sterculia,gilva,Malvaceae,6.0725,101.9647222,108.0,0.404821667,0.09413391,,40,,36.0,,1,7.5,84.0
Thailand,Narathiwat,F,open_degraded,1,0,0,1,1,0,1111.111111,15,,60.0,Stemonurus secundiflorus,Stemonurus,secundiflorus,Stemonuraceae,6.0725,101.9647222,168.0,0.51,0.070823262,,1,,36.0,,1,10.0,61.0
Thailand,Narathiwat,F,open_degraded,1,0,0,1,1,0,1111.111111,15,,60.0,Stemonurus secundiflorus,Stemonurus,secundiflorus,Stemonuraceae,6.0725,101.9647222,24.0,0.51,0.070823262,,1,,36.0,,1,2.0,79.0
Thailand,Narathiwat,F,open_degraded,1,0,0,1,1,0,1111.111111,15,,60.0,Stemonurus secundiflorus,Stemonurus,secundiflorus,Stemonuraceae,6.0725,101.9647222,36.0,0.51,0.070823262,,1,,36.0,,1,3.0,73.0
Thailand,Narathiwat,F,open_degraded,1,0,0,1,1,0,1111.111111,15,,60.0,Stemonurus secundiflorus,Stemonurus,secundiflorus,Stemonuraceae,6.0725,101.9647222,48.0,0.51,0.070823262,,1,,36.0,,1,4.0,73.0
Thailand,Narathiwat,F,open_degraded,1,0,0,1,1,0,1111.111111,15,,60.0,Stemonurus secundiflorus,Stemonurus,secundiflorus,Stemonuraceae,6.0725,101.9647222,108.0,0.51,0.070823262,,1,,36.0,,1,7.5,72.0
Thailand,Narathiwat,F,open_degraded,1,0,0,1,1,0,1111.111111,15,,30.0,Dialium indum,Dialium,indum,Fabaceae,6.0725,101.9647222,168.0,0.82,0.070823262,,3,,36.0,,1,10.0,71.0
Thailand,Narathiwat,F,open_degraded,1,0,0,1,1,0,1111.111111,15,,30.0,Dialium indum,Dialium,indum,Fabaceae,6.0725,101.9647222,24.0,0.82,0.070823262,,3,,36.0,,1,2.0,81.0
Thailand,Narathiwat,F,open_degraded,1,0,0,1,1,0,1111.111111,15,,30.0,Dialium indum,Dialium,indum,Fabaceae,6.0725,101.9647222,36.0,0.82,0.070823262,,3,,36.0,,1,3.0,76.0
Thailand,Narathiwat,F,open_degraded,1,0,0,1,1,0,1111.111111,15,,30.0,Dialium indum,Dialium,indum,Fabaceae,6.0725,101.9647222,48.0,0.82,0.070823262,,3,,36.0,,1,4.0,76.0
Thailand,Narathiwat,F,open_degraded,1,0,0,1,1,0,1111.111111,15,,30.0,Dialium indum,Dialium,indum,Fabaceae,6.0725,101.9647222,108.0,0.82,0.070823262,,3,,36.0,,1,7.5,76.0
Thailand,Narathiwat,F,open_degraded,1,0,0,1,1,0,1111.111111,15,,50.0,Melaleuca cajuputi,Melaleuca,cajuputi,Myrtaceae,6.0725,101.9647222,168.0,0.756647186,0.09413391,,11,,36.0,,1,10.0,41.0
Thailand,Narathiwat,F,open_degraded,1,0,0,1,1,0,1111.111111,15,,50.0,Melaleuca cajuputi,Melaleuca,cajuputi,Myrtaceae,6.0725,101.9647222,24.0,0.756647186,0.09413391,,11,,36.0,,1,2.0,88.0
Thailand,Narathiwat,F,open_degraded,1,0,0,1,1,0,1111.111111,15,,50.0,Melaleuca cajuputi,Melaleuca,cajuputi,Myrtaceae,6.0725,101.9647222,36.0,0.756647186,0.09413391,,11,,36.0,,1,3.0,88.0
Thailand,Narathiwat,F,open_degraded,1,0,0,1,1,0,1111.111111,15,,50.0,Melaleuca cajuputi,Melaleuca,cajuputi,Myrtaceae,6.0725,101.9647222,48.0,0.756647186,0.09413391,,11,,36.0,,1,4.0,88.0
Thailand,Narathiwat,F,open_degraded,1,0,0,1,1,0,1111.111111,15,,50.0,Melaleuca cajuputi,Melaleuca,cajuputi,Myrtaceae,6.0725,101.9647222,108.0,0.756647186,0.09413391,,11,,36.0,,1,7.5,83.0
Thailand,Narathiwat,F,open_degraded,1,0,0,1,1,0,1111.111111,15,,,Syzygium oblatum,Syzygium,oblatum,Myrtaceae,6.0725,101.9647222,168.0,0.664366667,0.09413391,,51,,36.0,,1,10.0,68.0
Thailand,Narathiwat,F,open_degraded,1,0,0,1,1,0,1111.111111,15,,,Syzygium oblatum,Syzygium,oblatum,Myrtaceae,6.0725,101.9647222,24.0,0.664366667,0.09413391,,51,,36.0,,1,2.0,83.0
Thailand,Narathiwat,F,open_degraded,1,0,0,1,1,0,1111.111111,15,,,Syzygium oblatum,Syzygium,oblatum,Myrtaceae,6.0725,101.9647222,36.0,0.664366667,0.09413391,,51,,36.0,,1,3.0,83.0
Thailand,Narathiwat,F,open_degraded,1,0,0,1,1,0,1111.111111,15,,,Syzygium oblatum,Syzygium,oblatum,Myrtaceae,6.0725,101.9647222,48.0,0.664366667,0.09413391,,51,,36.0,,1,4.0,83.0
Thailand,Narathiwat,F,open_degraded,1,0,0,1,1,0,1111.111111,15,,,Syzygium oblatum,Syzygium,oblatum,Myrtaceae,6.0725,101.9647222,108.0,0.664366667,0.09413391,,51,,36.0,,1,7.5,81.0
Thailand,Narathiwat,F,open_degraded,1,0,0,1,1,0,1111.111111,15,,65.0,Baccaurea bracteata,Baccaurea,bracteata,Phyllanthaceae,6.0725,101.9647222,168.0,0.635,0.070823262,,2,,36.0,,1,10.0,81.0
Thailand,Narathiwat,F,open_degraded,1,0,0,1,1,0,1111.111111,15,,65.0,Baccaurea bracteata,Baccaurea,bracteata,Phyllanthaceae,6.0725,101.9647222,24.0,0.635,0.070823262,,2,,36.0,,1,2.0,89.0
Thailand,Narathiwat,F,open_degraded,1,0,0,1,1,0,1111.111111,15,,65.0,Baccaurea bracteata,Baccaurea,bracteata,Phyllanthaceae,6.0725,101.9647222,36.0,0.635,0.070823262,,2,,36.0,,1,3.0,87.0
Thailand,Narathiwat,F,open_degraded,1,0,0,1,1,0,1111.111111,15,,65.0,Baccaurea bracteata,Baccaurea,bracteata,Phyllanthaceae,6.0725,101.9647222,48.0,0.635,0.070823262,,2,,36.0,,1,4.0,87.0
Thailand,Narathiwat,F,open_degraded,1,0,0,1,1,0,1111.111111,15,,65.0,Baccaurea bracteata,Baccaurea,bracteata,Phyllanthaceae,6.0725,101.9647222,108.0,0.635,0.070823262,,2,,36.0,,1,7.5,87.0
Thailand,Narathiwat,F,open_degraded,1,0,0,0,1,0,1111.111111,15,,125.0,Cinnamomum rhychophyllum,Cinnamomum,rhychophyllum,Lauraceae,6.0725,101.9647222,12.0,0.467139912,0.09413391,,38,,36.0,,1,1.0,82.0
Thailand,Narathiwat,F,open_degraded,1,0,0,0,1,0,1111.111111,15,,125.0,Cinnamomum rhychophyllum,Cinnamomum,rhychophyllum,Lauraceae,6.0725,101.9647222,24.0,0.467139912,0.09413391,,38,,36.0,,1,2.0,79.0
Thailand,Narathiwat,F,open_degraded,1,0,0,0,1,0,1111.111111,15,,125.0,Cinnamomum rhychophyllum,Cinnamomum,rhychophyllum,Lauraceae,6.0725,101.9647222,36.0,0.467139912,0.09413391,,38,,36.0,,1,3.0,78.0
Thailand,Narathiwat,F,open_degraded,1,0,0,0,1,0,1111.111111,15,,125.0,Cinnamomum rhychophyllum,Cinnamomum,rhychophyllum,Lauraceae,6.0725,101.9647222,48.0,0.467139912,0.09413391,,38,,36.0,,1,4.0,78.0
Thailand,Narathiwat,F,open_degraded,1,0,0,0,1,0,1111.111111,15,,125.0,Cinnamomum rhychophyllum,Cinnamomum,rhychophyllum,Lauraceae,6.0725,101.9647222,108.0,0.467139912,0.09413391,,38,,36.0,,1,7.5,70.0
Thailand,Narathiwat,F,open_degraded,1,0,0,0,1,0,1111.111111,15,,65.0,Alstonia spatulata,Alstonia,spatulata,Apocynaceae,6.0725,101.9647222,12.0,0.34,0.070823262,,1,,36.0,,1,1.0,97.0
Thailand,Narathiwat,F,open_degraded,1,0,0,0,1,0,1111.111111,15,,65.0,Alstonia spatulata,Alstonia,spatulata,Apocynaceae,6.0725,101.9647222,24.0,0.34,0.070823262,,1,,36.0,,1,2.0,97.0
Thailand,Narathiwat,F,open_degraded,1,0,0,0,1,0,1111.111111,15,,65.0,Alstonia spatulata,Alstonia,spatulata,Apocynaceae,6.0725,101.9647222,36.0,0.34,0.070823262,,1,,36.0,,1,3.0,97.0
Thailand,Narathiwat,F,open_degraded,1,0,0,0,1,0,1111.111111,15,,65.0,Alstonia spatulata,Alstonia,spatulata,Apocynaceae,6.0725,101.9647222,48.0,0.34,0.070823262,,1,,36.0,,1,4.0,97.0
Thailand,Narathiwat,F,open_degraded,1,0,0,0,1,0,1111.111111,15,,65.0,Alstonia spatulata,Alstonia,spatulata,Apocynaceae,6.0725,101.9647222,108.0,0.34,0.070823262,,1,,36.0,,1,7.5,97.0
Thailand,Narathiwat,F,open_degraded,1,0,0,0,1,0,1111.111111,15,,80.0,Ixora grandifolia,Ixora,grandifolia,Rubiaceae,6.0725,101.9647222,12.0,0.69,0.070823262,,1,,36.0,,1,1.0,97.0
Thailand,Narathiwat,F,open_degraded,1,0,0,0,1,0,1111.111111,15,,80.0,Ixora grandifolia,Ixora,grandifolia,Rubiaceae,6.0725,101.9647222,24.0,0.69,0.070823262,,1,,36.0,,1,2.0,97.0
Thailand,Narathiwat,F,open_degraded,1,0,0,0,1,0,1111.111111,15,,80.0,Ixora grandifolia,Ixora,grandifolia,Rubiaceae,6.0725,101.9647222,36.0,0.69,0.070823262,,1,,36.0,,1,3.0,97.0
Thailand,Narathiwat,F,open_degraded,1,0,0,0,1,0,1111.111111,15,,80.0,Ixora grandifolia,Ixora,grandifolia,Rubiaceae,6.0725,101.9647222,48.0,0.69,0.070823262,,1,,36.0,,1,4.0,97.0
Thailand,Narathiwat,F,open_degraded,1,0,0,0,1,0,1111.111111,15,,80.0,Ixora grandifolia,Ixora,grandifolia,Rubiaceae,6.0725,101.9647222,108.0,0.69,0.070823262,,1,,36.0,,1,7.5,74.0
Thailand,Narathiwat,F,open_degraded,1,0,0,0,1,0,1111.111111,15,,60.0,Polyalthia glauca,Polyalthia,glauca,Magnoliaceae,6.0725,101.9647222,12.0,0.441512037,0.123401724,,5,,36.0,,1,1.0,90.0
Thailand,Narathiwat,F,open_degraded,1,0,0,0,1,0,1111.111111,15,,60.0,Polyalthia glauca,Polyalthia,glauca,Magnoliaceae,6.0725,101.9647222,24.0,0.441512037,0.123401724,,5,,36.0,,1,2.0,89.0
Thailand,Narathiwat,F,open_degraded,1,0,0,0,1,0,1111.111111,15,,60.0,Polyalthia glauca,Polyalthia,glauca,Magnoliaceae,6.0725,101.9647222,36.0,0.441512037,0.123401724,,5,,36.0,,1,3.0,79.0
Thailand,Narathiwat,F,open_degraded,1,0,0,0,1,0,1111.111111,15,,60.0,Polyalthia glauca,Polyalthia,glauca,Magnoliaceae,6.0725,101.9647222,48.0,0.441512037,0.123401724,,5,,36.0,,1,4.0,76.0
Thailand,Narathiwat,F,open_degraded,1,0,0,0,1,0,1111.111111,15,,60.0,Polyalthia glauca,Polyalthia,glauca,Magnoliaceae,6.0725,101.9647222,108.0,0.441512037,0.123401724,,5,,36.0,,1,7.5,56.0
Thailand,Narathiwat,F,open_degraded,1,0,0,0,1,0,1111.111111,15,,60.0,Mangifera griffithii,Mangifera,griffithii,Anacardiaceae,6.0725,101.9647222,12.0,0.47,0.070823262,,1,,36.0,,1,1.0,90.0
Thailand,Narathiwat,F,open_degraded,1,0,0,0,1,0,1111.111111,15,,60.0,Mangifera griffithii,Mangifera,griffithii,Anacardiaceae,6.0725,101.9647222,24.0,0.47,0.070823262,,1,,36.0,,1,2.0,81.0
Thailand,Narathiwat,F,open_degraded,1,0,0,0,1,0,1111.111111,15,,60.0,Mangifera griffithii,Mangifera,griffithii,Anacardiaceae,6.0725,101.9647222,36.0,0.47,0.070823262,,1,,36.0,,1,3.0,81.0
Thailand,Narathiwat,F,open_degraded,1,0,0,0,1,0,1111.111111,15,,60.0,Mangifera griffithii,Mangifera,griffithii,Anacardiaceae,6.0725,101.9647222,48.0,0.47,0.070823262,,1,,36.0,,1,4.0,81.0
Thailand,Narathiwat,F,open_degraded,1,0,0,0,1,0,1111.111111,15,,60.0,Mangifera griffithii,Mangifera,griffithii,Anacardiaceae,6.0725,101.9647222,108.0,0.47,0.070823262,,1,,36.0,,1,7.5,79.0
Thailand,Narathiwat,F,open_degraded,1,0,0,0,1,0,1111.111111,15,,25.0,Calophyllum sclerophyllum,Calophyllum,sclerophyllum,Clusiaceae,6.0725,101.9647222,12.0,0.669211656,0.123401724,,9,,36.0,,1,1.0,95.0
Thailand,Narathiwat,F,open_degraded,1,0,0,0,1,0,1111.111111,15,,25.0,Calophyllum sclerophyllum,Calophyllum,sclerophyllum,Clusiaceae,6.0725,101.9647222,24.0,0.669211656,0.123401724,,9,,36.0,,1,2.0,94.0
Thailand,Narathiwat,F,open_degraded,1,0,0,0,1,0,1111.111111,15,,25.0,Calophyllum sclerophyllum,Calophyllum,sclerophyllum,Clusiaceae,6.0725,101.9647222,36.0,0.669211656,0.123401724,,9,,36.0,,1,3.0,94.0
Thailand,Narathiwat,F,open_degraded,1,0,0,0,1,0,1111.111111,15,,25.0,Calophyllum sclerophyllum,Calophyllum,sclerophyllum,Clusiaceae,6.0725,101.9647222,48.0,0.669211656,0.123401724,,9,,36.0,,1,4.0,94.0
Thailand,Narathiwat,F,open_degraded,1,0,0,0,1,0,1111.111111,15,,25.0,Calophyllum sclerophyllum,Calophyllum,sclerophyllum,Clusiaceae,6.0725,101.9647222,108.0,0.669211656,0.123401724,,9,,36.0,,1,7.5,90.0
Thailand,Narathiwat,F,open_degraded,1,0,0,0,1,0,1111.111111,15,,40.0,Neesia malayana,Neesia,malayana,Malvaceae,6.0725,101.9647222,12.0,0.46,0.070823262,,1,,36.0,,1,1.0,75.0
Thailand,Narathiwat,F,open_degraded,1,0,0,0,1,0,1111.111111,15,,40.0,Neesia malayana,Neesia,malayana,Malvaceae,6.0725,101.9647222,24.0,0.46,0.070823262,,1,,36.0,,1,2.0,69.0
Thailand,Narathiwat,F,open_degraded,1,0,0,0,1,0,1111.111111,15,,40.0,Neesia malayana,Neesia,malayana,Malvaceae,6.0725,101.9647222,36.0,0.46,0.070823262,,1,,36.0,,1,3.0,67.0
Thailand,Narathiwat,F,open_degraded,1,0,0,0,1,0,1111.111111,15,,40.0,Neesia malayana,Neesia,malayana,Malvaceae,6.0725,101.9647222,48.0,0.46,0.070823262,,1,,36.0,,1,4.0,67.0
Thailand,Narathiwat,F,open_degraded,1,0,0,0,1,0,1111.111111,15,,40.0,Neesia malayana,Neesia,malayana,Malvaceae,6.0725,101.9647222,108.0,0.46,0.070823262,,1,,36.0,,1,7.5,60.0
Thailand,Narathiwat,F,open_degraded,1,0,0,0,1,0,1111.111111,15,,60.0,Persea membranacea,Persea,membranacea,Lauraceae,6.0725,101.9647222,12.0,0.514030303,0.09413391,,22,,36.0,,1,1.0,82.0
Thailand,Narathiwat,F,open_degraded,1,0,0,0,1,0,1111.111111,15,,60.0,Persea membranacea,Persea,membranacea,Lauraceae,6.0725,101.9647222,24.0,0.514030303,0.09413391,,22,,36.0,,1,2.0,72.0
Thailand,Narathiwat,F,open_degraded,1,0,0,0,1,0,1111.111111,15,,60.0,Persea membranacea,Persea,membranacea,Lauraceae,6.0725,101.9647222,36.0,0.514030303,0.09413391,,22,,36.0,,1,3.0,68.0
Thailand,Narathiwat,F,open_degraded,1,0,0,0,1,0,1111.111111,15,,60.0,Persea membranacea,Persea,membranacea,Lauraceae,6.0725,101.9647222,48.0,0.514030303,0.09413391,,22,,36.0,,1,4.0,68.0
Thailand,Narathiwat,F,open_degraded,1,0,0,0,1,0,1111.111111,15,,60.0,Persea membranacea,Persea,membranacea,Lauraceae,6.0725,101.9647222,108.0,0.514030303,0.09413391,,22,,36.0,,1,7.5,37.0
Thailand,Narathiwat,F,open_degraded,1,0,0,0,1,0,1111.111111,15,,55.0,Dacryodes incurvata,Dacryodes,incurvata,Burseraceae,6.0725,101.9647222,12.0,0.59,0.070823262,,1,,36.0,,1,1.0,35.0
Thailand,Narathiwat,F,open_degraded,1,0,0,0,1,0,1111.111111,15,,55.0,Dacryodes incurvata,Dacryodes,incurvata,Burseraceae,6.0725,101.9647222,154.0,0.59,0.070823262,,1,,36.0,,1,10.0,6.0
Thailand,Narathiwat,F,open_degraded,1,0,0,0,1,0,1111.111111,15,,55.0,Dacryodes incurvata,Dacryodes,incurvata,Burseraceae,6.0725,101.9647222,24.0,0.59,0.070823262,,1,,36.0,,1,2.0,22.0
Thailand,Narathiwat,F,open_degraded,1,0,0,0,1,0,1111.111111,15,,55.0,Dacryodes incurvata,Dacryodes,incurvata,Burseraceae,6.0725,101.9647222,48.0,0.59,0.070823262,,1,,36.0,,1,4.0,11.0
Thailand,Narathiwat,F,open_degraded,1,0,0,0,1,0,1111.111111,15,,55.0,Dacryodes incurvata,Dacryodes,incurvata,Burseraceae,6.0725,101.9647222,100.0,0.59,0.070823262,,1,,36.0,,1,7.5,11.0
Thailand,Narathiwat,F,open_degraded,1,0,0,0,1,0,1111.111111,15,,,Sandoricum beccarianum,Sandoricum,beccarianum,Meliaceae,6.0725,101.9647222,12.0,0.38,0.070823262,,1,,36.0,,1,1.0,81.0
Thailand,Narathiwat,F,open_degraded,1,0,0,0,1,0,1111.111111,15,,,Sandoricum beccarianum,Sandoricum,beccarianum,Meliaceae,6.0725,101.9647222,24.0,0.38,0.070823262,,1,,36.0,,1,2.0,79.0
Thailand,Narathiwat,F,open_degraded,1,0,0,0,1,0,1111.111111,15,,,Sandoricum beccarianum,Sandoricum,beccarianum,Meliaceae,6.0725,101.9647222,36.0,0.38,0.070823262,,1,,36.0,,1,3.0,78.0
Thailand,Narathiwat,F,open_degraded,1,0,0,0,1,0,1111.111111,15,,,Sandoricum beccarianum,Sandoricum,beccarianum,Meliaceae,6.0725,101.9647222,48.0,0.38,0.070823262,,1,,36.0,,1,4.0,78.0
Thailand,Narathiwat,F,open_degraded,1,0,0,0,1,0,1111.111111,15,,105.0,Sandoricum beccarianum,Sandoricum,beccarianum,Meliaceae,6.0725,101.9647222,108.0,0.38,0.070823262,,1,,36.0,,1,7.5,71.0
Thailand,Narathiwat,F,open_degraded,1,0,0,0,1,0,1111.111111,15,,105.0,Litsea costata,Litsea,costata,Lauraceae,6.0725,101.9647222,12.0,0.425466667,0.09413391,,55,,36.0,,1,1.0,79.0
Thailand,Narathiwat,F,open_degraded,1,0,0,0,1,0,1111.111111,15,,105.0,Litsea costata,Litsea,costata,Lauraceae,6.0725,101.9647222,24.0,0.425466667,0.09413391,,55,,36.0,,1,2.0,47.0
Thailand,Narathiwat,F,open_degraded,1,0,0,0,1,0,1111.111111,15,,105.0,Litsea costata,Litsea,costata,Lauraceae,6.0725,101.9647222,36.0,0.425466667,0.09413391,,55,,36.0,,1,3.0,29.0
Thailand,Narathiwat,F,open_degraded,1,0,0,0,1,0,1111.111111,15,,105.0,Litsea costata,Litsea,costata,Lauraceae,6.0725,101.9647222,48.0,0.425466667,0.09413391,,55,,36.0,,1,4.0,28.0
Thailand,Narathiwat,F,open_degraded,1,0,0,0,1,0,1111.111111,15,,105.0,Litsea costata,Litsea,costata,Lauraceae,6.0725,101.9647222,108.0,0.425466667,0.09413391,,55,,36.0,,1,7.5,14.0
Thailand,Narathiwat,F,open_degraded,1,0,0,0,1,0,1111.111111,15,,80.0,Campnosperma coriaceum,Campnosperma,coriaceum,Anacardiaceae,6.0725,101.9647222,12.0,0.3775,0.070823262,,4,,36.0,,1,1.0,90.0
Thailand,Narathiwat,F,open_degraded,1,0,0,0,1,0,1111.111111,15,,80.0,Campnosperma coriaceum,Campnosperma,coriaceum,Anacardiaceae,6.0725,101.9647222,24.0,0.3775,0.070823262,,4,,36.0,,1,2.0,88.0
Thailand,Narathiwat,F,open_degraded,1,0,0,0,1,0,1111.111111,15,,80.0,Campnosperma coriaceum,Campnosperma,coriaceum,Anacardiaceae,6.0725,101.9647222,36.0,0.3775,0.070823262,,4,,36.0,,1,3.0,88.0
Thailand,Narathiwat,F,open_degraded,1,0,0,0,1,0,1111.111111,15,,80.0,Campnosperma coriaceum,Campnosperma,coriaceum,Anacardiaceae,6.0725,101.9647222,48.0,0.3775,0.070823262,,4,,36.0,,1,4.0,88.0
Thailand,Narathiwat,F,open_degraded,1,0,0,0,1,0,1111.111111,15,,80.0,Campnosperma coriaceum,Campnosperma,coriaceum,Anacardiaceae,6.0725,101.9647222,108.0,0.3775,0.070823262,,4,,36.0,,1,7.5,80.0
Thailand,Narathiwat,F,open_degraded,1,0,0,0,1,0,1111.111111,15,,35.0,Garcinia bancana,Garcinia,bancana,Clusiaceae,6.0725,101.9647222,12.0,0.741621569,0.09413391,,51,,36.0,,1,1.0,63.0
Thailand,Narathiwat,F,open_degraded,1,0,0,0,1,0,1111.111111,15,,35.0,Garcinia bancana,Garcinia,bancana,Clusiaceae,6.0725,101.9647222,24.0,0.741621569,0.09413391,,51,,36.0,,1,2.0,61.0
Thailand,Narathiwat,F,open_degraded,1,0,0,0,1,0,1111.111111,15,,35.0,Garcinia bancana,Garcinia,bancana,Clusiaceae,6.0725,101.9647222,36.0,0.741621569,0.09413391,,51,,36.0,,1,3.0,58.0
Thailand,Narathiwat,F,open_degraded,1,0,0,0,1,0,1111.111111,15,,35.0,Garcinia bancana,Garcinia,bancana,Clusiaceae,6.0725,101.9647222,48.0,0.741621569,0.09413391,,51,,36.0,,1,4.0,53.0
Thailand,Narathiwat,F,open_degraded,1,0,0,0,1,0,1111.111111,15,,35.0,Garcinia bancana,Garcinia,bancana,Clusiaceae,6.0725,101.9647222,108.0,0.741621569,0.09413391,,51,,36.0,,1,7.5,8.0
Thailand,Narathiwat,F,open_degraded,1,0,0,0,1,0,1111.111111,15,,40.0,Aglaia rubiginosa,Aglaia,rubiginosa,Meliaceae,6.0725,101.9647222,12.0,0.76,0.070823262,,2,,36.0,,1,1.0,60.0
Thailand,Narathiwat,F,open_degraded,1,0,0,0,1,0,1111.111111,15,,40.0,Aglaia rubiginosa,Aglaia,rubiginosa,Meliaceae,6.0725,101.9647222,24.0,0.76,0.070823262,,2,,36.0,,1,2.0,42.0
Thailand,Narathiwat,F,open_degraded,1,0,0,0,1,0,1111.111111,15,,40.0,Aglaia rubiginosa,Aglaia,rubiginosa,Meliaceae,6.0725,101.9647222,36.0,0.76,0.070823262,,2,,36.0,,1,3.0,24.0
Thailand,Narathiwat,F,open_degraded,1,0,0,0,1,0,1111.111111,15,,40.0,Aglaia rubiginosa,Aglaia,rubiginosa,Meliaceae,6.0725,101.9647222,48.0,0.76,0.070823262,,2,,36.0,,1,4.0,20.0
Thailand,Narathiwat,F,open_degraded,1,0,0,0,1,0,1111.111111,15,,40.0,Aglaia rubiginosa,Aglaia,rubiginosa,Meliaceae,6.0725,101.9647222,108.0,0.76,0.070823262,,2,,36.0,,1,7.5,14.0
Thailand,Narathiwat,F,open_degraded,1,0,0,0,1,0,1111.111111,15,,35.0,Xanthophyllum ellipticum,Xanthophyllum,ellipticum,Polygalaceae,6.0725,101.9647222,12.0,0.708076923,0.09413391,,13,,36.0,,1,1.0,89.0
Thailand,Narathiwat,F,open_degraded,1,0,0,0,1,0,1111.111111,15,,35.0,Xanthophyllum ellipticum,Xanthophyllum,ellipticum,Polygalaceae,6.0725,101.9647222,24.0,0.708076923,0.09413391,,13,,36.0,,1,2.0,81.0
Thailand,Narathiwat,F,open_degraded,1,0,0,0,1,0,1111.111111,15,,35.0,Xanthophyllum ellipticum,Xanthophyllum,ellipticum,Polygalaceae,6.0725,101.9647222,36.0,0.708076923,0.09413391,,13,,36.0,,1,3.0,76.0
Thailand,Narathiwat,F,open_degraded,1,0,0,0,1,0,1111.111111,15,,35.0,Xanthophyllum ellipticum,Xanthophyllum,ellipticum,Polygalaceae,6.0725,101.9647222,48.0,0.708076923,0.09413391,,13,,36.0,,1,4.0,75.0
Thailand,Narathiwat,F,open_degraded,1,0,0,0,1,0,1111.111111,15,,35.0,Xanthophyllum ellipticum,Xanthophyllum,ellipticum,Polygalaceae,6.0725,101.9647222,108.0,0.708076923,0.09413391,,13,,36.0,,1,7.5,35.0
Indonesia,South Kalimantan,F,open_degraded,0,0,1,0,1,0,,4,3.0,,Gmelina arborea,Gmelina,arborea,Lamiaceae,-3.5,115.0,36.0,0.42975,0.070823262,,8,,100.0,,1,3.0,100.0
Indonesia,South Kalimantan,F,open_degraded,0,0,1,0,1,0,,4,,,Acacia mangium,Acacia,mangium,Fabaceae,-3.5,115.0,36.0,0.507,0.070823262,,7,,100.0,,1,3.0,95.0
Indonesia,South Kalimantan,F,open_degraded,0,0,1,0,1,0,,4,,,Acacia mangium,Acacia,mangium,Fabaceae,-3.5,115.0,36.0,0.507,0.070823262,,7,,100.0,,1,3.0,100.0
Indonesia,South Kalimantan,F,open_degraded,0,0,1,0,1,0,,4,,,Acacia mangium,Acacia,mangium,Fabaceae,-3.5,115.0,36.0,0.507,0.070823262,,7,,100.0,,1,3.0,97.0
Indonesia,South Kalimantan,F,open_degraded,0,0,1,0,1,0,,4,,,Swietenia macrophylla,Swietenia,macrophylla,Meliaceae,-3.5,115.0,36.0,0.519545455,0.070823262,,11,,100.0,,1,3.0,92.0
Indonesia,South Kalimantan,F,open_degraded,0,0,1,0,1,0,,4,,,Swietenia macrophylla,Swietenia,macrophylla,Meliaceae,-3.5,115.0,36.0,0.519545455,0.070823262,,11,,100.0,,1,3.0,97.0
Indonesia,South Kalimantan,F,open_degraded,0,0,1,0,1,0,,4,,,Swietenia macrophylla,Swietenia,macrophylla,Meliaceae,-3.5,115.0,36.0,0.519545455,0.070823262,,11,,100.0,,1,3.0,100.0
Indonesia,South Kalimantan,F,open_degraded,0,0,1,0,1,0,,4,,,Swietenia macrophylla,Swietenia,macrophylla,Meliaceae,-3.5,115.0,36.0,0.519545455,0.070823262,,11,,100.0,,1,3.0,86.0
Indonesia,South Kalimantan,F,open_degraded,0,0,1,0,1,0,,4,3.0,,Gmelina arborea,Gmelina,arborea,Lamiaceae,-3.5,115.0,36.0,0.42975,0.070823262,,8,,100.0,,1,3.0,100.0
Indonesia,South Kalimantan,F,open_degraded,0,0,1,0,1,0,,4,3.0,,Gmelina arborea,Gmelina,arborea,Lamiaceae,-3.5,115.0,36.0,0.42975,0.070823262,,8,,100.0,,1,3.0,100.0
Indonesia,South Kalimantan,F,open_degraded,0,0,1,0,1,0,,4,3.0,,Gmelina arborea,Gmelina,arborea,Lamiaceae,-3.5,115.0,36.0,0.42975,0.070823262,,8,,100.0,,1,3.0,100.0
Indonesia,South Kalimantan,F,open_degraded,0,0,1,0,1,0,,4,3.0,,Falcataria moluccana,Falcataria,moluccana,Fabaceae,-3.5,115.0,36.0,0.702416609,0.123401724,,208,,100.0,,1,3.0,95.0
Indonesia,South Kalimantan,F,open_degraded,0,0,1,0,1,0,,4,3.0,,Falcataria moluccana,Falcataria,moluccana,Fabaceae,-3.5,115.0,36.0,0.702416609,0.123401724,,208,,100.0,,1,3.0,97.0
Indonesia,South Kalimantan,F,open_degraded,0,0,1,0,1,0,,4,3.0,,Falcataria moluccana,Falcataria,moluccana,Fabaceae,-3.5,115.0,36.0,0.702416609,0.123401724,,208,,100.0,,1,3.0,95.0
Indonesia,South Kalimantan,F,open_degraded,0,0,1,0,1,0,,4,3.0,,Falcataria moluccana,Falcataria,moluccana,Fabaceae,-3.5,115.0,36.0,0.702416609,0.123401724,,208,,100.0,,1,3.0,95.0
Indonesia,South Kalimantan,F,open_degraded,0,0,1,0,1,0,,4,,,Acacia mangium,Acacia,mangium,Fabaceae,-3.5,115.0,36.0,0.507,0.070823262,,7,,100.0,,1,3.0,100.0
Indonesia,,F,open_degraded,1,0,1,0,0,0,,1,3.0,,Eucalyptus alba,Eucalyptus,alba,Myrtaceae,-3.5,115.0,36.0,0.850166667,0.070823262,,6,,64.0,,1,3.0,55.0
Indonesia,,F,open_degraded,1,0,1,0,0,0,,1,3.0,,Corymbia intermedia,Corymbia,intermedia,Myrtaceae,-3.5,115.0,36.0,0.844814394,0.09413391,,22,,64.0,,1,3.0,17.0
Indonesia,,F,open_degraded,1,0,1,0,0,0,,1,3.0,,Eucalyptus pilularis,Eucalyptus,pilularis,Myrtaceae,-3.5,115.0,36.0,0.755,0.070823262,,3,,64.0,,1,3.0,10.0
Indonesia,,F,open_degraded,1,0,1,0,0,0,,1,3.0,,Eucalyptus deglupta,Eucalyptus,deglupta,Myrtaceae,-3.5,115.0,36.0,0.4485,0.070823262,,4,,64.0,,1,3.0,91.0
Indonesia,,F,open_degraded,1,0,1,0,0,0,,1,3.0,,Eucalyptus urophylla,Eucalyptus,urophylla,Myrtaceae,-3.5,115.0,36.0,0.48,0.070823262,,2,,64.0,,1,3.0,66.0
Indonesia,,F,open_degraded,1,0,1,0,0,0,,1,3.0,,Eucalpytus camaldulensis,Eucalyptus,camaldulensis,Myrtaceae,-3.5,115.0,36.0,0.765578146,0.123401724,,54,,64.0,,1,3.0,95.0
Indonesia,,F,open_degraded,1,0,1,0,0,0,,1,3.0,,Eucalyptus tereticornis,Eucalyptus,tereticornis,Myrtaceae,-3.5,115.0,36.0,0.827,0.070823262,,10,,64.0,,1,3.0,88.0
Indonesia,,F,open_degraded,1,0,1,0,0,0,,1,3.0,,Eucalyptus pellita,Eucalyptus,pellita,Myrtaceae,-3.5,115.0,36.0,0.733666667,0.070823262,,6,,64.0,,1,3.0,79.0
Indonesia,,F,open_degraded,1,0,1,0,0,0,,1,3.0,,Corymbia torelliana,Corymbia,torelliana,Myrtaceae,-3.5,115.0,36.0,0.761,0.070823262,,2,,64.0,,1,3.0,54.0
Indonesia,,F,open_degraded,1,0,1,0,0,0,,1,3.0,,Eucalyptus grandis,Eucalyptus,grandis,Myrtaceae,-3.5,115.0,36.0,0.662,0.070823262,,3,,64.0,,1,3.0,26.0
Indonesia,,F,open_degraded,1,0,1,0,0,0,,1,3.0,,Eucalyptus grandis,Eucalyptus,grandis,Myrtaceae,-3.5,115.0,36.0,0.662,0.070823262,,3,,64.0,,1,3.0,25.0
Indonesia,South Kalimantan,LG,plantation_enrichment,1,1,1,0,0,0,,12,6.0,32.0,Shorea leprosula,Shorea,leprosula,Dipterocarpaceae,-3.5,115.0,12.0,0.44,0.070823262,,4,,40.0,,1,1.0,77.5
Indonesia,South Kalimantan,LG,plantation_enrichment,1,1,1,0,0,0,,12,6.0,32.0,Shorea leprosula,Shorea,leprosula,Dipterocarpaceae,-3.5,115.0,24.0,0.44,0.070823262,,4,,40.0,,1,2.0,67.70833333
Indonesia,South Kalimantan,LG,plantation_enrichment,1,1,1,0,0,0,,12,6.0,32.0,Shorea leprosula,Shorea,leprosula,Dipterocarpaceae,-3.5,115.0,36.0,0.44,0.070823262,,4,,40.0,,1,3.0,57.70833333
Indonesia,South Kalimantan,LG,plantation_enrichment,1,1,1,0,0,0,,12,6.0,32.0,Shorea leprosula,Shorea,leprosula,Dipterocarpaceae,-3.5,115.0,48.0,0.44,0.070823262,,4,,40.0,,1,4.0,57.5
Indonesia,South Kalimantan,LG,plantation_enrichment,1,1,1,0,0,0,,12,6.0,32.0,Shorea leprosula,Shorea,leprosula,Dipterocarpaceae,-3.5,115.0,60.0,0.44,0.070823262,,4,,40.0,,1,7.5,52.70833333
Indonesia,South Kalimantan,LG,plantation_enrichment,1,1,1,0,0,0,,12,6.0,32.0,Durio zibethinus,Durio,zibethinus,Malvaceae,-3.5,115.0,12.0,0.516,0.070823262,,2,,40.0,,1,1.0,74.93036212
Indonesia,South Kalimantan,LG,plantation_enrichment,1,1,1,0,0,0,,12,6.0,32.0,Durio zibethinus,Durio,zibethinus,Malvaceae,-3.5,115.0,24.0,0.516,0.070823262,,2,,40.0,,1,2.0,57.3816156
Indonesia,South Kalimantan,LG,plantation_enrichment,1,1,1,0,0,0,,12,6.0,32.0,Durio zibethinus,Durio,zibethinus,Malvaceae,-3.5,115.0,36.0,0.516,0.070823262,,2,,40.0,,1,3.0,32.31197772
Indonesia,South Kalimantan,LG,plantation_enrichment,1,1,1,0,0,0,,12,6.0,32.0,Durio zibethinus,Durio,zibethinus,Malvaceae,-3.5,115.0,48.0,0.516,0.070823262,,2,,40.0,,1,4.0,32.86908078
Indonesia,South Kalimantan,LG,plantation_enrichment,1,1,1,0,0,0,,12,6.0,32.0,Durio zibethinus,Durio,zibethinus,Malvaceae,-3.5,115.0,60.0,0.516,0.070823262,,2,,40.0,,1,7.5,30.08356546
Indonesia,South Kalimantan,LG,plantation_enrichment,1,1,1,0,0,0,,12,6.0,32.0,Pericopsis mooniana,Pericopsis,mooniana,Fabaceae,-3.5,115.0,12.0,0.6985,0.070823262,,2,,40.0,,1,1.0,87.74373259
Indonesia,South Kalimantan,LG,plantation_enrichment,1,1,1,0,0,0,,12,6.0,32.0,Pericopsis mooniana,Pericopsis,mooniana,Fabaceae,-3.5,115.0,24.0,0.6985,0.070823262,,2,,40.0,,1,2.0,87.46518106
Indonesia,South Kalimantan,LG,plantation_enrichment,1,1,1,0,0,0,,12,6.0,32.0,Pericopsis mooniana,Pericopsis,mooniana,Fabaceae,-3.5,115.0,36.0,0.6985,0.070823262,,2,,40.0,,1,3.0,86.90807799
Indonesia,South Kalimantan,LG,plantation_enrichment,1,1,1,0,0,0,,12,6.0,32.0,Pericopsis mooniana,Pericopsis,mooniana,Fabaceae,-3.5,115.0,48.0,0.6985,0.070823262,,2,,40.0,,1,4.0,85.51532033
Indonesia,South Kalimantan,LG,plantation_enrichment,1,1,1,0,0,0,,12,6.0,32.0,Pericopsis mooniana,Pericopsis,mooniana,Fabaceae,-3.5,115.0,60.0,0.6985,0.070823262,,2,,40.0,,1,7.5,83.00835655
Indonesia,South Kalimantan,LG,plantation_enrichment,1,1,1,0,0,0,,12,6.0,32.0,Podocarpus polystachyus,Podocarpus,polystachyus,Podocarpaceae,-3.5,115.0,12.0,0.485,0.070823262,,2,,40.0,,1,1.0,96.37883008
Indonesia,South Kalimantan,LG,plantation_enrichment,1,1,1,0,0,0,,12,6.0,32.0,Podocarpus polystachyus,Podocarpus,polystachyus,Podocarpaceae,-3.5,115.0,24.0,0.485,0.070823262,,2,,40.0,,1,2.0,94.70752089
Indonesia,South Kalimantan,LG,plantation_enrichment,1,1,1,0,0,0,,12,6.0,32.0,Podocarpus polystachyus,Podocarpus,polystachyus,Podocarpaceae,-3.5,115.0,36.0,0.485,0.070823262,,2,,40.0,,1,3.0,95.54317549
Indonesia,South Kalimantan,LG,plantation_enrichment,1,1,1,0,0,0,,12,6.0,32.0,Podocarpus polystachyus,Podocarpus,polystachyus,Podocarpaceae,-3.5,115.0,48.0,0.485,0.070823262,,2,,40.0,,1,4.0,95.54317549
Indonesia,South Kalimantan,LG,plantation_enrichment,1,1,1,0,0,0,,12,6.0,32.0,Podocarpus polystachyus,Podocarpus,polystachyus,Podocarpaceae,-3.5,115.0,60.0,0.485,0.070823262,,2,,40.0,,1,7.5,95.26462396
Indonesia,South Kalimantan,LG,plantation_enrichment,1,1,1,0,0,0,,12,6.0,32.0,Shorea hopeifolia,Shorea,hopeifolia,Dipterocarpaceae,-3.5,115.0,12.0,0.485,0.070823262,,2,,40.0,,1,1.0,95.83333333
Indonesia,South Kalimantan,LG,plantation_enrichment,1,1,1,0,0,0,,12,6.0,32.0,Shorea hopeifolia,Shorea,hopeifolia,Dipterocarpaceae,-3.5,115.0,24.0,0.485,0.070823262,,2,,40.0,,1,2.0,72.70833333
Indonesia,South Kalimantan,LG,plantation_enrichment,1,1,1,0,0,0,,12,6.0,32.0,Shorea hopeifolia,Shorea,hopeifolia,Dipterocarpaceae,-3.5,115.0,36.0,0.485,0.070823262,,2,,40.0,,1,3.0,55.20833333
Indonesia,South Kalimantan,LG,plantation_enrichment,1,1,1,0,0,0,,12,6.0,32.0,Shorea hopeifolia,Shorea,hopeifolia,Dipterocarpaceae,-3.5,115.0,48.0,0.485,0.070823262,,2,,40.0,,1,4.0,52.70833333
Indonesia,South Kalimantan,LG,plantation_enrichment,1,1,1,0,0,0,,12,6.0,32.0,Shorea hopeifolia,Shorea,hopeifolia,Dipterocarpaceae,-3.5,115.0,60.0,0.485,0.070823262,,2,,40.0,,1,7.5,27.70833333
Indonesia,South Kalimantan,LG,plantation_enrichment,1,1,1,0,0,0,,12,6.0,32.0,Shorea johorensis,Shorea,johorensis,Dipterocarpaceae,-3.5,115.0,12.0,0.393333333,0.070823262,,3,,40.0,,1,1.0,82.5
Indonesia,South Kalimantan,LG,plantation_enrichment,1,1,1,0,0,0,,12,6.0,32.0,Shorea johorensis,Shorea,johorensis,Dipterocarpaceae,-3.5,115.0,24.0,0.393333333,0.070823262,,3,,40.0,,1,2.0,72.5
Indonesia,South Kalimantan,LG,plantation_enrichment,1,1,1,0,0,0,,12,6.0,32.0,Shorea johorensis,Shorea,johorensis,Dipterocarpaceae,-3.5,115.0,36.0,0.393333333,0.070823262,,3,,40.0,,1,3.0,25.41666667
Indonesia,South Kalimantan,LG,plantation_enrichment,1,1,1,0,0,0,,12,6.0,32.0,Shorea johorensis,Shorea,johorensis,Dipterocarpaceae,-3.5,115.0,48.0,0.393333333,0.070823262,,3,,40.0,,1,4.0,25.20833333
Indonesia,South Kalimantan,LG,plantation_enrichment,1,1,1,0,0,0,,12,6.0,32.0,Shorea johorensis,Shorea,johorensis,Dipterocarpaceae,-3.5,115.0,60.0,0.393333333,0.070823262,,3,,40.0,,1,7.5,5.208333333
Indonesia,South Kalimantan,LG,plantation_enrichment,1,1,1,0,0,0,,12,6.0,32.0,Shorea macroptera,Shorea,macroptera,Dipterocarpaceae,-3.5,115.0,12.0,0.425,0.070823262,,4,,40.0,,1,1.0,59.79166667
Indonesia,South Kalimantan,LG,plantation_enrichment,1,1,1,0,0,0,,12,6.0,32.0,Shorea macroptera,Shorea,macroptera,Dipterocarpaceae,-3.5,115.0,24.0,0.425,0.070823262,,4,,40.0,,1,2.0,52.91666667
Indonesia,South Kalimantan,LG,plantation_enrichment,1,1,1,0,0,0,,12,6.0,32.0,Shorea macroptera,Shorea,macroptera,Dipterocarpaceae,-3.5,115.0,36.0,0.425,0.070823262,,4,,40.0,,1,3.0,17.5
Indonesia,South Kalimantan,LG,plantation_enrichment,1,1,1,0,0,0,,12,6.0,32.0,Shorea macroptera,Shorea,macroptera,Dipterocarpaceae,-3.5,115.0,48.0,0.425,0.070823262,,4,,40.0,,1,4.0,15.41666667
Indonesia,South Kalimantan,LG,plantation_enrichment,1,1,1,0,0,0,,12,6.0,32.0,Shorea macroptera,Shorea,macroptera,Dipterocarpaceae,-3.5,115.0,60.0,0.425,0.070823262,,4,,40.0,,1,7.5,10.20833333
Indonesia,South Kalimantan,LG,plantation_enrichment,1,1,1,0,0,0,,12,6.0,32.0,Shorea parvifolia,Shorea,parvifolia,Dipterocarpaceae,-3.5,115.0,12.0,0.405,0.070823262,,2,,40.0,,1,1.0,77.29166667
Indonesia,South Kalimantan,LG,plantation_enrichment,1,1,1,0,0,0,,12,6.0,32.0,Shorea parvifolia,Shorea,parvifolia,Dipterocarpaceae,-3.5,115.0,24.0,0.405,0.070823262,,2,,40.0,,1,2.0,65.20833333
Indonesia,South Kalimantan,LG,plantation_enrichment,1,1,1,0,0,0,,12,6.0,32.0,Shorea parvifolia,Shorea,parvifolia,Dipterocarpaceae,-3.5,115.0,36.0,0.405,0.070823262,,2,,40.0,,1,3.0,22.70833333
Indonesia,South Kalimantan,LG,plantation_enrichment,1,1,1,0,0,0,,12,6.0,32.0,Shorea parvifolia,Shorea,parvifolia,Dipterocarpaceae,-3.5,115.0,48.0,0.405,0.070823262,,2,,40.0,,1,4.0,18.125
Indonesia,South Kalimantan,LG,plantation_enrichment,1,1,1,0,0,0,,12,6.0,32.0,Shorea parvifolia,Shorea,parvifolia,Dipterocarpaceae,-3.5,115.0,60.0,0.405,0.070823262,,2,,40.0,,1,7.5,15.0
Indonesia,South Kalimantan,LG,plantation_enrichment,1,1,1,0,0,0,,12,6.0,32.0,Vatica sp,Vatica,sp.,Dipterocarpaceae,-3.5,115.0,12.0,0.706897436,0.09413391,,13,,40.0,,1,1.0,87.70833333
Indonesia,South Kalimantan,LG,plantation_enrichment,1,1,1,0,0,0,,12,6.0,32.0,Vatica sp,Vatica,sp.,Dipterocarpaceae,-3.5,115.0,24.0,0.706897436,0.09413391,,13,,40.0,,1,2.0,87.5
Indonesia,South Kalimantan,LG,plantation_enrichment,1,1,1,0,0,0,,12,6.0,32.0,Vatica sp,Vatica,sp.,Dipterocarpaceae,-3.5,115.0,36.0,0.706897436,0.09413391,,13,,40.0,,1,3.0,87.5
Indonesia,South Kalimantan,LG,plantation_enrichment,1,1,1,0,0,0,,12,6.0,32.0,Vatica sp,Vatica,sp.,Dipterocarpaceae,-3.5,115.0,48.0,0.706897436,0.09413391,,13,,40.0,,1,4.0,84.79166667
Indonesia,South Kalimantan,LG,plantation_enrichment,1,1,1,0,0,0,,12,6.0,32.0,Vatica sp,Vatica,sp.,Dipterocarpaceae,-3.5,115.0,60.0,0.706897436,0.09413391,,13,,40.0,,1,7.5,82.5
Indonesia,South Kalimantan,LG,plantation_enrichment,1,1,1,0,0,0,,12,6.0,32.0,Hopea sangal,Hopea,sangal,Dipterocarpaceae,-3.5,115.0,12.0,0.714693989,0.09413391,,61,,40.0,,1,1.0,65.20833333
Indonesia,South Kalimantan,LG,plantation_enrichment,1,1,1,0,0,0,,12,6.0,32.0,Hopea sangal,Hopea,sangal,Dipterocarpaceae,-3.5,115.0,24.0,0.714693989,0.09413391,,61,,40.0,,1,2.0,62.5
Indonesia,South Kalimantan,LG,plantation_enrichment,1,1,1,0,0,0,,12,6.0,32.0,Hopea sangal,Hopea,sangal,Dipterocarpaceae,-3.5,115.0,36.0,0.714693989,0.09413391,,61,,40.0,,1,3.0,56.04166667
Indonesia,South Kalimantan,LG,plantation_enrichment,1,1,1,0,0,0,,12,6.0,32.0,Hopea sangal,Hopea,sangal,Dipterocarpaceae,-3.5,115.0,48.0,0.714693989,0.09413391,,61,,40.0,,1,4.0,53.95833333
Indonesia,South Kalimantan,LG,plantation_enrichment,1,1,1,0,0,0,,12,6.0,32.0,Hopea sangal,Hopea,sangal,Dipterocarpaceae,-3.5,115.0,60.0,0.714693989,0.09413391,,61,,40.0,,1,7.5,48.125
Indonesia,South Kalimantan,LG,plantation_enrichment,1,1,1,0,0,0,,12,6.0,32.0,Agathis borneensis,Agathis,borneensis,Araucariaceae,-3.5,115.0,12.0,0.383333333,0.070823262,,3,,40.0,,1,1.0,100.0
Indonesia,South Kalimantan,LG,plantation_enrichment,1,1,1,0,0,0,,12,6.0,32.0,Agathis borneensis,Agathis,borneensis,Araucariaceae,-3.5,115.0,24.0,0.383333333,0.070823262,,3,,40.0,,1,2.0,100.0
Indonesia,South Kalimantan,LG,plantation_enrichment,1,1,1,0,0,0,,12,6.0,32.0,Agathis borneensis,Agathis,borneensis,Araucariaceae,-3.5,115.0,36.0,0.383333333,0.070823262,,3,,40.0,,1,3.0,93.0362117
Indonesia,South Kalimantan,LG,plantation_enrichment,1,1,1,0,0,0,,12,6.0,32.0,Agathis borneensis,Agathis,borneensis,Araucariaceae,-3.5,115.0,48.0,0.383333333,0.070823262,,3,,40.0,,1,4.0,93.31476323
Indonesia,South Kalimantan,LG,plantation_enrichment,1,1,1,0,0,0,,12,6.0,32.0,Agathis borneensis,Agathis,borneensis,Araucariaceae,-3.5,115.0,60.0,0.383333333,0.070823262,,3,,40.0,,1,7.5,88.02228412
Indonesia,South Kalimantan,LG,plantation_enrichment,1,1,1,0,0,0,,12,6.0,32.0,Agathis dammara,Agathis,dammara,Araucariaceae,-3.5,115.0,12.0,0.4515,0.070823262,,2,,40.0,,1,1.0,94.98607242
Indonesia,South Kalimantan,LG,plantation_enrichment,1,1,1,0,0,0,,12,6.0,32.0,Agathis dammara,Agathis,dammara,Araucariaceae,-3.5,115.0,24.0,0.4515,0.070823262,,2,,40.0,,1,2.0,93.0362117
Indonesia,South Kalimantan,LG,plantation_enrichment,1,1,1,0,0,0,,12,6.0,32.0,Agathis dammara,Agathis,dammara,Araucariaceae,-3.5,115.0,36.0,0.4515,0.070823262,,2,,40.0,,1,3.0,90.80779944
Indonesia,South Kalimantan,LG,plantation_enrichment,1,1,1,0,0,0,,12,6.0,32.0,Agathis dammara,Agathis,dammara,Araucariaceae,-3.5,115.0,48.0,0.4515,0.070823262,,2,,40.0,,1,4.0,84.67966574
Indonesia,South Kalimantan,LG,plantation_enrichment,1,1,1,0,0,0,,12,6.0,32.0,Agathis dammara,Agathis,dammara,Araucariaceae,-3.5,115.0,60.0,0.4515,0.070823262,,2,,40.0,,1,7.5,76.88022284
Indonesia,South Kalimantan,F,plantation_enrichment,0,1,1,0,0,0,,8,,,Anisoptera marginata,Anisoptera,marginata,Dipterocarpaceae,-3.5,115.0,78.0,0.526666667,0.070823262,,3,,250.0,,1,7.5,82.0
Indonesia,South Kalimantan,F,plantation_enrichment,0,1,1,0,0,0,,8,,,Shorea parvifolia,Shorea,parvifolia,Dipterocarpaceae,-3.5,115.0,60.0,0.405,0.070823262,,2,,40.0,,1,7.5,15.0
Indonesia,South Kalimantan,F,plantation_enrichment,0,1,1,0,0,0,,8,,,Vatica sp,Vatica,sp.,Dipterocarpaceae,-3.5,115.0,60.0,0.706897436,0.09413391,,13,,40.0,,1,7.5,83.0
Indonesia,South Kalimantan,F,plantation_enrichment,0,0,1,0,0,0,,8,,,Anisoptera marginata,Anisoptera,marginata,Dipterocarpaceae,-3.5,115.0,24.0,0.526666667,0.070823262,,3,,36.0,,1,2.0,80.0
Indonesia,South Kalimantan,F,plantation_enrichment,0,0,1,0,0,0,,8,,,Shorea leprosula,Shorea,leprosula,Dipterocarpaceae,-3.5,115.0,24.0,0.44,0.070823262,,4,,36.0,,1,2.0,60.0
Indonesia,South Kalimantan,F,plantation_enrichment,0,0,1,0,0,0,,8,,,Dipterocarpus gracilis,Dipterocarpus,gracilis,Dipterocarpaceae,-3.5,115.0,24.0,0.603333333,0.070823262,,3,,36.0,,1,2.0,20.0
Indonesia,South Kalimantan,F,plantation_enrichment,0,0,1,0,0,0,,8,,,Shorea selanica,Shorea,selanica,Dipterocarpaceae,-3.5,115.0,24.0,0.37,0.070823262,,1,,36.0,,1,2.0,13.0
Indonesia,South Kalimantan,F,plantation_enrichment,0,0,1,0,0,0,,8,,,Artocarpus sp,Atocarpus,sp,Moraceae,-3.5,115.0,24.0,0.461,0.070823262,,1,,36.0,,1,2.0,80.0
Indonesia,South Kalimantan,F,plantation_enrichment,0,0,1,0,0,0,,8,,,Calophyllum inophyllum,Calophyllum,inophyllum,Calophyllaceae,-3.5,115.0,24.0,0.5846,0.070823262,,5,,36.0,,1,2.0,95.0
Indonesia,South Kalimantan,F,plantation_enrichment,0,1,1,0,0,0,,8,,,Anisoptera marginata,Anisoptera,marginata,Dipterocarpaceae,-3.5,115.0,78.0,0.526666667,0.070823262,,3,,200.0,,1,7.5,90.0
Indonesia,South Kalimantan,F,plantation_enrichment,0,0,1,0,0,0,,8,,,Dillenia sp,Dillenia,sp,Dilleniaceae,-3.5,115.0,24.0,0.616229167,0.09413391,,24,,36.0,,1,2.0,40.0
Indonesia,South Kalimantan,F,plantation_enrichment,0,0,1,0,0,0,,8,,,Octomeles sumatrana,Octomeles,sumatrana,Tetramelaceae,-3.5,115.0,24.0,0.301,0.09413391,,1,,36.0,,1,2.0,83.0
Indonesia,South Kalimantan,F,plantation_enrichment,0,0,1,0,0,0,,8,,,Peronema canescens,Peronema,canescens,Lamiaceae,-3.5,115.0,24.0,0.57,0.070823262,,1,,36.0,,1,2.0,100.0
Indonesia,South Kalimantan,F,plantation_enrichment,0,0,1,0,0,0,,8,,,Pterocarpus dalbergioides,Pterocarpus,dalbergioides,Fabaceae,-3.5,115.0,24.0,0.62,0.070823262,,2,,36.0,,1,2.0,98.0
Indonesia,South Kalimantan,F,plantation_enrichment,0,1,1,0,0,0,,8,,,Anisoptera marginata,Anisoptera,marginata,Dipterocarpaceae,-3.5,115.0,90.0,0.526666667,0.070823262,,3,,100.0,,1,7.5,83.0
Indonesia,South Kalimantan,F,plantation_enrichment,0,1,1,0,0,0,,8,,,Hopea sangal,Hopea,sangal,Dipterocarpaceae,-3.5,115.0,60.0,0.714693989,0.09413391,,61,,40.0,,1,7.5,49.0
Indonesia,South Kalimantan,F,plantation_enrichment,0,1,1,0,0,0,,8,,,Shorea hopeifolia,Shorea,hopeifolia,Dipterocarpaceae,-3.5,115.0,60.0,0.485,0.070823262,,2,,4.0,,1,7.5,28.0
Indonesia,South Kalimantan,F,plantation_enrichment,0,1,1,0,0,0,,8,,,Shorea johorensis,Shorea,johorensis,Dipterocarpaceae,-3.5,115.0,60.0,0.393333333,0.070823262,,3,,40.0,,1,7.5,5.0
Indonesia,South Kalimantan,F,plantation_enrichment,0,1,1,0,0,0,,8,,,Shorea leprosula,Shorea,leprosula,Dipterocarpaceae,-3.5,115.0,66.0,0.44,0.070823262,,4,,150.0,,1,7.5,72.0
Indonesia,South Kalimantan,F,plantation_enrichment,0,1,1,0,0,0,,8,,,Shorea leprosula,Shorea,leprosula,Dipterocarpaceae,-3.5,115.0,60.0,0.44,0.070823262,,4,,40.0,,1,7.5,52.0
Indonesia,South Kalimantan,F,plantation_enrichment,0,1,1,0,0,0,,8,,,Shorea macroptera,Shorea,macroptera,Dipterocarpaceae,-3.5,115.0,60.0,0.425,0.070823262,,4,,40.0,,1,7.5,10.0
Indonesia,South Kalimantan,LG,plantation_enrichment,1,1,0,0,0,0,,1,10.0,56.0,Anisoptera marginata,Anisoptera,marginata,Dipterocarpaceae,-3.5,115.0,19.0,0.526666667,0.070823262,,3,,40.0,,1,2.0,97.5
Indonesia,South Kalimantan,LG,plantation_enrichment,1,1,0,0,0,0,,1,10.0,56.0,Anisoptera marginata,Anisoptera,marginata,Dipterocarpaceae,-3.5,115.0,19.0,0.526666667,0.070823262,,3,,40.0,,1,2.0,85.0
Indonesia,South Kalimantan,LG,plantation_enrichment,1,1,0,0,0,0,,1,10.0,56.0,Anisoptera marginata,Anisoptera,marginata,Dipterocarpaceae,-3.5,115.0,19.0,0.526666667,0.070823262,,3,,40.0,,1,2.0,87.5
Indonesia,South Kalimantan,LG,plantation_enrichment,1,1,0,0,0,0,,1,10.0,56.0,Anisoptera marginata,Anisoptera,marginata,Dipterocarpaceae,-3.5,115.0,19.0,0.526666667,0.070823262,,3,,40.0,,1,2.0,88.1
Indonesia,South Kalimantan,PL,plantation_enrichment,1,0,0,0,1,0,,3,12.0,57.0,Anisoptera marginata,Anisoptera,marginata,Dipterocarpaceae,-3.5,115.0,19.0,0.526666667,0.070823262,,3,,200.0,,1,2.0,96.5
Indonesia,South Kalimantan,PL,plantation_enrichment,1,0,0,0,1,0,,3,9.0,27.0,Shorea parvifolia,Shorea,parvifolia,Dipterocarpaceae,-3.5,115.0,19.0,0.405,0.070823262,,2,,200.0,,1,2.0,94.0
Indonesia,South Kalimantan,PL,plantation_enrichment,1,0,0,0,1,0,,3,4.0,16.0,Peronema canescens,Peronema,canescens,Lamiaceae,-3.5,115.0,19.0,0.57,0.070823262,,1,,200.0,,1,2.0,71.3
Indonesia,Central Kalimantan,F,open_degraded,0,0,0,0,0,0,312.5,2,,,Tetramerista glabra,Tetramerista,glabra,Tetrameristaceae,-2.36,114.1561111,12.0,0.6,0.070823262,,3,,135.0,,0,1.0,87.0
Indonesia,Central Kalimantan,F,open_degraded,0,0,0,1,0,0,312.5,2,,,Tetramerista glabra,Tetramerista,glabra,Tetrameristaceae,-2.36,114.1561111,12.0,0.6,0.070823262,,3,,135.0,,1,1.0,96.0
Indonesia,Central Kalimantan,F,open_degraded,0,0,0,1,1,0,312.5,2,,,Tetramerista glabra,Tetramerista,glabra,Tetrameristaceae,-2.36,114.1561111,12.0,0.6,0.070823262,,3,,135.0,,1,1.0,44.0
Indonesia,Central Kalimantan,F,open_degraded,0,0,0,0,0,0,312.5,2,,,Alstonia pneumatophora,Alstonia,pneumatophora,Apocynaceae,-2.36,114.1561111,12.0,0.295,0.070823262,,2,,135.0,,0,1.0,96.0
Indonesia,Central Kalimantan,F,open_degraded,0,0,0,1,0,0,312.5,2,,,Alstonia pneumatophora,Alstonia,pneumatophora,Apocynaceae,-2.36,114.1561111,12.0,0.295,0.070823262,,2,,135.0,,1,1.0,64.0
Indonesia,Central Kalimantan,F,open_degraded,0,0,0,1,1,0,312.5,2,,,Alstonia pneumatophora,Alstonia,pneumatophora,Apocynaceae,-2.36,114.1561111,12.0,0.295,0.070823262,,2,,135.0,,1,1.0,89.0
Thailand,Chiang Mai,F,open_degraded,1,0,0,0,1,0,,1,7.0,52.6,Choerospondias axillaris,Choerospondias,axillaris,Anacardiaceae,18.86666667,98.85,6.0,0.487,0.070823262,,4,,189.0,,1,1.0,71.2
Malaysia,Sarawak,F,forest_enrichment,1,0,0,0,0,0,,1,12.0,,Shorea macrophylla,Shorea,macrophylla,Dipterocarpaceae,1.570277778,109.8866667,240.0,0.32,0.070823262,,1,,150.0,,1,10.0,84.0
Malaysia,Sarawak,F,forest_enrichment,1,0,0,0,0,0,,1,12.0,,Shorea macrophylla,Shorea,macrophylla,Dipterocarpaceae,1.570277778,109.8866667,228.0,0.32,0.070823262,,1,,150.0,,1,10.0,77.0
Malaysia,Sarawak,F,forest_enrichment,1,0,0,0,0,0,,1,12.0,,Shorea macrophylla,Shorea,macrophylla,Dipterocarpaceae,1.570277778,109.8866667,216.0,0.32,0.070823262,,1,,150.0,,1,10.0,70.0
Malaysia,Sarawak,F,forest_enrichment,1,0,0,0,0,0,,1,12.0,,Shorea macrophylla,Shorea,macrophylla,Dipterocarpaceae,1.570277778,109.8866667,204.0,0.32,0.070823262,,1,,150.0,,1,10.0,55.0
Malaysia,,LG,forest_enrichment,1,0,0,0,0,0,,14,,,Shorea leprosula,Shorea,leprosula,Dipterocarpaceae,4.15,101.3333333,66.0,0.44,0.070823262,,4,,328.0,,1,7.5,47.0
Malaysia,,LG,forest_enrichment,1,0,0,0,0,0,,14,,,Gonystylus affinis,Gonystylus,affinis,Thymelaeaceae,4.15,101.3333333,66.0,0.616666667,0.070823262,,3,,208.0,,1,7.5,54.0
Malaysia,,LG,forest_enrichment,1,0,0,0,0,0,,14,,,Neobalanocarpus heimii,Neobalanocarpus,heimii,Dipterocarpaceae,4.15,101.3333333,66.0,0.76,0.070823262,,1,,328.0,,1,7.5,44.0
Malaysia,,LG,forest_enrichment,1,0,0,0,0,0,,14,,,Shorea ovata,Shorea,ovata,Dipterocarpaceae,4.15,101.3333333,66.0,0.64,0.070823262,,2,,208.0,,1,7.5,8.0
Malaysia,,LG,forest_enrichment,1,0,0,0,0,0,,14,,,Sindora sp,Sindora,sp,Fabaceae,4.15,101.3333333,66.0,0.577888889,0.09413391,,18,,208.0,,1,7.5,35.0
Malaysia,,PL,plantation_enrichment,1,0,0,0,0,0,,18,,,Shorea leprosula,Shorea,leprosula,Dipterocarpaceae,4.15,101.3333333,95.0,0.44,0.070823262,,4,,36.0,,1,7.5,56.0
Malaysia,,PL,plantation_enrichment,1,0,0,0,0,0,,18,,,Shorea leprosula,Shorea,leprosula,Dipterocarpaceae,4.15,101.3333333,67.0,0.44,0.070823262,,4,,36.0,,1,7.5,52.0
Malaysia,,PL,plantation_enrichment,1,0,0,0,0,0,,18,,,Shorea glauca,Shorea,glauca,Dipterocarpaceae,4.15,101.3333333,82.0,0.845,0.070823262,,2,,36.0,,1,7.5,21.0
Malaysia,,PL,plantation_enrichment,1,0,0,0,0,0,,18,,,Shorea ovalis,Shorea,ovalis,Dipterocarpaceae,4.15,101.3333333,67.0,0.43,0.070823262,,2,,36.0,,1,7.5,43.0
Malaysia,,PL,plantation_enrichment,1,0,0,0,0,0,,18,,,Shorea parvifolia,Shorea,parvifolia,Dipterocarpaceae,4.15,101.3333333,95.0,0.405,0.070823262,,2,,36.0,,1,7.5,39.0
Malaysia,,LG,forest_enrichment,1,0,0,0,0,0,,14,,,Shorea glauca,Shorea,glauca,Dipterocarpaceae,4.15,101.3333333,66.0,0.845,0.070823262,,2,,328.0,,1,7.5,51.0
Malaysia,,PL,plantation_enrichment,1,0,0,0,0,0,,18,,,Hopea odorata,Hopea,odorata,Dipterocarpaceae,4.15,101.3333333,82.0,0.635,0.070823262,,2,,36.0,,1,7.5,77.0
Malaysia,,PL,plantation_enrichment,1,0,0,0,0,0,,18,,,Parashorea densiflora,Parashorea,densiflora,Dipterocarpaceae,4.15,101.3333333,82.0,0.67,0.070823262,,1,,36.0,,1,7.5,42.0
Malaysia,,PL,plantation_enrichment,1,0,0,0,0,0,,18,,,Dryobalanops sumatrensis,Dryobalanops,sumatrensis,Dipterocarpaceae,4.15,101.3333333,82.0,0.65,0.070823262,,1,,36.0,,1,7.5,29.0
Malaysia,,PL,plantation_enrichment,1,0,0,0,0,0,,18,,,Shorea acuminata,Shorea,acuminata,Dipterocarpaceae,4.15,101.3333333,82.0,0.42,0.070823262,,2,,36.0,,1,7.5,53.0
Malaysia,,PL,plantation_enrichment,1,0,0,0,0,0,,18,,,Shorea pauciflora,Shorea,pauciflora,Dipterocarpaceae,4.15,101.3333333,67.0,0.5325,0.070823262,,4,,36.0,,1,7.5,21.0
Malaysia,,PL,plantation_enrichment,1,0,0,0,0,0,,18,,,Shorea macroptera,Shorea,macroptera,Dipterocarpaceae,4.15,101.3333333,82.0,0.425,0.070823262,,4,,36.0,,1,7.5,44.0
Malaysia,,PL,plantation_enrichment,1,0,0,0,0,0,,18,,,Shorea macroptera,Shorea,macroptera,Dipterocarpaceae,4.15,101.3333333,67.0,0.425,0.070823262,,4,,36.0,,1,7.5,65.0
Malaysia,,PL,plantation_enrichment,1,0,0,0,0,0,,18,,,Dipterocarpus cornutus,Dipterocarpus,cornutus,Dipterocarpaceae,4.15,101.3333333,67.0,0.676666667,0.070823262,,3,,36.0,,1,7.5,37.0
Malaysia,,PL,plantation_enrichment,1,0,0,0,0,0,,18,,,Intsia palembanica,Intsia,palembanica,Fabaceae,4.15,101.3333333,67.0,0.658666667,0.070823262,,6,,36.0,,1,7.5,45.0
Malaysia,,PL,plantation_enrichment,1,0,0,0,0,0,,18,,,Neobalanocarpus heimii,Neobalanocarpus,heimii,Dipterocarpaceae,4.15,101.3333333,95.0,0.76,0.070823262,,1,,36.0,,1,7.5,55.0
Malaysia,,LG,forest_enrichment,1,0,0,0,0,0,,14,,,Shorea ovalis,Shorea,ovalis,Dipterocarpaceae,4.15,101.3333333,66.0,0.43,0.070823262,,2,,328.0,,1,7.5,64.0
Malaysia,,PL,plantation_enrichment,1,0,0,0,0,0,,18,,,Palaquium gutta,Palaquium,gutta,Sapotaceae,4.15,101.3333333,82.0,0.615,0.070823262,,2,,36.0,,1,7.5,32.0
Malaysia,,PL,plantation_enrichment,1,0,0,0,0,0,,18,,,Pentaspadon motleyi,Pentaspadon,motleyi,Anacardiaceae,4.15,101.3333333,82.0,0.5,0.070823262,,1,,36.0,,1,7.5,38.0
Malaysia,,PL,plantation_enrichment,1,0,0,0,0,0,,18,,,Shorea ovata,Shorea,ovata,Dipterocarpaceae,4.15,101.3333333,67.0,0.64,0.070823262,,2,,36.0,,1,7.5,11.0
Malaysia,,PL,plantation_enrichment,1,0,0,0,0,0,,18,,,Shorea assamica,Shorea,assamica,Dipterocarpaceae,4.15,101.3333333,67.0,0.464333333,0.070823262,,3,,36.0,,1,7.5,44.0
Malaysia,,PL,plantation_enrichment,1,0,0,0,0,0,,18,,,Hopea pubescens,Hopea,pubescens,Dipterocarpaceae,4.15,101.3333333,67.0,0.5,0.070823262,,1,,36.0,,1,7.5,20.0
Malaysia,,LG,forest_enrichment,1,0,0,0,0,0,,7,,,Shorea curtisii,Shorea,curtisii,Dipterocarpaceae,4.15,101.3333333,72.0,0.526666667,0.070823262,,3,,36.0,,1,7.5,18.0
Malaysia,,LG,forest_enrichment,1,0,0,0,0,0,,7,,,Shorea curtisii,Shorea,curtisii,Dipterocarpaceae,4.15,101.3333333,60.0,0.526666667,0.070823262,,3,,36.0,,1,7.5,37.0
Malaysia,,LG,forest_enrichment,1,0,0,0,0,0,,7,,,Dipterocarpus baudii,Dipterocarpus,baudii,Dipterocarpaceae,4.15,101.3333333,72.0,0.64,0.070823262,,1,,36.0,,1,7.5,83.0
Malaysia,,LG,forest_enrichment,1,0,0,0,0,0,,7,,,Dipterocarpus baudii,Dipterocarpus,baudii,Dipterocarpaceae,4.15,101.3333333,60.0,0.64,0.070823262,,1,,36.0,,1,7.5,70.0
Malaysia,,LG,forest_enrichment,1,0,0,0,0,0,,7,,,Shorea pauciflora,Shorea,pauciflora,Dipterocarpaceae,4.15,101.3333333,72.0,0.5325,0.070823262,,4,,36.0,,1,7.5,37.0
Malaysia,,LG,forest_enrichment,1,0,0,0,0,0,,14,,,Shorea parvifolia,Shorea,parvifolia,Dipterocarpaceae,4.15,101.3333333,87.0,0.405,0.070823262,,2,,328.0,,1,7.5,5.0
Malaysia,,LG,forest_enrichment,1,0,0,0,0,0,,7,,,Shorea pauciflora,Shorea,pauciflora,Dipterocarpaceae,4.15,101.3333333,72.0,0.5325,0.070823262,,4,,36.0,,1,7.5,33.0
Malaysia,,LG,forest_enrichment,1,0,0,0,0,0,,7,,,Shorea pauciflora,Shorea,pauciflora,Dipterocarpaceae,4.15,101.3333333,72.0,0.5325,0.070823262,,4,,36.0,,1,7.5,17.0
Malaysia,,LG,forest_enrichment,1,0,0,0,0,0,,7,,,Shorea pauciflora,Shorea,pauciflora,Dipterocarpaceae,4.15,101.3333333,72.0,0.5325,0.070823262,,4,,36.0,,1,7.5,44.0
Malaysia,,LG,forest_enrichment,1,0,0,0,0,0,,7,,,Shorea macroptera,Shorea,macroptera,Dipterocarpaceae,4.15,101.3333333,72.0,0.425,0.070823262,,4,,36.0,,1,7.5,60.0
Malaysia,,LG,forest_enrichment,1,0,0,0,0,0,,7,,,Shorea macroptera,Shorea,macroptera,Dipterocarpaceae,4.15,101.3333333,72.0,0.425,0.070823262,,4,,36.0,,1,7.5,65.0
Malaysia,,LG,forest_enrichment,1,0,0,0,0,0,,7,,,Shorea macroptera,Shorea,macroptera,Dipterocarpaceae,4.15,101.3333333,72.0,0.425,0.070823262,,4,,36.0,,1,7.5,48.0
Malaysia,,LG,forest_enrichment,1,0,0,0,0,0,,7,,,Shorea macroptera,Shorea,macroptera,Dipterocarpaceae,4.15,101.3333333,72.0,0.425,0.070823262,,4,,36.0,,1,7.5,61.0
Malaysia,,LG,forest_enrichment,1,0,0,0,0,0,,7,,,Shorea ovata,Shorea,ovata,Dipterocarpaceae,4.15,101.3333333,60.0,0.64,0.070823262,,2,,36.0,,1,7.5,7.0
Malaysia,,LG,forest_enrichment,1,0,0,0,0,0,,7,,,Shorea parvifolia,Shorea,parvifolia,Dipterocarpaceae,4.15,101.3333333,84.0,0.405,0.070823262,,2,,36.0,,1,7.5,47.0
Malaysia,,LG,forest_enrichment,1,0,0,0,0,0,,7,,,Shorea leprosula,Shorea,leprosula,Dipterocarpaceae,4.15,101.3333333,72.0,0.44,0.070823262,,4,,36.0,,1,7.5,56.0
Malaysia,,LG,forest_enrichment,1,0,0,0,0,0,,14,,,Shorea roxburghii,Shorea,roxburghii,Dipterocarpaceae,4.15,101.3333333,66.0,0.7,0.070823262,,1,,208.0,,1,7.5,98.0
Malaysia,,LG,forest_enrichment,1,0,0,0,0,0,,7,,,Shorea leprosula,Shorea,leprosula,Dipterocarpaceae,4.15,101.3333333,72.0,0.44,0.070823262,,4,,36.0,,1,7.5,28.0
Malaysia,,LG,forest_enrichment,1,0,0,0,0,0,,14,,,Shorea acuminata,Shorea,acuminata,Dipterocarpaceae,4.15,101.3333333,66.0,0.42,0.070823262,,2,,208.0,,1,7.5,19.0
Malaysia,,LG,forest_enrichment,1,0,0,0,0,0,,14,,,Dialium platysepalum,Dialium,platysepalum,Fabaceae,4.15,101.3333333,66.0,0.7725,0.070823262,,4,,208.0,,1,7.5,63.0
Malaysia,,LG,forest_enrichment,1,0,0,0,0,0,,14,,,Shorea pauciflora,Shorea,pauciflora,Dipterocarpaceae,4.15,101.3333333,66.0,0.5325,0.070823262,,4,,328.0,,1,7.5,35.0
Malaysia,,LG,forest_enrichment,1,0,0,0,0,0,,14,,,Shorea multiflora,Shorea,multiflora,Dipterocarpaceae,4.15,101.3333333,66.0,0.51,0.070823262,,4,,208.0,,1,7.5,51.0
Indonesia,Central Kalimantan,F,open_degraded,0,0,0,0,0,0,,3,,,Tetramerista glabra,Tetramerista,glabra,Tetrameristaceae,-2.36,114.1561111,8.0,0.6,0.070823262,,3,,36.0,,0,1.0,47.72012932
Indonesia,Central Kalimantan,F,open_degraded,1,0,0,1,0,0,,3,,,Shorea balangeran,Shorea,balangeran,Dipterocarpaceae,-2.36,114.1561111,34.0,0.69,0.070823262,,1,,36.0,,1,3.0,51.00548243
Indonesia,Central Kalimantan,F,open_degraded,0,0,0,1,0,0,,3,,,Tetramerista glabra,Tetramerista,glabra,Tetrameristaceae,-2.36,114.1561111,8.0,0.6,0.070823262,,3,,36.0,,1,1.0,70.72449899
Indonesia,Central Kalimantan,F,open_degraded,0,0,0,1,1,0,,3,,,Tetramerista glabra,Tetramerista,glabra,Tetrameristaceae,-2.36,114.1561111,8.0,0.6,0.070823262,,3,,36.0,,1,1.0,26.29629728
Indonesia,Central Kalimantan,F,open_degraded,0,0,0,0,0,0,,3,,,Alstonia pneumatophora,Alstonia,pneumatophora,Apocynaceae,-2.36,114.1561111,8.0,0.295,0.070823262,,2,,36.0,,0,1.0,85.18645797
Indonesia,Central Kalimantan,F,open_degraded,0,0,0,1,0,0,,3,,,Alstonia pneumatophora,Alstonia,pneumatophora,Apocynaceae,-2.36,114.1561111,8.0,0.295,0.070823262,,2,,36.0,,1,1.0,55.45759988
Indonesia,Central Kalimantan,F,open_degraded,0,0,0,1,1,0,,3,,,Alstonia pneumatophora,Alstonia,pneumatophora,Apocynaceae,-2.36,114.1561111,8.0,0.295,0.070823262,,2,,36.0,,1,1.0,89.27407353
Indonesia,Central Kalimantan,F,open_degraded,1,0,0,0,0,0,,3,,,Shorea balangeran,Shorea,balangeran,Dipterocarpaceae,-2.36,114.1561111,10.0,0.69,0.070823262,,1,,36.0,,1,1.0,61.38826595
Indonesia,Central Kalimantan,F,open_degraded,1,0,0,0,0,0,,3,,,Acacia auriculiformis,Acacia,auriculiformis,Fabaceae,-2.36,114.1561111,10.0,0.68,0.070823262,,1,,36.0,,1,1.0,34.5050731
Indonesia,Central Kalimantan,F,open_degraded,1,0,0,0,0,0,,3,,,Shorea balangeran,Shorea,balangeran,Dipterocarpaceae,-2.36,114.1561111,34.0,0.69,0.070823262,,1,,36.0,,1,3.0,55.25180817
Indonesia,Central Kalimantan,F,open_degraded,1,0,0,0,0,0,,5,,,Dyera polyphylla,Dyera,polyphylla,Apocynaceae,-2.338055556,114.07,33.0,0.33,0.070823262,,1,,50.0,,1,3.0,90.0
Indonesia,Central Kalimantan,F,open_degraded,1,0,0,0,0,0,,5,,,Shorea balangeran,Shorea,balangeran,Dipterocarpaceae,-2.338055556,114.07,84.0,0.69,0.070823262,,1,,120.0,,1,7.5,62.5
Indonesia,Jambi,F,open_degraded,0,0,0,0,0,0,,5,,,Coffea liberica,Coffea,liberica,Rubiaceae,-1.66,102.84,12.0,0.633,0.09413391,,2,,36.0,,0,1.0,92.5
Indonesia,Jambi,F,open_degraded,0,0,0,0,0,0,,5,,,Parkia speciosa,Parkia,speciosa,Fabaceae,-1.66,102.84,12.0,0.395,0.070823262,,2,,36.0,,0,1.0,64.0
Indonesia,Jambi,F,open_degraded,0,0,0,0,0,0,,5,,,Coffea liberica,Coffea,liberica,Rubiaceae,-1.66,102.84,12.0,0.633,0.09413391,,2,,36.0,,0,1.0,71.7
Indonesia,Jambi,F,open_degraded,0,0,0,0,0,0,,5,,,Gonystylus bancanus,Gonystylus,bancanus,Thymelaeaceae,-1.66,102.84,12.0,0.52,0.070823262,,3,,36.0,,0,1.0,43.3
Indonesia,Central Kalimantan,PL,open_degraded,0,0,0,0,0,0,,5,,,Cratoxylum glaucum,Cratoxylum,glaucum,Hypericaceae,-2.36,114.1561111,12.0,0.48,0.070823262,,1,,36.0,,0,1.0,70.0
Indonesia,Central Kalimantan,PL,open_degraded,0,0,0,0,0,0,,5,,,Cratoxylum glaucum,Cratoxylum,glaucum,Hypericaceae,-2.36,114.1561111,12.0,0.48,0.070823262,,1,,36.0,,0,1.0,100.0
Indonesia,Central Kalimantan,PL,open_degraded,0,0,0,0,0,0,,5,,,Cratoxylum glaucum,Cratoxylum,glaucum,Hypericaceae,-2.36,114.1561111,12.0,0.48,0.070823262,,1,,36.0,,0,1.0,100.0
Indonesia,Central Kalimantan,PL,open_degraded,0,0,0,0,0,0,,5,,,Cratoxylum glaucum,Cratoxylum,glaucum,Hypericaceae,-2.36,114.1561111,12.0,0.48,0.070823262,,1,,36.0,,0,1.0,70.0
Indonesia,Central Kalimantan,PL,open_degraded,0,0,0,0,0,0,,5,,,Shorea balangeran,Shorea,balangeran,Dipterocarpaceae,-2.36,114.1561111,12.0,0.69,0.070823262,,1,,36.0,,0,1.0,90.0
Indonesia,Central Kalimantan,PL,open_degraded,0,0,0,0,0,0,,5,,,Shorea balangeran,Shorea,balangeran,Dipterocarpaceae,-2.36,114.1561111,12.0,0.69,0.070823262,,1,,36.0,,0,1.0,100.0
Indonesia,Central Kalimantan,PL,open_degraded,0,0,0,0,0,0,,5,,,Shorea balangeran,Shorea,balangeran,Dipterocarpaceae,-2.36,114.1561111,12.0,0.69,0.070823262,,1,,36.0,,0,1.0,100.0
Indonesia,Central Kalimantan,F,open_degraded,0,0,0,0,0,0,,5,,,Combretocarpus rotundatus,Combretocarpus,rotundatus,Anisophylleaceae,-2.36,114.1561111,12.0,0.61,0.070823262,,2,,36.0,,0,1.0,58.75
Indonesia,Central Kalimantan,F,open_degraded,0,0,0,0,0,0,,5,,,Gonystylus bancanus,Gonystylus,bancanus,Thymelaeaceae,-2.36,114.1561111,12.0,0.52,0.070823262,,3,,36.0,,0,1.0,30.0
Indonesia,Central Kalimantan,F,open_degraded,0,0,0,0,0,0,,5,,,Shorea balangeran,Shorea,balangeran,Dipterocarpaceae,-2.36,114.1561111,12.0,0.69,0.070823262,,1,,36.0,,0,1.0,64.0
China,Guangdong,LG,open_degraded,1,0,0,1,0,0,,1,12.0,,Manglietia longipedunculata,Manglietia,longipedunculata,Magnoliaceae,24.34555556,115.47,12.0,0.412375,0.09413391,,4,,100.0,,1,1.0,85.0
China,Guangdong,LG,open_degraded,1,0,0,1,0,0,,1,12.0,,Manglietia longipedunculata,Manglietia,longipedunculata,Magnoliaceae,24.34555556,115.47,26.0,0.412375,0.09413391,,4,,100.0,,1,2.0,85.0
China,Guangdong,LG,open_degraded,1,0,0,1,0,0,,1,12.0,,Manglietia longipedunculata,Manglietia,longipedunculata,Magnoliaceae,24.34555556,115.47,39.0,0.412375,0.09413391,,4,,100.0,,1,3.0,85.0
China,Guangdong,LG,open_degraded,1,0,0,1,0,0,,1,12.0,,Manglietia longipedunculata,Manglietia,longipedunculata,Magnoliaceae,24.34555556,115.47,63.0,0.412375,0.09413391,,4,,100.0,,1,7.5,85.0
China,Guangdong,LG,open_degraded,1,0,0,1,0,0,,1,12.0,,Manglietia longipedunculata,Manglietia,longipedunculata,Magnoliaceae,24.34555556,115.47,12.0,0.412375,0.09413391,,4,,100.0,,1,1.0,98.32375723
China,Guangdong,LG,open_degraded,1,0,0,1,0,0,,1,12.0,,Manglietia longipedunculata,Manglietia,longipedunculata,Magnoliaceae,24.34555556,115.47,26.0,0.412375,0.09413391,,4,,100.0,,1,2.0,96.64904528
China,Guangdong,LG,open_degraded,1,0,0,1,0,0,,1,12.0,,Manglietia longipedunculata,Manglietia,longipedunculata,Magnoliaceae,24.34555556,115.47,39.0,0.412375,0.09413391,,4,,100.0,,1,3.0,96.58577158
China,Guangdong,LG,open_degraded,1,0,0,1,0,0,,1,12.0,,Manglietia longipedunculata,Manglietia,longipedunculata,Magnoliaceae,24.34555556,115.47,63.0,0.412375,0.09413391,,4,,100.0,,1,7.5,96.2510333
India,Western Ghats,PL,forest_enrichment,1,0,0,0,1,1,,44,,52.5,Holigarna nigra,Holigarna,nigra,Anacardiaceae,10.4,77.08333333,24.0,0.327,0.09413391,,1,,26.0,,1,2.0,65.4
India,Western Ghats,PL,forest_enrichment,1,0,0,0,1,1,,44,,52.5,Vateria indica,Vateria,indica,Dipterocarpaceae,10.4,77.08333333,24.0,0.48,0.070823262,,1,,24.0,,1,2.0,79.2
India,Western Ghats,PL,forest_enrichment,1,0,0,0,1,1,,44,,52.5,Syzgium munronii,Syzgium,munronii,Myrtaceae,10.4,77.08333333,24.0,0.765578146,0.123401724,,54,,37.0,,1,2.0,45.9
India,Western Ghats,PL,forest_enrichment,1,0,0,0,1,1,,44,,52.5,Elaeocarpus serratus,Elaeocarpus,serratus,Elaeocarpaceae,10.4,77.08333333,24.0,0.50323279,0.09413391,,46,,36.0,,1,2.0,50.0
India,Western Ghats,PL,forest_enrichment,1,0,0,0,1,1,,44,,52.5,Elaeocarpus tuberculatus,Elaeocarpus,tuberculatus,Elaeocarpaceae,10.4,77.08333333,24.0,0.4,0.070823262,,1,,126.0,,1,2.0,56.3
India,Western Ghats,PL,forest_enrichment,1,0,0,0,1,1,,44,,52.5,Actinodaphne sp,Actinodaphne,sp.,Lauraceae,10.4,77.08333333,24.0,0.51,0.09413391,,8,,152.0,,1,2.0,63.2
India,Western Ghats,PL,forest_enrichment,1,0,0,0,1,1,,44,,52.5,Lauraceae sp,Lauraceae,sp.,Lauraceae,10.4,77.08333333,24.0,0.56441757,0.123401724,,32,,66.0,,1,2.0,59.1
India,Western Ghats,PL,forest_enrichment,1,0,0,0,1,1,,44,,52.5,Litsea insignis,Litsea,insignis,Lauraceae,10.4,77.08333333,24.0,0.425466667,0.09413391,,55,,46.0,,1,2.0,19.6
India,Western Ghats,PL,forest_enrichment,1,0,0,0,1,1,,44,,52.5,Litsea oleoides,Litsea,oleoides,Lauraceae,10.4,77.08333333,24.0,0.425466667,0.09413391,,55,,147.0,,1,2.0,65.3
India,Western Ghats,PL,forest_enrichment,1,0,0,0,1,1,,44,,52.5,Litsea stocksii,Litsea,stocksii,Lauraceae,10.4,77.08333333,24.0,0.425466667,0.09413391,,55,,21.0,,1,2.0,33.3
India,Western Ghats,PL,forest_enrichment,1,0,0,0,1,1,,44,,52.5,Nothopegia castaneifolia,Nothopegia,castaneifolia,Anacardiaceae,10.4,77.08333333,24.0,0.566013283,0.123401724,,42,,22.0,,1,2.0,36.4
India,Western Ghats,PL,forest_enrichment,1,0,0,0,1,1,,44,,52.5,Persea macrantha,Persea,macrantha,Lauraceae,10.4,77.08333333,24.0,0.44,0.070823262,,1,,162.0,,1,2.0,48.1
India,Western Ghats,PL,forest_enrichment,1,0,0,0,1,1,,44,,52.5,Michelia champaca,Michelia,champaca,Magnoliaceae,10.4,77.08333333,24.0,0.5275,0.070823262,,4,,20.0,,1,2.0,90.0
India,Western Ghats,PL,forest_enrichment,1,0,0,0,1,1,,44,,52.5,Aglaia exstipulata,Aglaia,exstipulata,Meliaceae,10.4,77.08333333,24.0,0.8,0.070823262,,1,,26.0,,1,2.0,53.8
India,Western Ghats,PL,forest_enrichment,1,0,0,0,1,1,,44,,52.5,Heynea trijuga,Heynea,trijuga,Meliaceae,10.4,77.08333333,24.0,0.594346098,0.123401724,,36,,173.0,,1,2.0,79.2
India,Western Ghats,PL,forest_enrichment,1,0,0,0,1,1,,44,,52.5,Artocarpus heterophyllus,Artocarpus,heterophyllus,Moraceae,10.4,77.08333333,24.0,0.491666667,0.070823262,,6,,200.0,,1,2.0,31.0
India,Western Ghats,PL,forest_enrichment,1,0,0,0,1,1,,44,,52.5,Ficus beddomei,Ficus,beddomei,Moraceae,10.4,77.08333333,24.0,0.405534662,0.09413391,,92,,21.0,,1,2.0,90.5
India,Western Ghats,PL,forest_enrichment,1,0,0,0,1,1,,44,,52.5,Ficus nervosa,Ficus,nervosa,Moraceae,10.4,77.08333333,24.0,0.28,0.070823262,,1,,24.0,,1,2.0,54.2
India,Western Ghats,PL,forest_enrichment,1,0,0,0,1,1,,44,,52.5,Myristica dactyloides,Myristica,dactyloides,Annonaceae,10.4,77.08333333,24.0,0.565580531,0.123401724,,42,,188.0,,1,2.0,50.5
India,Western Ghats,PL,forest_enrichment,1,0,0,0,1,1,,44,,52.5,Maesa indica,Maesa,indica,Primulaceae,10.4,77.08333333,24.0,0.676,0.09413391,,1,,30.0,,1,2.0,86.7
India,Western Ghats,PL,forest_enrichment,1,0,0,0,1,1,,44,,52.5,Syzygium pycnanthum,Syzygium,pycnanthum,Myrtaceae,10.4,77.08333333,24.0,0.664366667,0.09413391,,51,,62.0,,1,2.0,40.3
India,Western Ghats,PL,forest_enrichment,1,0,0,0,1,1,,44,,52.5,Semecarpus travancorica,Semecarpus,travancorica,Anacardiaceae,10.4,77.08333333,24.0,0.345833333,0.09413391,,6,,132.0,,1,2.0,45.5
India,Western Ghats,PL,forest_enrichment,1,0,0,0,1,1,,44,,52.5,Syzygium gardneri,Syzygium,gardneri,Myrtaceae,10.4,77.08333333,24.0,0.76,0.070823262,,1,,73.0,,1,2.0,84.9
India,Western Ghats,PL,forest_enrichment,1,0,0,0,1,1,,44,,52.5,Syzygium racemosum,Syzygium,racemosum,Myrtaceae,10.4,77.08333333,24.0,0.664366667,0.09413391,,51,,46.0,,1,2.0,54.3
India,Western Ghats,PL,forest_enrichment,1,0,0,0,1,1,,44,,52.5,Syzygium sp,Syzygium,sp.,Myrtaceae,10.4,77.08333333,24.0,0.679166667,0.070823262,,6,,20.0,,1,2.0,70.0
India,Western Ghats,PL,forest_enrichment,1,0,0,0,1,1,,44,,52.5,Olea dioica,Olea,dioica,Oleaceae,10.4,77.08333333,24.0,0.743066138,0.09413391,,9,,32.0,,1,2.0,43.8
India,Western Ghats,PL,forest_enrichment,1,0,0,0,1,1,,44,,52.5,Ormosia travancorica,Ormosia,travancorica,Fabaceae,10.4,77.08333333,24.0,0.579127778,0.09413391,,30,,245.0,,1,2.0,62.4
India,Western Ghats,PL,forest_enrichment,1,0,0,0,1,1,,44,,52.5,Prunus ceylanica,Prunus,ceylanica,Rosaceae,10.4,77.08333333,24.0,0.585666667,0.09413391,,27,,126.0,,1,2.0,48.4
India,Western Ghats,PL,forest_enrichment,1,0,0,0,1,1,,44,,52.5,Atalantia racemosa,Atalantia,racemosa,Rutaceae,10.4,77.08333333,24.0,0.710658457,0.123401724,,49,,60.0,,1,2.0,78.3
India,Western Ghats,PL,forest_enrichment,1,0,0,0,1,1,,44,,52.5,Vepris bilocularis,Vepris,bilocularis,Rutaceae,10.4,77.08333333,24.0,0.659,0.09413391,,2,,34.0,,1,2.0,26.5
India,Western Ghats,PL,forest_enrichment,1,0,0,0,1,1,,44,,52.5,Dimocarpus longan,Dimocarpus,longan,Sapindaceae,10.4,77.08333333,24.0,0.7,0.070823262,,1,,229.0,,1,2.0,74.7
India,Western Ghats,PL,forest_enrichment,1,0,0,0,1,1,,44,,52.5,Filicium decipiens,Filicium,decipiens,Sapindaceae,10.4,77.08333333,24.0,0.96,0.070823262,,1,,56.0,,1,2.0,46.4
India,Western Ghats,PL,forest_enrichment,1,0,0,0,1,1,,44,,52.5,Bischofia javanica,Bischofia,javanica,Phyllanthaceae,10.4,77.08333333,24.0,0.6017,0.070823262,,10,,110.0,,1,2.0,63.6
India,Western Ghats,PL,forest_enrichment,1,0,0,0,1,1,,44,,52.5,Palaquium ellipticum,Palaquium,ellipticum,Sapotaceae,10.4,77.08333333,24.0,0.53,0.070823262,,1,,221.0,,1,2.0,28.1
India,Western Ghats,PL,forest_enrichment,1,0,0,0,1,1,,44,,52.5,Sterculia guttata,Sterculia,guttata,Malvaceae,10.4,77.08333333,24.0,0.404821667,0.09413391,,40,,31.0,,1,2.0,35.5
India,Western Ghats,PL,forest_enrichment,1,0,0,0,1,1,,44,,52.5,Antidesma montanum,Antidesma,montanum,Phyllanthaceae,10.4,77.08333333,24.0,0.59,0.070823262,,1,,42.0,,1,2.0,50.0
India,Western Ghats,PL,forest_enrichment,1,0,0,0,1,1,,44,,52.5,Clerodendrum viscosum,Clerodendrum,viscosum,Lamiaceae,10.4,77.08333333,24.0,0.5735,0.09413391,,2,,27.0,,1,2.0,92.6
India,Western Ghats,PL,open_degraded,1,0,0,0,1,1,,44,,52.5,Semecarpus travancorica,Semecarpus,travancorica,Anacardiaceae,10.4,77.08333333,24.0,0.345833333,0.09413391,,6,,15.0,,1,2.0,26.7
India,Western Ghats,PL,open_degraded,1,0,0,0,1,1,,44,,52.5,Bischofia javanica,Bischofia,javanica,Phyllanthaceae,10.4,77.08333333,24.0,0.6017,0.070823262,,10,,25.0,,1,2.0,64.0
India,Western Ghats,PL,open_degraded,1,0,0,0,1,1,,44,,52.5,Cullenia exarillata,Cullenia,exarillata,Malvaceae,10.4,77.08333333,24.0,0.488731536,0.123401724,,73,,50.0,,1,2.0,72.0
India,Western Ghats,PL,open_degraded,1,0,0,0,1,1,,44,,52.5,Mesua ferrea,Mesua,ferrea,Calophyllaceae,10.4,77.08333333,24.0,0.92,0.070823262,,2,,20.0,,1,2.0,100.0
India,Western Ghats,PL,open_degraded,1,0,0,0,1,1,,44,,52.5,Elaeocarpus serratus,Elaeocarpus,serratus,Elaeocarpaceae,10.4,77.08333333,24.0,0.50323279,0.09413391,,46,,10.0,,1,2.0,30.0
India,Western Ghats,PL,forest_enrichment,1,0,0,0,1,1,,44,,52.5,Cullenia exarillata,Cullenia,exarillata,Malvaceae,10.4,77.08333333,24.0,0.488731536,0.123401724,,73,,293.0,,1,2.0,55.6
India,Western Ghats,PL,open_degraded,1,0,0,0,1,1,,44,,52.5,Elaeocarpus tuberculatus,Elaeocarpus,tuberculatus,Elaeocarpaceae,10.4,77.08333333,24.0,0.4,0.070823262,,1,,25.0,,1,2.0,72.0
India,Western Ghats,PL,open_degraded,1,0,0,0,1,1,,44,,52.5,Litsea sp,Litsea,sp.,Lauraceae,10.4,77.08333333,24.0,0.478,0.070823262,,1,,36.0,,1,2.0,55.6
India,Western Ghats,PL,open_degraded,1,0,0,0,1,1,,44,,52.5,Heynea trijuga,Heynea,trijuga,Meliaceae,10.4,77.08333333,24.0,0.594346098,0.123401724,,36,,48.0,,1,2.0,58.3
India,Western Ghats,PL,open_degraded,1,0,0,0,1,1,,44,,52.5,Artocarpus heterophyllus,Artocarpus,heterophyllus,Moraceae,10.4,77.08333333,24.0,0.491666667,0.070823262,,6,,17.0,,1,2.0,11.8
India,Western Ghats,PL,open_degraded,1,0,0,0,1,1,,44,,52.5,Myristica dactyloides,Myristica,dactyloides,Annonaceae,10.4,77.08333333,24.0,0.565580531,0.123401724,,42,,41.0,,1,2.0,65.9
India,Western Ghats,PL,open_degraded,1,0,0,0,1,1,,44,,52.5,Syzygium gardneri,Syzygium,gardneri,Myrtaceae,10.4,77.08333333,24.0,0.76,0.070823262,,1,,30.0,,1,2.0,73.3
India,Western Ghats,PL,open_degraded,1,0,0,0,1,1,,44,,52.5,Ormosia travancorica,Ormosia,travancorica,Fabaceae,10.4,77.08333333,24.0,0.579127778,0.09413391,,30,,45.0,,1,2.0,44.4
India,Western Ghats,PL,open_degraded,1,0,0,0,1,1,,44,,52.5,Prunus ceylanica,Prunus,ceylanica,Rosaceae,10.4,77.08333333,24.0,0.585666667,0.09413391,,27,,27.0,,1,2.0,51.9
India,Western Ghats,PL,open_degraded,1,0,0,0,1,1,,44,,52.5,Dimocarpus longan,Dimocarpus,longan,Sapindaceae,10.4,77.08333333,24.0,0.7,0.070823262,,1,,33.0,,1,2.0,63.6
India,Western Ghats,PL,forest_enrichment,1,0,0,0,1,1,,44,,52.5,Bhesa indica,Bhesa,indica,Centroplacaceae,10.4,77.08333333,24.0,0.655,0.09413391,,1,,99.0,,1,2.0,31.3
India,Western Ghats,PL,open_degraded,1,0,0,0,1,1,,44,,52.5,Palaquium ellipticum,Palaquium,ellipticum,Sapotaceae,10.4,77.08333333,24.0,0.53,0.070823262,,1,,50.0,,1,2.0,14.0
India,Western Ghats,PL,forest_enrichment,1,0,0,0,1,1,,44,,52.5,Semecarpus travancorica,Semecarpus,travancorica,Anacardiaceae,10.4,77.08333333,24.0,0.345833333,0.09413391,,6,,10.0,,1,2.0,70.0
India,Western Ghats,PL,forest_enrichment,1,0,0,0,1,1,,44,,52.5,Bischofia javanica,Bischofia,javanica,Phyllanthaceae,10.4,77.08333333,24.0,0.6017,0.070823262,,10,,24.0,,1,2.0,83.3
India,Western Ghats,PL,forest_enrichment,1,0,0,0,1,1,,44,,52.5,Cullenia exarillata,Cullenia,exarillata,Malvaceae,10.4,77.08333333,24.0,0.488731536,0.123401724,,73,,53.0,,1,2.0,83.0
India,Western Ghats,PL,forest_enrichment,1,0,0,0,1,1,,44,,52.5,Mesua ferrea,Mesua,ferrea,Calophyllaceae,10.4,77.08333333,24.0,0.92,0.070823262,,2,,30.0,,1,2.0,80.0
India,Western Ghats,PL,forest_enrichment,1,0,0,0,1,1,,44,,52.5,Elaeocarpus serratus,Elaeocarpus,serratus,Elaeocarpaceae,10.4,77.08333333,24.0,0.50323279,0.09413391,,46,,10.0,,1,2.0,70.0
India,Western Ghats,PL,forest_enrichment,1,0,0,0,1,1,,44,,52.5,Elaeocarpus tuberculatus,Elaeocarpus,tuberculatus,Elaeocarpaceae,10.4,77.08333333,24.0,0.4,0.070823262,,1,,24.0,,1,2.0,70.8
India,Western Ghats,PL,forest_enrichment,1,0,0,0,1,1,,44,,52.5,Litsea sp,Litsea,sp.,Lauraceae,10.4,77.08333333,24.0,0.478,0.070823262,,1,,16.0,,1,2.0,93.8
India,Western Ghats,PL,forest_enrichment,1,0,0,0,1,1,,44,,52.5,Heynea trijuga,Heynea,trijuga,Meliaceae,10.4,77.08333333,24.0,0.594346098,0.123401724,,36,,35.0,,1,2.0,82.9
India,Western Ghats,PL,forest_enrichment,1,0,0,0,1,1,,44,,52.5,Artocarpus heterophyllus,Artocarpus,heterophyllus,Moraceae,10.4,77.08333333,24.0,0.491666667,0.070823262,,6,,28.0,,1,2.0,14.3
India,Western Ghats,PL,forest_enrichment,1,0,0,0,1,1,,44,,52.5,Euonymus angulatus,Euonymus,angulatus,Celastraceae,10.4,77.08333333,24.0,0.5665,0.09413391,,2,,44.0,,1,2.0,72.7
India,Western Ghats,PL,forest_enrichment,1,0,0,0,1,1,,44,,52.5,Myristica dactyloides,Myristica,dactyloides,Annonaceae,10.4,77.08333333,24.0,0.565580531,0.123401724,,42,,30.0,,1,2.0,36.7
India,Western Ghats,PL,forest_enrichment,1,0,0,0,1,1,,44,,52.5,Syzygium gardneri,Syzygium,gardneri,Myrtaceae,10.4,77.08333333,24.0,0.76,0.070823262,,1,,19.0,,1,2.0,94.7
India,Western Ghats,PL,forest_enrichment,1,0,0,0,1,1,,44,,52.5,Ormosia travancorica,Ormosia,travancorica,Fabaceae,10.4,77.08333333,24.0,0.579127778,0.09413391,,30,,38.0,,1,2.0,89.5
India,Western Ghats,PL,forest_enrichment,1,0,0,0,1,1,,44,,52.5,Prunus ceylanica,Prunus,ceylanica,Rosaceae,10.4,77.08333333,24.0,0.585666667,0.09413391,,27,,24.0,,1,2.0,70.8
India,Western Ghats,PL,forest_enrichment,1,0,0,0,1,1,,44,,52.5,Dimocarpus longan,Dimocarpus,longan,Sapindaceae,10.4,77.08333333,24.0,0.7,0.070823262,,1,,25.0,,1,2.0,72.0
India,Western Ghats,PL,forest_enrichment,1,0,0,0,1,1,,44,,52.5,Palaquium ellipticum,Palaquium,ellipticum,Sapotaceae,10.4,77.08333333,24.0,0.53,0.070823262,,1,,50.0,,1,2.0,26.0
India,Western Ghats,PL,forest_enrichment,1,0,0,0,1,1,,44,,52.5,Semecarpus travancorica,Semecarpus,travancorica,Anacardiaceae,10.4,77.08333333,24.0,0.345833333,0.09413391,,6,,11.0,,1,2.0,72.7
India,Western Ghats,PL,forest_enrichment,1,0,0,0,1,1,,44,,52.5,Bischofia javanica,Bischofia,javanica,Phyllanthaceae,10.4,77.08333333,24.0,0.6017,0.070823262,,10,,21.0,,1,2.0,66.7
India,Western Ghats,PL,forest_enrichment,1,0,0,0,1,1,,44,,52.5,Cullenia exarillata,Cullenia,exarillata,Malvaceae,10.4,77.08333333,24.0,0.488731536,0.123401724,,73,,61.0,,1,2.0,70.5
India,Western Ghats,PL,forest_enrichment,1,0,0,0,1,1,,44,,52.5,Calophyllum austroindicum,Calophyllum,austroindicum,Clusiaceae,10.4,77.08333333,24.0,0.669211656,0.123401724,,9,,36.0,,1,2.0,61.1
India,Western Ghats,PL,forest_enrichment,1,0,0,0,1,1,,44,,52.5,Mesua ferrea,Mesua,ferrea,Calophyllaceae,10.4,77.08333333,24.0,0.92,0.070823262,,2,,43.0,,1,2.0,93.0
India,Western Ghats,PL,forest_enrichment,1,0,0,0,1,1,,44,,52.5,Elaeocarpus serratus,Elaeocarpus,serratus,Elaeocarpaceae,10.4,77.08333333,24.0,0.50323279,0.09413391,,46,,9.0,,1,2.0,55.6
India,Western Ghats,PL,forest_enrichment,1,0,0,0,1,1,,44,,52.5,Elaeocarpus tuberculatus,Elaeocarpus,tuberculatus,Elaeocarpaceae,10.4,77.08333333,24.0,0.4,0.070823262,,1,,28.0,,1,2.0,67.9
India,Western Ghats,PL,forest_enrichment,1,0,0,0,1,1,,44,,52.5,Litsea sp,Litsea,sp.,Lauraceae,10.4,77.08333333,24.0,0.478,0.070823262,,1,,25.0,,1,2.0,88.0
India,Western Ghats,PL,forest_enrichment,1,0,0,0,1,1,,44,,52.5,Heynea trijuga,Heynea,trijuga,Meliaceae,10.4,77.08333333,24.0,0.594346098,0.123401724,,36,,21.0,,1,2.0,95.2
India,Western Ghats,PL,forest_enrichment,1,0,0,0,1,1,,44,,52.5,Artocarpus heterophyllus,Artocarpus,heterophyllus,Moraceae,10.4,77.08333333,24.0,0.491666667,0.070823262,,6,,27.0,,1,2.0,29.6
India,Western Ghats,PL,forest_enrichment,1,0,0,0,1,1,,44,,52.5,Myristica dactyloides,Myristica,dactyloides,Annonaceae,10.4,77.08333333,24.0,0.565580531,0.123401724,,42,,45.0,,1,2.0,68.9
India,Western Ghats,PL,forest_enrichment,1,0,0,0,1,1,,44,,52.5,Syzygium gardneri,Syzygium,gardneri,Myrtaceae,10.4,77.08333333,24.0,0.76,0.070823262,,1,,21.0,,1,2.0,90.5
India,Western Ghats,PL,forest_enrichment,1,0,0,0,1,1,,44,,52.5,Ormosia travancorica,Ormosia,travancorica,Fabaceae,10.4,77.08333333,24.0,0.579127778,0.09413391,,30,,48.0,,1,2.0,85.4
India,Western Ghats,PL,forest_enrichment,1,0,0,0,1,1,,44,,52.5,Prunus ceylanica,Prunus,ceylanica,Rosaceae,10.4,77.08333333,24.0,0.585666667,0.09413391,,27,,22.0,,1,2.0,68.2
India,Western Ghats,PL,forest_enrichment,1,0,0,0,1,1,,44,,52.5,Mesua ferrea,Mesua,ferrea,Calophyllaceae,10.4,77.08333333,24.0,0.92,0.070823262,,2,,120.0,,1,2.0,80.8
India,Western Ghats,PL,forest_enrichment,1,0,0,0,1,1,,44,,52.5,Dimocarpus longan,Dimocarpus,longan,Sapindaceae,10.4,77.08333333,24.0,0.7,0.070823262,,1,,14.0,,1,2.0,78.6
India,Western Ghats,PL,forest_enrichment,1,0,0,0,1,1,,44,,52.5,Palaquium ellipticum,Palaquium,ellipticum,Sapotaceae,10.4,77.08333333,24.0,0.53,0.070823262,,1,,59.0,,1,2.0,42.4
Indonesia,West Java,AG,open_degraded,0,0,0,0,0,0,,8,,85.0,Altingia excelsa,Altingia,excelsa,Altingiaceae,-6.773333333,106.8458333,12.0,0.6525,0.070823262,,2,,30.0,,0,1.0,90.0
Indonesia,West Java,AG,open_degraded,0,0,0,0,0,0,,8,,85.0,Castanopsis argentea,Castanopsis,argentea,Fagaceae,-6.773333333,106.8458333,12.0,0.59,0.070823262,,1,,30.0,,0,1.0,76.6
Indonesia,West Java,AG,open_degraded,0,0,0,0,0,0,,8,,85.0,Dacrycarpus imbricatus,Dacrycarpus,imbricatus,Podocarpaceae,-6.773333333,106.8458333,12.0,0.413333333,0.070823262,,3,,30.0,,0,1.0,66.6
Indonesia,West Java,AG,open_degraded,0,0,0,0,0,0,,8,,85.0,Magnolia sumatrana,Magnolia,sumatrana,Magnoliaceae,-6.773333333,106.8458333,12.0,0.504583333,0.09413391,,20,,30.0,,0,1.0,90.0
Indonesia,West Java,AG,open_degraded,0,0,0,0,0,0,,8,,85.0,Alstonia scholaris,Alstonia,scholaris,Apocynaceae,-6.773333333,106.8458333,12.0,0.382,0.070823262,,10,,30.0,,0,1.0,93.3
Indonesia,West Java,AG,open_degraded,0,0,0,0,0,0,,8,,85.0,Schima wallichii,Schima,wallichii,Theaceae,-6.773333333,106.8458333,12.0,0.55775,0.070823262,,8,,30.0,,0,1.0,90.0
Indonesia,West Java,AG,open_degraded,0,0,0,0,0,0,,8,,85.0,Sloanea sigun,Sloanea,sigun,Elaeocarpaceae,-6.773333333,106.8458333,12.0,0.49,0.070823262,,3,,30.0,,0,1.0,86.6
Indonesia,West Java,AG,open_degraded,0,0,0,0,0,0,,8,,85.0,Syzygium lineatum,Syzygium,lineatum,Myrtaceae,-6.773333333,106.8458333,12.0,0.664366667,0.09413391,,51,,30.0,,0,1.0,96.6
Indonesia,Riau,DR,open_degraded,0,0,0,0,0,0,1333.333333,2,8.0,,Shorea leprosula,Shorea,leprosula,Dipterocarpaceae,0.791666667,101.6369444,180.0,0.44,0.070823262,,4,,500.0,,0,10.0,69.5
Indonesia,Riau,DR,open_degraded,0,0,0,0,0,0,666.6666667,2,8.0,,Shorea leprosula,Shorea,leprosula,Dipterocarpaceae,0.791666667,101.6369444,180.0,0.44,0.070823262,,4,,500.0,,0,10.0,59.5
Indonesia,Riau,DR,open_degraded,0,0,0,0,0,0,1333.333333,2,8.0,,Shorea selanica,Shorea,selanica,Dipterocarpaceae,0.791666667,101.6369444,180.0,0.37,0.070823262,,1,,500.0,,0,10.0,52.0
Indonesia,Riau,DR,open_degraded,0,0,0,0,0,0,666.6666667,2,8.0,,Shorea selanica,Shorea,selanica,Dipterocarpaceae,0.791666667,101.6369444,180.0,0.37,0.070823262,,1,,500.0,,0,10.0,40.5
Indonesia,Central Kalimantan,F,open_degraded,0,0,0,0,1,0,,1,,40.0,Shorea balangeran,Shorea,balangeran,Dipterocarpaceae,-2.209444444,113.89,16.0,0.69,0.070823262,,1,,80.0,,1,1.0,94.37784312
Indonesia,Central Kalimantan,F,open_degraded,0,0,0,0,1,0,,1,,40.0,Shorea balangeran,Shorea,balangeran,Dipterocarpaceae,-2.209444444,113.89,25.0,0.69,0.070823262,,1,,80.0,,1,2.0,93.80984694
Indonesia,Central Kalimantan,F,open_degraded,0,0,0,0,1,0,,1,,40.0,Shorea balangeran,Shorea,balangeran,Dipterocarpaceae,-2.209444444,113.89,40.0,0.69,0.070823262,,1,,80.0,,1,3.0,92.6964739
Indonesia,Central Kalimantan,F,open_degraded,0,0,0,0,1,0,,1,,40.0,Shorea balangeran,Shorea,balangeran,Dipterocarpaceae,-2.209444444,113.89,49.0,0.69,0.070823262,,1,,80.0,,1,4.0,91.9877353
Indonesia,Central Kalimantan,F,open_degraded,0,0,0,0,1,0,,1,,40.0,Shorea balangeran,Shorea,balangeran,Dipterocarpaceae,-2.209444444,113.89,4.0,0.69,0.070823262,,1,,80.0,,1,9999.0,97.62748498
Indonesia,Central Kalimantan,F,open_degraded,0,0,0,0,1,0,,1,,40.0,Shorea balangeran,Shorea,balangeran,Dipterocarpaceae,-2.209444444,113.89,16.0,0.69,0.070823262,,1,,80.0,,1,1.0,90.57277137
Indonesia,Central Kalimantan,F,open_degraded,0,0,0,0,1,0,,1,,40.0,Shorea balangeran,Shorea,balangeran,Dipterocarpaceae,-2.209444444,113.89,25.0,0.69,0.070823262,,1,,80.0,,1,2.0,88.20025635
Indonesia,Central Kalimantan,F,open_degraded,0,0,0,0,1,0,,1,,40.0,Shorea balangeran,Shorea,balangeran,Dipterocarpaceae,-2.209444444,113.89,40.0,0.69,0.070823262,,1,,80.0,,1,3.0,86.47616175
Indonesia,Central Kalimantan,F,open_degraded,0,0,0,0,1,0,,1,,40.0,Shorea balangeran,Shorea,balangeran,Dipterocarpaceae,-2.209444444,113.89,49.0,0.69,0.070823262,,1,,80.0,,1,4.0,86.34547237
Indonesia,Central Kalimantan,F,open_degraded,0,0,0,0,1,0,,1,,40.0,Shorea balangeran,Shorea,balangeran,Dipterocarpaceae,-2.209444444,113.89,4.0,0.69,0.070823262,,1,,80.0,,1,9999.0,92.33959134
Indonesia,Central Kalimantan,F,open_degraded,0,0,0,0,1,0,,1,,40.0,Shorea balangeran,Shorea,balangeran,Dipterocarpaceae,-2.209444444,113.89,16.0,0.69,0.070823262,,1,,80.0,,1,1.0,86.14943829
Indonesia,Central Kalimantan,F,open_degraded,0,0,0,0,1,0,,1,,40.0,Shorea balangeran,Shorea,balangeran,Dipterocarpaceae,-2.209444444,113.89,25.0,0.69,0.070823262,,1,,80.0,,1,2.0,86.34295911
Indonesia,Central Kalimantan,F,open_degraded,0,0,0,0,1,0,,1,,40.0,Shorea balangeran,Shorea,balangeran,Dipterocarpaceae,-2.209444444,113.89,40.0,0.69,0.070823262,,1,,80.0,,1,3.0,85.6467868
Indonesia,Central Kalimantan,F,open_degraded,0,0,0,0,1,0,,1,,40.0,Shorea balangeran,Shorea,balangeran,Dipterocarpaceae,-2.209444444,113.89,49.0,0.69,0.070823262,,1,,80.0,,1,4.0,83.3144839
Indonesia,Central Kalimantan,F,open_degraded,0,0,0,0,1,0,,1,,40.0,Shorea balangeran,Shorea,balangeran,Dipterocarpaceae,-2.209444444,113.89,4.0,0.69,0.070823262,,1,,80.0,,1,9999.0,96.09691121
Indonesia,Central Kalimantan,F,open_degraded,0,0,0,0,1,0,,1,,40.0,Shorea balangeran,Shorea,balangeran,Dipterocarpaceae,-2.209444444,113.89,16.0,0.69,0.070823262,,1,,80.0,,1,1.0,91.25637739
Indonesia,Central Kalimantan,F,open_degraded,0,0,0,0,1,0,,1,,40.0,Shorea balangeran,Shorea,balangeran,Dipterocarpaceae,-2.209444444,113.89,25.0,0.69,0.070823262,,1,,80.0,,1,2.0,91.44738496
Indonesia,Central Kalimantan,F,open_degraded,0,0,0,0,1,0,,1,,40.0,Shorea balangeran,Shorea,balangeran,Dipterocarpaceae,-2.209444444,113.89,40.0,0.69,0.070823262,,1,,80.0,,1,3.0,89.73083013
Indonesia,Central Kalimantan,F,open_degraded,0,0,0,0,1,0,,1,,40.0,Shorea balangeran,Shorea,balangeran,Dipterocarpaceae,-2.209444444,113.89,49.0,0.69,0.070823262,,1,,80.0,,1,4.0,88.92910101
Indonesia,Central Kalimantan,F,open_degraded,0,0,0,0,1,0,,1,,40.0,Shorea balangeran,Shorea,balangeran,Dipterocarpaceae,-2.209444444,113.89,4.0,0.69,0.070823262,,1,,80.0,,1,9999.0,93.03827691
Thailand,Sakaew,AG,open_degraded,1,0,1,0,0,1,,1,,,Acacia mangium,Acacia,mangium,Fabaceae,13.565,102.1722222,20.0,0.507,0.070823262,,7,,60.0,,1,2.0,100.0
Thailand,Sakaew,AG,open_degraded,1,0,1,0,0,1,,1,,,Dalbergia cochinchinensis,Dalbergia,cochinchinensis,Fabaceae,13.565,102.1722222,20.0,0.88,0.070823262,,1,,60.0,,1,2.0,97.62711864
Thailand,Sakaew,AG,open_degraded,1,0,1,0,0,1,,1,,,Dalbergia cochinchinensis,Dalbergia,cochinchinensis,Fabaceae,13.565,102.1722222,20.0,0.88,0.070823262,,1,,60.0,,1,2.0,90.50847458
Thailand,Sakaew,AG,open_degraded,1,0,1,0,0,1,,1,,,Dalbergia cochinchinensis,Dalbergia,cochinchinensis,Fabaceae,13.565,102.1722222,20.0,0.88,0.070823262,,1,,60.0,,1,2.0,84.06779661
Thailand,Sakaew,AG,open_degraded,1,0,1,0,0,1,,1,,,Xylia xylocarpa,Xylia,xylocarpa,Fabaceae,13.565,102.1722222,20.0,0.68,0.070823262,,1,,60.0,,1,2.0,100.0
Thailand,Sakaew,AG,open_degraded,1,0,1,0,0,1,,1,,,Xylia xylocarpa,Xylia,xylocarpa,Fabaceae,13.565,102.1722222,20.0,0.68,0.070823262,,1,,60.0,,1,2.0,97.96610169
Thailand,Sakaew,AG,open_degraded,1,0,1,0,0,1,,1,,,Xylia xylocarpa,Xylia,xylocarpa,Fabaceae,13.565,102.1722222,20.0,0.68,0.070823262,,1,,60.0,,1,2.0,99.66101695
Thailand,Sakaew,AG,open_degraded,1,0,1,0,0,1,,1,,,Xylia xylocarpa,Xylia,xylocarpa,Fabaceae,13.565,102.1722222,20.0,0.68,0.070823262,,1,,60.0,,1,2.0,99.66101695
Thailand,Sakaew,AG,open_degraded,1,0,1,0,0,1,,1,,,Xylia xylocarpa,Xylia,xylocarpa,Fabaceae,13.565,102.1722222,20.0,0.68,0.070823262,,1,,60.0,,1,2.0,98.98305085
Thailand,Sakaew,AG,open_degraded,1,0,1,0,0,1,,1,,,Xylia xylocarpa,Xylia,xylocarpa,Fabaceae,13.565,102.1722222,20.0,0.68,0.070823262,,1,,60.0,,1,2.0,98.30508475
Thailand,Sakaew,AG,open_degraded,1,0,1,0,0,1,,1,,,Acacia mangium,Acacia,mangium,Fabaceae,13.565,102.1722222,20.0,0.507,0.070823262,,7,,60.0,,1,2.0,98.98305085
Thailand,Sakaew,AG,open_degraded,1,0,1,0,0,1,,1,,,Acacia mangium,Acacia,mangium,Fabaceae,13.565,102.1722222,20.0,0.507,0.070823262,,7,,60.0,,1,2.0,94.91525424
Thailand,Sakaew,AG,open_degraded,1,0,1,0,0,1,,1,,,Acacia mangium,Acacia,mangium,Fabaceae,13.565,102.1722222,20.0,0.507,0.070823262,,7,,60.0,,1,2.0,99.66101695
Thailand,Sakaew,AG,open_degraded,1,0,1,0,0,1,,1,,,Acacia mangium,Acacia,mangium,Fabaceae,13.565,102.1722222,20.0,0.507,0.070823262,,7,,60.0,,1,2.0,98.98305085
Thailand,Sakaew,AG,open_degraded,1,0,1,0,0,1,,1,,,Acacia mangium,Acacia,mangium,Fabaceae,13.565,102.1722222,20.0,0.507,0.070823262,,7,,60.0,,1,2.0,96.61016949
Thailand,Sakaew,AG,open_degraded,1,0,1,0,0,1,,1,,,Dalbergia cochinchinensis,Dalbergia,cochinchinensis,Fabaceae,13.565,102.1722222,20.0,0.88,0.070823262,,1,,60.0,,1,2.0,89.49152542
Thailand,Sakaew,AG,open_degraded,1,0,1,0,0,1,,1,,,Dalbergia cochinchinensis,Dalbergia,cochinchinensis,Fabaceae,13.565,102.1722222,20.0,0.88,0.070823262,,1,,60.0,,1,2.0,94.91525424
Thailand,Sakaew,AG,open_degraded,1,0,1,0,0,1,,1,,,Dalbergia cochinchinensis,Dalbergia,cochinchinensis,Fabaceae,13.565,102.1722222,20.0,0.88,0.070823262,,1,,60.0,,1,2.0,96.27118644
Indonesia,Jambi,PL,plantation_enrichment,1,0,0,0,1,0,156.25,1,12.0,,Dyera polyphylla,Dyera,polyphylla,Apocynaceae,-0.988888889,103.3363889,12.0,0.33,0.070823262,,1,,36.0,,1,1.0,94.8
Indonesia,Jambi,PL,plantation_enrichment,1,0,0,0,1,0,156.25,1,12.0,,Dyera polyphylla,Dyera,polyphylla,Apocynaceae,-0.988888889,103.3363889,18.0,0.33,0.070823262,,1,,36.0,,1,2.0,90.2
Indonesia,Jambi,PL,plantation_enrichment,1,0,0,0,1,0,156.25,1,12.0,,Dyera polyphylla,Dyera,polyphylla,Apocynaceae,-0.988888889,103.3363889,12.0,0.33,0.070823262,,1,,36.0,,1,1.0,88.6
Indonesia,Jambi,PL,plantation_enrichment,1,0,0,0,1,0,156.25,1,12.0,,Dyera polyphylla,Dyera,polyphylla,Apocynaceae,-0.988888889,103.3363889,18.0,0.33,0.070823262,,1,,36.0,,1,2.0,86.7
Indonesia,Jambi,PL,plantation_enrichment,0,0,0,0,1,0,156.25,1,6.5,,Dyera polyphylla,Dyera,polyphylla,Apocynaceae,-1.052777778,103.3772222,12.0,0.33,0.070823262,,1,,36.0,,1,1.0,55.0
Indonesia,Jambi,PL,plantation_enrichment,0,0,0,0,1,0,156.25,1,6.5,,Dyera polyphylla,Dyera,polyphylla,Apocynaceae,-1.052777778,103.3772222,18.0,0.33,0.070823262,,1,,36.0,,1,2.0,22.1
Indonesia,Jambi,PL,plantation_enrichment,1,0,0,0,1,0,1111.111111,1,12.0,,Dyera polyphylla,Dyera,polyphylla,Apocynaceae,-1.052222222,103.4019444,12.0,0.33,0.070823262,,1,,36.0,,1,1.0,86.3
Indonesia,Jambi,PL,plantation_enrichment,1,0,0,0,1,0,1111.111111,1,12.0,,Dyera polyphylla,Dyera,polyphylla,Apocynaceae,-1.052222222,103.4019444,18.0,0.33,0.070823262,,1,,36.0,,1,2.0,74.7
Indonesia,Central Kalimantan,F,open_degraded,1,0,0,0,0,0,1666.666667,5,,,Shorea pinanga,Shorea,pinanga,Dipterocarpaceae,-2.209444444,113.89,8.0,0.363333333,0.070823262,,3,,50.0,,1,1.0,16.0
Indonesia,Central Kalimantan,F,open_degraded,1,0,0,0,0,0,1666.666667,5,,,Shorea pinanga,Shorea,pinanga,Dipterocarpaceae,-2.209444444,113.89,4.0,0.363333333,0.070823262,,3,,50.0,,1,9999.0,20.0
Indonesia,Central Kalimantan,F,open_degraded,1,0,0,0,1,0,1666.666667,5,,,Shorea seminis,Shorea,seminis,Dipterocarpaceae,-2.209444444,113.89,8.0,0.72,0.070823262,,1,,50.0,,1,1.0,22.0
Indonesia,Central Kalimantan,F,open_degraded,1,0,0,0,1,0,1666.666667,5,,,Shorea seminis,Shorea,seminis,Dipterocarpaceae,-2.209444444,113.89,4.0,0.72,0.070823262,,1,,50.0,,1,9999.0,44.0
Indonesia,Central Kalimantan,F,open_degraded,0,0,0,1,0,0,1666.666667,5,,,Shorea seminis,Shorea,seminis,Dipterocarpaceae,-2.209444444,113.89,8.0,0.72,0.070823262,,1,,20.0,,1,1.0,25.0
Indonesia,Central Kalimantan,F,open_degraded,0,0,0,1,0,0,1666.666667,5,,,Shorea seminis,Shorea,seminis,Dipterocarpaceae,-2.209444444,113.89,4.0,0.72,0.070823262,,1,,20.0,,1,9999.0,55.0
Indonesia,Central Kalimantan,F,open_degraded,0,0,0,0,0,0,1666.666667,5,,,Shorea seminis,Shorea,seminis,Dipterocarpaceae,-2.209444444,113.89,8.0,0.72,0.070823262,,1,,50.0,,0,1.0,26.0
Indonesia,Central Kalimantan,F,open_degraded,0,0,0,0,0,0,1666.666667,5,,,Shorea seminis,Shorea,seminis,Dipterocarpaceae,-2.209444444,113.89,4.0,0.72,0.070823262,,1,,50.0,,0,9999.0,54.0
Indonesia,Central Kalimantan,F,open_degraded,1,0,0,0,0,0,1666.666667,5,,,Shorea seminis,Shorea,seminis,Dipterocarpaceae,-2.209444444,113.89,8.0,0.72,0.070823262,,1,,50.0,,1,1.0,16.0
Indonesia,Central Kalimantan,F,open_degraded,1,0,0,0,0,0,1666.666667,5,,,Shorea seminis,Shorea,seminis,Dipterocarpaceae,-2.209444444,113.89,4.0,0.72,0.070823262,,1,,50.0,,1,9999.0,46.0
Indonesia,Central Kalimantan,F,open_degraded,1,0,0,0,1,0,1666.666667,5,,,Shorea seminis,Shorea,seminis,Dipterocarpaceae,-2.209444444,113.89,8.0,0.72,0.070823262,,1,,50.0,,1,1.0,26.0
Indonesia,Central Kalimantan,F,open_degraded,1,0,0,0,1,0,1666.666667,5,,,Shorea seminis,Shorea,seminis,Dipterocarpaceae,-2.209444444,113.89,4.0,0.72,0.070823262,,1,,50.0,,1,9999.0,46.0
Indonesia,Central Kalimantan,F,open_degraded,0,0,0,1,0,0,1666.666667,5,,,Shorea seminis,Shorea,seminis,Dipterocarpaceae,-2.209444444,113.89,8.0,0.72,0.070823262,,1,,20.0,,1,1.0,25.0
Indonesia,Central Kalimantan,F,open_degraded,0,0,0,1,0,0,1666.666667,5,,,Shorea seminis,Shorea,seminis,Dipterocarpaceae,-2.209444444,113.89,4.0,0.72,0.070823262,,1,,20.0,,1,9999.0,55.0
Indonesia,Central Kalimantan,F,open_degraded,0,0,0,0,0,0,1666.666667,5,,,Shorea seminis,Shorea,seminis,Dipterocarpaceae,-2.209444444,113.89,8.0,0.72,0.070823262,,1,,50.0,,0,1.0,38.0
Indonesia,Central Kalimantan,F,open_degraded,0,0,0,0,0,0,1666.666667,5,,,Shorea seminis,Shorea,seminis,Dipterocarpaceae,-2.209444444,113.89,4.0,0.72,0.070823262,,1,,50.0,,0,9999.0,68.0
Indonesia,Central Kalimantan,F,open_degraded,1,0,0,0,0,0,1666.666667,5,,,Peronema canescens,Peronema,canescens,Lamiaceae,-2.209444444,113.89,8.0,0.57,0.070823262,,1,,50.0,,1,1.0,14.0
Indonesia,Central Kalimantan,F,open_degraded,1,0,0,0,0,0,1666.666667,5,,,Peronema canescens,Peronema,canescens,Lamiaceae,-2.209444444,113.89,4.0,0.57,0.070823262,,1,,50.0,,1,9999.0,26.0
Indonesia,Central Kalimantan,F,open_degraded,1,0,0,0,1,0,1666.666667,5,,,Peronema canescens,Peronema,canescens,Lamiaceae,-2.209444444,113.89,8.0,0.57,0.070823262,,1,,50.0,,1,1.0,38.0
Indonesia,Central Kalimantan,F,open_degraded,1,0,0,0,1,0,1666.666667,5,,,Peronema canescens,Peronema,canescens,Lamiaceae,-2.209444444,113.89,4.0,0.57,0.070823262,,1,,50.0,,1,9999.0,42.0
Indonesia,Central Kalimantan,F,open_degraded,0,0,0,1,0,0,1666.666667,5,,,Peronema canescens,Peronema,canescens,Lamiaceae,-2.209444444,113.89,8.0,0.57,0.070823262,,1,,10.0,,1,1.0,25.0
Indonesia,Central Kalimantan,F,open_degraded,0,0,0,1,0,0,1666.666667,5,,,Peronema canescens,Peronema,canescens,Lamiaceae,-2.209444444,113.89,4.0,0.57,0.070823262,,1,,10.0,,1,9999.0,35.0
Indonesia,Central Kalimantan,F,open_degraded,1,0,0,0,1,0,1666.666667,5,,,Shorea pinanga,Shorea,pinanga,Dipterocarpaceae,-2.209444444,113.89,8.0,0.363333333,0.070823262,,3,,50.0,,1,1.0,2.0
Indonesia,Central Kalimantan,F,open_degraded,1,0,0,0,1,0,1666.666667,5,,,Shorea pinanga,Shorea,pinanga,Dipterocarpaceae,-2.209444444,113.89,4.0,0.363333333,0.070823262,,3,,50.0,,1,9999.0,4.0
Indonesia,Central Kalimantan,F,open_degraded,0,0,0,0,0,0,1666.666667,5,,,Peronema canescens,Peronema,canescens,Lamiaceae,-2.209444444,113.89,8.0,0.57,0.070823262,,1,,50.0,,0,1.0,22.0
Indonesia,Central Kalimantan,F,open_degraded,0,0,0,0,0,0,1666.666667,5,,,Peronema canescens,Peronema,canescens,Lamiaceae,-2.209444444,113.89,4.0,0.57,0.070823262,,1,,50.0,,0,9999.0,36.0
Indonesia,Central Kalimantan,F,open_degraded,1,0,0,0,0,0,1666.666667,5,,,Peronema canescens,Peronema,canescens,Lamiaceae,-2.209444444,113.89,8.0,0.57,0.070823262,,1,,40.0,,1,1.0,25.0
Indonesia,Central Kalimantan,F,open_degraded,1,0,0,0,0,0,1666.666667,5,,,Peronema canescens,Peronema,canescens,Lamiaceae,-2.209444444,113.89,4.0,0.57,0.070823262,,1,,40.0,,1,9999.0,35.0
Indonesia,Central Kalimantan,F,open_degraded,1,0,0,0,1,0,1666.666667,5,,,Peronema canescens,Peronema,canescens,Lamiaceae,-2.209444444,113.89,8.0,0.57,0.070823262,,1,,40.0,,1,1.0,8.0
Indonesia,Central Kalimantan,F,open_degraded,1,0,0,0,1,0,1666.666667,5,,,Peronema canescens,Peronema,canescens,Lamiaceae,-2.209444444,113.89,4.0,0.57,0.070823262,,1,,40.0,,1,9999.0,10.0
Indonesia,Central Kalimantan,F,open_degraded,0,0,0,1,0,0,1666.666667,5,,,Peronema canescens,Peronema,canescens,Lamiaceae,-2.209444444,113.89,8.0,0.57,0.070823262,,1,,20.0,,1,1.0,20.0
Indonesia,Central Kalimantan,F,open_degraded,0,0,0,1,0,0,1666.666667,5,,,Peronema canescens,Peronema,canescens,Lamiaceae,-2.209444444,113.89,4.0,0.57,0.070823262,,1,,20.0,,1,9999.0,30.0
Indonesia,Central Kalimantan,F,open_degraded,0,0,0,0,0,0,1666.666667,5,,,Peronema canescens,Peronema,canescens,Lamiaceae,-2.209444444,113.89,8.0,0.57,0.070823262,,1,,50.0,,0,1.0,4.0
Indonesia,Central Kalimantan,F,open_degraded,0,0,0,0,0,0,1666.666667,5,,,Peronema canescens,Peronema,canescens,Lamiaceae,-2.209444444,113.89,4.0,0.57,0.070823262,,1,,50.0,,0,9999.0,4.0
Indonesia,Central Kalimantan,F,open_degraded,1,0,0,0,0,0,1666.666667,5,,,Palaquium leiocarpum,Palaquium,leiocarpum,Sapotaceae,-2.209444444,113.89,8.0,0.71,0.070823262,,2,,20.0,,1,1.0,50.0
Indonesia,Central Kalimantan,F,open_degraded,1,0,0,0,0,0,1666.666667,5,,,Palaquium leiocarpum,Palaquium,leiocarpum,Sapotaceae,-2.209444444,113.89,4.0,0.71,0.070823262,,2,,20.0,,1,9999.0,60.0
Indonesia,Central Kalimantan,F,open_degraded,1,0,0,0,1,0,1666.666667,5,,,Palaquium leiocarpum,Palaquium,leiocarpum,Sapotaceae,-2.209444444,113.89,8.0,0.71,0.070823262,,2,,20.0,,1,1.0,60.0
Indonesia,Central Kalimantan,F,open_degraded,1,0,0,0,1,0,1666.666667,5,,,Palaquium leiocarpum,Palaquium,leiocarpum,Sapotaceae,-2.209444444,113.89,4.0,0.71,0.070823262,,2,,20.0,,1,9999.0,60.0
Indonesia,Central Kalimantan,F,open_degraded,0,0,0,1,0,0,1666.666667,5,,,Palaquium leiocarpum,Palaquium,leiocarpum,Sapotaceae,-2.209444444,113.89,8.0,0.71,0.070823262,,2,,20.0,,1,1.0,90.0
Indonesia,Central Kalimantan,F,open_degraded,0,0,0,1,0,0,1666.666667,5,,,Palaquium leiocarpum,Palaquium,leiocarpum,Sapotaceae,-2.209444444,113.89,4.0,0.71,0.070823262,,2,,20.0,,1,9999.0,95.0
Indonesia,Central Kalimantan,F,open_degraded,0,0,0,0,0,0,1666.666667,5,,,Palaquium leiocarpum,Palaquium,leiocarpum,Sapotaceae,-2.209444444,113.89,8.0,0.71,0.070823262,,2,,20.0,,0,1.0,80.0
Indonesia,Central Kalimantan,F,open_degraded,0,0,0,0,0,0,1666.666667,5,,,Palaquium leiocarpum,Palaquium,leiocarpum,Sapotaceae,-2.209444444,113.89,4.0,0.71,0.070823262,,2,,20.0,,0,9999.0,95.0
Indonesia,Central Kalimantan,F,open_degraded,1,0,0,0,0,0,1666.666667,5,,,Shorea balangeran,Shorea,balangeran,Dipterocarpaceae,-2.209444444,113.89,8.0,0.69,0.070823262,,1,,20.0,,1,1.0,100.0
Indonesia,Central Kalimantan,F,open_degraded,1,0,0,0,0,0,1666.666667,5,,,Shorea balangeran,Shorea,balangeran,Dipterocarpaceae,-2.209444444,113.89,4.0,0.69,0.070823262,,1,,20.0,,1,9999.0,100.0
Indonesia,Central Kalimantan,F,open_degraded,0,0,0,1,0,0,1666.666667,5,,,Shorea pinanga,Shorea,pinanga,Dipterocarpaceae,-2.209444444,113.89,8.0,0.363333333,0.070823262,,3,,20.0,,1,1.0,40.0
Indonesia,Central Kalimantan,F,open_degraded,0,0,0,1,0,0,1666.666667,5,,,Shorea pinanga,Shorea,pinanga,Dipterocarpaceae,-2.209444444,113.89,4.0,0.363333333,0.070823262,,3,,20.0,,1,9999.0,65.0
Indonesia,Central Kalimantan,F,open_degraded,1,0,0,0,1,0,1666.666667,5,,,Shorea balangeran,Shorea,balangeran,Dipterocarpaceae,-2.209444444,113.89,8.0,0.69,0.070823262,,1,,20.0,,1,1.0,90.0
Indonesia,Central Kalimantan,F,open_degraded,1,0,0,0,1,0,1666.666667,5,,,Shorea balangeran,Shorea,balangeran,Dipterocarpaceae,-2.209444444,113.89,4.0,0.69,0.070823262,,1,,20.0,,1,9999.0,100.0
Indonesia,Central Kalimantan,F,open_degraded,0,0,0,1,0,0,1666.666667,5,,,Shorea balangeran,Shorea,balangeran,Dipterocarpaceae,-2.209444444,113.89,8.0,0.69,0.070823262,,1,,20.0,,1,1.0,100.0
Indonesia,Central Kalimantan,F,open_degraded,0,0,0,1,0,0,1666.666667,5,,,Shorea balangeran,Shorea,balangeran,Dipterocarpaceae,-2.209444444,113.89,4.0,0.69,0.070823262,,1,,20.0,,1,9999.0,100.0
Indonesia,Central Kalimantan,F,open_degraded,0,0,0,0,0,0,1666.666667,5,,,Shorea balangeran,Shorea,balangeran,Dipterocarpaceae,-2.209444444,113.89,8.0,0.69,0.070823262,,1,,10.0,,0,1.0,80.0
Indonesia,Central Kalimantan,F,open_degraded,0,0,0,0,0,0,1666.666667,5,,,Shorea balangeran,Shorea,balangeran,Dipterocarpaceae,-2.209444444,113.89,4.0,0.69,0.070823262,,1,,10.0,,0,9999.0,100.0
Indonesia,Central Kalimantan,F,open_degraded,0,0,0,0,0,0,1666.666667,5,,,Shorea pinanga,Shorea,pinanga,Dipterocarpaceae,-2.209444444,113.89,8.0,0.363333333,0.070823262,,3,,50.0,,0,1.0,12.0
Indonesia,Central Kalimantan,F,open_degraded,0,0,0,0,0,0,1666.666667,5,,,Shorea pinanga,Shorea,pinanga,Dipterocarpaceae,-2.209444444,113.89,4.0,0.363333333,0.070823262,,3,,50.0,,0,9999.0,20.0
Indonesia,Central Kalimantan,F,open_degraded,1,0,0,0,0,0,1666.666667,5,,,Shorea pinanga,Shorea,pinanga,Dipterocarpaceae,-2.209444444,113.89,8.0,0.363333333,0.070823262,,3,,50.0,,1,1.0,14.0
Indonesia,Central Kalimantan,F,open_degraded,1,0,0,0,0,0,1666.666667,5,,,Shorea pinanga,Shorea,pinanga,Dipterocarpaceae,-2.209444444,113.89,4.0,0.363333333,0.070823262,,3,,50.0,,1,9999.0,16.0
Indonesia,Central Kalimantan,F,open_degraded,1,0,0,0,1,0,1666.666667,5,,,Shorea pinanga,Shorea,pinanga,Dipterocarpaceae,-2.209444444,113.89,8.0,0.363333333,0.070823262,,3,,50.0,,1,1.0,6.0
Indonesia,Central Kalimantan,F,open_degraded,1,0,0,0,1,0,1666.666667,5,,,Shorea pinanga,Shorea,pinanga,Dipterocarpaceae,-2.209444444,113.89,4.0,0.363333333,0.070823262,,3,,50.0,,1,9999.0,13.0
Indonesia,Central Kalimantan,F,open_degraded,0,0,0,1,0,0,1666.666667,5,,,Shorea pinanga,Shorea,pinanga,Dipterocarpaceae,-2.209444444,113.89,8.0,0.363333333,0.070823262,,3,,20.0,,1,1.0,35.0
Indonesia,Central Kalimantan,F,open_degraded,0,0,0,1,0,0,1666.666667,5,,,Shorea pinanga,Shorea,pinanga,Dipterocarpaceae,-2.209444444,113.89,4.0,0.363333333,0.070823262,,3,,20.0,,1,9999.0,60.0
Indonesia,Central Kalimantan,F,open_degraded,0,0,0,0,0,0,1666.666667,5,,,Shorea pinanga,Shorea,pinanga,Dipterocarpaceae,-2.209444444,113.89,8.0,0.363333333,0.070823262,,3,,50.0,,0,1.0,24.0
Indonesia,Central Kalimantan,F,open_degraded,0,0,0,0,0,0,1666.666667,5,,,Shorea pinanga,Shorea,pinanga,Dipterocarpaceae,-2.209444444,113.89,4.0,0.363333333,0.070823262,,3,,50.0,,0,9999.0,32.0
Indonesia,Central Kalimantan,F,open_degraded,1,0,0,0,0,0,1666.666667,5,,,Shorea seminis,Shorea,seminis,Dipterocarpaceae,-2.209444444,113.89,8.0,0.72,0.070823262,,1,,50.0,,1,1.0,24.0
Indonesia,Central Kalimantan,F,open_degraded,1,0,0,0,0,0,1666.666667,5,,,Shorea seminis,Shorea,seminis,Dipterocarpaceae,-2.209444444,113.89,4.0,0.72,0.070823262,,1,,50.0,,1,9999.0,70.0
Indonesia,Central Kalimantan,LG,open_degraded,0,0,0,1,0,0,10000.0,1,6.0,,Shorea balangeran,Shorea,balangeran,Dipterocarpaceae,-2.3,114.0333333,40.0,0.69,0.070823262,,1,,5.0,,1,3.0,82.91
Indonesia,Central Kalimantan,LG,open_degraded,0,0,0,1,1,0,10000.0,1,6.0,,Shorea balangeran,Shorea,balangeran,Dipterocarpaceae,-2.3,114.0333333,40.0,0.69,0.070823262,,1,,5.0,,1,3.0,80.87
Indonesia,Central Kalimantan,LG,open_degraded,0,0,0,1,1,0,10000.0,1,6.0,,Shorea balangeran,Shorea,balangeran,Dipterocarpaceae,-2.3,114.0333333,40.0,0.69,0.070823262,,1,,5.0,,1,3.0,79.08
Indonesia,Central Kalimantan,LG,open_degraded,0,0,0,1,1,0,10000.0,1,6.0,,Shorea balangeran,Shorea,balangeran,Dipterocarpaceae,-2.3,114.0333333,40.0,0.69,0.070823262,,1,,5.0,,1,3.0,84.95
Malaysia,Sabah,LG,forest_enrichment,1,0,0,0,0,0,,1,,,Dipterocarpus conformis,Dipterocarpus,conformis,Dipterocarpaceae,5.088888889,117.6422222,123.0,0.765,0.070823262,,2,,74.0,,1,10.0,20.06124779
Malaysia,Sabah,LG,forest_enrichment,1,0,0,0,0,0,,1,,,Dipterocarpus conformis,Dipterocarpus,conformis,Dipterocarpaceae,5.088888889,117.6422222,28.0,0.765,0.070823262,,2,,74.0,,1,2.0,42.04320294
Malaysia,Sabah,LG,forest_enrichment,1,0,0,0,0,0,,1,,,Hopea sangal,Hopea,sangal,Dipterocarpaceae,5.088888889,117.6422222,123.0,0.714693989,0.09413391,,61,,74.0,,1,10.0,19.0430622
Malaysia,Sabah,LG,forest_enrichment,1,0,0,0,0,0,,1,,,Hopea sangal,Hopea,sangal,Dipterocarpaceae,5.088888889,117.6422222,28.0,0.714693989,0.09413391,,61,,74.0,,1,2.0,53.32342715
Malaysia,Sabah,LG,forest_enrichment,1,0,0,0,0,0,,4,,,Hopea sangal,Hopea,sangal,Dipterocarpaceae,5.088888889,117.6422222,123.0,0.714693989,0.09413391,,61,,555.0,,1,10.0,31.2223779
Malaysia,Sabah,LG,forest_enrichment,1,0,0,0,0,0,,4,,,Hopea sangal,Hopea,sangal,Dipterocarpaceae,5.088888889,117.6422222,28.0,0.714693989,0.09413391,,61,,592.0,,1,2.0,59.19421556
Malaysia,Sabah,LG,forest_enrichment,1,0,0,0,0,0,,16,,,Hopea sangal,Hopea,sangal,Dipterocarpaceae,5.088888889,117.6422222,123.0,0.714693989,0.09413391,,61,,1184.0,,1,10.0,25.63058983
Malaysia,Sabah,LG,forest_enrichment,1,0,0,0,0,0,,16,,,Hopea sangal,Hopea,sangal,Dipterocarpaceae,5.088888889,117.6422222,28.0,0.714693989,0.09413391,,61,,1184.0,,1,2.0,58.0638077
Malaysia,Sabah,LG,forest_enrichment,1,0,0,0,0,0,,1,,,Parashorea malaanonan,Parashorea,malaanonan,Dipterocarpaceae,5.088888889,117.6422222,123.0,0.415,0.070823262,,2,,74.0,,1,10.0,14.97713415
Malaysia,Sabah,LG,forest_enrichment,1,0,0,0,0,0,,1,,,Parashorea malaanonan,Parashorea,malaanonan,Dipterocarpaceae,5.088888889,117.6422222,28.0,0.415,0.070823262,,2,,74.0,,1,2.0,38.819021
Malaysia,Sabah,LG,forest_enrichment,1,0,0,0,0,0,,4,,,Parashorea malaanonan,Parashorea,malaanonan,Dipterocarpaceae,5.088888889,117.6422222,123.0,0.415,0.070823262,,2,,259.0,,1,10.0,16.34989537
Malaysia,Sabah,LG,forest_enrichment,1,0,0,0,0,0,,4,,,Parashorea malaanonan,Parashorea,malaanonan,Dipterocarpaceae,5.088888889,117.6422222,28.0,0.415,0.070823262,,2,,296.0,,1,2.0,43.08790085
Malaysia,Sabah,LG,forest_enrichment,1,0,0,0,0,0,,16,,,Parashorea malaanonan,Parashorea,malaanonan,Dipterocarpaceae,5.088888889,117.6422222,123.0,0.415,0.070823262,,2,,1184.0,,1,10.0,15.59496394
Malaysia,Sabah,LG,forest_enrichment,1,0,0,0,0,0,,16,,,Parashorea malaanonan,Parashorea,malaanonan,Dipterocarpaceae,5.088888889,117.6422222,28.0,0.415,0.070823262,,2,,1184.0,,1,2.0,42.21691638
Malaysia,Sabah,LG,forest_enrichment,1,0,0,0,0,0,,1,,,Parashorea tomentella,Parashorea,tomentella,Dipterocarpaceae,5.088888889,117.6422222,123.0,0.5535,0.09413391,,10,,74.0,,1,10.0,15.22114178
Malaysia,Sabah,LG,forest_enrichment,1,0,0,0,0,0,,1,,,Parashorea tomentella,Parashorea,tomentella,Dipterocarpaceae,5.088888889,117.6422222,28.0,0.5535,0.09413391,,10,,74.0,,1,2.0,46.10206622
Malaysia,Sabah,LG,forest_enrichment,1,0,0,0,0,0,,4,,,Parashorea tomentella,Parashorea,tomentella,Dipterocarpaceae,5.088888889,117.6422222,123.0,0.5535,0.09413391,,10,,296.0,,1,10.0,16.76148059
Malaysia,Sabah,LG,forest_enrichment,1,0,0,0,0,0,,4,,,Parashorea tomentella,Parashorea,tomentella,Dipterocarpaceae,5.088888889,117.6422222,28.0,0.5535,0.09413391,,10,,296.0,,1,2.0,45.40240942
Malaysia,Sabah,LG,forest_enrichment,1,0,0,0,0,0,,16,,,Parashorea tomentella,Parashorea,tomentella,Dipterocarpaceae,5.088888889,117.6422222,123.0,0.5535,0.09413391,,10,,1184.0,,1,10.0,18.87746003
Malaysia,Sabah,LG,forest_enrichment,1,0,0,0,0,0,,16,,,Parashorea tomentella,Parashorea,tomentella,Dipterocarpaceae,5.088888889,117.6422222,28.0,0.5535,0.09413391,,10,,1184.0,,1,2.0,47.066921
Malaysia,Sabah,LG,forest_enrichment,1,0,0,0,0,0,,1,,,Shorea argentifolia,Shorea,argentifolia,Dipterocarpaceae,5.088888889,117.6422222,123.0,0.52,0.070823262,,2,,74.0,,1,10.0,0.907258065
Malaysia,Sabah,LG,forest_enrichment,1,0,0,0,0,0,,1,,,Shorea argentifolia,Shorea,argentifolia,Dipterocarpaceae,5.088888889,117.6422222,28.0,0.52,0.070823262,,2,,74.0,,1,2.0,14.81727236
Malaysia,Sabah,LG,forest_enrichment,1,0,0,0,0,0,,4,,,Dipterocarpus conformis,Dipterocarpus,conformis,Dipterocarpaceae,5.088888889,117.6422222,123.0,0.765,0.070823262,,2,,555.0,,1,10.0,14.94691364
Malaysia,Sabah,LG,forest_enrichment,1,0,0,0,0,0,,4,,,Dipterocarpus conformis,Dipterocarpus,conformis,Dipterocarpaceae,5.088888889,117.6422222,28.0,0.765,0.070823262,,2,,592.0,,1,2.0,39.51529893
Malaysia,Sabah,LG,forest_enrichment,1,0,0,0,0,0,,4,,,Shorea argentifolia,Shorea,argentifolia,Dipterocarpaceae,5.088888889,117.6422222,123.0,0.52,0.070823262,,2,,148.0,,1,10.0,1.491253642
Malaysia,Sabah,LG,forest_enrichment,1,0,0,0,0,0,,4,,,Shorea argentifolia,Shorea,argentifolia,Dipterocarpaceae,5.088888889,117.6422222,28.0,0.52,0.070823262,,2,,148.0,,1,2.0,15.2634873
Malaysia,Sabah,LG,forest_enrichment,1,0,0,0,0,0,,16,,,Shorea argentifolia,Shorea,argentifolia,Dipterocarpaceae,5.088888889,117.6422222,123.0,0.52,0.070823262,,2,,1184.0,,1,10.0,2.185617553
Malaysia,Sabah,LG,forest_enrichment,1,0,0,0,0,0,,16,,,Shorea argentifolia,Shorea,argentifolia,Dipterocarpaceae,5.088888889,117.6422222,28.0,0.52,0.070823262,,2,,1184.0,,1,2.0,20.09440921
Malaysia,Sabah,LG,forest_enrichment,1,0,0,0,0,0,,1,,,Shorea beccariana,Shorea,beccariana,Dipterocarpaceae,5.088888889,117.6422222,123.0,0.47,0.070823262,,2,,74.0,,1,10.0,26.04430273
Malaysia,Sabah,LG,forest_enrichment,1,0,0,0,0,0,,1,,,Shorea beccariana,Shorea,beccariana,Dipterocarpaceae,5.088888889,117.6422222,28.0,0.47,0.070823262,,2,,74.0,,1,2.0,54.23063513
Malaysia,Sabah,LG,forest_enrichment,1,0,0,0,0,0,,4,,,Shorea beccariana,Shorea,beccariana,Dipterocarpaceae,5.088888889,117.6422222,123.0,0.47,0.070823262,,2,,148.0,,1,10.0,12.14276037
Malaysia,Sabah,LG,forest_enrichment,1,0,0,0,0,0,,4,,,Shorea beccariana,Shorea,beccariana,Dipterocarpaceae,5.088888889,117.6422222,28.0,0.47,0.070823262,,2,,148.0,,1,2.0,39.91486437
Malaysia,Sabah,LG,forest_enrichment,1,0,0,0,0,0,,16,,,Shorea beccariana,Shorea,beccariana,Dipterocarpaceae,5.088888889,117.6422222,123.0,0.47,0.070823262,,2,,1184.0,,1,10.0,13.45877454
Malaysia,Sabah,LG,forest_enrichment,1,0,0,0,0,0,,16,,,Shorea beccariana,Shorea,beccariana,Dipterocarpaceae,5.088888889,117.6422222,28.0,0.47,0.070823262,,2,,1184.0,,1,2.0,38.34259591
Malaysia,Sabah,LG,forest_enrichment,1,0,0,0,0,0,,1,,,Shorea faguetiana,Shorea,faguetiana,Dipterocarpaceae,5.088888889,117.6422222,123.0,0.48,0.070823262,,2,,74.0,,1,10.0,6.37026286
Malaysia,Sabah,LG,forest_enrichment,1,0,0,0,0,0,,1,,,Shorea faguetiana,Shorea,faguetiana,Dipterocarpaceae,5.088888889,117.6422222,28.0,0.48,0.070823262,,2,,74.0,,1,2.0,19.85647476
Malaysia,Sabah,LG,forest_enrichment,1,0,0,0,0,0,,4,,,Shorea faguetiana,Shorea,faguetiana,Dipterocarpaceae,5.088888889,117.6422222,123.0,0.48,0.070823262,,2,,148.0,,1,10.0,3.372532515
Malaysia,Sabah,LG,forest_enrichment,1,0,0,0,0,0,,4,,,Shorea faguetiana,Shorea,faguetiana,Dipterocarpaceae,5.088888889,117.6422222,28.0,0.48,0.070823262,,2,,148.0,,1,2.0,20.92559583
Malaysia,Sabah,LG,forest_enrichment,1,0,0,0,0,0,,16,,,Shorea faguetiana,Shorea,faguetiana,Dipterocarpaceae,5.088888889,117.6422222,123.0,0.48,0.070823262,,2,,1184.0,,1,10.0,3.796011631
Malaysia,Sabah,LG,forest_enrichment,1,0,0,0,0,0,,16,,,Shorea faguetiana,Shorea,faguetiana,Dipterocarpaceae,5.088888889,117.6422222,28.0,0.48,0.070823262,,2,,1184.0,,1,2.0,22.14336461
Malaysia,Sabah,LG,forest_enrichment,1,0,0,0,0,0,,1,,,Shorea gibbosa,Shorea,gibbosa,Dipterocarpaceae,5.088888889,117.6422222,123.0,0.455,0.070823262,,2,,74.0,,1,10.0,5.685482274
Malaysia,Sabah,LG,forest_enrichment,1,0,0,0,0,0,,1,,,Shorea gibbosa,Shorea,gibbosa,Dipterocarpaceae,5.088888889,117.6422222,28.0,0.455,0.070823262,,2,,74.0,,1,2.0,27.66369578
Malaysia,Sabah,LG,forest_enrichment,1,0,0,0,0,0,,4,,,Shorea gibbosa,Shorea,gibbosa,Dipterocarpaceae,5.088888889,117.6422222,123.0,0.455,0.070823262,,2,,148.0,,1,10.0,3.925853332
Malaysia,Sabah,LG,forest_enrichment,1,0,0,0,0,0,,4,,,Shorea gibbosa,Shorea,gibbosa,Dipterocarpaceae,5.088888889,117.6422222,28.0,0.455,0.070823262,,2,,148.0,,1,2.0,20.90797188
Malaysia,Sabah,LG,forest_enrichment,1,0,0,0,0,0,,16,,,Dipterocarpus conformis,Dipterocarpus,conformis,Dipterocarpaceae,5.088888889,117.6422222,123.0,0.765,0.070823262,,2,,1184.0,,1,10.0,17.13603372
Malaysia,Sabah,LG,forest_enrichment,1,0,0,0,0,0,,16,,,Dipterocarpus conformis,Dipterocarpus,conformis,Dipterocarpaceae,5.088888889,117.6422222,28.0,0.765,0.070823262,,2,,1184.0,,1,2.0,44.94615322
Malaysia,Sabah,LG,forest_enrichment,1,0,0,0,0,0,,16,,,Shorea gibbosa,Shorea,gibbosa,Dipterocarpaceae,5.088888889,117.6422222,123.0,0.455,0.070823262,,2,,1184.0,,1,10.0,6.417895002
Malaysia,Sabah,LG,forest_enrichment,1,0,0,0,0,0,,16,,,Shorea gibbosa,Shorea,gibbosa,Dipterocarpaceae,5.088888889,117.6422222,28.0,0.455,0.070823262,,2,,1184.0,,1,2.0,22.73631332
Malaysia,Sabah,LG,forest_enrichment,1,0,0,0,0,0,,1,,,Shorea johorensis,Shorea,johorensis,Dipterocarpaceae,5.088888889,117.6422222,123.0,0.393333333,0.070823262,,3,,74.0,,1,10.0,14.02715566
Malaysia,Sabah,LG,forest_enrichment,1,0,0,0,0,0,,1,,,Shorea johorensis,Shorea,johorensis,Dipterocarpaceae,5.088888889,117.6422222,28.0,0.393333333,0.070823262,,3,,74.0,,1,2.0,38.46024636
Malaysia,Sabah,LG,forest_enrichment,1,0,0,0,0,0,,4,,,Shorea johorensis,Shorea,johorensis,Dipterocarpaceae,5.088888889,117.6422222,123.0,0.393333333,0.070823262,,3,,259.0,,1,10.0,13.2679254
Malaysia,Sabah,LG,forest_enrichment,1,0,0,0,0,0,,4,,,Shorea johorensis,Shorea,johorensis,Dipterocarpaceae,5.088888889,117.6422222,28.0,0.393333333,0.070823262,,3,,296.0,,1,2.0,39.13088321
Malaysia,Sabah,LG,forest_enrichment,1,0,0,0,0,0,,16,,,Shorea johorensis,Shorea,johorensis,Dipterocarpaceae,5.088888889,117.6422222,123.0,0.393333333,0.070823262,,3,,1184.0,,1,10.0,15.33140111
Malaysia,Sabah,LG,forest_enrichment,1,0,0,0,0,0,,16,,,Shorea johorensis,Shorea,johorensis,Dipterocarpaceae,5.088888889,117.6422222,28.0,0.393333333,0.070823262,,3,,1184.0,,1,2.0,44.86806698
Malaysia,Sabah,LG,forest_enrichment,1,0,0,0,0,0,,1,,,Shorea leprosula,Shorea,leprosula,Dipterocarpaceae,5.088888889,117.6422222,123.0,0.44,0.070823262,,4,,74.0,,1,10.0,6.939178517
Malaysia,Sabah,LG,forest_enrichment,1,0,0,0,0,0,,1,,,Shorea leprosula,Shorea,leprosula,Dipterocarpaceae,5.088888889,117.6422222,28.0,0.44,0.070823262,,4,,74.0,,1,2.0,34.00291652
Malaysia,Sabah,LG,forest_enrichment,1,0,0,0,0,0,,4,,,Shorea leprosula,Shorea,leprosula,Dipterocarpaceae,5.088888889,117.6422222,123.0,0.44,0.070823262,,4,,74.0,,1,10.0,5.577659888
Malaysia,Sabah,LG,forest_enrichment,1,0,0,0,0,0,,4,,,Shorea leprosula,Shorea,leprosula,Dipterocarpaceae,5.088888889,117.6422222,28.0,0.44,0.070823262,,4,,74.0,,1,2.0,26.60624816
Malaysia,Sabah,LG,forest_enrichment,1,0,0,0,0,0,,16,,,Shorea leprosula,Shorea,leprosula,Dipterocarpaceae,5.088888889,117.6422222,123.0,0.44,0.070823262,,4,,1184.0,,1,10.0,5.863883177
Malaysia,Sabah,LG,forest_enrichment,1,0,0,0,0,0,,16,,,Shorea leprosula,Shorea,leprosula,Dipterocarpaceae,5.088888889,117.6422222,28.0,0.44,0.070823262,,4,,1184.0,,1,2.0,32.28350542
Malaysia,Sabah,LG,forest_enrichment,1,0,0,0,0,0,,1,,,Shorea macrophylla,Shorea,macrophylla,Dipterocarpaceae,5.088888889,117.6422222,123.0,0.32,0.070823262,,1,,74.0,,1,10.0,7.67016665
Malaysia,Sabah,LG,forest_enrichment,1,0,0,0,0,0,,1,,,Shorea macrophylla,Shorea,macrophylla,Dipterocarpaceae,5.088888889,117.6422222,28.0,0.32,0.070823262,,1,,74.0,,1,2.0,38.05807342
Malaysia,Sabah,LG,forest_enrichment,1,0,0,0,0,0,,4,,,Shorea macrophylla,Shorea,macrophylla,Dipterocarpaceae,5.088888889,117.6422222,123.0,0.32,0.070823262,,1,,259.0,,1,10.0,11.37937539
Malaysia,Sabah,LG,forest_enrichment,1,0,0,0,0,0,,4,,,Shorea macrophylla,Shorea,macrophylla,Dipterocarpaceae,5.088888889,117.6422222,28.0,0.32,0.070823262,,1,,296.0,,1,2.0,32.93920007
Malaysia,Sabah,LG,forest_enrichment,1,0,0,0,0,0,,16,,,Shorea macrophylla,Shorea,macrophylla,Dipterocarpaceae,5.088888889,117.6422222,123.0,0.32,0.070823262,,1,,1184.0,,1,10.0,5.929113812
Malaysia,Sabah,LG,forest_enrichment,1,0,0,0,0,0,,16,,,Shorea macrophylla,Shorea,macrophylla,Dipterocarpaceae,5.088888889,117.6422222,28.0,0.32,0.070823262,,1,,1184.0,,1,2.0,26.48909343
Malaysia,Sabah,LG,forest_enrichment,1,0,0,0,0,0,,1,,,Dryobalanops lanceolata,Dryobalanops,lanceolata,Dipterocarpaceae,5.088888889,117.6422222,123.0,0.62,0.070823262,,2,,74.0,,1,10.0,8.01671197
Malaysia,Sabah,LG,forest_enrichment,1,0,0,0,0,0,,1,,,Dryobalanops lanceolata,Dryobalanops,lanceolata,Dipterocarpaceae,5.088888889,117.6422222,28.0,0.62,0.070823262,,2,,74.0,,1,2.0,31.18493909
Malaysia,Sabah,LG,forest_enrichment,1,0,0,0,0,0,,1,,,Shorea macroptera,Shorea,macroptera,Dipterocarpaceae,5.088888889,117.6422222,123.0,0.425,0.070823262,,4,,74.0,,1,10.0,8.931986534
Malaysia,Sabah,LG,forest_enrichment,1,0,0,0,0,0,,1,,,Shorea macroptera,Shorea,macroptera,Dipterocarpaceae,5.088888889,117.6422222,28.0,0.425,0.070823262,,4,,74.0,,1,2.0,36.02154883
Malaysia,Sabah,LG,forest_enrichment,1,0,0,0,0,0,,4,,,Shorea macroptera,Shorea,macroptera,Dipterocarpaceae,5.088888889,117.6422222,123.0,0.425,0.070823262,,4,,148.0,,1,10.0,12.2522426
Malaysia,Sabah,LG,forest_enrichment,1,0,0,0,0,0,,4,,,Shorea macroptera,Shorea,macroptera,Dipterocarpaceae,5.088888889,117.6422222,28.0,0.425,0.070823262,,4,,148.0,,1,2.0,38.07300747
Malaysia,Sabah,LG,forest_enrichment,1,0,0,0,0,0,,16,,,Shorea macroptera,Shorea,macroptera,Dipterocarpaceae,5.088888889,117.6422222,123.0,0.425,0.070823262,,4,,1184.0,,1,10.0,9.670298043
Malaysia,Sabah,LG,forest_enrichment,1,0,0,0,0,0,,16,,,Shorea macroptera,Shorea,macroptera,Dipterocarpaceae,5.088888889,117.6422222,28.0,0.425,0.070823262,,4,,1184.0,,1,2.0,36.7096889
Malaysia,Sabah,LG,forest_enrichment,1,0,0,0,0,0,,1,,,Shorea ovalis,Shorea,ovalis,Dipterocarpaceae,5.088888889,117.6422222,123.0,0.43,0.070823262,,2,,74.0,,1,10.0,19.76692914
Malaysia,Sabah,LG,forest_enrichment,1,0,0,0,0,0,,1,,,Shorea ovalis,Shorea,ovalis,Dipterocarpaceae,5.088888889,117.6422222,28.0,0.43,0.070823262,,2,,74.0,,1,2.0,50.63543307
Malaysia,Sabah,LG,forest_enrichment,1,0,0,0,0,0,,4,,,Shorea ovalis,Shorea,ovalis,Dipterocarpaceae,5.088888889,117.6422222,123.0,0.43,0.070823262,,2,,222.0,,1,10.0,19.12438239
Malaysia,Sabah,LG,forest_enrichment,1,0,0,0,0,0,,4,,,Shorea ovalis,Shorea,ovalis,Dipterocarpaceae,5.088888889,117.6422222,28.0,0.43,0.070823262,,2,,222.0,,1,2.0,50.82080411
Malaysia,Sabah,LG,forest_enrichment,1,0,0,0,0,0,,16,,,Shorea ovalis,Shorea,ovalis,Dipterocarpaceae,5.088888889,117.6422222,123.0,0.43,0.070823262,,2,,1184.0,,1,10.0,18.11250768
Malaysia,Sabah,LG,forest_enrichment,1,0,0,0,0,0,,16,,,Shorea ovalis,Shorea,ovalis,Dipterocarpaceae,5.088888889,117.6422222,28.0,0.43,0.070823262,,2,,1184.0,,1,2.0,49.46456952
Malaysia,Sabah,LG,forest_enrichment,1,0,0,0,0,0,,1,,,Shorea parvifolia,Shorea,parvifolia,Dipterocarpaceae,5.088888889,117.6422222,123.0,0.405,0.070823262,,2,,74.0,,1,10.0,3.988250012
Malaysia,Sabah,LG,forest_enrichment,1,0,0,0,0,0,,1,,,Shorea parvifolia,Shorea,parvifolia,Dipterocarpaceae,5.088888889,117.6422222,28.0,0.405,0.070823262,,2,,74.0,,1,2.0,28.25602218
Malaysia,Sabah,LG,forest_enrichment,1,0,0,0,0,0,,4,,,Shorea parvifolia,Shorea,parvifolia,Dipterocarpaceae,5.088888889,117.6422222,123.0,0.405,0.070823262,,2,,111.0,,1,10.0,4.561877207
Malaysia,Sabah,LG,forest_enrichment,1,0,0,0,0,0,,4,,,Shorea parvifolia,Shorea,parvifolia,Dipterocarpaceae,5.088888889,117.6422222,28.0,0.405,0.070823262,,2,,148.0,,1,2.0,27.16704928
Malaysia,Sabah,LG,forest_enrichment,1,0,0,0,0,0,,16,,,Shorea parvifolia,Shorea,parvifolia,Dipterocarpaceae,5.088888889,117.6422222,123.0,0.405,0.070823262,,2,,1184.0,,1,10.0,4.788957045
Malaysia,Sabah,LG,forest_enrichment,1,0,0,0,0,0,,16,,,Shorea parvifolia,Shorea,parvifolia,Dipterocarpaceae,5.088888889,117.6422222,28.0,0.405,0.070823262,,2,,1184.0,,1,2.0,27.45921821
Malaysia,Sabah,LG,forest_enrichment,1,0,0,0,0,0,,4,,,Dryobalanops lanceolata,Dryobalanops,lanceolata,Dipterocarpaceae,5.088888889,117.6422222,123.0,0.62,0.070823262,,2,,555.0,,1,10.0,12.15536473
Malaysia,Sabah,LG,forest_enrichment,1,0,0,0,0,0,,4,,,Dryobalanops lanceolata,Dryobalanops,lanceolata,Dipterocarpaceae,5.088888889,117.6422222,28.0,0.62,0.070823262,,2,,592.0,,1,2.0,34.91279462
Malaysia,Sabah,LG,forest_enrichment,1,0,0,0,0,0,,16,,,Dryobalanops lanceolata,Dryobalanops,lanceolata,Dipterocarpaceae,5.088888889,117.6422222,123.0,0.62,0.070823262,,2,,1184.0,,1,10.0,15.56112245
Malaysia,Sabah,LG,forest_enrichment,1,0,0,0,0,0,,16,,,Dryobalanops lanceolata,Dryobalanops,lanceolata,Dipterocarpaceae,5.088888889,117.6422222,28.0,0.62,0.070823262,,2,,1184.0,,1,2.0,42.92266932
Malaysia,Sabah,LG,forest_enrichment,1,0,0,0,0,0,,1,,,Hopea ferruginea,Hopea,ferruginea,Dipterocarpaceae,5.088888889,117.6422222,123.0,0.58,0.070823262,,3,,74.0,,1,10.0,14.86030354
Malaysia,Sabah,LG,forest_enrichment,1,0,0,0,0,0,,1,,,Hopea ferruginea,Hopea,ferruginea,Dipterocarpaceae,5.088888889,117.6422222,28.0,0.58,0.070823262,,3,,74.0,,1,2.0,34.63913801
Malaysia,Sabah,LG,forest_enrichment,1,0,0,0,0,0,,4,,,Hopea ferruginea,Hopea,ferruginea,Dipterocarpaceae,5.088888889,117.6422222,123.0,0.58,0.070823262,,3,,555.0,,1,10.0,4.753882148
Malaysia,Sabah,LG,forest_enrichment,1,0,0,0,0,0,,4,,,Hopea ferruginea,Hopea,ferruginea,Dipterocarpaceae,5.088888889,117.6422222,28.0,0.58,0.070823262,,3,,592.0,,1,2.0,15.30566758
Malaysia,Sabah,LG,forest_enrichment,1,0,0,0,0,0,,16,,,Hopea ferruginea,Hopea,ferruginea,Dipterocarpaceae,5.088888889,117.6422222,123.0,0.58,0.070823262,,3,,1184.0,,1,10.0,7.181406123
Malaysia,Sabah,LG,forest_enrichment,1,0,0,0,0,0,,16,,,Hopea ferruginea,Hopea,ferruginea,Dipterocarpaceae,5.088888889,117.6422222,28.0,0.58,0.070823262,,3,,1184.0,,1,2.0,20.74451166
China,Guangdong,PL,plantation_enrichment,1,0,0,0,0,1,,1,6.0,,Castanopsis sclerophylla,Castanopsis,sclerophylla,Fagaceae,22.85,112.9,20.0,0.459,0.070823262,,3,,90.0,,1,2.0,81.044985
China,Guangdong,PL,plantation_enrichment,0,0,0,0,0,1,,1,6.0,,Michelia chapensis,Michelia,chapensis,Magnoliaceae,22.85,112.9,20.0,0.488018519,0.09413391,,18,,90.0,,1,2.0,46.39662883
China,Guangdong,PL,plantation_enrichment,1,0,0,0,0,1,,1,6.0,,Psychotria asiatica,Psychotria,asiatica,Rubiaceae,22.85,112.9,20.0,0.5636,0.09413391,,5,,90.0,,1,2.0,30.05675955
China,Guangdong,PL,plantation_enrichment,0,0,0,0,0,1,,1,6.0,,Psychotria asiatica,Psychotria,asiatica,Rubiaceae,22.85,112.9,20.0,0.5636,0.09413391,,5,,90.0,,1,2.0,49.19160647
China,Guangdong,PL,plantation_enrichment,1,0,0,0,0,1,,1,6.0,,Castanopsis sclerophylla,Castanopsis,sclerophylla,Fagaceae,22.85,112.9,20.0,0.459,0.070823262,,3,,90.0,,1,2.0,73.48641211
China,Guangdong,PL,plantation_enrichment,0,0,0,0,0,1,,1,6.0,,Castanopsis sclerophylla,Castanopsis,sclerophylla,Fagaceae,22.85,112.9,20.0,0.459,0.070823262,,3,,90.0,,1,2.0,59.29652563
China,Guangdong,PL,plantation_enrichment,1,0,0,0,0,1,,1,6.0,,Michelia chapensis,Michelia,chapensis,Magnoliaceae,22.85,112.9,20.0,0.488018519,0.09413391,,18,,90.0,,1,2.0,65.96147231
China,Guangdong,PL,plantation_enrichment,0,0,0,0,0,1,,1,6.0,,Michelia chapensis,Michelia,chapensis,Magnoliaceae,22.85,112.9,20.0,0.488018519,0.09413391,,18,,90.0,,1,2.0,47.47162023
China,Guangdong,PL,plantation_enrichment,1,0,0,0,0,1,,1,6.0,,Psychotria asiatica,Psychotria,asiatica,Rubiaceae,22.85,112.9,20.0,0.5636,0.09413391,,5,,90.0,,1,2.0,91.97626419
China,Guangdong,PL,plantation_enrichment,0,0,0,0,0,1,,1,6.0,,Psychotria asiatica,Psychotria,asiatica,Rubiaceae,22.85,112.9,20.0,0.5636,0.09413391,,5,,90.0,,1,2.0,74.77640179
China,Guangdong,AG,open_degraded,1,0,0,0,0,1,,1,6.0,,Castanopsis sclerophylla,Castanopsis,sclerophylla,Fagaceae,22.85,112.9,20.0,0.459,0.070823262,,3,,90.0,,1,2.0,51.50862069
China,Guangdong,PL,plantation_enrichment,0,0,0,0,0,1,,1,6.0,,Castanopsis sclerophylla,Castanopsis,sclerophylla,Fagaceae,22.85,112.9,20.0,0.459,0.070823262,,3,,90.0,,1,2.0,65.82539154
China,Guangdong,AG,open_degraded,0,0,0,0,0,1,,1,6.0,,Castanopsis sclerophylla,Castanopsis,sclerophylla,Fagaceae,22.85,112.9,20.0,0.459,0.070823262,,3,,90.0,,1,2.0,49.35344828
China,Guangdong,AG,open_degraded,1,0,0,0,0,1,,1,6.0,,Michelia chapensis,Michelia,chapensis,Magnoliaceae,22.85,112.9,20.0,0.488018519,0.09413391,,18,,90.0,,1,2.0,16.81034483
China,Guangdong,AG,open_degraded,0,0,0,0,0,1,,1,6.0,,Michelia chapensis,Michelia,chapensis,Magnoliaceae,22.85,112.9,20.0,0.488018519,0.09413391,,18,,90.0,,1,2.0,4.525862069
China,Guangdong,AG,open_degraded,1,0,0,0,0,1,,1,6.0,,Psychotria asiatica,Psychotria,asiatica,Rubiaceae,22.85,112.9,20.0,0.5636,0.09413391,,5,,90.0,,1,2.0,67.24137931
China,Guangdong,AG,open_degraded,0,0,0,0,0,1,,1,6.0,,Psychotria asiatica,Psychotria,asiatica,Rubiaceae,22.85,112.9,20.0,0.5636,0.09413391,,5,,90.0,,1,2.0,65.0862069
China,Guangdong,PL,plantation_enrichment,1,0,0,0,0,1,,1,6.0,,Castanopsis sclerophylla,Castanopsis,sclerophylla,Fagaceae,22.85,112.9,20.0,0.459,0.070823262,,3,,90.0,,1,2.0,82.32758621
China,Guangdong,PL,plantation_enrichment,0,0,0,0,0,1,,1,6.0,,Castanopsis sclerophylla,Castanopsis,sclerophylla,Fagaceae,22.85,112.9,20.0,0.459,0.070823262,,3,,90.0,,1,2.0,48.49137931
China,Guangdong,PL,plantation_enrichment,1,0,0,0,0,1,,1,6.0,,Michelia chapensis,Michelia,chapensis,Magnoliaceae,22.85,112.9,20.0,0.488018519,0.09413391,,18,,90.0,,1,2.0,61.63793103
China,Guangdong,PL,plantation_enrichment,0,0,0,0,0,1,,1,6.0,,Michelia chapensis,Michelia,chapensis,Magnoliaceae,22.85,112.9,20.0,0.488018519,0.09413391,,18,,90.0,,1,2.0,48.06034483
China,Guangdong,PL,plantation_enrichment,1,0,0,0,0,1,,1,6.0,,Psychotria asiatica,Psychotria,asiatica,Rubiaceae,22.85,112.9,20.0,0.5636,0.09413391,,5,,90.0,,1,2.0,77.37068966
China,Guangdong,PL,plantation_enrichment,1,0,0,0,0,1,,1,6.0,,Michelia chapensis,Michelia,chapensis,Magnoliaceae,22.85,112.9,20.0,0.488018519,0.09413391,,18,,90.0,,1,2.0,29.80073309
China,Guangdong,PL,plantation_enrichment,0,0,0,0,0,1,,1,6.0,,Psychotria asiatica,Psychotria,asiatica,Rubiaceae,22.85,112.9,20.0,0.5636,0.09413391,,5,,90.0,,1,2.0,64.65517241
China,Guangdong,PL,plantation_enrichment,0,0,0,0,0,1,,1,6.0,,Michelia chapensis,Michelia,chapensis,Magnoliaceae,22.85,112.9,20.0,0.488018519,0.09413391,,18,,90.0,,1,2.0,23.58813729
China,Guangdong,PL,plantation_enrichment,1,0,0,0,0,1,,1,6.0,,Psychotria asiatica,Psychotria,asiatica,Rubiaceae,22.85,112.9,20.0,0.5636,0.09413391,,5,,90.0,,1,2.0,92.53515495
China,Guangdong,PL,plantation_enrichment,0,0,0,0,0,1,,1,6.0,,Psychotria asiatica,Psychotria,asiatica,Rubiaceae,22.85,112.9,20.0,0.5636,0.09413391,,5,,90.0,,1,2.0,83.52815728
China,Guangdong,PL,plantation_enrichment,1,0,0,0,0,1,,1,6.0,,Castanopsis sclerophylla,Castanopsis,sclerophylla,Fagaceae,22.85,112.9,20.0,0.459,0.070823262,,3,,90.0,,1,2.0,78.00137599
China,Guangdong,PL,plantation_enrichment,0,0,0,0,0,1,,1,6.0,,Castanopsis sclerophylla,Castanopsis,sclerophylla,Fagaceae,22.85,112.9,20.0,0.459,0.070823262,,3,,90.0,,1,2.0,60.37151703
China,Guangdong,PL,plantation_enrichment,1,0,0,0,0,1,,1,6.0,,Michelia chapensis,Michelia,chapensis,Magnoliaceae,22.85,112.9,20.0,0.488018519,0.09413391,,18,,90.0,,1,2.0,29.84176127
Thailand,Phangnaga,M,open_degraded,1,0,0,0,0,0,,6,18.0,,Dipterocarpus gracilis,Dipterocarpus,gracilis,Dipterocarpaceae,8.85,98.31666667,12.0,0.603333333,0.070823262,,3,,30.0,,1,1.0,86.71039627
Thailand,Phangnaga,M,open_degraded,1,0,0,0,0,0,,6,18.0,,Dipterocarpus gracilis,Dipterocarpus,gracilis,Dipterocarpaceae,8.85,98.31666667,24.0,0.603333333,0.070823262,,3,,30.0,,1,2.0,0.134033542
Thailand,Phangnaga,M,open_degraded,1,0,0,0,0,0,,6,18.0,,Dipterocarpus gracilis,Dipterocarpus,gracilis,Dipterocarpaceae,8.85,98.31666667,36.0,0.603333333,0.070823262,,3,,30.0,,1,3.0,0.288468197
Thailand,Phangnaga,M,plantation_enrichment,1,0,0,0,0,0,,6,18.0,,Shorea gratissima,Shorea,gratissima,Dipterocarpaceae,8.85,98.31666667,12.0,0.64,0.070823262,,2,,30.0,,1,1.0,99.72077821
Thailand,Phangnaga,M,plantation_enrichment,1,0,0,0,0,0,,6,18.0,,Shorea gratissima,Shorea,gratissima,Dipterocarpaceae,8.85,98.31666667,24.0,0.64,0.070823262,,2,,30.0,,1,2.0,99.5751965
Thailand,Phangnaga,M,plantation_enrichment,1,0,0,0,0,0,,6,18.0,,Shorea gratissima,Shorea,gratissima,Dipterocarpaceae,8.85,98.31666667,36.0,0.64,0.070823262,,2,,30.0,,1,3.0,99.13599221
Thailand,Phangnaga,M,plantation_enrichment,1,0,0,0,0,0,,6,18.0,,Shorea roxburghii,Shorea,roxburghii,Dipterocarpaceae,8.85,98.31666667,12.0,0.7,0.070823262,,1,,30.0,,1,1.0,97.92215549
Thailand,Phangnaga,M,plantation_enrichment,1,0,0,0,0,0,,6,18.0,,Shorea roxburghii,Shorea,roxburghii,Dipterocarpaceae,8.85,98.31666667,24.0,0.7,0.070823262,,1,,30.0,,1,2.0,98.07609832
Thailand,Phangnaga,M,plantation_enrichment,1,0,0,0,0,0,,6,18.0,,Shorea roxburghii,Shorea,roxburghii,Dipterocarpaceae,8.85,98.31666667,36.0,0.7,0.070823262,,1,,30.0,,1,3.0,97.93346758
Thailand,Phangnaga,M,plantation_enrichment,1,0,0,0,0,0,,6,18.0,,Parashorea stellata,Parashorea,stellata,Dipterocarpaceae,8.85,98.31666667,12.0,0.63,0.070823262,,1,,30.0,,1,1.0,97.61377801
Thailand,Phangnaga,M,plantation_enrichment,1,0,0,0,0,0,,6,18.0,,Parashorea stellata,Parashorea,stellata,Dipterocarpaceae,8.85,98.31666667,24.0,0.63,0.070823262,,1,,30.0,,1,2.0,84.65405457
Thailand,Phangnaga,M,plantation_enrichment,1,0,0,0,0,0,,6,18.0,,Parashorea stellata,Parashorea,stellata,Dipterocarpaceae,8.85,98.31666667,36.0,0.63,0.070823262,,1,,30.0,,1,3.0,74.37628073
Thailand,Phangnaga,M,open_degraded,1,0,0,0,0,0,,6,18.0,,Dipterocarpus scaber,Dipterocarpus,scaber,Dipterocarpaceae,8.85,98.31666667,12.0,0.654277244,0.09413391,,52,,30.0,,1,1.0,97.43032538
Thailand,Phangnaga,M,open_degraded,1,0,0,0,0,0,,6,18.0,,Dipterocarpus scaber,Dipterocarpus,scaber,Dipterocarpaceae,8.85,98.31666667,24.0,0.654277244,0.09413391,,52,,30.0,,1,2.0,32.9066412
Thailand,Phangnaga,M,open_degraded,1,0,0,0,0,0,,6,18.0,,Dipterocarpus scaber,Dipterocarpus,scaber,Dipterocarpaceae,8.85,98.31666667,36.0,0.654277244,0.09413391,,52,,30.0,,1,3.0,32.76302681
Thailand,Phangnaga,M,open_degraded,1,0,0,0,0,0,,6,18.0,,Hopea odorata,Hopea,odorata,Dipterocarpaceae,8.85,98.31666667,12.0,0.635,0.070823262,,2,,30.0,,1,1.0,99.8038975
Thailand,Phangnaga,M,open_degraded,1,0,0,0,0,0,,6,18.0,,Hopea odorata,Hopea,odorata,Dipterocarpaceae,8.85,98.31666667,24.0,0.635,0.070823262,,2,,30.0,,1,2.0,44.51924197
Thailand,Phangnaga,M,open_degraded,1,0,0,0,0,0,,6,18.0,,Hopea odorata,Hopea,odorata,Dipterocarpaceae,8.85,98.31666667,36.0,0.635,0.070823262,,2,,30.0,,1,3.0,44.67466028
Thailand,Phangnaga,M,open_degraded,1,0,0,0,0,0,,6,18.0,,Shorea gratissima,Shorea,gratissima,Dipterocarpaceae,8.85,98.31666667,12.0,0.64,0.070823262,,2,,30.0,,1,1.0,99.79160175
Thailand,Phangnaga,M,open_degraded,1,0,0,0,0,0,,6,18.0,,Shorea gratissima,Shorea,gratissima,Dipterocarpaceae,8.85,98.31666667,24.0,0.64,0.070823262,,2,,30.0,,1,2.0,0.101080925
Thailand,Phangnaga,M,open_degraded,1,0,0,0,0,0,,6,18.0,,Shorea gratissima,Shorea,gratissima,Dipterocarpaceae,8.85,98.31666667,36.0,0.64,0.070823262,,2,,30.0,,1,3.0,0.552580967
Thailand,Phangnaga,M,open_degraded,1,0,0,0,0,0,,6,18.0,,Shorea roxburghii,Shorea,roxburghii,Dipterocarpaceae,8.85,98.31666667,12.0,0.7,0.070823262,,1,,30.0,,1,1.0,95.60957031
Thailand,Phangnaga,M,open_degraded,1,0,0,0,0,0,,6,18.0,,Shorea roxburghii,Shorea,roxburghii,Dipterocarpaceae,8.85,98.31666667,24.0,0.7,0.070823262,,1,,30.0,,1,2.0,61.7859217
Thailand,Phangnaga,M,open_degraded,1,0,0,0,0,0,,6,18.0,,Shorea roxburghii,Shorea,roxburghii,Dipterocarpaceae,8.85,98.31666667,36.0,0.7,0.070823262,,1,,30.0,,1,3.0,61.64279914
Thailand,Phangnaga,M,open_degraded,1,0,0,0,0,0,,6,18.0,,Parashorea stellata,Parashorea,stellata,Dipterocarpaceae,8.85,98.31666667,12.0,0.63,0.070823262,,1,,30.0,,1,1.0,97.08948711
Thailand,Phangnaga,M,open_degraded,1,0,0,0,0,0,,6,18.0,,Parashorea stellata,Parashorea,stellata,Dipterocarpaceae,8.85,98.31666667,24.0,0.63,0.070823262,,1,,30.0,,1,2.0,0.674063005
Thailand,Phangnaga,M,open_degraded,1,0,0,0,0,0,,6,18.0,,Parashorea stellata,Parashorea,stellata,Dipterocarpaceae,8.85,98.31666667,36.0,0.63,0.070823262,,1,,30.0,,1,3.0,0.531924102
Thailand,Phangnaga,M,plantation_enrichment,1,0,0,0,0,0,,6,18.0,,Dipterocarpus gracilis,Dipterocarpus,gracilis,Dipterocarpaceae,8.85,98.31666667,12.0,0.603333333,0.070823262,,3,,30.0,,1,1.0,74.41906995
Thailand,Phangnaga,M,plantation_enrichment,1,0,0,0,0,0,,6,18.0,,Dipterocarpus gracilis,Dipterocarpus,gracilis,Dipterocarpaceae,8.85,98.31666667,24.0,0.603333333,0.070823262,,3,,30.0,,1,2.0,44.76712434
Thailand,Phangnaga,M,plantation_enrichment,1,0,0,0,0,0,,6,18.0,,Dipterocarpus gracilis,Dipterocarpus,gracilis,Dipterocarpaceae,8.85,98.31666667,36.0,0.603333333,0.070823262,,3,,30.0,,1,3.0,36.57667749
Thailand,Phangnaga,M,plantation_enrichment,1,0,0,0,0,0,,6,18.0,,Dipterocarpus scaber,Dipterocarpus,scaber,Dipterocarpaceae,8.85,98.31666667,12.0,0.654277244,0.09413391,,52,,30.0,,1,1.0,97.95314079
Thailand,Phangnaga,M,plantation_enrichment,1,0,0,0,0,0,,6,18.0,,Dipterocarpus scaber,Dipterocarpus,scaber,Dipterocarpaceae,8.85,98.31666667,24.0,0.654277244,0.09413391,,52,,30.0,,1,2.0,96.02172394
Thailand,Phangnaga,M,plantation_enrichment,1,0,0,0,0,0,,6,18.0,,Dipterocarpus scaber,Dipterocarpus,scaber,Dipterocarpaceae,8.85,98.31666667,36.0,0.654277244,0.09413391,,52,,30.0,,1,3.0,95.87761772
Thailand,Phangnaga,M,plantation_enrichment,1,0,0,0,0,0,,6,18.0,,Hopea odorata,Hopea,odorata,Dipterocarpaceae,8.85,98.31666667,12.0,0.635,0.070823262,,2,,30.0,,1,1.0,99.72963115
Thailand,Phangnaga,M,plantation_enrichment,1,0,0,0,0,0,,6,18.0,,Hopea odorata,Hopea,odorata,Dipterocarpaceae,8.85,98.31666667,24.0,0.635,0.070823262,,2,,30.0,,1,2.0,99.58749225
Thailand,Phangnaga,M,plantation_enrichment,1,0,0,0,0,0,,6,18.0,,Hopea odorata,Hopea,odorata,Dipterocarpaceae,8.85,98.31666667,36.0,0.635,0.070823262,,2,,30.0,,1,3.0,99.44436969
Thailand,Chiang Mai,AG,forest_enrichment,1,0,0,0,1,1,,20,,,Acrocarpus fraxinifolius,Acrocarpus,fraxinifolius,Fabaceae,18.55,98.23333333,10.0,0.5915,0.070823262,,2,,75.0,,1,1.0,33.5
Thailand,Chiang Mai,AG,forest_enrichment,1,0,0,0,1,1,,20,,,Acrocarpus fraxinifolius,Acrocarpus,fraxinifolius,Fabaceae,18.55,98.23333333,23.0,0.5915,0.070823262,,2,,75.0,,1,2.0,14.9
Thailand,Chiang Mai,AG,forest_enrichment,1,0,0,0,1,1,,20,,,Acrocarpus fraxinifolius,Acrocarpus,fraxinifolius,Fabaceae,18.55,98.23333333,0.5,0.5915,0.070823262,,2,,75.0,,1,9999.0,98.7
Thailand,Chiang Mai,AG,forest_enrichment,1,0,0,0,1,1,,20,,,Tetradium glabrifolium,Tetradium,glabrifolium,Rutaceae,18.55,98.23333333,10.0,0.232,0.09413391,,1,,75.0,,1,1.0,34.7
Thailand,Chiang Mai,AG,forest_enrichment,1,0,0,0,1,1,,20,,,Tetradium glabrifolium,Tetradium,glabrifolium,Rutaceae,18.55,98.23333333,23.0,0.232,0.09413391,,1,,75.0,,1,2.0,14.9
Thailand,Chiang Mai,AG,forest_enrichment,1,0,0,0,1,1,,20,,,Tetradium glabrifolium,Tetradium,glabrifolium,Rutaceae,18.55,98.23333333,0.5,0.232,0.09413391,,1,,75.0,,1,9999.0,97.3
Thailand,Chiang Mai,AG,forest_enrichment,1,0,0,0,1,1,,20,,,Ficus fistulosa,Ficus,fistulosa,Moraceae,18.55,98.23333333,10.0,0.38,0.070823262,,1,,75.0,,1,1.0,82.7
Thailand,Chiang Mai,AG,forest_enrichment,1,0,0,0,1,1,,20,,,Ficus fistulosa,Ficus,fistulosa,Moraceae,18.55,98.23333333,23.0,0.38,0.070823262,,1,,75.0,,1,2.0,68.0
Thailand,Chiang Mai,AG,forest_enrichment,1,0,0,0,1,1,,20,,,Ficus fistulosa,Ficus,fistulosa,Moraceae,18.55,98.23333333,0.5,0.38,0.070823262,,1,,75.0,,1,9999.0,100.0
Thailand,Chiang Mai,AG,forest_enrichment,1,0,0,0,1,1,,20,,,Ficus subulata,Ficus,subulata,Moraceae,18.55,98.23333333,10.0,0.405534662,0.09413391,,92,,75.0,,1,1.0,66.7
Thailand,Chiang Mai,AG,forest_enrichment,1,0,0,0,1,1,,20,,,Ficus subulata,Ficus,subulata,Moraceae,18.55,98.23333333,23.0,0.405534662,0.09413391,,92,,75.0,,1,2.0,45.3
Thailand,Chiang Mai,AG,forest_enrichment,1,0,0,0,1,1,,20,,,Ficus subulata,Ficus,subulata,Moraceae,18.55,98.23333333,0.5,0.405534662,0.09413391,,92,,75.0,,1,9999.0,100.0
Thailand,Chiang Mai,AG,forest_enrichment,1,0,0,0,1,1,,20,,,Helicia nilagirica,Helicia,nilagirica,Proteaceae,18.55,98.23333333,10.0,0.641,0.070823262,,3,,75.0,,1,1.0,34.7
Thailand,Chiang Mai,AG,forest_enrichment,1,0,0,0,1,1,,20,,,Helicia nilagirica,Helicia,nilagirica,Proteaceae,18.55,98.23333333,23.0,0.641,0.070823262,,3,,75.0,,1,2.0,16.0
Thailand,Chiang Mai,AG,forest_enrichment,1,0,0,0,1,1,,20,,,Helicia nilagirica,Helicia,nilagirica,Proteaceae,18.55,98.23333333,0.5,0.641,0.070823262,,3,,75.0,,1,9999.0,100.0
Thailand,Chiang Mai,AG,forest_enrichment,1,0,0,0,1,1,,20,,,Hovenia dulcis,Hovenia,dulcis,Rhamnaceae,18.55,98.23333333,10.0,0.543,0.070823262,,4,,75.0,,1,1.0,54.1
Thailand,Chiang Mai,AG,forest_enrichment,1,0,0,0,1,1,,20,,,Hovenia dulcis,Hovenia,dulcis,Rhamnaceae,18.55,98.23333333,23.0,0.543,0.070823262,,4,,75.0,,1,2.0,45.3
Thailand,Chiang Mai,AG,forest_enrichment,1,0,0,0,1,1,,20,,,Hovenia dulcis,Hovenia,dulcis,Rhamnaceae,18.55,98.23333333,0.5,0.543,0.070823262,,4,,75.0,,1,9999.0,97.3
Thailand,Chiang Mai,AG,forest_enrichment,1,0,0,0,1,1,,20,,,Ostodes paniculata,Ostodes,paniculata,Euphorbiaceae,18.55,98.23333333,10.0,0.339,0.070823262,,2,,75.0,,1,1.0,45.6
Thailand,Chiang Mai,AG,forest_enrichment,1,0,0,0,1,1,,20,,,Ostodes paniculata,Ostodes,paniculata,Euphorbiaceae,18.55,98.23333333,23.0,0.339,0.070823262,,2,,75.0,,1,2.0,18.3
Thailand,Chiang Mai,AG,forest_enrichment,1,0,0,0,1,1,,20,,,Ostodes paniculata,Ostodes,paniculata,Euphorbiaceae,18.55,98.23333333,0.5,0.339,0.070823262,,2,,75.0,,1,9999.0,98.5
Thailand,Chiang Mai,AG,forest_enrichment,1,0,0,0,1,1,,20,,,Phyllanthus emblica,Phyllanthus,emblica,Phyllanthaceae,18.55,98.23333333,10.0,0.636,0.070823262,,3,,75.0,,1,1.0,57.0
Thailand,Chiang Mai,AG,forest_enrichment,1,0,0,0,1,1,,20,,,Phyllanthus emblica,Phyllanthus,emblica,Phyllanthaceae,18.55,98.23333333,23.0,0.636,0.070823262,,3,,75.0,,1,2.0,41.3
Thailand,Chiang Mai,AG,forest_enrichment,1,0,0,0,1,1,,20,,,Phyllanthus emblica,Phyllanthus,emblica,Phyllanthaceae,18.55,98.23333333,0.5,0.636,0.070823262,,3,,75.0,,1,9999.0,97.2
Thailand,Chiang Mai,AG,forest_enrichment,1,0,0,0,1,1,,20,,,Prunus campanulata,Prunus,campanulata,Rosaceae,18.55,98.23333333,10.0,0.585666667,0.09413391,,27,,75.0,,1,1.0,40.1
Thailand,Chiang Mai,AG,forest_enrichment,1,0,0,0,1,1,,20,,,Prunus campanulata,Prunus,campanulata,Rosaceae,18.55,98.23333333,23.0,0.585666667,0.09413391,,27,,75.0,,1,2.0,14.9
Thailand,Chiang Mai,AG,forest_enrichment,1,0,0,0,1,1,,20,,,Prunus campanulata,Prunus,campanulata,Rosaceae,18.55,98.23333333,0.5,0.585666667,0.09413391,,27,,75.0,,1,9999.0,98.6
Thailand,Chiang Mai,AG,forest_enrichment,1,0,0,0,1,1,,20,,,Quercus gomeziana,Quercus,gomeziana,Fagaceae,18.55,98.23333333,10.0,0.700799975,0.09413391,,94,,75.0,,1,1.0,30.1
Thailand,Chiang Mai,AG,forest_enrichment,1,0,0,0,1,1,,20,,,Quercus gomeziana,Quercus,gomeziana,Fagaceae,18.55,98.23333333,23.0,0.700799975,0.09413391,,94,,75.0,,1,2.0,10.7
Thailand,Chiang Mai,AG,forest_enrichment,1,0,0,0,1,1,,20,,,Quercus gomeziana,Quercus,gomeziana,Fagaceae,18.55,98.23333333,0.5,0.700799975,0.09413391,,94,,75.0,,1,9999.0,97.2
Thailand,Chiang Mai,AG,forest_enrichment,1,0,0,0,1,1,,20,,,Schima wallichii,Schima,wallichii,Theaceae,18.55,98.23333333,10.0,0.55775,0.070823262,,8,,75.0,,1,1.0,45.1
Thailand,Chiang Mai,AG,forest_enrichment,1,0,0,0,1,1,,20,,,Schima wallichii,Schima,wallichii,Theaceae,18.55,98.23333333,23.0,0.55775,0.070823262,,8,,75.0,,1,2.0,38.9
Thailand,Chiang Mai,AG,forest_enrichment,1,0,0,0,1,1,,20,,,Schima wallichii,Schima,wallichii,Theaceae,18.55,98.23333333,0.5,0.55775,0.070823262,,8,,75.0,,1,9999.0,97.2
Thailand,Chiang Mai,AG,forest_enrichment,1,0,0,0,1,1,,20,,,Afzelia xylocarpa,Afzelia,xylocarpa,Fabaceae,18.55,98.23333333,10.0,0.669883983,0.09413391,,10,,75.0,,1,1.0,43.8
Thailand,Chiang Mai,AG,forest_enrichment,1,0,0,0,1,1,,20,,,Afzelia xylocarpa,Afzelia,xylocarpa,Fabaceae,18.55,98.23333333,23.0,0.669883983,0.09413391,,10,,75.0,,1,2.0,4.1
Thailand,Chiang Mai,AG,forest_enrichment,1,0,0,0,1,1,,20,,,Afzelia xylocarpa,Afzelia,xylocarpa,Fabaceae,18.55,98.23333333,0.5,0.669883983,0.09413391,,10,,75.0,,1,9999.0,100.0
Thailand,Chiang Mai,AG,forest_enrichment,1,0,0,0,1,1,,20,,,Terminalia bellirica,Terminalia,bellirica,Combretaceae,18.55,98.23333333,10.0,0.630496778,0.09413391,,55,,75.0,,1,1.0,64.4
Thailand,Chiang Mai,AG,forest_enrichment,1,0,0,0,1,1,,20,,,Terminalia bellirica,Terminalia,bellirica,Combretaceae,18.55,98.23333333,23.0,0.630496778,0.09413391,,55,,75.0,,1,2.0,21.3
Thailand,Chiang Mai,AG,forest_enrichment,1,0,0,0,1,1,,20,,,Terminalia bellirica,Terminalia,bellirica,Combretaceae,18.55,98.23333333,0.5,0.630496778,0.09413391,,55,,75.0,,1,9999.0,100.0
Thailand,Chiang Mai,AG,forest_enrichment,1,0,0,0,1,1,,20,,,Castanopsis tribuloides,Castanopsis,tribuloides,Fagaceae,18.55,98.23333333,9.0,0.595,0.070823262,,2,,75.0,,1,1.0,51.0
Thailand,Chiang Mai,AG,forest_enrichment,1,0,0,0,1,1,,20,,,Ficus fistulosa,Ficus,fistulosa,Moraceae,18.55,98.23333333,9.0,0.38,0.070823262,,1,,75.0,,1,1.0,46.0
Thailand,Chiang Mai,AG,forest_enrichment,1,0,0,0,1,1,,20,,,Hovenia dulcis,Hovenia,dulcis,Rhamnaceae,18.55,98.23333333,9.0,0.543,0.070823262,,4,,75.0,,1,1.0,70.0
Thailand,Chiang Mai,AG,forest_enrichment,1,0,0,0,1,1,,20,,,Ostodes paniculata,Ostodes,paniculata,Euphorbiaceae,18.55,98.23333333,9.0,0.339,0.070823262,,2,,75.0,,1,1.0,41.0
Thailand,Chiang Mai,AG,forest_enrichment,1,0,0,0,1,1,,20,,,Quercus gomeziana,Quercus,gomeziana,Fagaceae,18.55,98.23333333,9.0,0.700799975,0.09413391,,94,,75.0,,1,1.0,31.0
Thailand,Chiang Mai,AG,forest_enrichment,1,0,0,0,1,1,,20,,,Alseodaphne andersonii,Alseodaphne,andersonii,Lauraceae,18.55,98.23333333,10.0,0.5631,0.09413391,,10,,75.0,,1,1.0,17.7
Thailand,Chiang Mai,AG,forest_enrichment,1,0,0,0,1,1,,20,,,Alseodaphne andersonii,Alseodaphne,andersonii,Lauraceae,18.55,98.23333333,23.0,0.5631,0.09413391,,10,,75.0,,1,2.0,11.9
Thailand,Chiang Mai,AG,forest_enrichment,1,0,0,0,1,1,,20,,,Alseodaphne andersonii,Alseodaphne,andersonii,Lauraceae,18.55,98.23333333,0.5,0.5631,0.09413391,,10,,75.0,,1,9999.0,91.2
Thailand,Chiang Mai,AG,forest_enrichment,1,0,0,0,1,1,,20,,,Castanopsis acuminatissima,Castanopsis,acuminatissima,Fagaceae,18.55,98.23333333,10.0,0.5835,0.070823262,,2,,75.0,,1,1.0,55.6
Thailand,Chiang Mai,AG,forest_enrichment,1,0,0,0,1,1,,20,,,Castanopsis acuminatissima,Castanopsis,acuminatissima,Fagaceae,18.55,98.23333333,23.0,0.5835,0.070823262,,2,,75.0,,1,2.0,20.0
Thailand,Chiang Mai,AG,forest_enrichment,1,0,0,0,1,1,,20,,,Castanopsis acuminatissima,Castanopsis,acuminatissima,Fagaceae,18.55,98.23333333,0.5,0.5835,0.070823262,,2,,75.0,,1,9999.0,98.6
Thailand,Chiang Mai,AG,forest_enrichment,1,0,0,0,1,1,,20,,,Castanopsis diversifolia,Castanopsis,diversifolia,Fagaceae,18.55,98.23333333,10.0,0.567974786,0.09413391,,39,,75.0,,1,1.0,29.2
Thailand,Chiang Mai,AG,forest_enrichment,1,0,0,0,1,1,,20,,,Castanopsis diversifolia,Castanopsis,diversifolia,Fagaceae,18.55,98.23333333,23.0,0.567974786,0.09413391,,39,,75.0,,1,2.0,8.6
Thailand,Chiang Mai,AG,forest_enrichment,1,0,0,0,1,1,,20,,,Castanopsis diversifolia,Castanopsis,diversifolia,Fagaceae,18.55,98.23333333,0.5,0.567974786,0.09413391,,39,,75.0,,1,9999.0,98.6
Thailand,Chiang Mai,AG,forest_enrichment,1,0,0,0,1,1,,20,,,Castanopsis tribuloides,Castanopsis,tribuloides,Fagaceae,18.55,98.23333333,10.0,0.595,0.070823262,,2,,75.0,,1,1.0,39.2
Thailand,Chiang Mai,AG,forest_enrichment,1,0,0,0,1,1,,20,,,Castanopsis tribuloides,Castanopsis,tribuloides,Fagaceae,18.55,98.23333333,23.0,0.595,0.070823262,,2,,75.0,,1,2.0,13.3
Thailand,Chiang Mai,AG,forest_enrichment,1,0,0,0,1,1,,20,,,Castanopsis tribuloides,Castanopsis,tribuloides,Fagaceae,18.55,98.23333333,0.5,0.595,0.070823262,,2,,75.0,,1,9999.0,100.0
Thailand,Chiang Mai,AG,forest_enrichment,1,0,0,0,1,1,,20,,,Dalbergia ovata,Dalbergia,ovata,Fabaceae,18.55,98.23333333,10.0,0.675,0.070823262,,1,,75.0,,1,1.0,72.0
Thailand,Chiang Mai,AG,forest_enrichment,1,0,0,0,1,1,,20,,,Dalbergia ovata,Dalbergia,ovata,Fabaceae,18.55,98.23333333,23.0,0.675,0.070823262,,1,,75.0,,1,2.0,32.0
Thailand,Chiang Mai,AG,forest_enrichment,1,0,0,0,1,1,,20,,,Dalbergia ovata,Dalbergia,ovata,Fabaceae,18.55,98.23333333,0.5,0.675,0.070823262,,1,,75.0,,1,9999.0,96.0
Thailand,Chiang Mai,AG,forest_enrichment,1,0,0,0,1,1,,20,,,Debregeasia longifolia,Debregeasia,longifolia,Urticaceae,18.55,98.23333333,10.0,0.329392847,0.123401724,,10,,75.0,,1,1.0,76.0
Thailand,Chiang Mai,AG,forest_enrichment,1,0,0,0,1,1,,20,,,Debregeasia longifolia,Debregeasia,longifolia,Urticaceae,18.55,98.23333333,23.0,0.329392847,0.123401724,,10,,75.0,,1,2.0,48.0
Thailand,Chiang Mai,AG,forest_enrichment,1,0,0,0,1,1,,20,,,Debregeasia longifolia,Debregeasia,longifolia,Urticaceae,18.55,98.23333333,0.5,0.329392847,0.123401724,,10,,75.0,,1,9999.0,97.3
Thailand,Chiang Mai,AG,forest_enrichment,1,0,0,0,1,1,,20,,,Erythrina subumbrans,Erythrina,subumbrans,Fabaceae,18.55,98.23333333,10.0,0.23,0.070823262,,1,,75.0,,1,1.0,21.9
Thailand,Chiang Mai,AG,forest_enrichment,1,0,0,0,1,1,,20,,,Erythrina subumbrans,Erythrina,subumbrans,Fabaceae,18.55,98.23333333,23.0,0.23,0.070823262,,1,,75.0,,1,2.0,8.0
Thailand,Chiang Mai,AG,forest_enrichment,1,0,0,0,1,1,,20,,,Erythrina subumbrans,Erythrina,subumbrans,Fabaceae,18.55,98.23333333,0.5,0.23,0.070823262,,1,,75.0,,1,9999.0,71.2
Malaysia,Negeri Sembilan,PL,plantation_enrichment,1,0,0,0,0,0,,9,,75.0,Dipterocarpus oblongifolius,Dipterocarpus,oblongifolius,Dipterocarpaceae,2.95,102.2833333,12.0,0.615,0.070823262,,2,,50.0,,1,1.0,100.0
Malaysia,Negeri Sembilan,PL,plantation_enrichment,1,0,0,0,0,0,,9,,75.0,Artocarpus hispidus,Artocarpus,hispidus,Moraceae,2.95,102.2833333,12.0,0.486363636,0.09413391,,33,,10.0,,1,1.0,40.42891058
Malaysia,Negeri Sembilan,PL,plantation_enrichment,1,0,0,0,0,0,,9,,75.0,Intsia palembanica,Intsia,palembanica,Fabaceae,2.95,102.2833333,12.0,0.658666667,0.070823262,,6,,52.0,,1,1.0,96.47363957
Malaysia,Negeri Sembilan,PL,plantation_enrichment,1,0,0,0,0,0,,9,,75.0,Allophylus cobbe,Allophylus,cobbe,Sapindaceae,2.95,102.2833333,12.0,0.385,0.070823262,,2,,3.0,,1,1.0,100.0
Malaysia,Negeri Sembilan,PL,plantation_enrichment,1,0,0,0,0,0,,9,,75.0,Sindora coriacea,Sindora,coriacea,Fabaceae,2.95,102.2833333,12.0,0.55,0.070823262,,3,,22.0,,1,1.0,100.0
Malaysia,Negeri Sembilan,PL,plantation_enrichment,1,0,0,0,0,0,,9,,75.0,Heritiera javanica,Heritiera,javanica,Malvaceae,2.95,102.2833333,12.0,0.62,0.070823262,,3,,24.0,,1,1.0,95.62331457
Malaysia,Negeri Sembilan,PL,plantation_enrichment,1,0,0,0,0,0,,9,,75.0,Dryobalanops oblongifolia,Dryobalanops,oblongifolia,Dipterocarpaceae,2.95,102.2833333,12.0,0.61,0.070823262,,2,,40.0,,1,1.0,93.031102
Malaysia,Negeri Sembilan,PL,plantation_enrichment,1,0,0,0,0,0,,9,,75.0,Artocarpus altilis,Artocarpus,altilis,Moraceae,2.95,102.2833333,12.0,0.4325,0.070823262,,6,,100.0,,1,1.0,87.34223594
Malaysia,Negeri Sembilan,PL,plantation_enrichment,1,0,0,0,0,0,,9,,75.0,Calophyllum wallichiana,Calophyllum,wallichiana,Clusiaceae,2.95,102.2833333,12.0,0.669211656,0.123401724,,9,,50.0,,1,1.0,83.9745014
China,Jiangxi,PL,open_degraded,1,0,0,0,0,0,,4,,,Acer davidii,Acer,davidii,Sapindaceae,29.15138889,118.5180556,7.0,0.458,0.070823262,,2,,398.71,,1,1.0,37.25853187
China,Jiangxi,PL,open_degraded,1,0,0,0,0,0,,4,,,Quercus myrsinifolia,Quercus,myrsinifolia,Fagaceae,29.15138889,118.5180556,7.0,0.716666667,0.070823262,,3,,1840.2,,1,1.0,34.64826143
China,Jiangxi,PL,open_degraded,1,0,0,0,0,0,,4,,,Daphniphyllum pentandrum,Daphniphyllum,pentandrum,Daphniphyllaceae,29.15138889,118.5180556,7.0,0.5063,0.09413391,,5,,521.39,,1,1.0,8.754024469
China,Jiangxi,PL,open_degraded,1,0,0,0,0,0,,4,,,Diospyros japonica,Diospyros,japonica,Ebenaceae,29.15138889,118.5180556,7.0,0.683275126,0.09413391,,132,,460.05,,1,1.0,42.38490019
China,Jiangxi,PL,open_degraded,1,0,0,0,0,0,,4,,,Koelreuteria bipinnata,Koelreuteria,bipinnata,Sapindaceae,29.15138889,118.5180556,7.0,0.57,0.070823262,,1,,1303.475,,1,1.0,78.84739214
China,Jiangxi,PL,open_degraded,1,0,0,0,0,0,,4,,,Liquidambar formosana,Liquidambar,formosana,Altingiaceae,29.15138889,118.5180556,7.0,0.488833333,0.070823262,,6,,1426.155,,1,1.0,75.22778493
China,Jiangxi,PL,open_degraded,1,0,0,0,0,0,,4,,,Lithocarpus glaber,Lithocarpus,glaber,Fagaceae,29.15138889,118.5180556,7.0,0.55075,0.070823262,,4,,2208.24,,1,1.0,44.07678686
China,Jiangxi,PL,open_degraded,1,0,0,0,0,0,,4,,,Melia azedarach,Melia,azedarach,Meliaceae,29.15138889,118.5180556,7.0,0.437777778,0.070823262,,9,,352.705,,1,1.0,83.37089504
China,Jiangxi,PL,open_degraded,1,0,0,0,0,0,,4,,,Nyssa sinensis,Nyssa,sinensis,Cornaceae,29.15138889,118.5180556,7.0,0.604,0.070823262,,2,,1364.815,,1,1.0,48.17772054
China,Jiangxi,PL,open_degraded,1,0,0,0,0,0,,4,,,Pinus thunbergii,Pinus,thunbergii,Pinaceae,29.15138889,118.5180556,7.0,0.45,0.070823262,,1,,613.4,,1,1.0,53.46506761
China,Jiangxi,PL,open_degraded,1,0,0,0,0,0,,4,,,Quercus acutissima,Quercus,acutissima,Fagaceae,29.15138889,118.5180556,7.0,0.7334,0.070823262,,5,,475.385,,1,1.0,60.7735029
China,Jiangxi,PL,open_degraded,1,0,0,0,0,0,,4,,,Castanea henryi,Castanea,henryi,Fagaceae,29.15138889,118.5180556,7.0,0.541,0.070823262,,2,,1426.155,,1,1.0,56.31600129
China,Jiangxi,PL,open_degraded,1,0,0,0,0,0,,4,,,Quercus fabrei,Quercus,fabrei,Fagaceae,29.15138889,118.5180556,7.0,0.66,0.070823262,,1,,1395.485,,1,1.0,54.72472634
China,Jiangxi,PL,open_degraded,1,0,0,0,0,0,,4,,,Castanopsis indica,Castanopsis,indica,Fagaceae,29.15138889,118.5180556,7.0,0.59575,0.070823262,,4,,1579.505,,1,1.0,68.11010947
China,Jiangxi,PL,open_degraded,1,0,0,0,0,0,,4,,,Rhus chinensis,Rhus,chinensis,Anacardiaceae,29.15138889,118.5180556,7.0,0.627181818,0.09413391,,11,,1349.48,,1,1.0,69.34642627
China,Jiangxi,PL,open_degraded,1,0,0,0,0,0,,4,,,Sapindus mukorossi,Sapindus,mukorossi,Sapindaceae,29.15138889,118.5180556,7.0,0.7015,0.070823262,,2,,1334.145,,1,1.0,86.7780103
China,Jiangxi,PL,open_degraded,1,0,0,0,0,0,,4,,,Triadica cochinchinensis,Triadica,cochinchinensis,Euphorbiaceae,29.15138889,118.5180556,7.0,0.544977248,0.123401724,,73,,414.045,,1,1.0,20.81535737
China,Jiangxi,PL,open_degraded,1,0,0,0,0,0,,4,,,Triadica sebifera,Triadica,sebifera,Euphorbiaceae,29.15138889,118.5180556,7.0,0.544977248,0.123401724,,73,,1318.81,,1,1.0,76.71120412
China,Jiangxi,PL,open_degraded,1,0,0,0,0,0,,4,,,Schima superba,Schima,superba,Theaceae,29.15138889,118.5180556,7.0,0.5375,0.070823262,,2,,2024.22,,1,1.0,58.91902769
China,Jiangxi,PL,open_degraded,1,0,0,0,0,0,,4,,,Castanopsis carlesii,Castanopsis,carlesii,Fagaceae,29.15138889,118.5180556,7.0,0.44075,0.070823262,,4,,644.07,,1,1.0,4.109787508
China,Jiangxi,PL,open_degraded,1,0,0,0,0,0,,4,,,Castanopsis eyrei,Castanopsis,eyrei,Fagaceae,29.15138889,118.5180556,7.0,0.49425,0.070823262,,4,,1748.19,,1,1.0,5.755795235
China,Jiangxi,PL,open_degraded,1,0,0,0,0,0,,4,,,Castanopsis sclerophylla,Castanopsis,sclerophylla,Fagaceae,29.15138889,118.5180556,7.0,0.459,0.070823262,,3,,1870.87,,1,1.0,34.51786864
China,Jiangxi,PL,open_degraded,1,0,0,0,0,0,,4,,,Choerospondias axillaris,Choerospondias,axillaris,Anacardiaceae,29.15138889,118.5180556,7.0,0.487,0.070823262,,4,,1456.825,,1,1.0,87.98857051
China,Jiangxi,PL,open_degraded,1,0,0,0,0,0,,4,,,Cinnamomum camphora,Cinnamomum,camphora,Lauraceae,29.15138889,118.5180556,7.0,0.4874,0.070823262,,5,,521.39,,1,1.0,62.91371539
China,Jiangxi,PL,open_degraded,1,0,0,0,0,0,,4,,,Cunninghamia lanceolata,Cunninghamia,lanceolata,Cupressaceae,29.15138889,118.5180556,7.0,0.315692308,0.070823262,,13,,613.4,,1,1.0,72.65132003
China,Jiangxi,PL,open_degraded,1,0,0,0,0,0,,4,,,Quercus glauca,Quercus,glauca,Fagaceae,29.15138889,118.5180556,7.0,0.73275,0.070823262,,4,,2131.565,,1,1.0,35.83386993
