species_normalized,scientific_name_gbif,species_key,accepted_taxon_key,latitude,longitude,distance_km,dataset_key,dataset_name,publisher,gbif_id
mussaenda erythrophylla,Mussaenda erythrophylla,2892634.0,2892634,18.554031,73.790458,7.921848304541266,50c9509d-22c7-4a22-a47d-8c48425ef4a7,iNaturalist research-grade observations,28eb1a3f-1c15-4a95-931a-4af90ecb574d,5938147585
cullen corylifolium,Cullen corylifolium,2948930.0,2948930,18.481384,73.811531,6.442650815469846,50c9509d-22c7-4a22-a47d-8c48425ef4a7,iNaturalist research-grade observations,28eb1a3f-1c15-4a95-931a-4af90ecb574d,5938436310
mangifera indica,Mangifera indica,3190638.0,3190638,18.545303,73.784448,8.105130854278887,50c9509d-22c7-4a22-a47d-8c48425ef4a7,iNaturalist research-grade observations,28eb1a3f-1c15-4a95-931a-4af90ecb574d,5938486155
amaranthus spinosus,Amaranthus spinosus,5384401.0,5384401,18.48147,73.811333,6.451680593912348,50c9509d-22c7-4a22-a47d-8c48425ef4a7,iNaturalist research-grade observations,28eb1a3f-1c15-4a95-931a-4af90ecb574d,5938628126
ipomoea triloba,Ipomoea triloba,2928547.0,2928547,18.481304,73.811554,6.44685402215644,50c9509d-22c7-4a22-a47d-8c48425ef4a7,iNaturalist research-grade observations,28eb1a3f-1c15-4a95-931a-4af90ecb574d,5938695179
peltophorum pterocarpum,Peltophorum pterocarpum,2952775.0,2952775,18.491797,73.813492,5.5563908794591566,50c9509d-22c7-4a22-a47d-8c48425ef4a7,iNaturalist research-grade observations,28eb1a3f-1c15-4a95-931a-4af90ecb574d,6129908104
foeniculum vulgare,Foeniculum vulgare,3034922.0,3034922,18.525003,73.82414,3.4709070712963768,50c9509d-22c7-4a22-a47d-8c48425ef4a7,iNaturalist research-grade observations,28eb1a3f-1c15-4a95-931a-4af90ecb574d,6129913832
ipomoea aquatica,Ipomoea aquatica,2928525.0,2928525,18.530073,73.817494,4.271266228786539,50c9509d-22c7-4a22-a47d-8c48425ef4a7,iNaturalist research-grade observations,28eb1a3f-1c15-4a95-931a-4af90ecb574d,6129983503
ipomoea carnea,Ipomoea carnea,2928590.0,3682029,18.532022,73.816268,4.454438271409289,50c9509d-22c7-4a22-a47d-8c48425ef4a7,iNaturalist research-grade observations,28eb1a3f-1c15-4a95-931a-4af90ecb574d,6129987965
eleusine indica,Eleusine indica,2705953.0,2705953,18.483832,73.825676,5.218806084140524,50c9509d-22c7-4a22-a47d-8c48425ef4a7,iNaturalist research-grade observations,28eb1a3f-1c15-4a95-931a-4af90ecb574d,6129997373
thunbergia fragrans,Thunbergia fragrans,5415458.0,5415458,18.544623,73.785759,7.949447532515832,50c9509d-22c7-4a22-a47d-8c48425ef4a7,iNaturalist research-grade observations,28eb1a3f-1c15-4a95-931a-4af90ecb574d,6130268919
tridax procumbens,Tridax procumbens,3149462.0,3149462,18.554607,73.787065,8.268181210721952,50c9509d-22c7-4a22-a47d-8c48425ef4a7,iNaturalist research-grade observations,28eb1a3f-1c15-4a95-931a-4af90ecb574d,6130308146
ficus hispida,Ficus hispida,7879404.0,7879404,18.496613,73.828172,4.00557876420171,50c9509d-22c7-4a22-a47d-8c48425ef4a7,iNaturalist research-grade observations,28eb1a3f-1c15-4a95-931a-4af90ecb574d,6130420252
cocos nucifera,Cocos nucifera,2735117.0,2735117,18.567553,73.826177,6.15183917048378,50c9509d-22c7-4a22-a47d-8c48425ef4a7,iNaturalist research-grade observations,28eb1a3f-1c15-4a95-931a-4af90ecb574d,6130431321
thunbergia erecta,Thunbergia erecta,5415461.0,5415461,18.512319,73.782092,7.917734918648372,50c9509d-22c7-4a22-a47d-8c48425ef4a7,iNaturalist research-grade observations,28eb1a3f-1c15-4a95-931a-4af90ecb574d,6130473152
achyranthes aspera,Achyranthes aspera,3085168.0,3085168,18.563289,73.794732,8.08839047449541,50c9509d-22c7-4a22-a47d-8c48425ef4a7,iNaturalist research-grade observations,28eb1a3f-1c15-4a95-931a-4af90ecb574d,6130528491
rungia elegans,Rungia elegans,3780489.0,3780489,18.527992,73.816017,4.371655801213105,50c9509d-22c7-4a22-a47d-8c48425ef4a7,iNaturalist research-grade observations,28eb1a3f-1c15-4a95-931a-4af90ecb574d,6130592514
gliricidia sepium,Gliricidia sepium,8082978.0,8082978,18.524448,73.831565,2.688065583046758,50c9509d-22c7-4a22-a47d-8c48425ef4a7,iNaturalist research-grade observations,28eb1a3f-1c15-4a95-931a-4af90ecb574d,6130652703
woodfordia fruticosa,Woodfordia fruticosa,5635525.0,5635525,18.528219,73.816425,4.334446057361226,50c9509d-22c7-4a22-a47d-8c48425ef4a7,iNaturalist research-grade observations,28eb1a3f-1c15-4a95-931a-4af90ecb574d,6130757980
phoenix sylvestris,Phoenix sylvestris,5293177.0,5293177,18.567601,73.824268,6.263927162521233,50c9509d-22c7-4a22-a47d-8c48425ef4a7,iNaturalist research-grade observations,28eb1a3f-1c15-4a95-931a-4af90ecb574d,6130784949
catharanthus roseus,Catharanthus roseus,3169830.0,3169830,18.522379,73.829853,2.83917418681814,50c9509d-22c7-4a22-a47d-8c48425ef4a7,iNaturalist research-grade observations,28eb1a3f-1c15-4a95-931a-4af90ecb574d,6130864795
dichrostachys cinerea,Dichrostachys cinerea,2975891.0,2975891,18.555388,73.788681,8.158329514343189,50c9509d-22c7-4a22-a47d-8c48425ef4a7,iNaturalist research-grade observations,28eb1a3f-1c15-4a95-931a-4af90ecb574d,6130898267
bougainvillea spectabilis,Bougainvillea spectabilis,7167078.0,7167078,18.492513,73.814095,5.458750550605367,50c9509d-22c7-4a22-a47d-8c48425ef4a7,iNaturalist research-grade observations,28eb1a3f-1c15-4a95-931a-4af90ecb574d,6130924663
nymphoides hydrophylla,Nymphoides hydrophylla,5592249.0,5592249,18.530063,73.817572,4.263027666527978,50c9509d-22c7-4a22-a47d-8c48425ef4a7,iNaturalist research-grade observations,28eb1a3f-1c15-4a95-931a-4af90ecb574d,6130966752
syzygium cumini,Syzygium cumini,3183840.0,3183840,18.56739,73.824247,6.24549506995473,50c9509d-22c7-4a22-a47d-8c48425ef4a7,iNaturalist research-grade observations,28eb1a3f-1c15-4a95-931a-4af90ecb574d,6131061183
broussonetia papyrifera,Broussonetia papyrifera,5361944.0,5361944,18.556854,73.78892,8.215359751153027,50c9509d-22c7-4a22-a47d-8c48425ef4a7,iNaturalist research-grade observations,28eb1a3f-1c15-4a95-931a-4af90ecb574d,6131119438
chromolaena odorata,Chromolaena odorata,3087725.0,3087725,18.55518,73.788341,8.17889605634213,50c9509d-22c7-4a22-a47d-8c48425ef4a7,iNaturalist research-grade observations,28eb1a3f-1c15-4a95-931a-4af90ecb574d,6131153819
pterospermum acerifolium,Pterospermum acerifolium,3669210.0,3669210,18.551555,73.785476,8.269525588923406,50c9509d-22c7-4a22-a47d-8c48425ef4a7,iNaturalist research-grade observations,28eb1a3f-1c15-4a95-931a-4af90ecb574d,6131182033
polyalthia longifolia,Polyalthia longifolia,3156422.0,3156422,18.568168,73.82578,6.2320116773263265,50c9509d-22c7-4a22-a47d-8c48425ef4a7,iNaturalist research-grade observations,28eb1a3f-1c15-4a95-931a-4af90ecb574d,6131189641
solanum lycopersicum,Solanum lycopersicum,2930137.0,2930137,18.565486,73.795858,8.140910956823287,50c9509d-22c7-4a22-a47d-8c48425ef4a7,iNaturalist research-grade observations,28eb1a3f-1c15-4a95-931a-4af90ecb574d,6131242890
argemone mexicana,Argemone mexicana,2888485.0,2888485,18.565617,73.79591,8.145573782838644,50c9509d-22c7-4a22-a47d-8c48425ef4a7,iNaturalist research-grade observations,28eb1a3f-1c15-4a95-931a-4af90ecb574d,6131268712
asclepias curassavica,Asclepias curassavica,3170241.0,3170241,18.564322,73.795436,8.097307482495362,50c9509d-22c7-4a22-a47d-8c48425ef4a7,iNaturalist research-grade observations,28eb1a3f-1c15-4a95-931a-4af90ecb574d,6131290972
cocos nucifera,Cocos nucifera,2735117.0,2735117,18.566528,73.825241,6.108008272499607,50c9509d-22c7-4a22-a47d-8c48425ef4a7,iNaturalist research-grade observations,28eb1a3f-1c15-4a95-931a-4af90ecb574d,6131317641
calotropis gigantea,Calotropis gigantea,3579089.0,3579089,18.557673,73.789735,8.186447820841735,50c9509d-22c7-4a22-a47d-8c48425ef4a7,iNaturalist research-grade observations,28eb1a3f-1c15-4a95-931a-4af90ecb574d,6131385506
samanea saman,Samanea saman,2972960.0,2972960,18.514242,73.838478,2.039668035328577,50c9509d-22c7-4a22-a47d-8c48425ef4a7,iNaturalist research-grade observations,28eb1a3f-1c15-4a95-931a-4af90ecb574d,6131403571
mangifera indica,Mangifera indica,3190638.0,3190638,18.567454,73.827478,6.071734662259856,50c9509d-22c7-4a22-a47d-8c48425ef4a7,iNaturalist research-grade observations,28eb1a3f-1c15-4a95-931a-4af90ecb574d,6131483835
celosia argentea,Celosia argentea,3085191.0,3085191,18.527992,73.816017,4.371655801213105,50c9509d-22c7-4a22-a47d-8c48425ef4a7,iNaturalist research-grade observations,28eb1a3f-1c15-4a95-931a-4af90ecb574d,6131700127
solanum torvum,Solanum torvum,2932389.0,2932389,18.48192,73.812141,6.354957445620521,50c9509d-22c7-4a22-a47d-8c48425ef4a7,iNaturalist research-grade observations,28eb1a3f-1c15-4a95-931a-4af90ecb574d,6133133586
crotalaria pallida,Crotalaria pallida,8260433.0,8260433,18.481342,73.811417,6.4546848668005365,50c9509d-22c7-4a22-a47d-8c48425ef4a7,iNaturalist research-grade observations,28eb1a3f-1c15-4a95-931a-4af90ecb574d,6133167604
tabebuia rosea,Tabebuia rosea,3172537.0,3172537,18.459872,73.856425,6.730478294179315,50c9509d-22c7-4a22-a47d-8c48425ef4a7,iNaturalist research-grade observations,28eb1a3f-1c15-4a95-931a-4af90ecb574d,6133183446
alternanthera bettzickiana,Alternanthera bettzickiana,8189919.0,8189919,18.483422,73.825764,5.248634865522525,50c9509d-22c7-4a22-a47d-8c48425ef4a7,iNaturalist research-grade observations,28eb1a3f-1c15-4a95-931a-4af90ecb574d,6133276697
mangifera indica,Mangifera indica,3190638.0,3190638,18.459762,73.857222,6.742871977693079,50c9509d-22c7-4a22-a47d-8c48425ef4a7,iNaturalist research-grade observations,28eb1a3f-1c15-4a95-931a-4af90ecb574d,6133395836
cosmos sulphureus,Cosmos sulphureus,3098951.0,3098951,18.48793,73.800787,6.913498409702522,50c9509d-22c7-4a22-a47d-8c48425ef4a7,iNaturalist research-grade observations,28eb1a3f-1c15-4a95-931a-4af90ecb574d,6133397521
spathodea campanulata,Spathodea campanulata,3172574.0,3172574,18.460062,73.857317,6.709604242465484,50c9509d-22c7-4a22-a47d-8c48425ef4a7,iNaturalist research-grade observations,28eb1a3f-1c15-4a95-931a-4af90ecb574d,6133418317
kigelia africana,Kigelia africana,3172561.0,3172561,18.49603,73.831307,3.809507304887128,50c9509d-22c7-4a22-a47d-8c48425ef4a7,iNaturalist research-grade observations,28eb1a3f-1c15-4a95-931a-4af90ecb574d,6133446217
ficus racemosa,Ficus racemosa,5361904.0,5361904,18.565667,73.795373,8.19360189615099,50c9509d-22c7-4a22-a47d-8c48425ef4a7,iNaturalist research-grade observations,28eb1a3f-1c15-4a95-931a-4af90ecb574d,6133502506
senna auriculata,Senna auriculata,2956966.0,2956966,18.498498,73.788417,7.600706256105007,50c9509d-22c7-4a22-a47d-8c48425ef4a7,iNaturalist research-grade observations,28eb1a3f-1c15-4a95-931a-4af90ecb574d,6133515327
sterculia foetida,Sterculia foetida,5406675.0,5406675,18.458361,73.854403,6.902683119291665,50c9509d-22c7-4a22-a47d-8c48425ef4a7,iNaturalist research-grade observations,28eb1a3f-1c15-4a95-931a-4af90ecb574d,6133550567
mangifera indica,Mangifera indica,3190638.0,3190638,18.524609,73.878624,2.358462256844788,50c9509d-22c7-4a22-a47d-8c48425ef4a7,iNaturalist research-grade observations,28eb1a3f-1c15-4a95-931a-4af90ecb574d,6133552047
ipomoea cairica,Ipomoea cairica,2928531.0,2928531,18.555094,73.781021,8.862236105897377,50c9509d-22c7-4a22-a47d-8c48425ef4a7,iNaturalist research-grade observations,28eb1a3f-1c15-4a95-931a-4af90ecb574d,6133586502
abutilon indicum,Abutilon indicum,3152634.0,3152634,18.487769,73.824969,4.935637268212666,50c9509d-22c7-4a22-a47d-8c48425ef4a7,iNaturalist research-grade observations,28eb1a3f-1c15-4a95-931a-4af90ecb574d,6147533989
calotropis procera,Calotropis procera,5414566.0,5414566,18.55347,73.789894,7.94526342547413,50c9509d-22c7-4a22-a47d-8c48425ef4a7,iNaturalist research-grade observations,28eb1a3f-1c15-4a95-931a-4af90ecb574d,6147548440
mesosphaerum suaveolens,Mesosphaerum suaveolens,3889017.0,3889017,18.516222,73.824022,3.476670605995508,50c9509d-22c7-4a22-a47d-8c48425ef4a7,iNaturalist research-grade observations,28eb1a3f-1c15-4a95-931a-4af90ecb574d,6147628748
gliricidia sepium,Gliricidia sepium,8082978.0,8082978,18.51635,73.824228,3.453260250550695,50c9509d-22c7-4a22-a47d-8c48425ef4a7,iNaturalist research-grade observations,28eb1a3f-1c15-4a95-931a-4af90ecb574d,6147682337
morinda coreia,Morinda coreia,5339862.0,5339862,18.514559,73.797022,6.325769401540263,50c9509d-22c7-4a22-a47d-8c48425ef4a7,iNaturalist research-grade observations,28eb1a3f-1c15-4a95-931a-4af90ecb574d,6159318556
boswellia serrata,Boswellia serrata,5421354.0,5421354,18.516775,73.823253,3.5495283023970843,50c9509d-22c7-4a22-a47d-8c48425ef4a7,iNaturalist research-grade observations,28eb1a3f-1c15-4a95-931a-4af90ecb574d,6159323204
cullen corylifolium,Cullen corylifolium,2948930.0,2948930,18.481843,73.810617,6.480342888957777,50c9509d-22c7-4a22-a47d-8c48425ef4a7,iNaturalist research-grade observations,28eb1a3f-1c15-4a95-931a-4af90ecb574d,6159416925
broussonetia papyrifera,Broussonetia papyrifera,5361944.0,5361944,18.564897,73.822907,6.096961143536482,50c9509d-22c7-4a22-a47d-8c48425ef4a7,iNaturalist research-grade observations,28eb1a3f-1c15-4a95-931a-4af90ecb574d,6179192979
eclipta prostrata,Eclipta prostrata,5384950.0,5384950,18.564672,73.794964,8.160465400095772,50c9509d-22c7-4a22-a47d-8c48425ef4a7,iNaturalist research-grade observations,28eb1a3f-1c15-4a95-931a-4af90ecb574d,6185812314
mangifera indica,Mangifera indica,3190638.0,3190638,18.474331,73.815344,6.727550447335761,50c9509d-22c7-4a22-a47d-8c48425ef4a7,iNaturalist research-grade observations,28eb1a3f-1c15-4a95-931a-4af90ecb574d,6188669488
cardiospermum halicacabum,Cardiospermum halicacabum,3189939.0,3189939,18.56362,73.794353,8.142360120110038,50c9509d-22c7-4a22-a47d-8c48425ef4a7,iNaturalist research-grade observations,28eb1a3f-1c15-4a95-931a-4af90ecb574d,6195676434
chromolaena odorata,Chromolaena odorata,3087725.0,3087725,18.562477,73.794195,8.081590531718081,50c9509d-22c7-4a22-a47d-8c48425ef4a7,iNaturalist research-grade observations,28eb1a3f-1c15-4a95-931a-4af90ecb574d,6234554494
lannea coromandelica,Lannea coromandelica,3661151.0,3661151,18.530621,73.818188,4.216502218042899,50c9509d-22c7-4a22-a47d-8c48425ef4a7,iNaturalist research-grade observations,28eb1a3f-1c15-4a95-931a-4af90ecb574d,6234727391
nicotiana plumbaginifolia,Nicotiana plumbaginifolia,2928768.0,2928768,18.56479,73.794815,8.180906855879249,50c9509d-22c7-4a22-a47d-8c48425ef4a7,iNaturalist research-grade observations,28eb1a3f-1c15-4a95-931a-4af90ecb574d,6235878858
sabdariffa kostel.,Sabdariffa Kostel.,,3152542,18.513407,73.790722,6.9999451520335665,50c9509d-22c7-4a22-a47d-8c48425ef4a7,iNaturalist research-grade observations,28eb1a3f-1c15-4a95-931a-4af90ecb574d,6352952777
sabdariffa kostel.,Sabdariffa Kostel.,,3152542,18.511694,73.800922,5.960319739712095,50c9509d-22c7-4a22-a47d-8c48425ef4a7,iNaturalist research-grade observations,28eb1a3f-1c15-4a95-931a-4af90ecb574d,6352969912
pterospermum acerifolium,Pterospermum acerifolium,3669210.0,3669210,18.513675,73.855545,0.757638419904288,50c9509d-22c7-4a22-a47d-8c48425ef4a7,iNaturalist research-grade observations,28eb1a3f-1c15-4a95-931a-4af90ecb574d,6499988546
pontederia crassipes,Pontederia crassipes,2765942.0,2765942,18.534397,73.785292,7.687884169113,50c9509d-22c7-4a22-a47d-8c48425ef4a7,iNaturalist research-grade observations,28eb1a3f-1c15-4a95-931a-4af90ecb574d,6518842935
heterophragma quadriloculare,Heterophragma quadriloculare,4091635.0,4091635,18.494817,73.795655,7.037420900854485,50c9509d-22c7-4a22-a47d-8c48425ef4a7,iNaturalist research-grade observations,28eb1a3f-1c15-4a95-931a-4af90ecb574d,6133064552
senna auriculata,Senna auriculata,2956966.0,2956966,18.492763,73.798125,6.898714477753161,50c9509d-22c7-4a22-a47d-8c48425ef4a7,iNaturalist research-grade observations,28eb1a3f-1c15-4a95-931a-4af90ecb574d,6133086858
senna auriculata,Senna auriculata,2956966.0,2956966,18.491778,73.800553,6.721651465382156,50c9509d-22c7-4a22-a47d-8c48425ef4a7,iNaturalist research-grade observations,28eb1a3f-1c15-4a95-931a-4af90ecb574d,6133121607
mesosphaerum suaveolens,Mesosphaerum suaveolens,3889017.0,3889017,18.49255,73.798737,6.8516745995850385,50c9509d-22c7-4a22-a47d-8c48425ef4a7,iNaturalist research-grade observations,28eb1a3f-1c15-4a95-931a-4af90ecb574d,6133174838
leonotis nepetifolia,Leonotis nepetifolia,4924659.0,4924659,18.4921,73.800042,6.752394013514389,50c9509d-22c7-4a22-a47d-8c48425ef4a7,iNaturalist research-grade observations,28eb1a3f-1c15-4a95-931a-4af90ecb574d,6133258901
butea monosperma,Butea monosperma,8234570.0,8234570,18.495213,73.794727,7.109564282673181,50c9509d-22c7-4a22-a47d-8c48425ef4a7,iNaturalist research-grade observations,28eb1a3f-1c15-4a95-931a-4af90ecb574d,6133338030
cochlospermum religiosum,Cochlospermum religiosum,2874867.0,2874867,18.46371,73.807038,8.195282460150688,50c9509d-22c7-4a22-a47d-8c48425ef4a7,iNaturalist research-grade observations,28eb1a3f-1c15-4a95-931a-4af90ecb574d,6133339739
capparis grandis,Capparis grandis,7552967.0,7552967,18.530432,73.816955,4.336379831683544,50c9509d-22c7-4a22-a47d-8c48425ef4a7,iNaturalist research-grade observations,28eb1a3f-1c15-4a95-931a-4af90ecb574d,6133427241
vachellia leucophloea,Vachellia leucophloea,7769517.0,7769517,18.493742,73.796813,6.975879075532621,50c9509d-22c7-4a22-a47d-8c48425ef4a7,iNaturalist research-grade observations,28eb1a3f-1c15-4a95-931a-4af90ecb574d,6133438776
phoenix sylvestris,Phoenix sylvestris,5293177.0,5293177,18.492963,73.797822,6.9174936191406475,50c9509d-22c7-4a22-a47d-8c48425ef4a7,iNaturalist research-grade observations,28eb1a3f-1c15-4a95-931a-4af90ecb574d,6133486146
azadirachta indica,Azadirachta indica,3190474.0,3190474,18.494753,73.795715,7.034517771877232,50c9509d-22c7-4a22-a47d-8c48425ef4a7,iNaturalist research-grade observations,28eb1a3f-1c15-4a95-931a-4af90ecb574d,6147298030
couroupita guianensis,Couroupita guianensis,3082562.0,3082562,18.565415,73.821858,6.208572831623742,50c9509d-22c7-4a22-a47d-8c48425ef4a7,iNaturalist research-grade observations,28eb1a3f-1c15-4a95-931a-4af90ecb574d,6147319346
butea monosperma,Butea monosperma,8234570.0,8234570,18.498687,73.797037,6.738435646882851,50c9509d-22c7-4a22-a47d-8c48425ef4a7,iNaturalist research-grade observations,28eb1a3f-1c15-4a95-931a-4af90ecb574d,6147352328
colocasia esculenta,Colocasia esculenta,5330776.0,5330776,18.536214,73.788196,7.4334579602730875,50c9509d-22c7-4a22-a47d-8c48425ef4a7,iNaturalist research-grade observations,28eb1a3f-1c15-4a95-931a-4af90ecb574d,6147357038
calotropis gigantea,Calotropis gigantea,3579089.0,3579089,18.557818,73.789431,8.222246673433931,50c9509d-22c7-4a22-a47d-8c48425ef4a7,iNaturalist research-grade observations,28eb1a3f-1c15-4a95-931a-4af90ecb574d,6147363499
ricinus communis,Ricinus communis,5380041.0,5380041,18.536654,73.788808,7.38259719572481,50c9509d-22c7-4a22-a47d-8c48425ef4a7,iNaturalist research-grade observations,28eb1a3f-1c15-4a95-931a-4af90ecb574d,6147393176
samanea saman,Samanea saman,2972960.0,2972960,18.565438,73.823081,6.135262179024744,50c9509d-22c7-4a22-a47d-8c48425ef4a7,iNaturalist research-grade observations,28eb1a3f-1c15-4a95-931a-4af90ecb574d,6147396179
azadirachta indica,Azadirachta indica,3190474.0,3190474,18.494759,73.795726,7.033186900554463,50c9509d-22c7-4a22-a47d-8c48425ef4a7,iNaturalist research-grade observations,28eb1a3f-1c15-4a95-931a-4af90ecb574d,6147441314
carissa carandas,Carissa carandas,5414419.0,5414419,18.494797,73.795708,7.033209896983983,50c9509d-22c7-4a22-a47d-8c48425ef4a7,iNaturalist research-grade observations,28eb1a3f-1c15-4a95-931a-4af90ecb574d,6147477211
heterophragma quadriloculare,Heterophragma quadriloculare,4091635.0,4091635,18.494858,73.795598,7.041077822426519,50c9509d-22c7-4a22-a47d-8c48425ef4a7,iNaturalist research-grade observations,28eb1a3f-1c15-4a95-931a-4af90ecb574d,6147521217
senna auriculata,Senna auriculata,2956966.0,2956966,18.495148,73.793104,7.269964504027556,50c9509d-22c7-4a22-a47d-8c48425ef4a7,iNaturalist research-grade observations,28eb1a3f-1c15-4a95-931a-4af90ecb574d,6147526154
broussonetia papyrifera,Broussonetia papyrifera,5361944.0,5361944,18.565872,73.823044,6.176954144821539,50c9509d-22c7-4a22-a47d-8c48425ef4a7,iNaturalist research-grade observations,28eb1a3f-1c15-4a95-931a-4af90ecb574d,6147537653
gliricidia sepium,Gliricidia sepium,8082978.0,8082978,18.494709,73.796263,6.983735681124264,50c9509d-22c7-4a22-a47d-8c48425ef4a7,iNaturalist research-grade observations,28eb1a3f-1c15-4a95-931a-4af90ecb574d,6147540792
blumea eriantha,Blumea eriantha,5395738.0,5395738,18.562684,73.794433,8.074523357604566,50c9509d-22c7-4a22-a47d-8c48425ef4a7,iNaturalist research-grade observations,28eb1a3f-1c15-4a95-931a-4af90ecb574d,6147541751
vachellia farnesiana,Vachellia farnesiana,2979265.0,2979265,18.492422,73.801078,6.639077757710356,50c9509d-22c7-4a22-a47d-8c48425ef4a7,iNaturalist research-grade observations,28eb1a3f-1c15-4a95-931a-4af90ecb574d,6147554511
senna auriculata,Senna auriculata,2956966.0,2956966,18.493413,73.797342,6.941168470299198,50c9509d-22c7-4a22-a47d-8c48425ef4a7,iNaturalist research-grade observations,28eb1a3f-1c15-4a95-931a-4af90ecb574d,6147579567
urena lobata,Urena lobata,3152253.0,3152253,18.4941,73.80165,6.4997721935256605,50c9509d-22c7-4a22-a47d-8c48425ef4a7,iNaturalist research-grade observations,28eb1a3f-1c15-4a95-931a-4af90ecb574d,6147584254
azadirachta indica,Azadirachta indica,3190474.0,3190474,18.565609,73.822913,6.16101411112601,50c9509d-22c7-4a22-a47d-8c48425ef4a7,iNaturalist research-grade observations,28eb1a3f-1c15-4a95-931a-4af90ecb574d,6147585732
ipomoea cairica,Ipomoea cairica,2928531.0,2928531,18.535608,73.788533,7.38322870772355,50c9509d-22c7-4a22-a47d-8c48425ef4a7,iNaturalist research-grade observations,28eb1a3f-1c15-4a95-931a-4af90ecb574d,6147598743
gliricidia sepium,Gliricidia sepium,8082978.0,8082978,18.535841,73.788332,7.4098144134245825,50c9509d-22c7-4a22-a47d-8c48425ef4a7,iNaturalist research-grade observations,28eb1a3f-1c15-4a95-931a-4af90ecb574d,6147711454
gliricidia sepium,Gliricidia sepium,8082978.0,8082978,18.52549,73.815385,4.392653595370013,50c9509d-22c7-4a22-a47d-8c48425ef4a7,iNaturalist research-grade observations,28eb1a3f-1c15-4a95-931a-4af90ecb574d,6159136683
mangifera indica,Mangifera indica,3190638.0,3190638,18.565257,73.822833,6.13402668178909,50c9509d-22c7-4a22-a47d-8c48425ef4a7,iNaturalist research-grade observations,28eb1a3f-1c15-4a95-931a-4af90ecb574d,6159175059
tabebuia rosea,Tabebuia rosea,3172537.0,3172537,18.486495,73.802674,6.831378750605977,50c9509d-22c7-4a22-a47d-8c48425ef4a7,iNaturalist research-grade observations,28eb1a3f-1c15-4a95-931a-4af90ecb574d,6159202898
mirabilis jalapa,Mirabilis jalapa,3086240.0,3086240,18.53114,73.843819,1.8084764845320602,50c9509d-22c7-4a22-a47d-8c48425ef4a7,iNaturalist research-grade observations,28eb1a3f-1c15-4a95-931a-4af90ecb574d,6159210247
muntingia calabura,Muntingia calabura,3152036.0,3152036,18.527334,73.82976,2.943185697049505,50c9509d-22c7-4a22-a47d-8c48425ef4a7,iNaturalist research-grade observations,28eb1a3f-1c15-4a95-931a-4af90ecb574d,6159223719
mesosphaerum suaveolens,Mesosphaerum suaveolens,3889017.0,3889017,18.536461,73.806801,5.5557852687222615,50c9509d-22c7-4a22-a47d-8c48425ef4a7,iNaturalist research-grade observations,28eb1a3f-1c15-4a95-931a-4af90ecb574d,6159255147
polyalthia longifolia,Polyalthia longifolia,3156422.0,3156422,18.531387,73.913753,6.138077101672456,50c9509d-22c7-4a22-a47d-8c48425ef4a7,iNaturalist research-grade observations,28eb1a3f-1c15-4a95-931a-4af90ecb574d,6159281317
butea monosperma,Butea monosperma,8234570.0,8234570,18.494408,73.793804,7.234428730216437,50c9509d-22c7-4a22-a47d-8c48425ef4a7,iNaturalist research-grade observations,28eb1a3f-1c15-4a95-931a-4af90ecb574d,6159321147
calotropis procera,Calotropis procera,5414566.0,5414566,18.562506,73.7944,8.065849560893126,50c9509d-22c7-4a22-a47d-8c48425ef4a7,iNaturalist research-grade observations,28eb1a3f-1c15-4a95-931a-4af90ecb574d,6159349955
terminalia arjuna,Terminalia arjuna,3699548.0,3699548,18.547571,73.778522,8.778448083106673,50c9509d-22c7-4a22-a47d-8c48425ef4a7,iNaturalist research-grade observations,28eb1a3f-1c15-4a95-931a-4af90ecb574d,6159353461
acmella radicans,Acmella radicans,5386729.0,5386729,18.483787,73.825615,5.226737423833456,50c9509d-22c7-4a22-a47d-8c48425ef4a7,iNaturalist research-grade observations,28eb1a3f-1c15-4a95-931a-4af90ecb574d,6159414283
gliricidia sepium,Gliricidia sepium,8082978.0,8082978,18.480869,73.908946,7.047960847199568,50c9509d-22c7-4a22-a47d-8c48425ef4a7,iNaturalist research-grade observations,28eb1a3f-1c15-4a95-931a-4af90ecb574d,6159449506
woodfordia fruticosa,Woodfordia fruticosa,5635525.0,5635525,18.509714,73.763556,9.892690174881968,50c9509d-22c7-4a22-a47d-8c48425ef4a7,iNaturalist research-grade observations,28eb1a3f-1c15-4a95-931a-4af90ecb574d,6159487937
calotropis gigantea,Calotropis gigantea,3579089.0,3579089,18.527212,73.823017,3.6312225602362767,50c9509d-22c7-4a22-a47d-8c48425ef4a7,iNaturalist research-grade observations,28eb1a3f-1c15-4a95-931a-4af90ecb574d,6159493051
azadirachta indica,Azadirachta indica,3190474.0,3190474,18.564835,73.822762,6.100320922687011,50c9509d-22c7-4a22-a47d-8c48425ef4a7,iNaturalist research-grade observations,28eb1a3f-1c15-4a95-931a-4af90ecb574d,6159533249
verbascum coromandelianum,Verbascum coromandelianum,7333197.0,7333197,18.537848,73.797974,6.488395209948046,50c9509d-22c7-4a22-a47d-8c48425ef4a7,iNaturalist research-grade observations,28eb1a3f-1c15-4a95-931a-4af90ecb574d,6159533652
millingtonia hortensis,Millingtonia hortensis,7629955.0,7629955,18.563127,73.827995,5.632941098534995,50c9509d-22c7-4a22-a47d-8c48425ef4a7,iNaturalist research-grade observations,28eb1a3f-1c15-4a95-931a-4af90ecb574d,6159543566
azadirachta indica,Azadirachta indica,3190474.0,3190474,18.564525,73.82264,6.080023968308353,50c9509d-22c7-4a22-a47d-8c48425ef4a7,iNaturalist research-grade observations,28eb1a3f-1c15-4a95-931a-4af90ecb574d,6159557818
gliricidia sepium,Gliricidia sepium,8082978.0,8082978,18.521059,73.821641,3.6972123156324552,50c9509d-22c7-4a22-a47d-8c48425ef4a7,iNaturalist research-grade observations,28eb1a3f-1c15-4a95-931a-4af90ecb574d,6159572209
senna auriculata,Senna auriculata,2956966.0,2956966,18.495929,73.79314,7.233334645012819,50c9509d-22c7-4a22-a47d-8c48425ef4a7,iNaturalist research-grade observations,28eb1a3f-1c15-4a95-931a-4af90ecb574d,6159675744
erythrina suberosa,Erythrina suberosa,5349546.0,5349546,18.548058,73.78189,8.465455579465614,50c9509d-22c7-4a22-a47d-8c48425ef4a7,iNaturalist research-grade observations,28eb1a3f-1c15-4a95-931a-4af90ecb574d,6159708005
argemone mexicana,Argemone mexicana,2888485.0,2888485,18.565487,73.795738,8.150950366567981,50c9509d-22c7-4a22-a47d-8c48425ef4a7,iNaturalist research-grade observations,28eb1a3f-1c15-4a95-931a-4af90ecb574d,6162770939
artocarpus heterophyllus,Artocarpus heterophyllus,2984565.0,2984565,18.56308,73.822403,5.96623458802615,50c9509d-22c7-4a22-a47d-8c48425ef4a7,iNaturalist research-grade observations,28eb1a3f-1c15-4a95-931a-4af90ecb574d,6162775805
gliricidia sepium,Gliricidia sepium,8082978.0,8082978,18.522101,73.813771,4.530205025209557,50c9509d-22c7-4a22-a47d-8c48425ef4a7,iNaturalist research-grade observations,28eb1a3f-1c15-4a95-931a-4af90ecb574d,6162795481
bauhinia variegata,Bauhinia variegata,2953251.0,2953251,18.558558,73.820444,5.710750570445941,50c9509d-22c7-4a22-a47d-8c48425ef4a7,iNaturalist research-grade observations,28eb1a3f-1c15-4a95-931a-4af90ecb574d,6162813544
sterculia foetida,Sterculia foetida,5406675.0,5406675,18.480938,73.814383,6.258288587145536,50c9509d-22c7-4a22-a47d-8c48425ef4a7,iNaturalist research-grade observations,28eb1a3f-1c15-4a95-931a-4af90ecb574d,6162816131
caryota urens,Caryota urens,2738914.0,2738914,18.563883,73.822978,6.001390700237908,50c9509d-22c7-4a22-a47d-8c48425ef4a7,iNaturalist research-grade observations,28eb1a3f-1c15-4a95-931a-4af90ecb574d,6162830103
plumbago zeylanica,Plumbago zeylanica,3082282.0,3082282,18.489597,73.824235,4.842579531085314,50c9509d-22c7-4a22-a47d-8c48425ef4a7,iNaturalist research-grade observations,28eb1a3f-1c15-4a95-931a-4af90ecb574d,6162834645
caryota urens,Caryota urens,2738914.0,2738914,18.563847,73.822996,5.997041797726119,50c9509d-22c7-4a22-a47d-8c48425ef4a7,iNaturalist research-grade observations,28eb1a3f-1c15-4a95-931a-4af90ecb574d,6162835610
butea monosperma,Butea monosperma,8234570.0,8234570,18.494411,73.793352,7.278013325106295,50c9509d-22c7-4a22-a47d-8c48425ef4a7,iNaturalist research-grade observations,28eb1a3f-1c15-4a95-931a-4af90ecb574d,6162848017
cocos nucifera,Cocos nucifera,2735117.0,2735117,18.563858,73.822692,6.01706778997511,50c9509d-22c7-4a22-a47d-8c48425ef4a7,iNaturalist research-grade observations,28eb1a3f-1c15-4a95-931a-4af90ecb574d,6162850408
bauhinia variegata,Bauhinia variegata,2953251.0,2953251,18.56437,73.822887,6.050747879030505,50c9509d-22c7-4a22-a47d-8c48425ef4a7,iNaturalist research-grade observations,28eb1a3f-1c15-4a95-931a-4af90ecb574d,6162857894
cocos nucifera,Cocos nucifera,2735117.0,2735117,18.563633,73.822615,6.001851535016575,50c9509d-22c7-4a22-a47d-8c48425ef4a7,iNaturalist research-grade observations,28eb1a3f-1c15-4a95-931a-4af90ecb574d,6162863910
pongamia pinnata,Pongamia pinnata,2965911.0,2965911,18.564195,73.823048,6.0250263041922905,50c9509d-22c7-4a22-a47d-8c48425ef4a7,iNaturalist research-grade observations,28eb1a3f-1c15-4a95-931a-4af90ecb574d,6162871493
pongamia pinnata,Pongamia pinnata,2965911.0,2965911,18.563869,73.823014,5.997888770574442,50c9509d-22c7-4a22-a47d-8c48425ef4a7,iNaturalist research-grade observations,28eb1a3f-1c15-4a95-931a-4af90ecb574d,6162900482
solanum lycopersicum,Solanum lycopersicum,2930137.0,2930137,18.527186,73.829399,2.975720485927203,50c9509d-22c7-4a22-a47d-8c48425ef4a7,iNaturalist research-grade observations,28eb1a3f-1c15-4a95-931a-4af90ecb574d,6162906273
bauhinia variegata,Bauhinia variegata,2953251.0,2953251,18.564317,73.823015,6.038040968630412,50c9509d-22c7-4a22-a47d-8c48425ef4a7,iNaturalist research-grade observations,28eb1a3f-1c15-4a95-931a-4af90ecb574d,6162928138
artocarpus heterophyllus,Artocarpus heterophyllus,2984565.0,2984565,18.58075,73.821017,7.693000364390835,50c9509d-22c7-4a22-a47d-8c48425ef4a7,iNaturalist research-grade observations,28eb1a3f-1c15-4a95-931a-4af90ecb574d,6162937993
gliricidia sepium,Gliricidia sepium,8082978.0,8082978,18.531251,73.818301,4.224495446777886,50c9509d-22c7-4a22-a47d-8c48425ef4a7,iNaturalist research-grade observations,28eb1a3f-1c15-4a95-931a-4af90ecb574d,6162941005
heliotropium indicum,Heliotropium indicum,2925788.0,2925788,18.483015,73.824812,5.346721856969325,50c9509d-22c7-4a22-a47d-8c48425ef4a7,iNaturalist research-grade observations,28eb1a3f-1c15-4a95-931a-4af90ecb574d,6162960801
holoptelea integrifolia,Holoptelea integrifolia,4160169.0,4160169,18.496521,73.793389,7.184415657830383,50c9509d-22c7-4a22-a47d-8c48425ef4a7,iNaturalist research-grade observations,28eb1a3f-1c15-4a95-931a-4af90ecb574d,6162968894
gliricidia sepium,Gliricidia sepium,8082978.0,8082978,18.516796,73.814337,4.484588848198472,50c9509d-22c7-4a22-a47d-8c48425ef4a7,iNaturalist research-grade observations,28eb1a3f-1c15-4a95-931a-4af90ecb574d,6162971187
caryota urens,Caryota urens,2738914.0,2738914,18.564282,73.823092,6.030120927865663,50c9509d-22c7-4a22-a47d-8c48425ef4a7,iNaturalist research-grade observations,28eb1a3f-1c15-4a95-931a-4af90ecb574d,6162975516
mesosphaerum suaveolens,Mesosphaerum suaveolens,3889017.0,3889017,18.493537,73.797222,6.946638327117112,50c9509d-22c7-4a22-a47d-8c48425ef4a7,iNaturalist research-grade observations,28eb1a3f-1c15-4a95-931a-4af90ecb574d,6163005582
bombax ceiba,Bombax ceiba,3152226.0,3152226,18.536273,73.788377,7.416475210366114,50c9509d-22c7-4a22-a47d-8c48425ef4a7,iNaturalist research-grade observations,28eb1a3f-1c15-4a95-931a-4af90ecb574d,6163007105
caryota urens,Caryota urens,2738914.0,2738914,18.563886,73.822986,6.001159903841482,50c9509d-22c7-4a22-a47d-8c48425ef4a7,iNaturalist research-grade observations,28eb1a3f-1c15-4a95-931a-4af90ecb574d,6163031228
bauhinia variegata,Bauhinia variegata,2953251.0,2953251,18.517721,73.812293,4.691615698261151,50c9509d-22c7-4a22-a47d-8c48425ef4a7,iNaturalist research-grade observations,28eb1a3f-1c15-4a95-931a-4af90ecb574d,6163033103
polyalthia longifolia,Polyalthia longifolia,3156422.0,3156422,18.514312,73.852841,0.7898261070283847,50c9509d-22c7-4a22-a47d-8c48425ef4a7,iNaturalist research-grade observations,28eb1a3f-1c15-4a95-931a-4af90ecb574d,6163080592
bauhinia variegata,Bauhinia variegata,2953251.0,2953251,18.56429,73.823074,6.031955737860927,50c9509d-22c7-4a22-a47d-8c48425ef4a7,iNaturalist research-grade observations,28eb1a3f-1c15-4a95-931a-4af90ecb574d,6163090741
bauhinia variegata,Bauhinia variegata,2953251.0,2953251,18.56431,73.823146,6.029298675612749,50c9509d-22c7-4a22-a47d-8c48425ef4a7,iNaturalist research-grade observations,28eb1a3f-1c15-4a95-931a-4af90ecb574d,6163099895
ipomoea cairica,Ipomoea cairica,2928531.0,2928531,18.536873,73.7879,7.481372885477472,50c9509d-22c7-4a22-a47d-8c48425ef4a7,iNaturalist research-grade observations,28eb1a3f-1c15-4a95-931a-4af90ecb574d,6163151963
holmskioldia sanguinea,Holmskioldia sanguinea,2925665.0,2925665,18.552796,73.827227,4.7572341798674405,50c9509d-22c7-4a22-a47d-8c48425ef4a7,iNaturalist research-grade observations,28eb1a3f-1c15-4a95-931a-4af90ecb574d,6163165767
cascabela thevetia,Cascabela thevetia,3169652.0,3169652,18.557926,73.789076,8.260606494638596,50c9509d-22c7-4a22-a47d-8c48425ef4a7,iNaturalist research-grade observations,28eb1a3f-1c15-4a95-931a-4af90ecb574d,6163186145
caryota urens,Caryota urens,2738914.0,2738914,18.564268,73.823032,6.032580877908031,50c9509d-22c7-4a22-a47d-8c48425ef4a7,iNaturalist research-grade observations,28eb1a3f-1c15-4a95-931a-4af90ecb574d,6163208121
cocos nucifera,Cocos nucifera,2735117.0,2735117,18.563725,73.822673,6.006394133857653,50c9509d-22c7-4a22-a47d-8c48425ef4a7,iNaturalist research-grade observations,28eb1a3f-1c15-4a95-931a-4af90ecb574d,6163218726
alternanthera ficoidea,Alternanthera ficoidea,8160803.0,8160803,18.522101,73.813771,4.530205025209557,50c9509d-22c7-4a22-a47d-8c48425ef4a7,iNaturalist research-grade observations,28eb1a3f-1c15-4a95-931a-4af90ecb574d,6163252538
cocos nucifera,Cocos nucifera,2735117.0,2735117,18.563697,73.82255,6.011653969748829,50c9509d-22c7-4a22-a47d-8c48425ef4a7,iNaturalist research-grade observations,28eb1a3f-1c15-4a95-931a-4af90ecb574d,6163281522
bougainvillea spectabilis,Bougainvillea spectabilis,7167078.0,7167078,18.522101,73.813771,4.530205025209557,50c9509d-22c7-4a22-a47d-8c48425ef4a7,iNaturalist research-grade observations,28eb1a3f-1c15-4a95-931a-4af90ecb574d,6163312467
butea monosperma,Butea monosperma,8234570.0,8234570,18.520842,73.812442,4.666655016118777,50c9509d-22c7-4a22-a47d-8c48425ef4a7,iNaturalist research-grade observations,28eb1a3f-1c15-4a95-931a-4af90ecb574d,6163351233
ficus racemosa,Ficus racemosa,5361904.0,5361904,18.564328,73.823044,6.037232908098599,50c9509d-22c7-4a22-a47d-8c48425ef4a7,iNaturalist research-grade observations,28eb1a3f-1c15-4a95-931a-4af90ecb574d,6163355689
cocos nucifera,Cocos nucifera,2735117.0,2735117,18.56364,73.822548,6.006706045245692,50c9509d-22c7-4a22-a47d-8c48425ef4a7,iNaturalist research-grade observations,28eb1a3f-1c15-4a95-931a-4af90ecb574d,6163367985
cocculus hirsutus,Cocculus hirsutus,3829491.0,3829491,18.49268,73.798447,6.87246842332682,50c9509d-22c7-4a22-a47d-8c48425ef4a7,iNaturalist research-grade observations,28eb1a3f-1c15-4a95-931a-4af90ecb574d,6163400582
caryota urens,Caryota urens,2738914.0,2738914,18.558558,73.821583,5.631087315510064,50c9509d-22c7-4a22-a47d-8c48425ef4a7,iNaturalist research-grade observations,28eb1a3f-1c15-4a95-931a-4af90ecb574d,6170812285
samanea saman,Samanea saman,2972960.0,2972960,18.562165,73.821679,5.932827519062309,50c9509d-22c7-4a22-a47d-8c48425ef4a7,iNaturalist research-grade observations,28eb1a3f-1c15-4a95-931a-4af90ecb574d,6170825347
mangifera indica,Mangifera indica,3190638.0,3190638,18.564007,73.823088,6.005654609039823,50c9509d-22c7-4a22-a47d-8c48425ef4a7,iNaturalist research-grade observations,28eb1a3f-1c15-4a95-931a-4af90ecb574d,6170825354
mirabilis jalapa,Mirabilis jalapa,3086240.0,3086240,18.500414,73.853597,2.2463011381284397,50c9509d-22c7-4a22-a47d-8c48425ef4a7,iNaturalist research-grade observations,28eb1a3f-1c15-4a95-931a-4af90ecb574d,6170851315
cryptolepis buchananii,Cryptolepis buchananii,5525050.0,5525050,18.567347,73.798511,8.054939918956917,50c9509d-22c7-4a22-a47d-8c48425ef4a7,iNaturalist research-grade observations,28eb1a3f-1c15-4a95-931a-4af90ecb574d,6170856178
gliricidia sepium,Gliricidia sepium,8082978.0,8082978,18.531254,73.818334,4.221256535982729,50c9509d-22c7-4a22-a47d-8c48425ef4a7,iNaturalist research-grade observations,28eb1a3f-1c15-4a95-931a-4af90ecb574d,6170863193
chromolaena odorata,Chromolaena odorata,3087725.0,3087725,18.520533,73.814619,4.436890206039726,50c9509d-22c7-4a22-a47d-8c48425ef4a7,iNaturalist research-grade observations,28eb1a3f-1c15-4a95-931a-4af90ecb574d,6170887191
catharanthus roseus,Catharanthus roseus,3169830.0,3169830,18.522465,73.829841,2.841191748479687,50c9509d-22c7-4a22-a47d-8c48425ef4a7,iNaturalist research-grade observations,28eb1a3f-1c15-4a95-931a-4af90ecb574d,6170894610
mangifera indica,Mangifera indica,3190638.0,3190638,18.563109,73.823343,5.909295675191022,50c9509d-22c7-4a22-a47d-8c48425ef4a7,iNaturalist research-grade observations,28eb1a3f-1c15-4a95-931a-4af90ecb574d,6170915258
impatiens walleriana,Impatiens walleriana,2891772.0,2891772,18.521918,73.847635,0.9705667633712621,50c9509d-22c7-4a22-a47d-8c48425ef4a7,iNaturalist research-grade observations,28eb1a3f-1c15-4a95-931a-4af90ecb574d,6170921256
polyalthia longifolia,Polyalthia longifolia,3156422.0,3156422,18.566231,73.908198,7.446171570819351,50c9509d-22c7-4a22-a47d-8c48425ef4a7,iNaturalist research-grade observations,28eb1a3f-1c15-4a95-931a-4af90ecb574d,6170962509
delonix regia,Delonix regia,2956176.0,2956176,18.563044,73.822614,5.949589585145138,50c9509d-22c7-4a22-a47d-8c48425ef4a7,iNaturalist research-grade observations,28eb1a3f-1c15-4a95-931a-4af90ecb574d,6170965660
gliricidia sepium,Gliricidia sepium,8082978.0,8082978,18.524014,73.830833,2.7567408228406958,50c9509d-22c7-4a22-a47d-8c48425ef4a7,iNaturalist research-grade observations,28eb1a3f-1c15-4a95-931a-4af90ecb574d,6171011493
caesalpinia pulcherrima,Caesalpinia pulcherrima,2958715.0,2958715,18.527005,73.831134,2.7937984590517546,50c9509d-22c7-4a22-a47d-8c48425ef4a7,iNaturalist research-grade observations,28eb1a3f-1c15-4a95-931a-4af90ecb574d,6171020789
impatiens walleriana,Impatiens walleriana,2891772.0,2891772,18.521778,73.847691,0.9621516784482264,50c9509d-22c7-4a22-a47d-8c48425ef4a7,iNaturalist research-grade observations,28eb1a3f-1c15-4a95-931a-4af90ecb574d,6171025802
butea monosperma,Butea monosperma,8234570.0,8234570,18.539856,73.833268,3.283815370525954,50c9509d-22c7-4a22-a47d-8c48425ef4a7,iNaturalist research-grade observations,28eb1a3f-1c15-4a95-931a-4af90ecb574d,6171046038
delonix regia,Delonix regia,2956176.0,2956176,18.562955,73.822709,5.935654099840568,50c9509d-22c7-4a22-a47d-8c48425ef4a7,iNaturalist research-grade observations,28eb1a3f-1c15-4a95-931a-4af90ecb574d,6171057553
bauhinia purpurea,Bauhinia purpurea,2953871.0,2953871,18.563105,73.822725,5.947942492462876,50c9509d-22c7-4a22-a47d-8c48425ef4a7,iNaturalist research-grade observations,28eb1a3f-1c15-4a95-931a-4af90ecb574d,6171088566
bougainvillea spectabilis,Bougainvillea spectabilis,7167078.0,7167078,18.52376,73.828638,2.9822219543186197,50c9509d-22c7-4a22-a47d-8c48425ef4a7,iNaturalist research-grade observations,28eb1a3f-1c15-4a95-931a-4af90ecb574d,6171119245
dichrostachys cinerea,Dichrostachys cinerea,2975891.0,2975891,18.556146,73.790529,8.028999639108298,50c9509d-22c7-4a22-a47d-8c48425ef4a7,iNaturalist research-grade observations,28eb1a3f-1c15-4a95-931a-4af90ecb574d,6171162603
leonotis nepetifolia,Leonotis nepetifolia,4924659.0,4924659,18.492176,73.800043,6.748365291502254,50c9509d-22c7-4a22-a47d-8c48425ef4a7,iNaturalist research-grade observations,28eb1a3f-1c15-4a95-931a-4af90ecb574d,6171238977
mimusops elengi,Mimusops elengi,2883768.0,2883768,18.571418,73.779037,9.96061956878593,50c9509d-22c7-4a22-a47d-8c48425ef4a7,iNaturalist research-grade observations,28eb1a3f-1c15-4a95-931a-4af90ecb574d,6171256525
thunbergia laurifolia,Thunbergia laurifolia,5415460.0,5415460,18.525654,73.829777,2.8981152330717577,50c9509d-22c7-4a22-a47d-8c48425ef4a7,iNaturalist research-grade observations,28eb1a3f-1c15-4a95-931a-4af90ecb574d,6171286322
dalbergia sissoo,Dalbergia sissoo,2968532.0,2968532,18.49178,73.800392,6.73650422003864,50c9509d-22c7-4a22-a47d-8c48425ef4a7,iNaturalist research-grade observations,28eb1a3f-1c15-4a95-931a-4af90ecb574d,6171289351
calotropis procera,Calotropis procera,5414566.0,5414566,18.521059,73.821641,3.6972123156324552,50c9509d-22c7-4a22-a47d-8c48425ef4a7,iNaturalist research-grade observations,28eb1a3f-1c15-4a95-931a-4af90ecb574d,6171304579
mangifera indica,Mangifera indica,3190638.0,3190638,18.563109,73.823343,5.909295675191022,50c9509d-22c7-4a22-a47d-8c48425ef4a7,iNaturalist research-grade observations,28eb1a3f-1c15-4a95-931a-4af90ecb574d,6171327559
alternanthera ficoidea,Alternanthera ficoidea,8160803.0,8160803,18.522101,73.813771,4.530205025209557,50c9509d-22c7-4a22-a47d-8c48425ef4a7,iNaturalist research-grade observations,28eb1a3f-1c15-4a95-931a-4af90ecb574d,6171398655
mangifera indica,Mangifera indica,3190638.0,3190638,18.56311,73.822786,5.944516313979673,50c9509d-22c7-4a22-a47d-8c48425ef4a7,iNaturalist research-grade observations,28eb1a3f-1c15-4a95-931a-4af90ecb574d,6171430234
basella alba,Basella alba,3083504.0,3083504,18.488589,73.825432,4.835574178518814,50c9509d-22c7-4a22-a47d-8c48425ef4a7,iNaturalist research-grade observations,28eb1a3f-1c15-4a95-931a-4af90ecb574d,6178377261
mesosphaerum suaveolens,Mesosphaerum suaveolens,3889017.0,3889017,18.492575,73.798763,6.847972316911552,50c9509d-22c7-4a22-a47d-8c48425ef4a7,iNaturalist research-grade observations,28eb1a3f-1c15-4a95-931a-4af90ecb574d,6178481925
tabebuia rosea,Tabebuia rosea,3172537.0,3172537,18.538063,73.786501,7.657309345673133,50c9509d-22c7-4a22-a47d-8c48425ef4a7,iNaturalist research-grade observations,28eb1a3f-1c15-4a95-931a-4af90ecb574d,6178497629
leucaena leucocephala,Leucaena leucocephala,2970418.0,2970418,18.563109,73.823343,5.909295675191022,50c9509d-22c7-4a22-a47d-8c48425ef4a7,iNaturalist research-grade observations,28eb1a3f-1c15-4a95-931a-4af90ecb574d,6178621584
ageratum conyzoides,Ageratum conyzoides,5401673.0,5401673,18.483405,73.825525,5.265812129545018,50c9509d-22c7-4a22-a47d-8c48425ef4a7,iNaturalist research-grade observations,28eb1a3f-1c15-4a95-931a-4af90ecb574d,6178789501
butea monosperma,Butea monosperma,8234570.0,8234570,18.483328,73.841975,4.404959194279933,50c9509d-22c7-4a22-a47d-8c48425ef4a7,iNaturalist research-grade observations,28eb1a3f-1c15-4a95-931a-4af90ecb574d,6178838181
pterocarpus marsupium,Pterocarpus marsupium,5349309.0,5349309,18.452074,73.831061,8.064297137000603,50c9509d-22c7-4a22-a47d-8c48425ef4a7,iNaturalist research-grade observations,28eb1a3f-1c15-4a95-931a-4af90ecb574d,6178879420
synedrella nodiflora,Synedrella nodiflora,5404991.0,5404991,18.483504,73.825543,5.256029667335829,50c9509d-22c7-4a22-a47d-8c48425ef4a7,iNaturalist research-grade observations,28eb1a3f-1c15-4a95-931a-4af90ecb574d,6179145771
broussonetia papyrifera,Broussonetia papyrifera,5361944.0,5361944,18.527265,73.830457,2.870279562937617,50c9509d-22c7-4a22-a47d-8c48425ef4a7,iNaturalist research-grade observations,28eb1a3f-1c15-4a95-931a-4af90ecb574d,6179303223
antigonon leptopus,Antigonon leptopus,2889355.0,2889355,18.553391,73.826178,4.879731672761669,50c9509d-22c7-4a22-a47d-8c48425ef4a7,iNaturalist research-grade observations,28eb1a3f-1c15-4a95-931a-4af90ecb574d,6185130663
sauromatum venosum,Sauromatum venosum,2869597.0,2869597,18.477528,73.845525,4.910641013836703,50c9509d-22c7-4a22-a47d-8c48425ef4a7,iNaturalist research-grade observations,28eb1a3f-1c15-4a95-931a-4af90ecb574d,6234524601
cordia dichotoma,Cordia dichotoma,5341270.0,5341270,18.563408,73.822768,5.972156985879395,50c9509d-22c7-4a22-a47d-8c48425ef4a7,iNaturalist research-grade observations,28eb1a3f-1c15-4a95-931a-4af90ecb574d,6234750488
caryota urens,Caryota urens,2738914.0,2738914,18.563045,73.822827,5.9361428419026385,50c9509d-22c7-4a22-a47d-8c48425ef4a7,iNaturalist research-grade observations,28eb1a3f-1c15-4a95-931a-4af90ecb574d,6234759311
mecardonia procumbens,Mecardonia procumbens,3172014.0,3172014,18.483438,73.825607,5.257549297271404,50c9509d-22c7-4a22-a47d-8c48425ef4a7,iNaturalist research-grade observations,28eb1a3f-1c15-4a95-931a-4af90ecb574d,6234850003
mangifera indica,Mangifera indica,3190638.0,3190638,18.558558,73.821814,5.615106207509402,50c9509d-22c7-4a22-a47d-8c48425ef4a7,iNaturalist research-grade observations,28eb1a3f-1c15-4a95-931a-4af90ecb574d,6234980711
broussonetia papyrifera,Broussonetia papyrifera,5361944.0,5361944,18.56299,73.822855,5.929482221687078,50c9509d-22c7-4a22-a47d-8c48425ef4a7,iNaturalist research-grade observations,28eb1a3f-1c15-4a95-931a-4af90ecb574d,6235082699
pongamia pinnata,Pongamia pinnata,2965911.0,2965911,18.563895,73.82291,6.006714315813938,50c9509d-22c7-4a22-a47d-8c48425ef4a7,iNaturalist research-grade observations,28eb1a3f-1c15-4a95-931a-4af90ecb574d,6235637938
lannea coromandelica,Lannea coromandelica,3661151.0,3661151,18.519628,73.812702,4.639793417543066,50c9509d-22c7-4a22-a47d-8c48425ef4a7,iNaturalist research-grade observations,28eb1a3f-1c15-4a95-931a-4af90ecb574d,6235688013
caryota urens,Caryota urens,2738914.0,2738914,18.563109,73.823343,5.909295675191022,50c9509d-22c7-4a22-a47d-8c48425ef4a7,iNaturalist research-grade observations,28eb1a3f-1c15-4a95-931a-4af90ecb574d,6235772083
caryota urens,Caryota urens,2738914.0,2738914,18.563206,73.82269,5.959131139057444,50c9509d-22c7-4a22-a47d-8c48425ef4a7,iNaturalist research-grade observations,28eb1a3f-1c15-4a95-931a-4af90ecb574d,6236059233
delonix regia,Delonix regia,2956176.0,2956176,18.563039,73.822663,5.9460276876934355,50c9509d-22c7-4a22-a47d-8c48425ef4a7,iNaturalist research-grade observations,28eb1a3f-1c15-4a95-931a-4af90ecb574d,6236174834
caryota urens,Caryota urens,2738914.0,2738914,18.56319,73.822633,5.961328587316129,50c9509d-22c7-4a22-a47d-8c48425ef4a7,iNaturalist research-grade observations,28eb1a3f-1c15-4a95-931a-4af90ecb574d,6236352537
verbascum coromandelianum,Verbascum coromandelianum,7333197.0,7333197,18.531655,73.827307,3.342152826238678,50c9509d-22c7-4a22-a47d-8c48425ef4a7,iNaturalist research-grade observations,28eb1a3f-1c15-4a95-931a-4af90ecb574d,6252399483
erigeron bonariensis,Erigeron bonariensis,3146717.0,3146717,18.549808,73.781762,8.550504098659026,50c9509d-22c7-4a22-a47d-8c48425ef4a7,iNaturalist research-grade observations,28eb1a3f-1c15-4a95-931a-4af90ecb574d,6253228613
mangifera indica,Mangifera indica,3190638.0,3190638,18.563148,73.823272,5.9172358903810105,50c9509d-22c7-4a22-a47d-8c48425ef4a7,iNaturalist research-grade observations,28eb1a3f-1c15-4a95-931a-4af90ecb574d,6273173770
broussonetia papyrifera,Broussonetia papyrifera,5361944.0,5361944,18.563668,73.823018,5.979642793408586,50c9509d-22c7-4a22-a47d-8c48425ef4a7,iNaturalist research-grade observations,28eb1a3f-1c15-4a95-931a-4af90ecb574d,6273245475
mangifera indica,Mangifera indica,3190638.0,3190638,18.563606,73.822879,5.982819096173339,50c9509d-22c7-4a22-a47d-8c48425ef4a7,iNaturalist research-grade observations,28eb1a3f-1c15-4a95-931a-4af90ecb574d,6273286208
bauhinia purpurea,Bauhinia purpurea,2953871.0,2953871,18.564099,73.823072,6.014910613604194,50c9509d-22c7-4a22-a47d-8c48425ef4a7,iNaturalist research-grade observations,28eb1a3f-1c15-4a95-931a-4af90ecb574d,6273315846
broussonetia papyrifera,Broussonetia papyrifera,5361944.0,5361944,18.563127,73.823167,5.921961686733857,50c9509d-22c7-4a22-a47d-8c48425ef4a7,iNaturalist research-grade observations,28eb1a3f-1c15-4a95-931a-4af90ecb574d,6273668599
bauhinia purpurea,Bauhinia purpurea,2953871.0,2953871,18.558558,73.822072,5.597328495541076,50c9509d-22c7-4a22-a47d-8c48425ef4a7,iNaturalist research-grade observations,28eb1a3f-1c15-4a95-931a-4af90ecb574d,6273812481
bauhinia purpurea,Bauhinia purpurea,2953871.0,2953871,18.563109,73.823343,5.909295675191022,50c9509d-22c7-4a22-a47d-8c48425ef4a7,iNaturalist research-grade observations,28eb1a3f-1c15-4a95-931a-4af90ecb574d,6273819111
pongamia pinnata,Pongamia pinnata,2965911.0,2965911,18.563991,73.823153,6.000176816724972,50c9509d-22c7-4a22-a47d-8c48425ef4a7,iNaturalist research-grade observations,28eb1a3f-1c15-4a95-931a-4af90ecb574d,6273822916
broussonetia papyrifera,Broussonetia papyrifera,5361944.0,5361944,18.562987,73.822996,5.920282540693136,50c9509d-22c7-4a22-a47d-8c48425ef4a7,iNaturalist research-grade observations,28eb1a3f-1c15-4a95-931a-4af90ecb574d,6273875901
veronica peregrina,Veronica peregrina,3172104.0,3172104,18.483321,73.825487,5.275611544643923,50c9509d-22c7-4a22-a47d-8c48425ef4a7,iNaturalist research-grade observations,28eb1a3f-1c15-4a95-931a-4af90ecb574d,6273971802
leucaena leucocephala,Leucaena leucocephala,2970418.0,2970418,18.563109,73.823343,5.909295675191022,50c9509d-22c7-4a22-a47d-8c48425ef4a7,iNaturalist research-grade observations,28eb1a3f-1c15-4a95-931a-4af90ecb574d,6274106790
broussonetia papyrifera,Broussonetia papyrifera,5361944.0,5361944,18.562991,73.822841,5.9304592632934865,50c9509d-22c7-4a22-a47d-8c48425ef4a7,iNaturalist research-grade observations,28eb1a3f-1c15-4a95-931a-4af90ecb574d,6274136107
broussonetia papyrifera,Broussonetia papyrifera,5361944.0,5361944,18.563075,73.823146,5.9186470519012815,50c9509d-22c7-4a22-a47d-8c48425ef4a7,iNaturalist research-grade observations,28eb1a3f-1c15-4a95-931a-4af90ecb574d,6274192881
caryota urens,Caryota urens,2738914.0,2738914,18.563828,73.822926,5.999716607140826,50c9509d-22c7-4a22-a47d-8c48425ef4a7,iNaturalist research-grade observations,28eb1a3f-1c15-4a95-931a-4af90ecb574d,6399612558
polyalthia longifolia,Polyalthia longifolia,3156422.0,3156422,18.5637,73.827301,5.7260492008640735,50c9509d-22c7-4a22-a47d-8c48425ef4a7,iNaturalist research-grade observations,28eb1a3f-1c15-4a95-931a-4af90ecb574d,6441179117
polyalthia longifolia,Polyalthia longifolia,3156422.0,3156422,18.563877,73.826423,5.793087585030917,50c9509d-22c7-4a22-a47d-8c48425ef4a7,iNaturalist research-grade observations,28eb1a3f-1c15-4a95-931a-4af90ecb574d,6441446067
hemidesmus indicus,Hemidesmus indicus,8125676.0,8125676,18.492789,73.798828,6.831127276480733,50c9509d-22c7-4a22-a47d-8c48425ef4a7,iNaturalist research-grade observations,28eb1a3f-1c15-4a95-931a-4af90ecb574d,6441766306
broussonetia papyrifera,Broussonetia papyrifera,5361944.0,5361944,18.562614,73.825916,5.7066490048933165,50c9509d-22c7-4a22-a47d-8c48425ef4a7,iNaturalist research-grade observations,28eb1a3f-1c15-4a95-931a-4af90ecb574d,6441842977
artabotrys hexapetalus,Artabotrys hexapetalus,3154909.0,3154909,18.542752,73.806254,5.8705843198024965,50c9509d-22c7-4a22-a47d-8c48425ef4a7,iNaturalist research-grade observations,28eb1a3f-1c15-4a95-931a-4af90ecb574d,6452202600
ficus racemosa,Ficus racemosa,5361904.0,5361904,18.520534,73.849941,0.7127998014681984,50c9509d-22c7-4a22-a47d-8c48425ef4a7,iNaturalist research-grade observations,28eb1a3f-1c15-4a95-931a-4af90ecb574d,6171246937
calotropis gigantea,Calotropis gigantea,3579089.0,3579089,18.562574,73.794304,8.078478640671758,50c9509d-22c7-4a22-a47d-8c48425ef4a7,iNaturalist research-grade observations,28eb1a3f-1c15-4a95-931a-4af90ecb574d,6171371272
lannea coromandelica,Lannea coromandelica,3661151.0,3661151,18.529444,73.817303,4.273769143645818,50c9509d-22c7-4a22-a47d-8c48425ef4a7,iNaturalist research-grade observations,28eb1a3f-1c15-4a95-931a-4af90ecb574d,6178298110
hibiscus rosa-sinensis,Hibiscus rosa-sinensis,3152559.0,3152559,18.543405,73.832176,3.6371193969284046,50c9509d-22c7-4a22-a47d-8c48425ef4a7,iNaturalist research-grade observations,28eb1a3f-1c15-4a95-931a-4af90ecb574d,6178298324
ipomoea obscura,Ipomoea obscura,2928565.0,2928565,18.481422,73.811066,6.476155988583182,50c9509d-22c7-4a22-a47d-8c48425ef4a7,iNaturalist research-grade observations,28eb1a3f-1c15-4a95-931a-4af90ecb574d,6178314693
nymphoides hydrophylla,Nymphoides hydrophylla,5592249.0,5592249,18.530147,73.817436,4.279260337152896,50c9509d-22c7-4a22-a47d-8c48425ef4a7,iNaturalist research-grade observations,28eb1a3f-1c15-4a95-931a-4af90ecb574d,6178341080
dolichandrone falcata,Dolichandrone falcata,4091174.0,4091174,18.529444,73.817303,4.273769143645818,50c9509d-22c7-4a22-a47d-8c48425ef4a7,iNaturalist research-grade observations,28eb1a3f-1c15-4a95-931a-4af90ecb574d,6178358230
samanea saman,Samanea saman,2972960.0,2972960,18.498032,73.904518,5.6221743484301685,50c9509d-22c7-4a22-a47d-8c48425ef4a7,iNaturalist research-grade observations,28eb1a3f-1c15-4a95-931a-4af90ecb574d,6178390449
bauhinia racemosa,Bauhinia racemosa,2953160.0,2953160,18.529444,73.817303,4.273769143645818,50c9509d-22c7-4a22-a47d-8c48425ef4a7,iNaturalist research-grade observations,28eb1a3f-1c15-4a95-931a-4af90ecb574d,6178531401
boswellia serrata,Boswellia serrata,5421354.0,5421354,18.529444,73.817303,4.273769143645818,50c9509d-22c7-4a22-a47d-8c48425ef4a7,iNaturalist research-grade observations,28eb1a3f-1c15-4a95-931a-4af90ecb574d,6178550798
syzygium cumini,Syzygium cumini,3183840.0,3183840,18.562936,73.823286,5.897435515132348,50c9509d-22c7-4a22-a47d-8c48425ef4a7,iNaturalist research-grade observations,28eb1a3f-1c15-4a95-931a-4af90ecb574d,6178633367
pongamia pinnata,Pongamia pinnata,2965911.0,2965911,18.533068,73.812716,4.846559476340946,50c9509d-22c7-4a22-a47d-8c48425ef4a7,iNaturalist research-grade observations,28eb1a3f-1c15-4a95-931a-4af90ecb574d,6178664153
tamarindus indica,Tamarindus indica,2975768.0,2975768,18.56442,73.82282,6.059401762598393,50c9509d-22c7-4a22-a47d-8c48425ef4a7,iNaturalist research-grade observations,28eb1a3f-1c15-4a95-931a-4af90ecb574d,6178765599
nerium oleander,Nerium oleander,3169756.0,3169756,18.520468,73.835554,2.2295695595853777,50c9509d-22c7-4a22-a47d-8c48425ef4a7,iNaturalist research-grade observations,28eb1a3f-1c15-4a95-931a-4af90ecb574d,6178821506
erythrina variegata,Erythrina variegata,5349581.0,5349581,18.530945,73.815733,4.475605093890228,50c9509d-22c7-4a22-a47d-8c48425ef4a7,iNaturalist research-grade observations,28eb1a3f-1c15-4a95-931a-4af90ecb574d,6178851387
erythrina suberosa,Erythrina suberosa,5349546.0,5349546,18.54743,73.807974,5.951747559623581,50c9509d-22c7-4a22-a47d-8c48425ef4a7,iNaturalist research-grade observations,28eb1a3f-1c15-4a95-931a-4af90ecb574d,6178878882
ipomoea parasitica,Ipomoea parasitica,4927124.0,4927124,18.565721,73.795395,8.195462034081116,50c9509d-22c7-4a22-a47d-8c48425ef4a7,iNaturalist research-grade observations,28eb1a3f-1c15-4a95-931a-4af90ecb574d,6178896992
careya arborea,Careya arborea,3083448.0,3083448,18.545897,73.804808,6.16187635782467,50c9509d-22c7-4a22-a47d-8c48425ef4a7,iNaturalist research-grade observations,28eb1a3f-1c15-4a95-931a-4af90ecb574d,6178923811
tridax procumbens,Tridax procumbens,3149462.0,3149462,18.544169,73.806433,5.922093913900653,50c9509d-22c7-4a22-a47d-8c48425ef4a7,iNaturalist research-grade observations,28eb1a3f-1c15-4a95-931a-4af90ecb574d,6178967787
erythrina suberosa,Erythrina suberosa,5349546.0,5349546,18.527323,73.815669,4.394029188015461,50c9509d-22c7-4a22-a47d-8c48425ef4a7,iNaturalist research-grade observations,28eb1a3f-1c15-4a95-931a-4af90ecb574d,6178973433
cocos nucifera,Cocos nucifera,2735117.0,2735117,18.563068,73.824167,5.854321342477355,50c9509d-22c7-4a22-a47d-8c48425ef4a7,iNaturalist research-grade observations,28eb1a3f-1c15-4a95-931a-4af90ecb574d,6178999368
kalanchoe pinnata,Kalanchoe pinnata,2985930.0,2985930,18.52805,73.819799,3.982526328039405,50c9509d-22c7-4a22-a47d-8c48425ef4a7,iNaturalist research-grade observations,28eb1a3f-1c15-4a95-931a-4af90ecb574d,6179134141
tecoma stans,Tecoma stans,3172492.0,3172492,18.519397,73.837087,2.0709346390630827,50c9509d-22c7-4a22-a47d-8c48425ef4a7,iNaturalist research-grade observations,28eb1a3f-1c15-4a95-931a-4af90ecb574d,6179182201
capparis grandis,Capparis grandis,7552967.0,7552967,18.531186,73.815839,4.471930036203076,50c9509d-22c7-4a22-a47d-8c48425ef4a7,iNaturalist research-grade observations,28eb1a3f-1c15-4a95-931a-4af90ecb574d,6179242491
azadirachta indica,Azadirachta indica,3190474.0,3190474,18.543907,73.805903,5.959317880118252,50c9509d-22c7-4a22-a47d-8c48425ef4a7,iNaturalist research-grade observations,28eb1a3f-1c15-4a95-931a-4af90ecb574d,6179280215
capparis grandis,Capparis grandis,7552967.0,7552967,18.531027,73.816649,4.3849220998641565,50c9509d-22c7-4a22-a47d-8c48425ef4a7,iNaturalist research-grade observations,28eb1a3f-1c15-4a95-931a-4af90ecb574d,6179321002
thunbergia alata,Thunbergia alata,5415463.0,5415463,18.563533,73.794682,8.10866317111353,50c9509d-22c7-4a22-a47d-8c48425ef4a7,iNaturalist research-grade observations,28eb1a3f-1c15-4a95-931a-4af90ecb574d,6179379713
cassia fistula,Cassia fistula,5357108.0,5357108,18.545237,73.806371,5.981821958116557,50c9509d-22c7-4a22-a47d-8c48425ef4a7,iNaturalist research-grade observations,28eb1a3f-1c15-4a95-931a-4af90ecb574d,6179420764
kalanchoe pinnata,Kalanchoe pinnata,2985930.0,2985930,18.53308,73.812668,4.851789433750647,50c9509d-22c7-4a22-a47d-8c48425ef4a7,iNaturalist research-grade observations,28eb1a3f-1c15-4a95-931a-4af90ecb574d,6179437833
kigelia africana,Kigelia africana,3172561.0,3172561,18.546881,73.805152,6.181053821602226,50c9509d-22c7-4a22-a47d-8c48425ef4a7,iNaturalist research-grade observations,28eb1a3f-1c15-4a95-931a-4af90ecb574d,6179486609
pithecellobium dulce,Pithecellobium dulce,2962831.0,2962831,18.532051,73.817503,4.330956923342738,50c9509d-22c7-4a22-a47d-8c48425ef4a7,iNaturalist research-grade observations,28eb1a3f-1c15-4a95-931a-4af90ecb574d,6179508595
ficus racemosa,Ficus racemosa,5361904.0,5361904,18.564335,73.822965,6.042760526303727,50c9509d-22c7-4a22-a47d-8c48425ef4a7,iNaturalist research-grade observations,28eb1a3f-1c15-4a95-931a-4af90ecb574d,6179523075
mangifera indica,Mangifera indica,3190638.0,3190638,18.563258,73.822818,5.9556472697119816,50c9509d-22c7-4a22-a47d-8c48425ef4a7,iNaturalist research-grade observations,28eb1a3f-1c15-4a95-931a-4af90ecb574d,6184723923
pongamia pinnata,Pongamia pinnata,2965911.0,2965911,18.562989,73.823394,5.895374448078317,50c9509d-22c7-4a22-a47d-8c48425ef4a7,iNaturalist research-grade observations,28eb1a3f-1c15-4a95-931a-4af90ecb574d,6184723931
pistia stratiotes,Pistia stratiotes,2870583.0,2870583,18.567114,73.790991,8.658356646977342,50c9509d-22c7-4a22-a47d-8c48425ef4a7,iNaturalist research-grade observations,28eb1a3f-1c15-4a95-931a-4af90ecb574d,6184731680
cordia dichotoma,Cordia dichotoma,5341270.0,5341270,18.563063,73.79445,8.097677120197227,50c9509d-22c7-4a22-a47d-8c48425ef4a7,iNaturalist research-grade observations,28eb1a3f-1c15-4a95-931a-4af90ecb574d,6184737905
broussonetia papyrifera,Broussonetia papyrifera,5361944.0,5361944,18.562958,73.823249,5.901727474636605,50c9509d-22c7-4a22-a47d-8c48425ef4a7,iNaturalist research-grade observations,28eb1a3f-1c15-4a95-931a-4af90ecb574d,6184741240
cassia fistula,Cassia fistula,5357108.0,5357108,18.562594,73.794603,8.05412759037587,50c9509d-22c7-4a22-a47d-8c48425ef4a7,iNaturalist research-grade observations,28eb1a3f-1c15-4a95-931a-4af90ecb574d,6184742728
flacourtia indica,Flacourtia indica,5331162.0,5331162,18.534277,73.814787,4.6806359669165385,50c9509d-22c7-4a22-a47d-8c48425ef4a7,iNaturalist research-grade observations,28eb1a3f-1c15-4a95-931a-4af90ecb574d,6184748759
combretum albidum,Combretum albidum,7327060.0,7327060,18.562688,73.793862,8.123794836917206,50c9509d-22c7-4a22-a47d-8c48425ef4a7,iNaturalist research-grade observations,28eb1a3f-1c15-4a95-931a-4af90ecb574d,6184749926
ficus racemosa,Ficus racemosa,5361904.0,5361904,18.563713,73.795578,8.044657814213405,50c9509d-22c7-4a22-a47d-8c48425ef4a7,iNaturalist research-grade observations,28eb1a3f-1c15-4a95-931a-4af90ecb574d,6184765551
boswellia serrata,Boswellia serrata,5421354.0,5421354,18.553281,73.788451,8.070887563829766,50c9509d-22c7-4a22-a47d-8c48425ef4a7,iNaturalist research-grade observations,28eb1a3f-1c15-4a95-931a-4af90ecb574d,6184765805
ficus heterophylla,Ficus heterophylla,8418037.0,8418037,18.565358,73.79563,8.151127309745172,50c9509d-22c7-4a22-a47d-8c48425ef4a7,iNaturalist research-grade observations,28eb1a3f-1c15-4a95-931a-4af90ecb574d,6184784386
cycas revoluta,Cycas revoluta,2683217.0,2683217,18.460229,73.808488,8.403256412603252,50c9509d-22c7-4a22-a47d-8c48425ef4a7,iNaturalist research-grade observations,28eb1a3f-1c15-4a95-931a-4af90ecb574d,6184802300
mangifera indica,Mangifera indica,3190638.0,3190638,18.563385,73.822992,5.955989711721123,50c9509d-22c7-4a22-a47d-8c48425ef4a7,iNaturalist research-grade observations,28eb1a3f-1c15-4a95-931a-4af90ecb574d,6184804503
rumex dentatus,Rumex dentatus,2889038.0,2889038,18.563579,73.793636,8.200829751773203,50c9509d-22c7-4a22-a47d-8c48425ef4a7,iNaturalist research-grade observations,28eb1a3f-1c15-4a95-931a-4af90ecb574d,6184825006
couroupita guianensis,Couroupita guianensis,3082562.0,3082562,18.514649,73.932247,7.991162235479811,50c9509d-22c7-4a22-a47d-8c48425ef4a7,iNaturalist research-grade observations,28eb1a3f-1c15-4a95-931a-4af90ecb574d,6184833745
pongamia pinnata,Pongamia pinnata,2965911.0,2965911,18.5629,73.794487,8.083909798662988,50c9509d-22c7-4a22-a47d-8c48425ef4a7,iNaturalist research-grade observations,28eb1a3f-1c15-4a95-931a-4af90ecb574d,6184842453
albizia lebbeck,Albizia lebbeck,2973215.0,2973215,18.565563,73.795853,8.146600322780314,50c9509d-22c7-4a22-a47d-8c48425ef4a7,iNaturalist research-grade observations,28eb1a3f-1c15-4a95-931a-4af90ecb574d,6184873234
broussonetia papyrifera,Broussonetia papyrifera,5361944.0,5361944,18.563177,73.823617,5.898247089711861,50c9509d-22c7-4a22-a47d-8c48425ef4a7,iNaturalist research-grade observations,28eb1a3f-1c15-4a95-931a-4af90ecb574d,6184873398
stephanotis volubilis,Stephanotis volubilis,12202584.0,12202584,18.553943,73.788266,8.121808158217496,50c9509d-22c7-4a22-a47d-8c48425ef4a7,iNaturalist research-grade observations,28eb1a3f-1c15-4a95-931a-4af90ecb574d,6184874763
nicotiana plumbaginifolia,Nicotiana plumbaginifolia,2928768.0,2928768,18.564061,73.794609,8.14969951593008,50c9509d-22c7-4a22-a47d-8c48425ef4a7,iNaturalist research-grade observations,28eb1a3f-1c15-4a95-931a-4af90ecb574d,6184886233
kigelia africana,Kigelia africana,3172561.0,3172561,18.533034,73.839008,2.335156761901044,50c9509d-22c7-4a22-a47d-8c48425ef4a7,iNaturalist research-grade observations,28eb1a3f-1c15-4a95-931a-4af90ecb574d,6184887241
millingtonia hortensis,Millingtonia hortensis,7629955.0,7629955,18.562947,73.823525,5.883403702423632,50c9509d-22c7-4a22-a47d-8c48425ef4a7,iNaturalist research-grade observations,28eb1a3f-1c15-4a95-931a-4af90ecb574d,6184906166
salvia plebeia,Salvia plebeia,3891879.0,3891879,18.563586,73.793395,8.221895055078129,50c9509d-22c7-4a22-a47d-8c48425ef4a7,iNaturalist research-grade observations,28eb1a3f-1c15-4a95-931a-4af90ecb574d,6184906410
argemone mexicana,Argemone mexicana,2888485.0,2888485,18.565435,73.795105,8.200137872277372,50c9509d-22c7-4a22-a47d-8c48425ef4a7,iNaturalist research-grade observations,28eb1a3f-1c15-4a95-931a-4af90ecb574d,6184922727
mangifera indica,Mangifera indica,3190638.0,3190638,18.563507,73.822898,5.972788195526052,50c9509d-22c7-4a22-a47d-8c48425ef4a7,iNaturalist research-grade observations,28eb1a3f-1c15-4a95-931a-4af90ecb574d,6184946977
parthenium hysterophorus,Parthenium hysterophorus,3086784.0,3086784,18.439525,73.845332,9.07246438073025,50c9509d-22c7-4a22-a47d-8c48425ef4a7,iNaturalist research-grade observations,28eb1a3f-1c15-4a95-931a-4af90ecb574d,6184995347
flacourtia indica,Flacourtia indica,5331162.0,5331162,18.529444,73.817303,4.273769143645818,50c9509d-22c7-4a22-a47d-8c48425ef4a7,iNaturalist research-grade observations,28eb1a3f-1c15-4a95-931a-4af90ecb574d,6185011932
polyalthia longifolia,Polyalthia longifolia,3156422.0,3156422,18.563109,73.823343,5.909295675191022,50c9509d-22c7-4a22-a47d-8c48425ef4a7,iNaturalist research-grade observations,28eb1a3f-1c15-4a95-931a-4af90ecb574d,6185019745
bauhinia racemosa,Bauhinia racemosa,2953160.0,2953160,18.556524,73.789906,8.106868687718865,50c9509d-22c7-4a22-a47d-8c48425ef4a7,iNaturalist research-grade observations,28eb1a3f-1c15-4a95-931a-4af90ecb574d,6185026640
nerium oleander,Nerium oleander,3169756.0,3169756,18.514031,73.896042,4.208174623442298,50c9509d-22c7-4a22-a47d-8c48425ef4a7,iNaturalist research-grade observations,28eb1a3f-1c15-4a95-931a-4af90ecb574d,6185029610
solanum torvum,Solanum torvum,2932389.0,2932389,18.567384,73.799845,7.951063135585213,50c9509d-22c7-4a22-a47d-8c48425ef4a7,iNaturalist research-grade observations,28eb1a3f-1c15-4a95-931a-4af90ecb574d,6185029883
prosopis juliflora,Prosopis juliflora,5358460.0,5358460,18.514856,73.892675,3.8429022971998292,50c9509d-22c7-4a22-a47d-8c48425ef4a7,iNaturalist research-grade observations,28eb1a3f-1c15-4a95-931a-4af90ecb574d,6185046619
psidium guajava,Psidium guajava,5420380.0,5420380,18.520374,73.873354,1.7559395845583896,50c9509d-22c7-4a22-a47d-8c48425ef4a7,iNaturalist research-grade observations,28eb1a3f-1c15-4a95-931a-4af90ecb574d,6185047308
cocos nucifera,Cocos nucifera,2735117.0,2735117,18.56303,73.82418,5.850094453617542,50c9509d-22c7-4a22-a47d-8c48425ef4a7,iNaturalist research-grade observations,28eb1a3f-1c15-4a95-931a-4af90ecb574d,6185052254
broussonetia papyrifera,Broussonetia papyrifera,5361944.0,5361944,18.56488,73.822983,6.090747992817021,50c9509d-22c7-4a22-a47d-8c48425ef4a7,iNaturalist research-grade observations,28eb1a3f-1c15-4a95-931a-4af90ecb574d,6185073032
samanea saman,Samanea saman,2972960.0,2972960,18.562945,73.824165,5.843367182065332,50c9509d-22c7-4a22-a47d-8c48425ef4a7,iNaturalist research-grade observations,28eb1a3f-1c15-4a95-931a-4af90ecb574d,6185081962
pongamia pinnata,Pongamia pinnata,2965911.0,2965911,18.56524,73.795356,8.165945559027147,50c9509d-22c7-4a22-a47d-8c48425ef4a7,iNaturalist research-grade observations,28eb1a3f-1c15-4a95-931a-4af90ecb574d,6185088444
alternanthera ficoidea,Alternanthera ficoidea,8160803.0,8160803,18.563148,73.794518,8.097411780404686,50c9509d-22c7-4a22-a47d-8c48425ef4a7,iNaturalist research-grade observations,28eb1a3f-1c15-4a95-931a-4af90ecb574d,6185113429
sphaeranthus indicus,Sphaeranthus indicus,8302135.0,8302135,18.563705,73.793715,8.202294692217711,50c9509d-22c7-4a22-a47d-8c48425ef4a7,iNaturalist research-grade observations,28eb1a3f-1c15-4a95-931a-4af90ecb574d,6185131816
ficus heterophylla,Ficus heterophylla,8418037.0,8418037,18.565375,73.795666,8.149289650133056,50c9509d-22c7-4a22-a47d-8c48425ef4a7,iNaturalist research-grade observations,28eb1a3f-1c15-4a95-931a-4af90ecb574d,6185133414
plumbago zeylanica,Plumbago zeylanica,3082282.0,3082282,18.563325,73.794412,8.118014780607805,50c9509d-22c7-4a22-a47d-8c48425ef4a7,iNaturalist research-grade observations,28eb1a3f-1c15-4a95-931a-4af90ecb574d,6185168241
kigelia africana,Kigelia africana,3172561.0,3172561,18.532933,73.838906,2.337042112463669,50c9509d-22c7-4a22-a47d-8c48425ef4a7,iNaturalist research-grade observations,28eb1a3f-1c15-4a95-931a-4af90ecb574d,6185195080
kigelia africana,Kigelia africana,3172561.0,3172561,18.528942,73.812507,4.755258678086163,50c9509d-22c7-4a22-a47d-8c48425ef4a7,iNaturalist research-grade observations,28eb1a3f-1c15-4a95-931a-4af90ecb574d,6185208788
asclepias curassavica,Asclepias curassavica,3170241.0,3170241,18.564937,73.7952,8.158485335675026,50c9509d-22c7-4a22-a47d-8c48425ef4a7,iNaturalist research-grade observations,28eb1a3f-1c15-4a95-931a-4af90ecb574d,6185216575
syzygium aqueum,Syzygium aqueum,3183335.0,3183335,18.569079,73.803812,7.770815622137092,50c9509d-22c7-4a22-a47d-8c48425ef4a7,iNaturalist research-grade observations,28eb1a3f-1c15-4a95-931a-4af90ecb574d,6185218828
grevillea robusta,Grevillea robusta,2891791.0,2891791,18.509109,73.852659,1.3258339291097907,50c9509d-22c7-4a22-a47d-8c48425ef4a7,iNaturalist research-grade observations,28eb1a3f-1c15-4a95-931a-4af90ecb574d,6185238163
tamarindus indica,Tamarindus indica,2975768.0,2975768,18.551812,73.80958,6.072738994548311,50c9509d-22c7-4a22-a47d-8c48425ef4a7,iNaturalist research-grade observations,28eb1a3f-1c15-4a95-931a-4af90ecb574d,6185257126
cuscuta campestris,Cuscuta campestris,3610757.0,3610757,18.483972,73.826004,5.185023897556413,50c9509d-22c7-4a22-a47d-8c48425ef4a7,iNaturalist research-grade observations,28eb1a3f-1c15-4a95-931a-4af90ecb574d,6185277435
prosopis juliflora,Prosopis juliflora,5358460.0,5358460,18.567668,73.808984,7.275244495701628,50c9509d-22c7-4a22-a47d-8c48425ef4a7,iNaturalist research-grade observations,28eb1a3f-1c15-4a95-931a-4af90ecb574d,6185295550
gliricidia sepium,Gliricidia sepium,8082978.0,8082978,18.563065,73.824232,5.850038952352381,50c9509d-22c7-4a22-a47d-8c48425ef4a7,iNaturalist research-grade observations,28eb1a3f-1c15-4a95-931a-4af90ecb574d,6185343769
leucaena leucocephala,Leucaena leucocephala,2970418.0,2970418,18.563571,73.82301,5.971470120856882,50c9509d-22c7-4a22-a47d-8c48425ef4a7,iNaturalist research-grade observations,28eb1a3f-1c15-4a95-931a-4af90ecb574d,6185349207
broussonetia papyrifera,Broussonetia papyrifera,5361944.0,5361944,18.563018,73.823458,5.893950676143074,50c9509d-22c7-4a22-a47d-8c48425ef4a7,iNaturalist research-grade observations,28eb1a3f-1c15-4a95-931a-4af90ecb574d,6185364000
leucaena leucocephala,Leucaena leucocephala,2970418.0,2970418,18.528942,73.812507,4.755258678086163,50c9509d-22c7-4a22-a47d-8c48425ef4a7,iNaturalist research-grade observations,28eb1a3f-1c15-4a95-931a-4af90ecb574d,6185373243
cocos nucifera,Cocos nucifera,2735117.0,2735117,18.562961,73.823993,5.855466947045041,50c9509d-22c7-4a22-a47d-8c48425ef4a7,iNaturalist research-grade observations,28eb1a3f-1c15-4a95-931a-4af90ecb574d,6185387114
chrozophora rottleri,Chrozophora rottleri,3054492.0,3054492,18.563691,73.793704,8.202320018535715,50c9509d-22c7-4a22-a47d-8c48425ef4a7,iNaturalist research-grade observations,28eb1a3f-1c15-4a95-931a-4af90ecb574d,6185387611
bauhinia purpurea,Bauhinia purpurea,2953871.0,2953871,18.519803,73.838019,1.970778345426064,50c9509d-22c7-4a22-a47d-8c48425ef4a7,iNaturalist research-grade observations,28eb1a3f-1c15-4a95-931a-4af90ecb574d,6185387666
samanea saman,Samanea saman,2972960.0,2972960,18.562687,73.793838,8.125793871027698,50c9509d-22c7-4a22-a47d-8c48425ef4a7,iNaturalist research-grade observations,28eb1a3f-1c15-4a95-931a-4af90ecb574d,6185418420
vachellia leucophloea,Vachellia leucophloea,7769517.0,7769517,18.557252,73.789174,8.214059823370366,50c9509d-22c7-4a22-a47d-8c48425ef4a7,iNaturalist research-grade observations,28eb1a3f-1c15-4a95-931a-4af90ecb574d,6185424142
cordia dichotoma,Cordia dichotoma,5341270.0,5341270,18.565465,73.795192,8.194915812575925,50c9509d-22c7-4a22-a47d-8c48425ef4a7,iNaturalist research-grade observations,28eb1a3f-1c15-4a95-931a-4af90ecb574d,6185426605
ficus benghalensis,Ficus benghalensis,5361919.0,5361919,18.528942,73.812507,4.755258678086163,50c9509d-22c7-4a22-a47d-8c48425ef4a7,iNaturalist research-grade observations,28eb1a3f-1c15-4a95-931a-4af90ecb574d,6185427437
dalbergia lanceolaria,Dalbergia lanceolaria,2940397.0,2940397,18.549668,73.785723,8.1599950517723,50c9509d-22c7-4a22-a47d-8c48425ef4a7,iNaturalist research-grade observations,28eb1a3f-1c15-4a95-931a-4af90ecb574d,6185454742
madhuca longifolia,Madhuca longifolia,2883346.0,2883346,18.567347,73.798511,8.054939918956917,50c9509d-22c7-4a22-a47d-8c48425ef4a7,iNaturalist research-grade observations,28eb1a3f-1c15-4a95-931a-4af90ecb574d,6185457413
bambusa vulgaris,Bambusa vulgaris,7661971.0,7661971,18.528942,73.812507,4.755258678086163,50c9509d-22c7-4a22-a47d-8c48425ef4a7,iNaturalist research-grade observations,28eb1a3f-1c15-4a95-931a-4af90ecb574d,6185459937
phoenix sylvestris,Phoenix sylvestris,5293177.0,5293177,18.564405,73.822957,6.0495505301286405,50c9509d-22c7-4a22-a47d-8c48425ef4a7,iNaturalist research-grade observations,28eb1a3f-1c15-4a95-931a-4af90ecb574d,6185519044
broussonetia papyrifera,Broussonetia papyrifera,5361944.0,5361944,18.562942,73.823625,5.876695372469654,50c9509d-22c7-4a22-a47d-8c48425ef4a7,iNaturalist research-grade observations,28eb1a3f-1c15-4a95-931a-4af90ecb574d,6185519045
heliotropium indicum,Heliotropium indicum,2925788.0,2925788,18.562532,73.795616,7.963510643454924,50c9509d-22c7-4a22-a47d-8c48425ef4a7,iNaturalist research-grade observations,28eb1a3f-1c15-4a95-931a-4af90ecb574d,6185536439
pongamia pinnata,Pongamia pinnata,2965911.0,2965911,18.565618,73.795359,8.191421724944556,50c9509d-22c7-4a22-a47d-8c48425ef4a7,iNaturalist research-grade observations,28eb1a3f-1c15-4a95-931a-4af90ecb574d,6185572790
ficus benghalensis,Ficus benghalensis,5361919.0,5361919,18.528942,73.812507,4.755258678086163,50c9509d-22c7-4a22-a47d-8c48425ef4a7,iNaturalist research-grade observations,28eb1a3f-1c15-4a95-931a-4af90ecb574d,6185589561
cassia fistula,Cassia fistula,5357108.0,5357108,18.487898,73.825493,4.8877318398525,50c9509d-22c7-4a22-a47d-8c48425ef4a7,iNaturalist research-grade observations,28eb1a3f-1c15-4a95-931a-4af90ecb574d,6185598828
ficus benghalensis,Ficus benghalensis,5361919.0,5361919,18.559724,73.789671,8.309938945778196,50c9509d-22c7-4a22-a47d-8c48425ef4a7,iNaturalist research-grade observations,28eb1a3f-1c15-4a95-931a-4af90ecb574d,6185609483
polyalthia longifolia,Polyalthia longifolia,3156422.0,3156422,18.562872,73.824037,5.8447377716156375,50c9509d-22c7-4a22-a47d-8c48425ef4a7,iNaturalist research-grade observations,28eb1a3f-1c15-4a95-931a-4af90ecb574d,6185624653
broussonetia papyrifera,Broussonetia papyrifera,5361944.0,5361944,18.563043,73.823329,5.904279091149359,50c9509d-22c7-4a22-a47d-8c48425ef4a7,iNaturalist research-grade observations,28eb1a3f-1c15-4a95-931a-4af90ecb574d,6185635808
limonia acidissima,Limonia acidissima,5421342.0,5421342,18.564361,73.795134,8.125332345386308,50c9509d-22c7-4a22-a47d-8c48425ef4a7,iNaturalist research-grade observations,28eb1a3f-1c15-4a95-931a-4af90ecb574d,6185639391
phyllanthus reticulatus,Phyllanthus reticulatus,5382478.0,5382478,18.563464,73.793392,8.214238116386095,50c9509d-22c7-4a22-a47d-8c48425ef4a7,iNaturalist research-grade observations,28eb1a3f-1c15-4a95-931a-4af90ecb574d,6185640291
glycosmis pentaphylla,Glycosmis pentaphylla,8241662.0,8241662,18.565455,73.79583,8.141115620597871,50c9509d-22c7-4a22-a47d-8c48425ef4a7,iNaturalist research-grade observations,28eb1a3f-1c15-4a95-931a-4af90ecb574d,6185685466
broussonetia papyrifera,Broussonetia papyrifera,5361944.0,5361944,18.563055,73.823568,5.8903749822935625,50c9509d-22c7-4a22-a47d-8c48425ef4a7,iNaturalist research-grade observations,28eb1a3f-1c15-4a95-931a-4af90ecb574d,6185713222
bauhinia purpurea,Bauhinia purpurea,2953871.0,2953871,18.564472,73.822997,6.053101431511274,50c9509d-22c7-4a22-a47d-8c48425ef4a7,iNaturalist research-grade observations,28eb1a3f-1c15-4a95-931a-4af90ecb574d,6185717580
ficus heterophylla,Ficus heterophylla,8418037.0,8418037,18.565416,73.795628,8.155249875091968,50c9509d-22c7-4a22-a47d-8c48425ef4a7,iNaturalist research-grade observations,28eb1a3f-1c15-4a95-931a-4af90ecb574d,6185728737
phyllanthus lawii,Phyllanthus lawii,5382438.0,5382438,18.563515,73.793404,8.216517052192007,50c9509d-22c7-4a22-a47d-8c48425ef4a7,iNaturalist research-grade observations,28eb1a3f-1c15-4a95-931a-4af90ecb574d,6185730911
asclepias curassavica,Asclepias curassavica,3170241.0,3170241,18.563336,73.793975,8.156041080764558,50c9509d-22c7-4a22-a47d-8c48425ef4a7,iNaturalist research-grade observations,28eb1a3f-1c15-4a95-931a-4af90ecb574d,6185771460
dolichandrone falcata,Dolichandrone falcata,4091174.0,4091174,18.529444,73.817303,4.273769143645818,50c9509d-22c7-4a22-a47d-8c48425ef4a7,iNaturalist research-grade observations,28eb1a3f-1c15-4a95-931a-4af90ecb574d,6185786034
tectona grandis,Tectona grandis,2925649.0,2925649,18.557718,73.788835,8.270919883448068,50c9509d-22c7-4a22-a47d-8c48425ef4a7,iNaturalist research-grade observations,28eb1a3f-1c15-4a95-931a-4af90ecb574d,6185791635
ficus heterophylla,Ficus heterophylla,8418037.0,8418037,18.565652,73.79542,8.188667994123582,50c9509d-22c7-4a22-a47d-8c48425ef4a7,iNaturalist research-grade observations,28eb1a3f-1c15-4a95-931a-4af90ecb574d,6185799488
dalbergia lanceolaria,Dalbergia lanceolaria,2940397.0,2940397,18.556812,73.790239,8.092363071274471,50c9509d-22c7-4a22-a47d-8c48425ef4a7,iNaturalist research-grade observations,28eb1a3f-1c15-4a95-931a-4af90ecb574d,6185802795
broussonetia papyrifera,Broussonetia papyrifera,5361944.0,5361944,18.564941,73.822856,6.104073125057555,50c9509d-22c7-4a22-a47d-8c48425ef4a7,iNaturalist research-grade observations,28eb1a3f-1c15-4a95-931a-4af90ecb574d,6185804148
bougainvillea spectabilis,Bougainvillea spectabilis,7167078.0,7167078,18.543694,73.806157,5.92487450324237,50c9509d-22c7-4a22-a47d-8c48425ef4a7,iNaturalist research-grade observations,28eb1a3f-1c15-4a95-931a-4af90ecb574d,6185805511
crinum bulbispermum,Crinum bulbispermum,2853668.0,2853668,18.563665,73.793672,8.203356338320143,50c9509d-22c7-4a22-a47d-8c48425ef4a7,iNaturalist research-grade observations,28eb1a3f-1c15-4a95-931a-4af90ecb574d,6185815499
pilea microphylla,Pilea microphylla,5361841.0,5361841,18.467281,73.828348,6.620155768929155,50c9509d-22c7-4a22-a47d-8c48425ef4a7,iNaturalist research-grade observations,28eb1a3f-1c15-4a95-931a-4af90ecb574d,6185825571
broussonetia papyrifera,Broussonetia papyrifera,5361944.0,5361944,18.563157,73.82353,5.9018836136113775,50c9509d-22c7-4a22-a47d-8c48425ef4a7,iNaturalist research-grade observations,28eb1a3f-1c15-4a95-931a-4af90ecb574d,6185845398
broussonetia papyrifera,Broussonetia papyrifera,5361944.0,5361944,18.563028,73.823368,5.900490283589283,50c9509d-22c7-4a22-a47d-8c48425ef4a7,iNaturalist research-grade observations,28eb1a3f-1c15-4a95-931a-4af90ecb574d,6185847997
phoenix sylvestris,Phoenix sylvestris,5293177.0,5293177,18.56897,73.801028,7.97580253860132,50c9509d-22c7-4a22-a47d-8c48425ef4a7,iNaturalist research-grade observations,28eb1a3f-1c15-4a95-931a-4af90ecb574d,6185848430
phyllanthus reticulatus,Phyllanthus reticulatus,5382478.0,5382478,18.562597,73.794406,8.07121128730391,50c9509d-22c7-4a22-a47d-8c48425ef4a7,iNaturalist research-grade observations,28eb1a3f-1c15-4a95-931a-4af90ecb574d,6185856820
broussonetia papyrifera,Broussonetia papyrifera,5361944.0,5361944,18.56295,73.823035,5.91452437482729,50c9509d-22c7-4a22-a47d-8c48425ef4a7,iNaturalist research-grade observations,28eb1a3f-1c15-4a95-931a-4af90ecb574d,6185878528
ficus drupacea,Ficus drupacea,5361914.0,5361914,18.5564,73.790009,8.090609642916752,50c9509d-22c7-4a22-a47d-8c48425ef4a7,iNaturalist research-grade observations,28eb1a3f-1c15-4a95-931a-4af90ecb574d,6185885053
kalanchoe pinnata,Kalanchoe pinnata,2985930.0,2985930,18.532847,73.812942,4.816649472136982,50c9509d-22c7-4a22-a47d-8c48425ef4a7,iNaturalist research-grade observations,28eb1a3f-1c15-4a95-931a-4af90ecb574d,6185889353
persicaria glabra,Persicaria glabra,6391450.0,6391450,18.56379,73.793975,8.185687101928654,50c9509d-22c7-4a22-a47d-8c48425ef4a7,iNaturalist research-grade observations,28eb1a3f-1c15-4a95-931a-4af90ecb574d,6185902118
ficus heterophylla,Ficus heterophylla,8418037.0,8418037,18.565377,73.795602,8.154754253070625,50c9509d-22c7-4a22-a47d-8c48425ef4a7,iNaturalist research-grade observations,28eb1a3f-1c15-4a95-931a-4af90ecb574d,6185904390
ficus racemosa,Ficus racemosa,5361904.0,5361904,18.565171,73.794795,8.208208018141029,50c9509d-22c7-4a22-a47d-8c48425ef4a7,iNaturalist research-grade observations,28eb1a3f-1c15-4a95-931a-4af90ecb574d,6185909079
pongamia pinnata,Pongamia pinnata,2965911.0,2965911,18.563005,73.823753,5.874346497173666,50c9509d-22c7-4a22-a47d-8c48425ef4a7,iNaturalist research-grade observations,28eb1a3f-1c15-4a95-931a-4af90ecb574d,6185910605
vachellia leucophloea,Vachellia leucophloea,7769517.0,7769517,18.534267,73.814909,4.668126954888673,50c9509d-22c7-4a22-a47d-8c48425ef4a7,iNaturalist research-grade observations,28eb1a3f-1c15-4a95-931a-4af90ecb574d,6185921974
couroupita guianensis,Couroupita guianensis,3082562.0,3082562,18.516964,73.834172,2.405825561154197,50c9509d-22c7-4a22-a47d-8c48425ef4a7,iNaturalist research-grade observations,28eb1a3f-1c15-4a95-931a-4af90ecb574d,6185925191
phyllanthus reticulatus,Phyllanthus reticulatus,5382478.0,5382478,18.564905,73.794735,8.195347760375803,50c9509d-22c7-4a22-a47d-8c48425ef4a7,iNaturalist research-grade observations,28eb1a3f-1c15-4a95-931a-4af90ecb574d,6185927794
sterculia urens,Sterculia urens,5406674.0,5406674,18.551812,73.787112,8.125471612391129,50c9509d-22c7-4a22-a47d-8c48425ef4a7,iNaturalist research-grade observations,28eb1a3f-1c15-4a95-931a-4af90ecb574d,6185940065
cardiospermum halicacabum,Cardiospermum halicacabum,3189939.0,3189939,18.563756,73.793591,8.21620634108162,50c9509d-22c7-4a22-a47d-8c48425ef4a7,iNaturalist research-grade observations,28eb1a3f-1c15-4a95-931a-4af90ecb574d,6185940765
pongamia pinnata,Pongamia pinnata,2965911.0,2965911,18.552675,73.821848,5.13617291027973,50c9509d-22c7-4a22-a47d-8c48425ef4a7,iNaturalist research-grade observations,28eb1a3f-1c15-4a95-931a-4af90ecb574d,6185949515
albizia lebbeck,Albizia lebbeck,2973215.0,2973215,18.557998,73.789478,8.228121704140918,50c9509d-22c7-4a22-a47d-8c48425ef4a7,iNaturalist research-grade observations,28eb1a3f-1c15-4a95-931a-4af90ecb574d,6185953433
broussonetia papyrifera,Broussonetia papyrifera,5361944.0,5361944,18.563034,73.823386,5.899896412482745,50c9509d-22c7-4a22-a47d-8c48425ef4a7,iNaturalist research-grade observations,28eb1a3f-1c15-4a95-931a-4af90ecb574d,6185960006
carica papaya,Carica papaya,2874484.0,2874484,18.528942,73.812507,4.755258678086163,50c9509d-22c7-4a22-a47d-8c48425ef4a7,iNaturalist research-grade observations,28eb1a3f-1c15-4a95-931a-4af90ecb574d,6186014293
pontederia crassipes,Pontederia crassipes,2765942.0,2765942,18.483986,73.825836,5.194887728041656,50c9509d-22c7-4a22-a47d-8c48425ef4a7,iNaturalist research-grade observations,28eb1a3f-1c15-4a95-931a-4af90ecb574d,6186015333
bauhinia racemosa,Bauhinia racemosa,2953160.0,2953160,18.531325,73.781061,8.066840665754901,50c9509d-22c7-4a22-a47d-8c48425ef4a7,iNaturalist research-grade observations,28eb1a3f-1c15-4a95-931a-4af90ecb574d,6186020176
gmelina arborea,Gmelina arborea,8247889.0,8247889,18.547891,73.784354,8.217049164436638,50c9509d-22c7-4a22-a47d-8c48425ef4a7,iNaturalist research-grade observations,28eb1a3f-1c15-4a95-931a-4af90ecb574d,6186037751
bauhinia racemosa,Bauhinia racemosa,2953160.0,2953160,18.557905,73.788667,8.296674719190198,50c9509d-22c7-4a22-a47d-8c48425ef4a7,iNaturalist research-grade observations,28eb1a3f-1c15-4a95-931a-4af90ecb574d,6186043178
ficus heterophylla,Ficus heterophylla,8418037.0,8418037,18.563502,73.793557,8.20257856054581,50c9509d-22c7-4a22-a47d-8c48425ef4a7,iNaturalist research-grade observations,28eb1a3f-1c15-4a95-931a-4af90ecb574d,6186043553
capparis grandis,Capparis grandis,7552967.0,7552967,18.531088,73.816663,4.3853332834187535,50c9509d-22c7-4a22-a47d-8c48425ef4a7,iNaturalist research-grade observations,28eb1a3f-1c15-4a95-931a-4af90ecb574d,6186045789
croton bonplandianus,Croton bonplandianus,3058543.0,3058543,18.563696,73.793697,8.203243738352258,50c9509d-22c7-4a22-a47d-8c48425ef4a7,iNaturalist research-grade observations,28eb1a3f-1c15-4a95-931a-4af90ecb574d,6186069617
erythrina variegata,Erythrina variegata,5349581.0,5349581,18.532478,73.816262,4.4700100140730035,50c9509d-22c7-4a22-a47d-8c48425ef4a7,iNaturalist research-grade observations,28eb1a3f-1c15-4a95-931a-4af90ecb574d,6186072403
salix tetrasperma,Salix tetrasperma,5582578.0,5582578,18.565476,73.796003,8.128186994573394,50c9509d-22c7-4a22-a47d-8c48425ef4a7,iNaturalist research-grade observations,28eb1a3f-1c15-4a95-931a-4af90ecb574d,6186083115
syzygium cumini,Syzygium cumini,3183840.0,3183840,18.564607,73.822875,6.072803506609891,50c9509d-22c7-4a22-a47d-8c48425ef4a7,iNaturalist research-grade observations,28eb1a3f-1c15-4a95-931a-4af90ecb574d,6186084484
spathodea campanulata,Spathodea campanulata,3172574.0,3172574,18.531842,73.837914,2.3540923402024507,50c9509d-22c7-4a22-a47d-8c48425ef4a7,iNaturalist research-grade observations,28eb1a3f-1c15-4a95-931a-4af90ecb574d,6186150351
pongamia pinnata,Pongamia pinnata,2965911.0,2965911,18.564419,73.822912,6.053599901746892,50c9509d-22c7-4a22-a47d-8c48425ef4a7,iNaturalist research-grade observations,28eb1a3f-1c15-4a95-931a-4af90ecb574d,6186157457
glycosmis pentaphylla,Glycosmis pentaphylla,8241662.0,8241662,18.562513,73.794496,8.058062840412834,50c9509d-22c7-4a22-a47d-8c48425ef4a7,iNaturalist research-grade observations,28eb1a3f-1c15-4a95-931a-4af90ecb574d,6186165360
khaya senegalensis,Khaya senegalensis,3190508.0,3190508,18.464013,73.807504,8.137977522707757,50c9509d-22c7-4a22-a47d-8c48425ef4a7,iNaturalist research-grade observations,28eb1a3f-1c15-4a95-931a-4af90ecb574d,6188072447
cardiospermum halicacabum,Cardiospermum halicacabum,3189939.0,3189939,18.563703,73.793674,8.205663715446926,50c9509d-22c7-4a22-a47d-8c48425ef4a7,iNaturalist research-grade observations,28eb1a3f-1c15-4a95-931a-4af90ecb574d,6188222454
azadirachta indica,Azadirachta indica,3190474.0,3190474,18.497698,73.847409,2.707786547968935,50c9509d-22c7-4a22-a47d-8c48425ef4a7,iNaturalist research-grade observations,28eb1a3f-1c15-4a95-931a-4af90ecb574d,6188256018
bauhinia racemosa,Bauhinia racemosa,2953160.0,2953160,18.531325,73.781061,8.066840665754901,50c9509d-22c7-4a22-a47d-8c48425ef4a7,iNaturalist research-grade observations,28eb1a3f-1c15-4a95-931a-4af90ecb574d,6188329506
solanum torvum,Solanum torvum,2932389.0,2932389,18.567335,73.799261,7.994018567665011,50c9509d-22c7-4a22-a47d-8c48425ef4a7,iNaturalist research-grade observations,28eb1a3f-1c15-4a95-931a-4af90ecb574d,6188339559
vachellia leucophloea,Vachellia leucophloea,7769517.0,7769517,18.478023,73.840436,5.014513193253862,50c9509d-22c7-4a22-a47d-8c48425ef4a7,iNaturalist research-grade observations,28eb1a3f-1c15-4a95-931a-4af90ecb574d,6188450907
ficus benghalensis,Ficus benghalensis,5361919.0,5361919,18.559724,73.789671,8.309938945778196,50c9509d-22c7-4a22-a47d-8c48425ef4a7,iNaturalist research-grade observations,28eb1a3f-1c15-4a95-931a-4af90ecb574d,6188638722
cardiospermum halicacabum,Cardiospermum halicacabum,3189939.0,3189939,18.564062,73.793905,8.209495742559954,50c9509d-22c7-4a22-a47d-8c48425ef4a7,iNaturalist research-grade observations,28eb1a3f-1c15-4a95-931a-4af90ecb574d,6195265390
syzygium cumini,Syzygium cumini,3183840.0,3183840,18.477617,73.856867,4.75729171135396,50c9509d-22c7-4a22-a47d-8c48425ef4a7,iNaturalist research-grade observations,28eb1a3f-1c15-4a95-931a-4af90ecb574d,6195452041
alstonia scholaris,Alstonia scholaris,5414410.0,5414410,18.562316,73.794211,8.069864797898276,50c9509d-22c7-4a22-a47d-8c48425ef4a7,iNaturalist research-grade observations,28eb1a3f-1c15-4a95-931a-4af90ecb574d,6195500887
sterculia urens,Sterculia urens,5406674.0,5406674,18.555183,73.791206,7.9142030085005555,50c9509d-22c7-4a22-a47d-8c48425ef4a7,iNaturalist research-grade observations,28eb1a3f-1c15-4a95-931a-4af90ecb574d,6195646017
aegle marmelos,Aegle marmelos,5421195.0,5421195,18.529542,73.837589,2.2568449567360376,50c9509d-22c7-4a22-a47d-8c48425ef4a7,iNaturalist research-grade observations,28eb1a3f-1c15-4a95-931a-4af90ecb574d,6195801204
dolichandrone falcata,Dolichandrone falcata,4091174.0,4091174,18.516094,73.833267,2.5166880166794843,50c9509d-22c7-4a22-a47d-8c48425ef4a7,iNaturalist research-grade observations,28eb1a3f-1c15-4a95-931a-4af90ecb574d,6195966450
leucaena leucocephala,Leucaena leucocephala,2970418.0,2970418,18.564611,73.823061,6.061670878588644,50c9509d-22c7-4a22-a47d-8c48425ef4a7,iNaturalist research-grade observations,28eb1a3f-1c15-4a95-931a-4af90ecb574d,6234340208
commelina forskaolii,Commelina forskaolii,4270425.0,4270425,18.465464,73.80615,8.107472986959754,50c9509d-22c7-4a22-a47d-8c48425ef4a7,iNaturalist research-grade observations,28eb1a3f-1c15-4a95-931a-4af90ecb574d,6234494962
mangifera indica,Mangifera indica,3190638.0,3190638,18.546722,73.82052,4.807931725871513,50c9509d-22c7-4a22-a47d-8c48425ef4a7,iNaturalist research-grade observations,28eb1a3f-1c15-4a95-931a-4af90ecb574d,6234551364
caryota urens,Caryota urens,2738914.0,2738914,18.520225,73.855112,0.1685600008973145,50c9509d-22c7-4a22-a47d-8c48425ef4a7,iNaturalist research-grade observations,28eb1a3f-1c15-4a95-931a-4af90ecb574d,6234618583
cordia dichotoma,Cordia dichotoma,5341270.0,5341270,18.564653,73.822835,6.0794196784922585,50c9509d-22c7-4a22-a47d-8c48425ef4a7,iNaturalist research-grade observations,28eb1a3f-1c15-4a95-931a-4af90ecb574d,6234694838
luffa aegyptiaca,Luffa aegyptiaca,2874599.0,2874599,18.564228,73.793945,8.217027136283315,50c9509d-22c7-4a22-a47d-8c48425ef4a7,iNaturalist research-grade observations,28eb1a3f-1c15-4a95-931a-4af90ecb574d,6235308125
urena lobata,Urena lobata,3152253.0,3152253,18.563673,73.793764,8.19602441639367,50c9509d-22c7-4a22-a47d-8c48425ef4a7,iNaturalist research-grade observations,28eb1a3f-1c15-4a95-931a-4af90ecb574d,6236147907
syzygium aqueum,Syzygium aqueum,3183335.0,3183335,18.564808,73.78003,9.471762780436084,50c9509d-22c7-4a22-a47d-8c48425ef4a7,iNaturalist research-grade observations,28eb1a3f-1c15-4a95-931a-4af90ecb574d,6236288015
cadaba fruticosa,Cadaba fruticosa,3872643.0,3872643,18.530603,73.818464,4.18794456056236,50c9509d-22c7-4a22-a47d-8c48425ef4a7,iNaturalist research-grade observations,28eb1a3f-1c15-4a95-931a-4af90ecb574d,6236451614
lannea coromandelica,Lannea coromandelica,3661151.0,3661151,18.525814,73.813934,4.549030218166116,50c9509d-22c7-4a22-a47d-8c48425ef4a7,iNaturalist research-grade observations,28eb1a3f-1c15-4a95-931a-4af90ecb574d,6236519550
combretum indicum,Combretum indicum,12203608.0,12203608,18.510817,73.779205,8.240207565385274,50c9509d-22c7-4a22-a47d-8c48425ef4a7,iNaturalist research-grade observations,28eb1a3f-1c15-4a95-931a-4af90ecb574d,6251929862
bauhinia purpurea,Bauhinia purpurea,2953871.0,2953871,18.564383,73.823063,6.0410057187416975,50c9509d-22c7-4a22-a47d-8c48425ef4a7,iNaturalist research-grade observations,28eb1a3f-1c15-4a95-931a-4af90ecb574d,6273182905
mangifera indica,Mangifera indica,3190638.0,3190638,18.564089,73.823053,6.0151934002569805,50c9509d-22c7-4a22-a47d-8c48425ef4a7,iNaturalist research-grade observations,28eb1a3f-1c15-4a95-931a-4af90ecb574d,6273333006
bauhinia purpurea,Bauhinia purpurea,2953871.0,2953871,18.564351,73.822972,6.043764685096776,50c9509d-22c7-4a22-a47d-8c48425ef4a7,iNaturalist research-grade observations,28eb1a3f-1c15-4a95-931a-4af90ecb574d,6273422556
bauhinia purpurea,Bauhinia purpurea,2953871.0,2953871,18.564313,73.823067,6.034458579255849,50c9509d-22c7-4a22-a47d-8c48425ef4a7,iNaturalist research-grade observations,28eb1a3f-1c15-4a95-931a-4af90ecb574d,6273470662
bauhinia purpurea,Bauhinia purpurea,2953871.0,2953871,18.564359,73.82305,6.0396504290051976,50c9509d-22c7-4a22-a47d-8c48425ef4a7,iNaturalist research-grade observations,28eb1a3f-1c15-4a95-931a-4af90ecb574d,6273572954
putranjiva roxburghii,Putranjiva roxburghii,3076079.0,3076079,18.564448,73.822888,6.057695827492902,50c9509d-22c7-4a22-a47d-8c48425ef4a7,iNaturalist research-grade observations,28eb1a3f-1c15-4a95-931a-4af90ecb574d,6274142863
gardenia jasminoides,Gardenia jasminoides,5335125.0,5335125,18.524609,73.878624,2.358462256844788,50c9509d-22c7-4a22-a47d-8c48425ef4a7,iNaturalist research-grade observations,28eb1a3f-1c15-4a95-931a-4af90ecb574d,6274209103
pongamia pinnata,Pongamia pinnata,2965911.0,2965911,18.56262,73.821873,5.959889722117464,50c9509d-22c7-4a22-a47d-8c48425ef4a7,iNaturalist research-grade observations,28eb1a3f-1c15-4a95-931a-4af90ecb574d,6274233377
pongamia pinnata,Pongamia pinnata,2965911.0,2965911,18.558558,73.821569,5.6320577944771335,50c9509d-22c7-4a22-a47d-8c48425ef4a7,iNaturalist research-grade observations,28eb1a3f-1c15-4a95-931a-4af90ecb574d,6274247017
pyrostegia venusta,Pyrostegia venusta,3172569.0,3172569,18.460897,73.880923,7.0924181469686935,50c9509d-22c7-4a22-a47d-8c48425ef4a7,iNaturalist research-grade observations,28eb1a3f-1c15-4a95-931a-4af90ecb574d,6352902463
polyscias paniculata,Polyscias paniculata,8364104.0,8364104,18.485683,73.871745,4.173631821556166,50c9509d-22c7-4a22-a47d-8c48425ef4a7,iNaturalist research-grade observations,28eb1a3f-1c15-4a95-931a-4af90ecb574d,6414093434
broussonetia papyrifera,Broussonetia papyrifera,5361944.0,5361944,18.561853,73.79211,8.222710502155255,50c9509d-22c7-4a22-a47d-8c48425ef4a7,iNaturalist research-grade observations,28eb1a3f-1c15-4a95-931a-4af90ecb574d,6441357941
broussonetia papyrifera,Broussonetia papyrifera,5361944.0,5361944,18.532689,73.839558,2.265762893315059,50c9509d-22c7-4a22-a47d-8c48425ef4a7,iNaturalist research-grade observations,28eb1a3f-1c15-4a95-931a-4af90ecb574d,6441544143
ipomoea aquatica,Ipomoea aquatica,2928525.0,2928525,18.585822,73.853046,7.284795333620931,50c9509d-22c7-4a22-a47d-8c48425ef4a7,iNaturalist research-grade observations,28eb1a3f-1c15-4a95-931a-4af90ecb574d,6441890443
cucumis sativus,Cucumis sativus,2874569.0,2874569,18.501098,73.853539,2.1720130615189315,50c9509d-22c7-4a22-a47d-8c48425ef4a7,iNaturalist research-grade observations,28eb1a3f-1c15-4a95-931a-4af90ecb574d,6470718695
millingtonia hortensis,Millingtonia hortensis,7629955.0,7629955,18.563138,73.823607,5.895374474611983,50c9509d-22c7-4a22-a47d-8c48425ef4a7,iNaturalist research-grade observations,28eb1a3f-1c15-4a95-931a-4af90ecb574d,6479343372
limonia acidissima,Limonia acidissima,5421342.0,5421342,18.560613,73.809235,6.710715085791731,50c9509d-22c7-4a22-a47d-8c48425ef4a7,iNaturalist research-grade observations,28eb1a3f-1c15-4a95-931a-4af90ecb574d,6500083454
mimosa pudica,Mimosa pudica,2969284.0,2969284,18.4834,73.825653,5.25783168588861,50c9509d-22c7-4a22-a47d-8c48425ef4a7,iNaturalist research-grade observations,28eb1a3f-1c15-4a95-931a-4af90ecb574d,6187991477
dalbergia sissoo,Dalbergia sissoo,2968532.0,2968532,18.533768,73.780932,8.125510292767656,50c9509d-22c7-4a22-a47d-8c48425ef4a7,iNaturalist research-grade observations,28eb1a3f-1c15-4a95-931a-4af90ecb574d,6188103856
saraca indica,Saraca indica,5359538.0,5359538,18.567349,73.779461,9.672478163536493,50c9509d-22c7-4a22-a47d-8c48425ef4a7,iNaturalist research-grade observations,28eb1a3f-1c15-4a95-931a-4af90ecb574d,6188134697
lagerstroemia speciosa,Lagerstroemia speciosa,3188724.0,3188724,18.514097,73.930811,7.845505470501785,50c9509d-22c7-4a22-a47d-8c48425ef4a7,iNaturalist research-grade observations,28eb1a3f-1c15-4a95-931a-4af90ecb574d,6188139666
ficus racemosa,Ficus racemosa,5361904.0,5361904,18.564332,73.78168,9.29585151376506,50c9509d-22c7-4a22-a47d-8c48425ef4a7,iNaturalist research-grade observations,28eb1a3f-1c15-4a95-931a-4af90ecb574d,6188144093
pterospermum acerifolium,Pterospermum acerifolium,3669210.0,3669210,18.557021,73.807811,6.568622954999713,50c9509d-22c7-4a22-a47d-8c48425ef4a7,iNaturalist research-grade observations,28eb1a3f-1c15-4a95-931a-4af90ecb574d,6188161969
kigelia africana,Kigelia africana,3172561.0,3172561,18.510687,73.925971,7.383310765644472,50c9509d-22c7-4a22-a47d-8c48425ef4a7,iNaturalist research-grade observations,28eb1a3f-1c15-4a95-931a-4af90ecb574d,6188197483
polyalthia longifolia,Polyalthia longifolia,3156422.0,3156422,18.502234,73.852608,2.065537011801145,50c9509d-22c7-4a22-a47d-8c48425ef4a7,iNaturalist research-grade observations,28eb1a3f-1c15-4a95-931a-4af90ecb574d,6188204461
azadirachta indica,Azadirachta indica,3190474.0,3190474,18.477548,73.847822,4.85602801297208,50c9509d-22c7-4a22-a47d-8c48425ef4a7,iNaturalist research-grade observations,28eb1a3f-1c15-4a95-931a-4af90ecb574d,6188218413
calotropis gigantea,Calotropis gigantea,3579089.0,3579089,18.521059,73.821641,3.6972123156324552,50c9509d-22c7-4a22-a47d-8c48425ef4a7,iNaturalist research-grade observations,28eb1a3f-1c15-4a95-931a-4af90ecb574d,6188365207
holoptelea integrifolia,Holoptelea integrifolia,4160169.0,4160169,18.53391,73.780842,8.137735999401848,50c9509d-22c7-4a22-a47d-8c48425ef4a7,iNaturalist research-grade observations,28eb1a3f-1c15-4a95-931a-4af90ecb574d,6188518603
gliricidia sepium,Gliricidia sepium,8082978.0,8082978,18.521059,73.821641,3.6972123156324552,50c9509d-22c7-4a22-a47d-8c48425ef4a7,iNaturalist research-grade observations,28eb1a3f-1c15-4a95-931a-4af90ecb574d,6188542081
cassia javanica,Cassia javanica,5357125.0,5357125,18.546675,73.824811,4.454110182704094,50c9509d-22c7-4a22-a47d-8c48425ef4a7,iNaturalist research-grade observations,28eb1a3f-1c15-4a95-931a-4af90ecb574d,6195231192
heptapleurum actinophyllum,Heptapleurum actinophyllum,11008739.0,11008739,18.557161,73.807914,6.569778806437117,50c9509d-22c7-4a22-a47d-8c48425ef4a7,iNaturalist research-grade observations,28eb1a3f-1c15-4a95-931a-4af90ecb574d,6195311714
ricinus communis,Ricinus communis,5380041.0,5380041,18.562473,73.794149,8.085287832755379,50c9509d-22c7-4a22-a47d-8c48425ef4a7,iNaturalist research-grade observations,28eb1a3f-1c15-4a95-931a-4af90ecb574d,6195322409
samanea saman,Samanea saman,2972960.0,2972960,18.581177,73.797101,9.227422779047803,50c9509d-22c7-4a22-a47d-8c48425ef4a7,iNaturalist research-grade observations,28eb1a3f-1c15-4a95-931a-4af90ecb574d,6195469101
argemone mexicana,Argemone mexicana,2888485.0,2888485,18.564967,73.794937,8.182555841361053,50c9509d-22c7-4a22-a47d-8c48425ef4a7,iNaturalist research-grade observations,28eb1a3f-1c15-4a95-931a-4af90ecb574d,6195520072
cassia fistula,Cassia fistula,5357108.0,5357108,18.484496,73.821138,5.477294140538996,50c9509d-22c7-4a22-a47d-8c48425ef4a7,iNaturalist research-grade observations,28eb1a3f-1c15-4a95-931a-4af90ecb574d,6195620677
cocculus hirsutus,Cocculus hirsutus,3829491.0,3829491,18.499864,73.799687,6.430688990490475,50c9509d-22c7-4a22-a47d-8c48425ef4a7,iNaturalist research-grade observations,28eb1a3f-1c15-4a95-931a-4af90ecb574d,6195641947
kigelia africana,Kigelia africana,3172561.0,3172561,18.500625,73.840534,2.782209034949169,50c9509d-22c7-4a22-a47d-8c48425ef4a7,iNaturalist research-grade observations,28eb1a3f-1c15-4a95-931a-4af90ecb574d,6195665663
cocos nucifera,Cocos nucifera,2735117.0,2735117,18.49866,73.796936,6.749454573173549,50c9509d-22c7-4a22-a47d-8c48425ef4a7,iNaturalist research-grade observations,28eb1a3f-1c15-4a95-931a-4af90ecb574d,6195697631
ficus religiosa,Ficus religiosa,5361935.0,5361935,18.584997,73.794042,9.7581776803568,50c9509d-22c7-4a22-a47d-8c48425ef4a7,iNaturalist research-grade observations,28eb1a3f-1c15-4a95-931a-4af90ecb574d,6195762504
delonix regia,Delonix regia,2956176.0,2956176,18.521059,73.821641,3.6972123156324552,50c9509d-22c7-4a22-a47d-8c48425ef4a7,iNaturalist research-grade observations,28eb1a3f-1c15-4a95-931a-4af90ecb574d,6195935573
mimusops elengi,Mimusops elengi,2883768.0,2883768,18.481957,73.811992,6.363818371177471,50c9509d-22c7-4a22-a47d-8c48425ef4a7,iNaturalist research-grade observations,28eb1a3f-1c15-4a95-931a-4af90ecb574d,6195968923
broussonetia papyrifera,Broussonetia papyrifera,5361944.0,5361944,18.53543,73.837281,2.642891602644081,50c9509d-22c7-4a22-a47d-8c48425ef4a7,iNaturalist research-grade observations,28eb1a3f-1c15-4a95-931a-4af90ecb574d,6234165529
tridax procumbens,Tridax procumbens,3149462.0,3149462,18.52549,73.815385,4.392653595370013,50c9509d-22c7-4a22-a47d-8c48425ef4a7,iNaturalist research-grade observations,28eb1a3f-1c15-4a95-931a-4af90ecb574d,6234176504
cosmos sulphureus,Cosmos sulphureus,3098951.0,3098951,18.52549,73.815385,4.392653595370013,50c9509d-22c7-4a22-a47d-8c48425ef4a7,iNaturalist research-grade observations,28eb1a3f-1c15-4a95-931a-4af90ecb574d,6234195986
terminalia catappa,Terminalia catappa,3189394.0,3189394,18.530684,73.846154,1.594985681631597,50c9509d-22c7-4a22-a47d-8c48425ef4a7,iNaturalist research-grade observations,28eb1a3f-1c15-4a95-931a-4af90ecb574d,6234207561
ficus microcarpa,Ficus microcarpa,7467639.0,7467639,18.535257,73.8381,2.56414318566766,50c9509d-22c7-4a22-a47d-8c48425ef4a7,iNaturalist research-grade observations,28eb1a3f-1c15-4a95-931a-4af90ecb574d,6234213495
sterculia foetida,Sterculia foetida,5406675.0,5406675,18.56385,73.824116,5.928119571084169,50c9509d-22c7-4a22-a47d-8c48425ef4a7,iNaturalist research-grade observations,28eb1a3f-1c15-4a95-931a-4af90ecb574d,6234215416
dolichandrone falcata,Dolichandrone falcata,4091174.0,4091174,18.52728,73.818052,4.146014440329458,50c9509d-22c7-4a22-a47d-8c48425ef4a7,iNaturalist research-grade observations,28eb1a3f-1c15-4a95-931a-4af90ecb574d,6234217905
pongamia pinnata,Pongamia pinnata,2965911.0,2965911,18.562489,73.795044,8.009558323318196,50c9509d-22c7-4a22-a47d-8c48425ef4a7,iNaturalist research-grade observations,28eb1a3f-1c15-4a95-931a-4af90ecb574d,6234224784
acalypha indica,Acalypha indica,3056259.0,3056259,18.523548,73.843735,1.4110761293327123,50c9509d-22c7-4a22-a47d-8c48425ef4a7,iNaturalist research-grade observations,28eb1a3f-1c15-4a95-931a-4af90ecb574d,6234237536
polyalthia longifolia,Polyalthia longifolia,3156422.0,3156422,18.534292,73.839457,2.3856160238051305,50c9509d-22c7-4a22-a47d-8c48425ef4a7,iNaturalist research-grade observations,28eb1a3f-1c15-4a95-931a-4af90ecb574d,6234251606
ficus elastica,Ficus elastica,7835333.0,7835333,18.530215,73.850951,1.248403295328738,50c9509d-22c7-4a22-a47d-8c48425ef4a7,iNaturalist research-grade observations,28eb1a3f-1c15-4a95-931a-4af90ecb574d,6234265529
jatropha nana,Jatropha nana,3072834.0,3072834,18.580396,73.805829,8.559461448666651,50c9509d-22c7-4a22-a47d-8c48425ef4a7,iNaturalist research-grade observations,28eb1a3f-1c15-4a95-931a-4af90ecb574d,6234267468
albizia lebbeck,Albizia lebbeck,2973215.0,2973215,18.531967,73.813049,4.778594813501082,50c9509d-22c7-4a22-a47d-8c48425ef4a7,iNaturalist research-grade observations,28eb1a3f-1c15-4a95-931a-4af90ecb574d,6234270383
parthenium hysterophorus,Parthenium hysterophorus,3086784.0,3086784,18.562369,73.794617,8.0383808096097,50c9509d-22c7-4a22-a47d-8c48425ef4a7,iNaturalist research-grade observations,28eb1a3f-1c15-4a95-931a-4af90ecb574d,6234299837
peltophorum pterocarpum,Peltophorum pterocarpum,2952775.0,2952775,18.531121,73.847807,1.5166673785720364,50c9509d-22c7-4a22-a47d-8c48425ef4a7,iNaturalist research-grade observations,28eb1a3f-1c15-4a95-931a-4af90ecb574d,6234300325
calotropis gigantea,Calotropis gigantea,3579089.0,3579089,18.5625,73.794322,8.07215999251653,50c9509d-22c7-4a22-a47d-8c48425ef4a7,iNaturalist research-grade observations,28eb1a3f-1c15-4a95-931a-4af90ecb574d,6234305869
cocos nucifera,Cocos nucifera,2735117.0,2735117,18.533887,73.839885,2.322075458239849,50c9509d-22c7-4a22-a47d-8c48425ef4a7,iNaturalist research-grade observations,28eb1a3f-1c15-4a95-931a-4af90ecb574d,6234309480
cocos nucifera,Cocos nucifera,2735117.0,2735117,18.532934,73.841834,2.097395667046543,50c9509d-22c7-4a22-a47d-8c48425ef4a7,iNaturalist research-grade observations,28eb1a3f-1c15-4a95-931a-4af90ecb574d,6234317802
broussonetia papyrifera,Broussonetia papyrifera,5361944.0,5361944,18.546675,73.824811,4.454110182704094,50c9509d-22c7-4a22-a47d-8c48425ef4a7,iNaturalist research-grade observations,28eb1a3f-1c15-4a95-931a-4af90ecb574d,6234335420
ficus religiosa,Ficus religiosa,5361935.0,5361935,18.535612,73.83794,2.6025471100576847,50c9509d-22c7-4a22-a47d-8c48425ef4a7,iNaturalist research-grade observations,28eb1a3f-1c15-4a95-931a-4af90ecb574d,6234343254
peltophorum pterocarpum,Peltophorum pterocarpum,2952775.0,2952775,18.53033,73.847908,1.4416856769439734,50c9509d-22c7-4a22-a47d-8c48425ef4a7,iNaturalist research-grade observations,28eb1a3f-1c15-4a95-931a-4af90ecb574d,6234355909
ficus benghalensis,Ficus benghalensis,5361919.0,5361919,18.536617,73.836193,2.8153696436842566,50c9509d-22c7-4a22-a47d-8c48425ef4a7,iNaturalist research-grade observations,28eb1a3f-1c15-4a95-931a-4af90ecb574d,6234361461
ecbolium ligustrinum,Ecbolium ligustrinum,5576253.0,5576253,18.530767,73.831456,2.90047023383779,50c9509d-22c7-4a22-a47d-8c48425ef4a7,iNaturalist research-grade observations,28eb1a3f-1c15-4a95-931a-4af90ecb574d,6234366930
combretum albidum,Combretum albidum,7327060.0,7327060,18.568552,73.824899,6.317236469586828,50c9509d-22c7-4a22-a47d-8c48425ef4a7,iNaturalist research-grade observations,28eb1a3f-1c15-4a95-931a-4af90ecb574d,6234390261
alternanthera ficoidea,Alternanthera ficoidea,8160803.0,8160803,18.481915,73.810608,6.475760420534803,50c9509d-22c7-4a22-a47d-8c48425ef4a7,iNaturalist research-grade observations,28eb1a3f-1c15-4a95-931a-4af90ecb574d,6234393364
ficus religiosa,Ficus religiosa,5361935.0,5361935,18.535171,73.838588,2.518765962162181,50c9509d-22c7-4a22-a47d-8c48425ef4a7,iNaturalist research-grade observations,28eb1a3f-1c15-4a95-931a-4af90ecb574d,6234400769
ricinus communis,Ricinus communis,5380041.0,5380041,18.535863,73.884003,3.353013471389553,50c9509d-22c7-4a22-a47d-8c48425ef4a7,iNaturalist research-grade observations,28eb1a3f-1c15-4a95-931a-4af90ecb574d,6234410925
delonix regia,Delonix regia,2956176.0,2956176,18.534876,73.838268,2.523390654482964,50c9509d-22c7-4a22-a47d-8c48425ef4a7,iNaturalist research-grade observations,28eb1a3f-1c15-4a95-931a-4af90ecb574d,6234415380
mangifera indica,Mangifera indica,3190638.0,3190638,18.56684,73.824882,6.157703175599564,50c9509d-22c7-4a22-a47d-8c48425ef4a7,iNaturalist research-grade observations,28eb1a3f-1c15-4a95-931a-4af90ecb574d,6234419028
wrightia tinctoria,Wrightia tinctoria,5536686.0,5536686,18.511485,73.775992,8.56732302906703,50c9509d-22c7-4a22-a47d-8c48425ef4a7,iNaturalist research-grade observations,28eb1a3f-1c15-4a95-931a-4af90ecb574d,6234419399
solanum torvum,Solanum torvum,2932389.0,2932389,18.562578,73.794369,8.07315819680142,50c9509d-22c7-4a22-a47d-8c48425ef4a7,iNaturalist research-grade observations,28eb1a3f-1c15-4a95-931a-4af90ecb574d,6234423860
pongamia pinnata,Pongamia pinnata,2965911.0,2965911,18.536125,73.78251,8.015018045765135,50c9509d-22c7-4a22-a47d-8c48425ef4a7,iNaturalist research-grade observations,28eb1a3f-1c15-4a95-931a-4af90ecb574d,6234424606
plumbago zeylanica,Plumbago zeylanica,3082282.0,3082282,18.562873,73.79368,8.151347011163532,50c9509d-22c7-4a22-a47d-8c48425ef4a7,iNaturalist research-grade observations,28eb1a3f-1c15-4a95-931a-4af90ecb574d,6234425103
pithecellobium dulce,Pithecellobium dulce,2962831.0,2962831,18.531153,73.845224,1.701067403147858,50c9509d-22c7-4a22-a47d-8c48425ef4a7,iNaturalist research-grade observations,28eb1a3f-1c15-4a95-931a-4af90ecb574d,6234454664
delonix regia,Delonix regia,2956176.0,2956176,18.521059,73.821641,3.6972123156324552,50c9509d-22c7-4a22-a47d-8c48425ef4a7,iNaturalist research-grade observations,28eb1a3f-1c15-4a95-931a-4af90ecb574d,6234467710
ricinus communis,Ricinus communis,5380041.0,5380041,18.555828,73.907167,6.6201811848277945,50c9509d-22c7-4a22-a47d-8c48425ef4a7,iNaturalist research-grade observations,28eb1a3f-1c15-4a95-931a-4af90ecb574d,6234467892
grevillea robusta,Grevillea robusta,2891791.0,2891791,18.531521,73.845235,1.7292629740563927,50c9509d-22c7-4a22-a47d-8c48425ef4a7,iNaturalist research-grade observations,28eb1a3f-1c15-4a95-931a-4af90ecb574d,6234475923
broussonetia papyrifera,Broussonetia papyrifera,5361944.0,5361944,18.556979,73.807811,6.565729290265247,50c9509d-22c7-4a22-a47d-8c48425ef4a7,iNaturalist research-grade observations,28eb1a3f-1c15-4a95-931a-4af90ecb574d,6234518439
muntingia calabura,Muntingia calabura,3152036.0,3152036,18.530438,73.82866,3.1600390279444803,50c9509d-22c7-4a22-a47d-8c48425ef4a7,iNaturalist research-grade observations,28eb1a3f-1c15-4a95-931a-4af90ecb574d,6234528329
ficus benghalensis,Ficus benghalensis,5361919.0,5361919,18.493334,73.83295,3.9152655768929128,50c9509d-22c7-4a22-a47d-8c48425ef4a7,iNaturalist research-grade observations,28eb1a3f-1c15-4a95-931a-4af90ecb574d,6234535903
delonix regia,Delonix regia,2956176.0,2956176,18.53485,73.882842,3.190352472396389,50c9509d-22c7-4a22-a47d-8c48425ef4a7,iNaturalist research-grade observations,28eb1a3f-1c15-4a95-931a-4af90ecb574d,6234564526
ficus benghalensis,Ficus benghalensis,5361919.0,5361919,18.463974,73.868416,6.394779921945276,50c9509d-22c7-4a22-a47d-8c48425ef4a7,iNaturalist research-grade observations,28eb1a3f-1c15-4a95-931a-4af90ecb574d,6234565313
verbascum coromandelianum,Verbascum coromandelianum,7333197.0,7333197,18.531559,73.827396,3.329461687465111,50c9509d-22c7-4a22-a47d-8c48425ef4a7,iNaturalist research-grade observations,28eb1a3f-1c15-4a95-931a-4af90ecb574d,6234574496
capparis grandis,Capparis grandis,7552967.0,7552967,18.52549,73.815385,4.392653595370013,50c9509d-22c7-4a22-a47d-8c48425ef4a7,iNaturalist research-grade observations,28eb1a3f-1c15-4a95-931a-4af90ecb574d,6234580097
gmelina arborea,Gmelina arborea,8247889.0,8247889,18.554642,73.789114,8.078823292646844,50c9509d-22c7-4a22-a47d-8c48425ef4a7,iNaturalist research-grade observations,28eb1a3f-1c15-4a95-931a-4af90ecb574d,6234584047
capparis grandis,Capparis grandis,7552967.0,7552967,18.52549,73.815385,4.392653595370013,50c9509d-22c7-4a22-a47d-8c48425ef4a7,iNaturalist research-grade observations,28eb1a3f-1c15-4a95-931a-4af90ecb574d,6234585610
pongamia pinnata,Pongamia pinnata,2965911.0,2965911,18.563406,73.793925,8.164870597239744,50c9509d-22c7-4a22-a47d-8c48425ef4a7,iNaturalist research-grade observations,28eb1a3f-1c15-4a95-931a-4af90ecb574d,6234595377
passiflora foetida,Passiflora foetida,2874211.0,2874211,18.56329,73.793938,8.156212735105706,50c9509d-22c7-4a22-a47d-8c48425ef4a7,iNaturalist research-grade observations,28eb1a3f-1c15-4a95-931a-4af90ecb574d,6234603839
cassia fistula,Cassia fistula,5357108.0,5357108,18.495619,73.801206,6.467849309536243,50c9509d-22c7-4a22-a47d-8c48425ef4a7,iNaturalist research-grade observations,28eb1a3f-1c15-4a95-931a-4af90ecb574d,6234607562
polyalthia longifolia,Polyalthia longifolia,3156422.0,3156422,18.534428,73.839191,2.4167883534391,50c9509d-22c7-4a22-a47d-8c48425ef4a7,iNaturalist research-grade observations,28eb1a3f-1c15-4a95-931a-4af90ecb574d,6234610342
ipomoea cairica,Ipomoea cairica,2928531.0,2928531,18.527343,73.829416,2.9784627218778637,50c9509d-22c7-4a22-a47d-8c48425ef4a7,iNaturalist research-grade observations,28eb1a3f-1c15-4a95-931a-4af90ecb574d,6234611074
butea monosperma,Butea monosperma,8234570.0,8234570,18.530674,73.814339,4.6100494355546635,50c9509d-22c7-4a22-a47d-8c48425ef4a7,iNaturalist research-grade observations,28eb1a3f-1c15-4a95-931a-4af90ecb574d,6234621060
holoptelea integrifolia,Holoptelea integrifolia,4160169.0,4160169,18.535299,73.83797,2.5776395864543966,50c9509d-22c7-4a22-a47d-8c48425ef4a7,iNaturalist research-grade observations,28eb1a3f-1c15-4a95-931a-4af90ecb574d,6234622541
lannea coromandelica,Lannea coromandelica,3661151.0,3661151,18.529347,73.816667,4.3364847208365775,50c9509d-22c7-4a22-a47d-8c48425ef4a7,iNaturalist research-grade observations,28eb1a3f-1c15-4a95-931a-4af90ecb574d,6234624762
capparis grandis,Capparis grandis,7552967.0,7552967,18.52964,73.815642,4.4491479650185495,50c9509d-22c7-4a22-a47d-8c48425ef4a7,iNaturalist research-grade observations,28eb1a3f-1c15-4a95-931a-4af90ecb574d,6234637350
prosopis juliflora,Prosopis juliflora,5358460.0,5358460,18.562873,73.79368,8.151347011163532,50c9509d-22c7-4a22-a47d-8c48425ef4a7,iNaturalist research-grade observations,28eb1a3f-1c15-4a95-931a-4af90ecb574d,6234650075
dypsis lutescens,Dypsis lutescens,2735935.0,2735935,18.538008,73.88562,3.6235678407570684,50c9509d-22c7-4a22-a47d-8c48425ef4a7,iNaturalist research-grade observations,28eb1a3f-1c15-4a95-931a-4af90ecb574d,6234653190
plumbago auriculata,Plumbago auriculata,3082283.0,3082283,18.53611,73.782495,8.016198131895035,50c9509d-22c7-4a22-a47d-8c48425ef4a7,iNaturalist research-grade observations,28eb1a3f-1c15-4a95-931a-4af90ecb574d,6234665262
argemone mexicana,Argemone mexicana,2888485.0,2888485,18.565158,73.795503,8.148106828238914,50c9509d-22c7-4a22-a47d-8c48425ef4a7,iNaturalist research-grade observations,28eb1a3f-1c15-4a95-931a-4af90ecb574d,6234675670
mitragyna parvifolia,Mitragyna parvifolia,2900484.0,2900484,18.564372,73.795883,8.063139741150113,50c9509d-22c7-4a22-a47d-8c48425ef4a7,iNaturalist research-grade observations,28eb1a3f-1c15-4a95-931a-4af90ecb574d,6234683277
azadirachta indica,Azadirachta indica,3190474.0,3190474,18.563172,73.913995,7.687921447450224,50c9509d-22c7-4a22-a47d-8c48425ef4a7,iNaturalist research-grade observations,28eb1a3f-1c15-4a95-931a-4af90ecb574d,6234696536
polyalthia longifolia,Polyalthia longifolia,3156422.0,3156422,18.535213,73.837873,2.579366091763255,50c9509d-22c7-4a22-a47d-8c48425ef4a7,iNaturalist research-grade observations,28eb1a3f-1c15-4a95-931a-4af90ecb574d,6234701052
broussonetia papyrifera,Broussonetia papyrifera,5361944.0,5361944,18.529995,73.851951,1.1785648681748757,50c9509d-22c7-4a22-a47d-8c48425ef4a7,iNaturalist research-grade observations,28eb1a3f-1c15-4a95-931a-4af90ecb574d,6234705322
peltophorum pterocarpum,Peltophorum pterocarpum,2952775.0,2952775,18.534922,73.882758,3.1867533025039303,50c9509d-22c7-4a22-a47d-8c48425ef4a7,iNaturalist research-grade observations,28eb1a3f-1c15-4a95-931a-4af90ecb574d,6234706357
lagerstroemia speciosa,Lagerstroemia speciosa,3188724.0,3188724,18.548899,73.829893,4.246130409684501,50c9509d-22c7-4a22-a47d-8c48425ef4a7,iNaturalist research-grade observations,28eb1a3f-1c15-4a95-931a-4af90ecb574d,6234711059
grevillea robusta,Grevillea robusta,2891791.0,2891791,18.52994,73.851513,1.1934739422364187,50c9509d-22c7-4a22-a47d-8c48425ef4a7,iNaturalist research-grade observations,28eb1a3f-1c15-4a95-931a-4af90ecb574d,6234723343
mangifera indica,Mangifera indica,3190638.0,3190638,18.530581,73.850863,1.2885389384911212,50c9509d-22c7-4a22-a47d-8c48425ef4a7,iNaturalist research-grade observations,28eb1a3f-1c15-4a95-931a-4af90ecb574d,6234723926
ficus religiosa,Ficus religiosa,5361935.0,5361935,18.533957,73.839626,2.347979401775263,50c9509d-22c7-4a22-a47d-8c48425ef4a7,iNaturalist research-grade observations,28eb1a3f-1c15-4a95-931a-4af90ecb574d,6234748877
delonix regia,Delonix regia,2956176.0,2956176,18.501954,73.816634,4.696234545266059,50c9509d-22c7-4a22-a47d-8c48425ef4a7,iNaturalist research-grade observations,28eb1a3f-1c15-4a95-931a-4af90ecb574d,6234754385
phyllanthus reticulatus,Phyllanthus reticulatus,5382478.0,5382478,18.481915,73.810608,6.475760420534803,50c9509d-22c7-4a22-a47d-8c48425ef4a7,iNaturalist research-grade observations,28eb1a3f-1c15-4a95-931a-4af90ecb574d,6234768291
delonix regia,Delonix regia,2956176.0,2956176,18.559842,73.914672,7.522442291326682,50c9509d-22c7-4a22-a47d-8c48425ef4a7,iNaturalist research-grade observations,28eb1a3f-1c15-4a95-931a-4af90ecb574d,6234781831
oxalis corniculata,Oxalis corniculata,8427624.0,8427624,18.523533,73.843697,1.4145461477270074,50c9509d-22c7-4a22-a47d-8c48425ef4a7,iNaturalist research-grade observations,28eb1a3f-1c15-4a95-931a-4af90ecb574d,6234787200
ficus benjamina,Ficus benjamina,5361932.0,5361932,18.535467,73.838018,2.585827935944897,50c9509d-22c7-4a22-a47d-8c48425ef4a7,iNaturalist research-grade observations,28eb1a3f-1c15-4a95-931a-4af90ecb574d,6234808170
ficus racemosa,Ficus racemosa,5361904.0,5361904,18.530532,73.849908,1.3349512003081405,50c9509d-22c7-4a22-a47d-8c48425ef4a7,iNaturalist research-grade observations,28eb1a3f-1c15-4a95-931a-4af90ecb574d,6234809473
alstonia scholaris,Alstonia scholaris,5414410.0,5414410,18.543203,73.825242,4.174802993436313,50c9509d-22c7-4a22-a47d-8c48425ef4a7,iNaturalist research-grade observations,28eb1a3f-1c15-4a95-931a-4af90ecb574d,6234811076
cyperus alternifolius,Cyperus alternifolius,2714156.0,2714156,18.564356,73.827193,5.793620825613562,50c9509d-22c7-4a22-a47d-8c48425ef4a7,iNaturalist research-grade observations,28eb1a3f-1c15-4a95-931a-4af90ecb574d,6234841402
lagerstroemia speciosa,Lagerstroemia speciosa,3188724.0,3188724,18.518788,73.823776,3.4760275663090736,50c9509d-22c7-4a22-a47d-8c48425ef4a7,iNaturalist research-grade observations,28eb1a3f-1c15-4a95-931a-4af90ecb574d,6234843575
solanum lycopersicum,Solanum lycopersicum,2930137.0,2930137,18.536176,73.782706,7.996093545494867,50c9509d-22c7-4a22-a47d-8c48425ef4a7,iNaturalist research-grade observations,28eb1a3f-1c15-4a95-931a-4af90ecb574d,6234856624
croton bonplandianus,Croton bonplandianus,3058543.0,3058543,18.563829,73.793359,8.240776927382914,50c9509d-22c7-4a22-a47d-8c48425ef4a7,iNaturalist research-grade observations,28eb1a3f-1c15-4a95-931a-4af90ecb574d,6234857395
azadirachta indica,Azadirachta indica,3190474.0,3190474,18.527741,73.816959,4.268827671520606,50c9509d-22c7-4a22-a47d-8c48425ef4a7,iNaturalist research-grade observations,28eb1a3f-1c15-4a95-931a-4af90ecb574d,6234866484
calotropis procera,Calotropis procera,5414566.0,5414566,18.526601,73.81651,4.293143944949071,50c9509d-22c7-4a22-a47d-8c48425ef4a7,iNaturalist research-grade observations,28eb1a3f-1c15-4a95-931a-4af90ecb574d,6234883628
oxalis corniculata,Oxalis corniculata,8427624.0,8427624,18.535433,73.883278,3.2628755163700847,50c9509d-22c7-4a22-a47d-8c48425ef4a7,iNaturalist research-grade observations,28eb1a3f-1c15-4a95-931a-4af90ecb574d,6234888102
broussonetia papyrifera,Broussonetia papyrifera,5361944.0,5361944,18.530042,73.851735,1.1931129204930142,50c9509d-22c7-4a22-a47d-8c48425ef4a7,iNaturalist research-grade observations,28eb1a3f-1c15-4a95-931a-4af90ecb574d,6234891432
bougainvillea glabra,Bougainvillea glabra,5384862.0,5384862,18.54335,73.82512,4.194950931750525,50c9509d-22c7-4a22-a47d-8c48425ef4a7,iNaturalist research-grade observations,28eb1a3f-1c15-4a95-931a-4af90ecb574d,6234895615
dendrophthoe falcata,Dendrophthoe falcata,7595217.0,7595217,18.52549,73.815385,4.392653595370013,50c9509d-22c7-4a22-a47d-8c48425ef4a7,iNaturalist research-grade observations,28eb1a3f-1c15-4a95-931a-4af90ecb574d,6234903824
millingtonia hortensis,Millingtonia hortensis,7629955.0,7629955,18.535432,73.837848,2.597000054429499,50c9509d-22c7-4a22-a47d-8c48425ef4a7,iNaturalist research-grade observations,28eb1a3f-1c15-4a95-931a-4af90ecb574d,6234905531
celastrus paniculatus,Celastrus paniculatus,7265565.0,7265565,18.52549,73.815385,4.392653595370013,50c9509d-22c7-4a22-a47d-8c48425ef4a7,iNaturalist research-grade observations,28eb1a3f-1c15-4a95-931a-4af90ecb574d,6234906403
magnolia champaca,Magnolia champaca,3153099.0,3153099,18.509671,73.780757,8.095789019894436,50c9509d-22c7-4a22-a47d-8c48425ef4a7,iNaturalist research-grade observations,28eb1a3f-1c15-4a95-931a-4af90ecb574d,6234910000
portulaca grandiflora,Portulaca grandiflora,3084700.0,3084700,18.524609,73.878624,2.358462256844788,50c9509d-22c7-4a22-a47d-8c48425ef4a7,iNaturalist research-grade observations,28eb1a3f-1c15-4a95-931a-4af90ecb574d,6234939005
alstonia scholaris,Alstonia scholaris,5414410.0,5414410,18.530747,73.84992,1.354519719551332,50c9509d-22c7-4a22-a47d-8c48425ef4a7,iNaturalist research-grade observations,28eb1a3f-1c15-4a95-931a-4af90ecb574d,6234975945
samanea saman,Samanea saman,2972960.0,2972960,18.535436,73.837916,2.5918040173126724,50c9509d-22c7-4a22-a47d-8c48425ef4a7,iNaturalist research-grade observations,28eb1a3f-1c15-4a95-931a-4af90ecb574d,6234995306
ficus racemosa,Ficus racemosa,5361904.0,5361904,18.530018,73.851542,1.1998005407450867,50c9509d-22c7-4a22-a47d-8c48425ef4a7,iNaturalist research-grade observations,28eb1a3f-1c15-4a95-931a-4af90ecb574d,6235000074
ficus benghalensis,Ficus benghalensis,5361919.0,5361919,18.530776,73.846489,1.5780312447592983,50c9509d-22c7-4a22-a47d-8c48425ef4a7,iNaturalist research-grade observations,28eb1a3f-1c15-4a95-931a-4af90ecb574d,6235000893
synedrella nodiflora,Synedrella nodiflora,5404991.0,5404991,18.527185,73.829529,2.962435745276577,50c9509d-22c7-4a22-a47d-8c48425ef4a7,iNaturalist research-grade observations,28eb1a3f-1c15-4a95-931a-4af90ecb574d,6235003779
broussonetia papyrifera,Broussonetia papyrifera,5361944.0,5361944,18.530198,73.847089,1.4878857930299116,50c9509d-22c7-4a22-a47d-8c48425ef4a7,iNaturalist research-grade observations,28eb1a3f-1c15-4a95-931a-4af90ecb574d,6235028862
asclepias curassavica,Asclepias curassavica,3170241.0,3170241,18.563406,73.793925,8.164870597239744,50c9509d-22c7-4a22-a47d-8c48425ef4a7,iNaturalist research-grade observations,28eb1a3f-1c15-4a95-931a-4af90ecb574d,6235047784
ipomoea triloba,Ipomoea triloba,2928547.0,2928547,18.536155,73.782553,8.011321887809023,50c9509d-22c7-4a22-a47d-8c48425ef4a7,iNaturalist research-grade observations,28eb1a3f-1c15-4a95-931a-4af90ecb574d,6235048562
bougainvillea spectabilis,Bougainvillea spectabilis,7167078.0,7167078,18.534304,73.839473,2.385195396703369,50c9509d-22c7-4a22-a47d-8c48425ef4a7,iNaturalist research-grade observations,28eb1a3f-1c15-4a95-931a-4af90ecb574d,6235063388
solanum torvum,Solanum torvum,2932389.0,2932389,18.562637,73.794312,8.08185984647823,50c9509d-22c7-4a22-a47d-8c48425ef4a7,iNaturalist research-grade observations,28eb1a3f-1c15-4a95-931a-4af90ecb574d,6235064497
cardiospermum halicacabum,Cardiospermum halicacabum,3189939.0,3189939,18.567144,73.824917,6.184076736912403,50c9509d-22c7-4a22-a47d-8c48425ef4a7,iNaturalist research-grade observations,28eb1a3f-1c15-4a95-931a-4af90ecb574d,6235098972
ficus benghalensis,Ficus benghalensis,5361919.0,5361919,18.530385,73.848436,1.4113443281350961,50c9509d-22c7-4a22-a47d-8c48425ef4a7,iNaturalist research-grade observations,28eb1a3f-1c15-4a95-931a-4af90ecb574d,6235101816
grewia tiliifolia,Grewia tiliifolia,4259991.0,4259991,18.52549,73.815385,4.392653595370013,50c9509d-22c7-4a22-a47d-8c48425ef4a7,iNaturalist research-grade observations,28eb1a3f-1c15-4a95-931a-4af90ecb574d,6235112682
ipomoea obscura,Ipomoea obscura,2928565.0,2928565,18.564115,73.82932,5.6533208363652525,50c9509d-22c7-4a22-a47d-8c48425ef4a7,iNaturalist research-grade observations,28eb1a3f-1c15-4a95-931a-4af90ecb574d,6235114772
euphorbia hypericifolia,Euphorbia hypericifolia,3066321.0,3066321,18.548564,73.806061,6.189491455737482,50c9509d-22c7-4a22-a47d-8c48425ef4a7,iNaturalist research-grade observations,28eb1a3f-1c15-4a95-931a-4af90ecb574d,6235125186
ricinus communis,Ricinus communis,5380041.0,5380041,18.482578,73.816116,6.0001148601276055,50c9509d-22c7-4a22-a47d-8c48425ef4a7,iNaturalist research-grade observations,28eb1a3f-1c15-4a95-931a-4af90ecb574d,6235142085
plumbago zeylanica,Plumbago zeylanica,3082282.0,3082282,18.562644,73.794092,8.101197196288648,50c9509d-22c7-4a22-a47d-8c48425ef4a7,iNaturalist research-grade observations,28eb1a3f-1c15-4a95-931a-4af90ecb574d,6235151844
broussonetia papyrifera,Broussonetia papyrifera,5361944.0,5361944,18.531179,73.845146,1.708953007784598,50c9509d-22c7-4a22-a47d-8c48425ef4a7,iNaturalist research-grade observations,28eb1a3f-1c15-4a95-931a-4af90ecb574d,6235155962
polyalthia longifolia,Polyalthia longifolia,3156422.0,3156422,18.534401,73.839239,2.4109854057437095,50c9509d-22c7-4a22-a47d-8c48425ef4a7,iNaturalist research-grade observations,28eb1a3f-1c15-4a95-931a-4af90ecb574d,6235158765
tabebuia heterophylla,Tabebuia heterophylla,3172526.0,3172526,18.529722,73.849176,1.305279019215801,50c9509d-22c7-4a22-a47d-8c48425ef4a7,iNaturalist research-grade observations,28eb1a3f-1c15-4a95-931a-4af90ecb574d,6235173916
pongamia pinnata,Pongamia pinnata,2965911.0,2965911,18.562873,73.79368,8.151347011163532,50c9509d-22c7-4a22-a47d-8c48425ef4a7,iNaturalist research-grade observations,28eb1a3f-1c15-4a95-931a-4af90ecb574d,6235190748
syzygium cumini,Syzygium cumini,3183840.0,3183840,18.533713,73.840186,2.285358743359658,50c9509d-22c7-4a22-a47d-8c48425ef4a7,iNaturalist research-grade observations,28eb1a3f-1c15-4a95-931a-4af90ecb574d,6235201012
samanea saman,Samanea saman,2972960.0,2972960,18.531158,73.846793,1.5880852955702254,50c9509d-22c7-4a22-a47d-8c48425ef4a7,iNaturalist research-grade observations,28eb1a3f-1c15-4a95-931a-4af90ecb574d,6235206925
tamarindus indica,Tamarindus indica,2975768.0,2975768,18.563168,73.795464,8.018205339477708,50c9509d-22c7-4a22-a47d-8c48425ef4a7,iNaturalist research-grade observations,28eb1a3f-1c15-4a95-931a-4af90ecb574d,6235209240
asclepias curassavica,Asclepias curassavica,3170241.0,3170241,18.563404,73.796387,7.955813031125678,50c9509d-22c7-4a22-a47d-8c48425ef4a7,iNaturalist research-grade observations,28eb1a3f-1c15-4a95-931a-4af90ecb574d,6235213056
ipomoea cairica,Ipomoea cairica,2928531.0,2928531,18.565082,73.826983,5.873660334037039,50c9509d-22c7-4a22-a47d-8c48425ef4a7,iNaturalist research-grade observations,28eb1a3f-1c15-4a95-931a-4af90ecb574d,6235225319
calotropis procera,Calotropis procera,5414566.0,5414566,18.521059,73.821641,3.6972123156324552,50c9509d-22c7-4a22-a47d-8c48425ef4a7,iNaturalist research-grade observations,28eb1a3f-1c15-4a95-931a-4af90ecb574d,6235243692
lantana camara,Lantana camara,2925303.0,2925303,18.528908,73.813358,4.666609615318683,50c9509d-22c7-4a22-a47d-8c48425ef4a7,iNaturalist research-grade observations,28eb1a3f-1c15-4a95-931a-4af90ecb574d,6235258372
peltophorum pterocarpum,Peltophorum pterocarpum,2952775.0,2952775,18.530078,73.847789,1.4285594023792783,50c9509d-22c7-4a22-a47d-8c48425ef4a7,iNaturalist research-grade observations,28eb1a3f-1c15-4a95-931a-4af90ecb574d,6235259285
cissus woodrowii,Cissus woodrowii,4053505.0,4053505,18.548201,73.813416,5.511840446148306,50c9509d-22c7-4a22-a47d-8c48425ef4a7,iNaturalist research-grade observations,28eb1a3f-1c15-4a95-931a-4af90ecb574d,6235262278
ficus religiosa,Ficus religiosa,5361935.0,5361935,18.534289,73.839396,2.3903051514260674,50c9509d-22c7-4a22-a47d-8c48425ef4a7,iNaturalist research-grade observations,28eb1a3f-1c15-4a95-931a-4af90ecb574d,6235268120
mangifera indica,Mangifera indica,3190638.0,3190638,18.530162,73.850042,1.2926909441129253,50c9509d-22c7-4a22-a47d-8c48425ef4a7,iNaturalist research-grade observations,28eb1a3f-1c15-4a95-931a-4af90ecb574d,6235272167
ficus racemosa,Ficus racemosa,5361904.0,5361904,18.535933,73.883858,3.3439113690914293,50c9509d-22c7-4a22-a47d-8c48425ef4a7,iNaturalist research-grade observations,28eb1a3f-1c15-4a95-931a-4af90ecb574d,6235276128
pongamia pinnata,Pongamia pinnata,2965911.0,2965911,18.563406,73.793925,8.164870597239744,50c9509d-22c7-4a22-a47d-8c48425ef4a7,iNaturalist research-grade observations,28eb1a3f-1c15-4a95-931a-4af90ecb574d,6235289962
mangifera indica,Mangifera indica,3190638.0,3190638,18.535383,73.837545,2.6180598206422525,50c9509d-22c7-4a22-a47d-8c48425ef4a7,iNaturalist research-grade observations,28eb1a3f-1c15-4a95-931a-4af90ecb574d,6235307022
glycosmis pentaphylla,Glycosmis pentaphylla,8241662.0,8241662,18.563433,73.796303,7.964828704118073,50c9509d-22c7-4a22-a47d-8c48425ef4a7,iNaturalist research-grade observations,28eb1a3f-1c15-4a95-931a-4af90ecb574d,6235309783
cosmos sulphureus,Cosmos sulphureus,3098951.0,3098951,18.52964,73.815642,4.4491479650185495,50c9509d-22c7-4a22-a47d-8c48425ef4a7,iNaturalist research-grade observations,28eb1a3f-1c15-4a95-931a-4af90ecb574d,6235310321
azadirachta indica,Azadirachta indica,3190474.0,3190474,18.529705,73.852218,1.1374747037350443,50c9509d-22c7-4a22-a47d-8c48425ef4a7,iNaturalist research-grade observations,28eb1a3f-1c15-4a95-931a-4af90ecb574d,6235311871
portulaca oleracea,Portulaca oleracea,3084719.0,3084719,18.515536,73.927217,7.454806739326102,50c9509d-22c7-4a22-a47d-8c48425ef4a7,iNaturalist research-grade observations,28eb1a3f-1c15-4a95-931a-4af90ecb574d,6235339304
calotropis gigantea,Calotropis gigantea,3579089.0,3579089,18.562705,73.794638,8.058325909474451,50c9509d-22c7-4a22-a47d-8c48425ef4a7,iNaturalist research-grade observations,28eb1a3f-1c15-4a95-931a-4af90ecb574d,6235354280
verbascum coromandelianum,Verbascum coromandelianum,7333197.0,7333197,18.52549,73.815385,4.392653595370013,50c9509d-22c7-4a22-a47d-8c48425ef4a7,iNaturalist research-grade observations,28eb1a3f-1c15-4a95-931a-4af90ecb574d,6235356902
broussonetia papyrifera,Broussonetia papyrifera,5361944.0,5361944,18.529756,73.849079,1.3145096578850013,50c9509d-22c7-4a22-a47d-8c48425ef4a7,iNaturalist research-grade observations,28eb1a3f-1c15-4a95-931a-4af90ecb574d,6235361950
ruellia tuberosa,Ruellia tuberosa,5415418.0,5415418,18.555588,73.821908,5.363155418657803,50c9509d-22c7-4a22-a47d-8c48425ef4a7,iNaturalist research-grade observations,28eb1a3f-1c15-4a95-931a-4af90ecb574d,6235371718
ficus benghalensis,Ficus benghalensis,5361919.0,5361919,18.564401,73.827229,5.795807221605164,50c9509d-22c7-4a22-a47d-8c48425ef4a7,iNaturalist research-grade observations,28eb1a3f-1c15-4a95-931a-4af90ecb574d,6235385897
mangifera indica,Mangifera indica,3190638.0,3190638,18.566857,73.824828,6.162390519731038,50c9509d-22c7-4a22-a47d-8c48425ef4a7,iNaturalist research-grade observations,28eb1a3f-1c15-4a95-931a-4af90ecb574d,6235385975
annona reticulata,Annona reticulata,5407123.0,5407123,18.563869,73.7966,7.9691259924263855,50c9509d-22c7-4a22-a47d-8c48425ef4a7,iNaturalist research-grade observations,28eb1a3f-1c15-4a95-931a-4af90ecb574d,6235405029
mangifera indica,Mangifera indica,3190638.0,3190638,18.529729,73.8492,1.3043616455843854,50c9509d-22c7-4a22-a47d-8c48425ef4a7,iNaturalist research-grade observations,28eb1a3f-1c15-4a95-931a-4af90ecb574d,6235417433
terminalia catappa,Terminalia catappa,3189394.0,3189394,18.529725,73.849158,1.3066979628134614,50c9509d-22c7-4a22-a47d-8c48425ef4a7,iNaturalist research-grade observations,28eb1a3f-1c15-4a95-931a-4af90ecb574d,6235430748
eragrostis tenella,Eragrostis tenella,2705426.0,2705426,18.515296,73.925936,7.322128599812501,50c9509d-22c7-4a22-a47d-8c48425ef4a7,iNaturalist research-grade observations,28eb1a3f-1c15-4a95-931a-4af90ecb574d,6235434510
calotropis gigantea,Calotropis gigantea,3579089.0,3579089,18.562725,73.794425,8.07786370197145,50c9509d-22c7-4a22-a47d-8c48425ef4a7,iNaturalist research-grade observations,28eb1a3f-1c15-4a95-931a-4af90ecb574d,6235441668
withania somnifera,Withania somnifera,2928840.0,2928840,18.483099,73.81752,5.854243233876021,50c9509d-22c7-4a22-a47d-8c48425ef4a7,iNaturalist research-grade observations,28eb1a3f-1c15-4a95-931a-4af90ecb574d,6235444000
cascabela thevetia,Cascabela thevetia,3169652.0,3169652,18.552034,73.787303,8.117956569073582,50c9509d-22c7-4a22-a47d-8c48425ef4a7,iNaturalist research-grade observations,28eb1a3f-1c15-4a95-931a-4af90ecb574d,6235453918
ficus religiosa,Ficus religiosa,5361935.0,5361935,18.52549,73.815385,4.392653595370013,50c9509d-22c7-4a22-a47d-8c48425ef4a7,iNaturalist research-grade observations,28eb1a3f-1c15-4a95-931a-4af90ecb574d,6235454796
terminalia arjuna,Terminalia arjuna,3699548.0,3699548,18.548908,73.83003,4.237279146459922,50c9509d-22c7-4a22-a47d-8c48425ef4a7,iNaturalist research-grade observations,28eb1a3f-1c15-4a95-931a-4af90ecb574d,6235461359
butea monosperma,Butea monosperma,8234570.0,8234570,18.528914,73.815792,4.415762073466564,50c9509d-22c7-4a22-a47d-8c48425ef4a7,iNaturalist research-grade observations,28eb1a3f-1c15-4a95-931a-4af90ecb574d,6235467384
holoptelea integrifolia,Holoptelea integrifolia,4160169.0,4160169,18.535446,73.837757,2.605349634665108,50c9509d-22c7-4a22-a47d-8c48425ef4a7,iNaturalist research-grade observations,28eb1a3f-1c15-4a95-931a-4af90ecb574d,6235474501
lannea coromandelica,Lannea coromandelica,3661151.0,3661151,18.529212,73.816483,4.3519666008241895,50c9509d-22c7-4a22-a47d-8c48425ef4a7,iNaturalist research-grade observations,28eb1a3f-1c15-4a95-931a-4af90ecb574d,6235494332
pterospermum acerifolium,Pterospermum acerifolium,3669210.0,3669210,18.528908,73.813358,4.666609615318683,50c9509d-22c7-4a22-a47d-8c48425ef4a7,iNaturalist research-grade observations,28eb1a3f-1c15-4a95-931a-4af90ecb574d,6235512367
annona squamosa,Annona squamosa,5407099.0,5407099,18.535754,73.837784,2.625308906447713,50c9509d-22c7-4a22-a47d-8c48425ef4a7,iNaturalist research-grade observations,28eb1a3f-1c15-4a95-931a-4af90ecb574d,6235515553
broussonetia papyrifera,Broussonetia papyrifera,5361944.0,5361944,18.529725,73.849154,1.3069546480532497,50c9509d-22c7-4a22-a47d-8c48425ef4a7,iNaturalist research-grade observations,28eb1a3f-1c15-4a95-931a-4af90ecb574d,6235517447
ficus racemosa,Ficus racemosa,5361904.0,5361904,18.533952,73.839775,2.3355983653409136,50c9509d-22c7-4a22-a47d-8c48425ef4a7,iNaturalist research-grade observations,28eb1a3f-1c15-4a95-931a-4af90ecb574d,6235523675
broussonetia papyrifera,Broussonetia papyrifera,5361944.0,5361944,18.529753,73.849002,1.3192247559817996,50c9509d-22c7-4a22-a47d-8c48425ef4a7,iNaturalist research-grade observations,28eb1a3f-1c15-4a95-931a-4af90ecb574d,6235530815
combretum albidum,Combretum albidum,7327060.0,7327060,18.564647,73.794969,8.158368631787363,50c9509d-22c7-4a22-a47d-8c48425ef4a7,iNaturalist research-grade observations,28eb1a3f-1c15-4a95-931a-4af90ecb574d,6235530846
ricinus communis,Ricinus communis,5380041.0,5380041,18.562473,73.794166,8.08382618819571,50c9509d-22c7-4a22-a47d-8c48425ef4a7,iNaturalist research-grade observations,28eb1a3f-1c15-4a95-931a-4af90ecb574d,6235541650
tectona grandis,Tectona grandis,2925649.0,2925649,18.506069,73.817383,4.441337800053019,50c9509d-22c7-4a22-a47d-8c48425ef4a7,iNaturalist research-grade observations,28eb1a3f-1c15-4a95-931a-4af90ecb574d,6235581571
ficus benghalensis,Ficus benghalensis,5361919.0,5361919,18.533984,73.839768,2.3384589369299724,50c9509d-22c7-4a22-a47d-8c48425ef4a7,iNaturalist research-grade observations,28eb1a3f-1c15-4a95-931a-4af90ecb574d,6235583567
nerium oleander,Nerium oleander,3169756.0,3169756,18.553268,73.787897,8.122349689399082,50c9509d-22c7-4a22-a47d-8c48425ef4a7,iNaturalist research-grade observations,28eb1a3f-1c15-4a95-931a-4af90ecb574d,6235586306
tridax procumbens,Tridax procumbens,3149462.0,3149462,18.53299,73.827228,3.408107806610718,50c9509d-22c7-4a22-a47d-8c48425ef4a7,iNaturalist research-grade observations,28eb1a3f-1c15-4a95-931a-4af90ecb574d,6235595723
ficus benghalensis,Ficus benghalensis,5361919.0,5361919,18.545012,73.885545,4.091204519350638,50c9509d-22c7-4a22-a47d-8c48425ef4a7,iNaturalist research-grade observations,28eb1a3f-1c15-4a95-931a-4af90ecb574d,6235599673
terminalia catappa,Terminalia catappa,3189394.0,3189394,18.533775,73.840134,2.294001623284539,50c9509d-22c7-4a22-a47d-8c48425ef4a7,iNaturalist research-grade observations,28eb1a3f-1c15-4a95-931a-4af90ecb574d,6235609730
alternanthera ficoidea,Alternanthera ficoidea,8160803.0,8160803,18.563406,73.793925,8.164870597239744,50c9509d-22c7-4a22-a47d-8c48425ef4a7,iNaturalist research-grade observations,28eb1a3f-1c15-4a95-931a-4af90ecb574d,6235612086
artocarpus heterophyllus,Artocarpus heterophyllus,2984565.0,2984565,18.567568,73.825003,6.218877400637711,50c9509d-22c7-4a22-a47d-8c48425ef4a7,iNaturalist research-grade observations,28eb1a3f-1c15-4a95-931a-4af90ecb574d,6235624593
chromolaena odorata,Chromolaena odorata,3087725.0,3087725,18.562369,73.794617,8.0383808096097,50c9509d-22c7-4a22-a47d-8c48425ef4a7,iNaturalist research-grade observations,28eb1a3f-1c15-4a95-931a-4af90ecb574d,6235625352
malvastrum coromandelianum,Malvastrum coromandelianum,3152268.0,3152268,18.562622,73.794414,8.072141180443051,50c9509d-22c7-4a22-a47d-8c48425ef4a7,iNaturalist research-grade observations,28eb1a3f-1c15-4a95-931a-4af90ecb574d,6235647767
senegalia catechu,Senegalia catechu,3796190.0,3796190,18.52549,73.815385,4.392653595370013,50c9509d-22c7-4a22-a47d-8c48425ef4a7,iNaturalist research-grade observations,28eb1a3f-1c15-4a95-931a-4af90ecb574d,6235651752
malvastrum coromandelianum,Malvastrum coromandelianum,3152268.0,3152268,18.562873,73.79368,8.151347011163532,50c9509d-22c7-4a22-a47d-8c48425ef4a7,iNaturalist research-grade observations,28eb1a3f-1c15-4a95-931a-4af90ecb574d,6235666165
cassia fistula,Cassia fistula,5357108.0,5357108,18.495611,73.801224,6.466511491185,50c9509d-22c7-4a22-a47d-8c48425ef4a7,iNaturalist research-grade observations,28eb1a3f-1c15-4a95-931a-4af90ecb574d,6235685579
mangifera indica,Mangifera indica,3190638.0,3190638,18.529704,73.849191,1.30272843012061,50c9509d-22c7-4a22-a47d-8c48425ef4a7,iNaturalist research-grade observations,28eb1a3f-1c15-4a95-931a-4af90ecb574d,6235695863
ficus benghalensis,Ficus benghalensis,5361919.0,5361919,18.477499,73.847818,4.861455744777196,50c9509d-22c7-4a22-a47d-8c48425ef4a7,iNaturalist research-grade observations,28eb1a3f-1c15-4a95-931a-4af90ecb574d,6235704320
mangifera indica,Mangifera indica,3190638.0,3190638,18.533114,73.841726,2.119217131217744,50c9509d-22c7-4a22-a47d-8c48425ef4a7,iNaturalist research-grade observations,28eb1a3f-1c15-4a95-931a-4af90ecb574d,6235711385
heliotropium indicum,Heliotropium indicum,2925788.0,2925788,18.563993,73.796003,8.027572228551978,50c9509d-22c7-4a22-a47d-8c48425ef4a7,iNaturalist research-grade observations,28eb1a3f-1c15-4a95-931a-4af90ecb574d,6235717444
euphorbia hypericifolia,Euphorbia hypericifolia,3066321.0,3066321,18.481843,73.810617,6.480342888957777,50c9509d-22c7-4a22-a47d-8c48425ef4a7,iNaturalist research-grade observations,28eb1a3f-1c15-4a95-931a-4af90ecb574d,6235732304
plumeria obtusa,Plumeria obtusa,3169677.0,3169677,18.554435,73.788453,8.129614383964814,50c9509d-22c7-4a22-a47d-8c48425ef4a7,iNaturalist research-grade observations,28eb1a3f-1c15-4a95-931a-4af90ecb574d,6235733457
alternanthera ficoidea,Alternanthera ficoidea,8160803.0,8160803,18.529717,73.814939,4.523249084068973,50c9509d-22c7-4a22-a47d-8c48425ef4a7,iNaturalist research-grade observations,28eb1a3f-1c15-4a95-931a-4af90ecb574d,6235743337
putranjiva roxburghii,Putranjiva roxburghii,3076079.0,3076079,18.529939,73.851647,1.1869671188696649,50c9509d-22c7-4a22-a47d-8c48425ef4a7,iNaturalist research-grade observations,28eb1a3f-1c15-4a95-931a-4af90ecb574d,6235748450
grevillea robusta,Grevillea robusta,2891791.0,2891791,18.531547,73.846676,1.628892723876628,50c9509d-22c7-4a22-a47d-8c48425ef4a7,iNaturalist research-grade observations,28eb1a3f-1c15-4a95-931a-4af90ecb574d,6235752994
polyalthia longifolia,Polyalthia longifolia,3156422.0,3156422,18.535108,73.838036,2.558686496845746,50c9509d-22c7-4a22-a47d-8c48425ef4a7,iNaturalist research-grade observations,28eb1a3f-1c15-4a95-931a-4af90ecb574d,6235774804
lantana camara,Lantana camara,2925303.0,2925303,18.527294,73.81625,4.333161313001549,50c9509d-22c7-4a22-a47d-8c48425ef4a7,iNaturalist research-grade observations,28eb1a3f-1c15-4a95-931a-4af90ecb574d,6235775051
peltophorum pterocarpum,Peltophorum pterocarpum,2952775.0,2952775,18.534751,73.838731,2.4770155998724,50c9509d-22c7-4a22-a47d-8c48425ef4a7,iNaturalist research-grade observations,28eb1a3f-1c15-4a95-931a-4af90ecb574d,6235779626
cyanthillium cinereum,Cyanthillium cinereum,6445734.0,6445734,18.523516,73.843658,1.4180688468223959,50c9509d-22c7-4a22-a47d-8c48425ef4a7,iNaturalist research-grade observations,28eb1a3f-1c15-4a95-931a-4af90ecb574d,6235780329
tridax procumbens,Tridax procumbens,3149462.0,3149462,18.54888,73.829917,4.24286967244881,50c9509d-22c7-4a22-a47d-8c48425ef4a7,iNaturalist research-grade observations,28eb1a3f-1c15-4a95-931a-4af90ecb574d,6235781069
peltophorum pterocarpum,Peltophorum pterocarpum,2952775.0,2952775,18.537845,73.88562,3.61380787453623,50c9509d-22c7-4a22-a47d-8c48425ef4a7,iNaturalist research-grade observations,28eb1a3f-1c15-4a95-931a-4af90ecb574d,6235801780
calotropis procera,Calotropis procera,5414566.0,5414566,18.521059,73.821641,3.6972123156324552,50c9509d-22c7-4a22-a47d-8c48425ef4a7,iNaturalist research-grade observations,28eb1a3f-1c15-4a95-931a-4af90ecb574d,6235804532
morinda coreia,Morinda coreia,5339862.0,5339862,18.529722,73.814758,4.541954141634957,50c9509d-22c7-4a22-a47d-8c48425ef4a7,iNaturalist research-grade observations,28eb1a3f-1c15-4a95-931a-4af90ecb574d,6235813736
calotropis gigantea,Calotropis gigantea,3579089.0,3579089,18.562712,73.794525,8.06845501808861,50c9509d-22c7-4a22-a47d-8c48425ef4a7,iNaturalist research-grade observations,28eb1a3f-1c15-4a95-931a-4af90ecb574d,6235820002
calotropis gigantea,Calotropis gigantea,3579089.0,3579089,18.562705,73.794638,8.058325909474451,50c9509d-22c7-4a22-a47d-8c48425ef4a7,iNaturalist research-grade observations,28eb1a3f-1c15-4a95-931a-4af90ecb574d,6235848842
lantana camara,Lantana camara,2925303.0,2925303,18.532328,73.813049,4.789550529611061,50c9509d-22c7-4a22-a47d-8c48425ef4a7,iNaturalist research-grade observations,28eb1a3f-1c15-4a95-931a-4af90ecb574d,6235877792
saraca asoca,Saraca asoca,7458904.0,7458904,18.466628,73.901147,7.597315299982245,50c9509d-22c7-4a22-a47d-8c48425ef4a7,iNaturalist research-grade observations,28eb1a3f-1c15-4a95-931a-4af90ecb574d,6235885452
erigeron bonariensis,Erigeron bonariensis,3146717.0,3146717,18.481915,73.810608,6.475760420534803,50c9509d-22c7-4a22-a47d-8c48425ef4a7,iNaturalist research-grade observations,28eb1a3f-1c15-4a95-931a-4af90ecb574d,6235921611
ficus religiosa,Ficus religiosa,5361935.0,5361935,18.589754,73.797112,9.946307823365373,50c9509d-22c7-4a22-a47d-8c48425ef4a7,iNaturalist research-grade observations,28eb1a3f-1c15-4a95-931a-4af90ecb574d,6235939860
ficus religiosa,Ficus religiosa,5361935.0,5361935,18.530241,73.847912,1.4338479034908556,50c9509d-22c7-4a22-a47d-8c48425ef4a7,iNaturalist research-grade observations,28eb1a3f-1c15-4a95-931a-4af90ecb574d,6235958974
ficus racemosa,Ficus racemosa,5361904.0,5361904,18.530988,73.82876,3.1723579962513644,50c9509d-22c7-4a22-a47d-8c48425ef4a7,iNaturalist research-grade observations,28eb1a3f-1c15-4a95-931a-4af90ecb574d,6235973814
magnolia champaca,Magnolia champaca,3153099.0,3153099,18.546878,73.82035,4.832710127373901,50c9509d-22c7-4a22-a47d-8c48425ef4a7,iNaturalist research-grade observations,28eb1a3f-1c15-4a95-931a-4af90ecb574d,6235983709
peltophorum pterocarpum,Peltophorum pterocarpum,2952775.0,2952775,18.530455,73.848133,1.43733342675811,50c9509d-22c7-4a22-a47d-8c48425ef4a7,iNaturalist research-grade observations,28eb1a3f-1c15-4a95-931a-4af90ecb574d,6235988854
butea monosperma,Butea monosperma,8234570.0,8234570,18.549075,73.830103,4.246101799098087,50c9509d-22c7-4a22-a47d-8c48425ef4a7,iNaturalist research-grade observations,28eb1a3f-1c15-4a95-931a-4af90ecb574d,6235992357
annona squamosa,Annona squamosa,5407099.0,5407099,18.535595,73.837956,2.6000365901430387,50c9509d-22c7-4a22-a47d-8c48425ef4a7,iNaturalist research-grade observations,28eb1a3f-1c15-4a95-931a-4af90ecb574d,6236001345
polyalthia longifolia,Polyalthia longifolia,3156422.0,3156422,18.535245,73.837728,2.593412341155426,50c9509d-22c7-4a22-a47d-8c48425ef4a7,iNaturalist research-grade observations,28eb1a3f-1c15-4a95-931a-4af90ecb574d,6236023945
tridax procumbens,Tridax procumbens,3149462.0,3149462,18.52964,73.815642,4.4491479650185495,50c9509d-22c7-4a22-a47d-8c48425ef4a7,iNaturalist research-grade observations,28eb1a3f-1c15-4a95-931a-4af90ecb574d,6236031422
jacaranda mimosifolia,Jacaranda mimosifolia,3172499.0,3172499,18.488662,73.830247,4.498352950708911,50c9509d-22c7-4a22-a47d-8c48425ef4a7,iNaturalist research-grade observations,28eb1a3f-1c15-4a95-931a-4af90ecb574d,6236056765
jatropha gossypiifolia,Jatropha gossypiifolia,3072900.0,3072900,18.524347,73.817775,4.127463282844481,50c9509d-22c7-4a22-a47d-8c48425ef4a7,iNaturalist research-grade observations,28eb1a3f-1c15-4a95-931a-4af90ecb574d,6236065781
portulaca grandiflora,Portulaca grandiflora,3084700.0,3084700,18.524609,73.878624,2.358462256844788,50c9509d-22c7-4a22-a47d-8c48425ef4a7,iNaturalist research-grade observations,28eb1a3f-1c15-4a95-931a-4af90ecb574d,6236073810
butea monosperma,Butea monosperma,8234570.0,8234570,18.528914,73.815792,4.415762073466564,50c9509d-22c7-4a22-a47d-8c48425ef4a7,iNaturalist research-grade observations,28eb1a3f-1c15-4a95-931a-4af90ecb574d,6236088946
plumbago zeylanica,Plumbago zeylanica,3082282.0,3082282,18.562548,73.794141,8.090802458306856,50c9509d-22c7-4a22-a47d-8c48425ef4a7,iNaturalist research-grade observations,28eb1a3f-1c15-4a95-931a-4af90ecb574d,6236093175
grevillea robusta,Grevillea robusta,2891791.0,2891791,18.531545,73.845254,1.7297741466092837,50c9509d-22c7-4a22-a47d-8c48425ef4a7,iNaturalist research-grade observations,28eb1a3f-1c15-4a95-931a-4af90ecb574d,6236095531
bombax ceiba,Bombax ceiba,3152226.0,3152226,18.525772,73.818906,4.029322332159707,50c9509d-22c7-4a22-a47d-8c48425ef4a7,iNaturalist research-grade observations,28eb1a3f-1c15-4a95-931a-4af90ecb574d,6236135737
mimusops elengi,Mimusops elengi,2883768.0,2883768,18.52994,73.851877,1.1763828465623063,50c9509d-22c7-4a22-a47d-8c48425ef4a7,iNaturalist research-grade observations,28eb1a3f-1c15-4a95-931a-4af90ecb574d,6236149336
argemone mexicana,Argemone mexicana,2888485.0,2888485,18.56329,73.793938,8.156212735105706,50c9509d-22c7-4a22-a47d-8c48425ef4a7,iNaturalist research-grade observations,28eb1a3f-1c15-4a95-931a-4af90ecb574d,6236150411
mangifera indica,Mangifera indica,3190638.0,3190638,18.530718,73.846332,1.5846948880921654,50c9509d-22c7-4a22-a47d-8c48425ef4a7,iNaturalist research-grade observations,28eb1a3f-1c15-4a95-931a-4af90ecb574d,6236153802
chromolaena odorata,Chromolaena odorata,3087725.0,3087725,18.527592,73.816689,4.293658113449048,50c9509d-22c7-4a22-a47d-8c48425ef4a7,iNaturalist research-grade observations,28eb1a3f-1c15-4a95-931a-4af90ecb574d,6236167074
broussonetia papyrifera,Broussonetia papyrifera,5361944.0,5361944,18.534248,73.839949,2.343108802671426,50c9509d-22c7-4a22-a47d-8c48425ef4a7,iNaturalist research-grade observations,28eb1a3f-1c15-4a95-931a-4af90ecb574d,6236168830
pongamia pinnata,Pongamia pinnata,2965911.0,2965911,18.56527,73.795555,8.151382138410854,50c9509d-22c7-4a22-a47d-8c48425ef4a7,iNaturalist research-grade observations,28eb1a3f-1c15-4a95-931a-4af90ecb574d,6236169829
diospyros malabarica,Diospyros malabarica,7295796.0,7295796,18.565268,73.827774,5.847245744673301,50c9509d-22c7-4a22-a47d-8c48425ef4a7,iNaturalist research-grade observations,28eb1a3f-1c15-4a95-931a-4af90ecb574d,6236191378
lantana camara,Lantana camara,2925303.0,2925303,18.499864,73.799687,6.430688990490475,50c9509d-22c7-4a22-a47d-8c48425ef4a7,iNaturalist research-grade observations,28eb1a3f-1c15-4a95-931a-4af90ecb574d,6236208239
jatropha gossypiifolia,Jatropha gossypiifolia,3072900.0,3072900,18.524396,73.817534,4.153308754148803,50c9509d-22c7-4a22-a47d-8c48425ef4a7,iNaturalist research-grade observations,28eb1a3f-1c15-4a95-931a-4af90ecb574d,6236222283
ficus religiosa,Ficus religiosa,5361935.0,5361935,18.533733,73.826044,3.55593394706019,50c9509d-22c7-4a22-a47d-8c48425ef4a7,iNaturalist research-grade observations,28eb1a3f-1c15-4a95-931a-4af90ecb574d,6236222310
ficus religiosa,Ficus religiosa,5361935.0,5361935,18.504902,73.841955,2.320980680532436,50c9509d-22c7-4a22-a47d-8c48425ef4a7,iNaturalist research-grade observations,28eb1a3f-1c15-4a95-931a-4af90ecb574d,6236230913
euphorbia hirta,Euphorbia hirta,3068937.0,3068937,18.481843,73.810617,6.480342888957777,50c9509d-22c7-4a22-a47d-8c48425ef4a7,iNaturalist research-grade observations,28eb1a3f-1c15-4a95-931a-4af90ecb574d,6236238042
jatropha nana,Jatropha nana,3072834.0,3072834,18.459584,73.820866,7.746644985129624,50c9509d-22c7-4a22-a47d-8c48425ef4a7,iNaturalist research-grade observations,28eb1a3f-1c15-4a95-931a-4af90ecb574d,6236240892
eleusine indica,Eleusine indica,2705953.0,2705953,18.515503,73.927575,7.492721013593759,50c9509d-22c7-4a22-a47d-8c48425ef4a7,iNaturalist research-grade observations,28eb1a3f-1c15-4a95-931a-4af90ecb574d,6236243250
cynodon dactylon,Cynodon dactylon,6109637.0,6109637,18.481915,73.810608,6.475760420534803,50c9509d-22c7-4a22-a47d-8c48425ef4a7,iNaturalist research-grade observations,28eb1a3f-1c15-4a95-931a-4af90ecb574d,6236245361
millingtonia hortensis,Millingtonia hortensis,7629955.0,7629955,18.529749,73.851729,1.164208703974093,50c9509d-22c7-4a22-a47d-8c48425ef4a7,iNaturalist research-grade observations,28eb1a3f-1c15-4a95-931a-4af90ecb574d,6236245887
pontederia crassipes,Pontederia crassipes,2765942.0,2765942,18.563628,73.793994,8.173464999074508,50c9509d-22c7-4a22-a47d-8c48425ef4a7,iNaturalist research-grade observations,28eb1a3f-1c15-4a95-931a-4af90ecb574d,6236246601
cardiospermum halicacabum,Cardiospermum halicacabum,3189939.0,3189939,18.564003,73.793503,8.239847450164763,50c9509d-22c7-4a22-a47d-8c48425ef4a7,iNaturalist research-grade observations,28eb1a3f-1c15-4a95-931a-4af90ecb574d,6236259005
calotropis gigantea,Calotropis gigantea,3579089.0,3579089,18.562762,73.794495,8.074266020359069,50c9509d-22c7-4a22-a47d-8c48425ef4a7,iNaturalist research-grade observations,28eb1a3f-1c15-4a95-931a-4af90ecb574d,6236263197
terminalia catappa,Terminalia catappa,3189394.0,3189394,18.530887,73.846047,1.6190512505734733,50c9509d-22c7-4a22-a47d-8c48425ef4a7,iNaturalist research-grade observations,28eb1a3f-1c15-4a95-931a-4af90ecb574d,6236264885
lantana camara,Lantana camara,2925303.0,2925303,18.548508,73.829712,4.226606566071267,50c9509d-22c7-4a22-a47d-8c48425ef4a7,iNaturalist research-grade observations,28eb1a3f-1c15-4a95-931a-4af90ecb574d,6236268203
ricinus communis,Ricinus communis,5380041.0,5380041,18.548853,73.829678,4.257448744052239,50c9509d-22c7-4a22-a47d-8c48425ef4a7,iNaturalist research-grade observations,28eb1a3f-1c15-4a95-931a-4af90ecb574d,6236268722
grewia tiliifolia,Grewia tiliifolia,4259991.0,4259991,18.562477,73.794195,8.081590531718081,50c9509d-22c7-4a22-a47d-8c48425ef4a7,iNaturalist research-grade observations,28eb1a3f-1c15-4a95-931a-4af90ecb574d,6236272874
broussonetia papyrifera,Broussonetia papyrifera,5361944.0,5361944,18.536847,73.788308,7.438962852893921,50c9509d-22c7-4a22-a47d-8c48425ef4a7,iNaturalist research-grade observations,28eb1a3f-1c15-4a95-931a-4af90ecb574d,6236278727
parthenium hysterophorus,Parthenium hysterophorus,3086784.0,3086784,18.566535,73.825031,6.120709488240604,50c9509d-22c7-4a22-a47d-8c48425ef4a7,iNaturalist research-grade observations,28eb1a3f-1c15-4a95-931a-4af90ecb574d,6236289207
holoptelea integrifolia,Holoptelea integrifolia,4160169.0,4160169,18.53544,73.83739,2.6347046553530835,50c9509d-22c7-4a22-a47d-8c48425ef4a7,iNaturalist research-grade observations,28eb1a3f-1c15-4a95-931a-4af90ecb574d,6236293084
cocos nucifera,Cocos nucifera,2735117.0,2735117,18.533691,73.840767,2.2374256259555785,50c9509d-22c7-4a22-a47d-8c48425ef4a7,iNaturalist research-grade observations,28eb1a3f-1c15-4a95-931a-4af90ecb574d,6236309868
ficus benghalensis,Ficus benghalensis,5361919.0,5361919,18.535092,73.838049,2.5564953569983824,50c9509d-22c7-4a22-a47d-8c48425ef4a7,iNaturalist research-grade observations,28eb1a3f-1c15-4a95-931a-4af90ecb574d,6236313850
mussaenda philippica,Mussaenda philippica,2892466.0,2892466,18.477725,73.822676,5.948933140910624,50c9509d-22c7-4a22-a47d-8c48425ef4a7,iNaturalist research-grade observations,28eb1a3f-1c15-4a95-931a-4af90ecb574d,6236325251
commelina benghalensis,Commelina benghalensis,2763941.0,2763941,18.481843,73.810617,6.480342888957777,50c9509d-22c7-4a22-a47d-8c48425ef4a7,iNaturalist research-grade observations,28eb1a3f-1c15-4a95-931a-4af90ecb574d,6236344582
chromolaena odorata,Chromolaena odorata,3087725.0,3087725,18.532766,73.827357,3.385521266495953,50c9509d-22c7-4a22-a47d-8c48425ef4a7,iNaturalist research-grade observations,28eb1a3f-1c15-4a95-931a-4af90ecb574d,6236357708
bauhinia purpurea,Bauhinia purpurea,2953871.0,2953871,18.536473,73.836884,2.749381348676098,50c9509d-22c7-4a22-a47d-8c48425ef4a7,iNaturalist research-grade observations,28eb1a3f-1c15-4a95-931a-4af90ecb574d,6236361794
broussonetia papyrifera,Broussonetia papyrifera,5361944.0,5361944,18.56305,73.792083,8.300370471748518,50c9509d-22c7-4a22-a47d-8c48425ef4a7,iNaturalist research-grade observations,28eb1a3f-1c15-4a95-931a-4af90ecb574d,6236365503
alternanthera ficoidea,Alternanthera ficoidea,8160803.0,8160803,18.529848,73.814507,4.570921767140722,50c9509d-22c7-4a22-a47d-8c48425ef4a7,iNaturalist research-grade observations,28eb1a3f-1c15-4a95-931a-4af90ecb574d,6236372331
tamarindus indica,Tamarindus indica,2975768.0,2975768,18.566528,73.82498,6.122991825924592,50c9509d-22c7-4a22-a47d-8c48425ef4a7,iNaturalist research-grade observations,28eb1a3f-1c15-4a95-931a-4af90ecb574d,6236386364
terminalia catappa,Terminalia catappa,3189394.0,3189394,18.530684,73.846154,1.594985681631597,50c9509d-22c7-4a22-a47d-8c48425ef4a7,iNaturalist research-grade observations,28eb1a3f-1c15-4a95-931a-4af90ecb574d,6236389478
mangifera indica,Mangifera indica,3190638.0,3190638,18.535373,73.837573,2.6150752499047933,50c9509d-22c7-4a22-a47d-8c48425ef4a7,iNaturalist research-grade observations,28eb1a3f-1c15-4a95-931a-4af90ecb574d,6236417752
samanea saman,Samanea saman,2972960.0,2972960,18.534215,73.839966,2.339347051153699,50c9509d-22c7-4a22-a47d-8c48425ef4a7,iNaturalist research-grade observations,28eb1a3f-1c15-4a95-931a-4af90ecb574d,6236417877
ficus religiosa,Ficus religiosa,5361935.0,5361935,18.530281,73.815117,4.519810201341231,50c9509d-22c7-4a22-a47d-8c48425ef4a7,iNaturalist research-grade observations,28eb1a3f-1c15-4a95-931a-4af90ecb574d,6236426502
urena lobata,Urena lobata,3152253.0,3152253,18.565021,73.79487,8.191812171847433,50c9509d-22c7-4a22-a47d-8c48425ef4a7,iNaturalist research-grade observations,28eb1a3f-1c15-4a95-931a-4af90ecb574d,6236440434
broussonetia papyrifera,Broussonetia papyrifera,5361944.0,5361944,18.530263,73.847929,1.4345596122756086,50c9509d-22c7-4a22-a47d-8c48425ef4a7,iNaturalist research-grade observations,28eb1a3f-1c15-4a95-931a-4af90ecb574d,6236461857
holoptelea integrifolia,Holoptelea integrifolia,4160169.0,4160169,18.562346,73.794998,8.004220392917123,50c9509d-22c7-4a22-a47d-8c48425ef4a7,iNaturalist research-grade observations,28eb1a3f-1c15-4a95-931a-4af90ecb574d,6236465412
ficus racemosa,Ficus racemosa,5361904.0,5361904,18.530712,73.847272,1.5175227825375888,50c9509d-22c7-4a22-a47d-8c48425ef4a7,iNaturalist research-grade observations,28eb1a3f-1c15-4a95-931a-4af90ecb574d,6236470516
grewia tiliifolia,Grewia tiliifolia,4259991.0,4259991,18.521059,73.821641,3.6972123156324552,50c9509d-22c7-4a22-a47d-8c48425ef4a7,iNaturalist research-grade observations,28eb1a3f-1c15-4a95-931a-4af90ecb574d,6236501322
cryptolepis buchananii,Cryptolepis buchananii,5525050.0,5525050,18.562935,73.79541,8.007462772807852,50c9509d-22c7-4a22-a47d-8c48425ef4a7,iNaturalist research-grade observations,28eb1a3f-1c15-4a95-931a-4af90ecb574d,6236505443
delonix regia,Delonix regia,2956176.0,2956176,18.524169,73.816672,4.241117546155401,50c9509d-22c7-4a22-a47d-8c48425ef4a7,iNaturalist research-grade observations,28eb1a3f-1c15-4a95-931a-4af90ecb574d,6236512818
ludwigia hyssopifolia,Ludwigia hyssopifolia,8924323.0,8924323,18.52549,73.815385,4.392653595370013,50c9509d-22c7-4a22-a47d-8c48425ef4a7,iNaturalist research-grade observations,28eb1a3f-1c15-4a95-931a-4af90ecb574d,6236514941
broussonetia papyrifera,Broussonetia papyrifera,5361944.0,5361944,18.53282,73.842007,2.0753439757593553,50c9509d-22c7-4a22-a47d-8c48425ef4a7,iNaturalist research-grade observations,28eb1a3f-1c15-4a95-931a-4af90ecb574d,6236515727
albizia lebbeck,Albizia lebbeck,2973215.0,2973215,18.529272,73.816375,4.364564255103399,50c9509d-22c7-4a22-a47d-8c48425ef4a7,iNaturalist research-grade observations,28eb1a3f-1c15-4a95-931a-4af90ecb574d,6236515790
alstonia scholaris,Alstonia scholaris,5414410.0,5414410,18.535367,73.837628,2.6101807945985276,50c9509d-22c7-4a22-a47d-8c48425ef4a7,iNaturalist research-grade observations,28eb1a3f-1c15-4a95-931a-4af90ecb574d,6236517868
ficus racemosa,Ficus racemosa,5361904.0,5361904,18.481915,73.810608,6.475760420534803,50c9509d-22c7-4a22-a47d-8c48425ef4a7,iNaturalist research-grade observations,28eb1a3f-1c15-4a95-931a-4af90ecb574d,6236524449
tridax procumbens,Tridax procumbens,3149462.0,3149462,18.527185,73.829529,2.962435745276577,50c9509d-22c7-4a22-a47d-8c48425ef4a7,iNaturalist research-grade observations,28eb1a3f-1c15-4a95-931a-4af90ecb574d,6236548651
syzygium cumini,Syzygium cumini,3183840.0,3183840,18.529973,73.848466,1.3735946183106125,50c9509d-22c7-4a22-a47d-8c48425ef4a7,iNaturalist research-grade observations,28eb1a3f-1c15-4a95-931a-4af90ecb574d,6251439068
portulaca oleracea,Portulaca oleracea,3084719.0,3084719,18.515006,73.926427,7.376302188330462,50c9509d-22c7-4a22-a47d-8c48425ef4a7,iNaturalist research-grade observations,28eb1a3f-1c15-4a95-931a-4af90ecb574d,6251465993
pergularia daemia,Pergularia daemia,3170445.0,3170445,18.557186,73.788956,8.23033767544766,50c9509d-22c7-4a22-a47d-8c48425ef4a7,iNaturalist research-grade observations,28eb1a3f-1c15-4a95-931a-4af90ecb574d,6251527729
ziziphus mauritiana,Ziziphus mauritiana,3039424.0,3039424,18.52964,73.815642,4.4491479650185495,50c9509d-22c7-4a22-a47d-8c48425ef4a7,iNaturalist research-grade observations,28eb1a3f-1c15-4a95-931a-4af90ecb574d,6251534576
cassia roxburghii,Cassia roxburghii,5357138.0,5357138,18.529728,73.849181,1.3054887053624105,50c9509d-22c7-4a22-a47d-8c48425ef4a7,iNaturalist research-grade observations,28eb1a3f-1c15-4a95-931a-4af90ecb574d,6251542246
ficus religiosa,Ficus religiosa,5361935.0,5361935,18.527997,73.851775,0.9915818060013403,50c9509d-22c7-4a22-a47d-8c48425ef4a7,iNaturalist research-grade observations,28eb1a3f-1c15-4a95-931a-4af90ecb574d,6251558178
mesosphaerum suaveolens,Mesosphaerum suaveolens,3889017.0,3889017,18.497142,73.789925,7.500923801012399,50c9509d-22c7-4a22-a47d-8c48425ef4a7,iNaturalist research-grade observations,28eb1a3f-1c15-4a95-931a-4af90ecb574d,6251570263
terminalia catappa,Terminalia catappa,3189394.0,3189394,18.554737,73.80047,7.051254466242901,50c9509d-22c7-4a22-a47d-8c48425ef4a7,iNaturalist research-grade observations,28eb1a3f-1c15-4a95-931a-4af90ecb574d,6251597165
combretum albidum,Combretum albidum,7327060.0,7327060,18.568264,73.824978,6.2856834980817196,50c9509d-22c7-4a22-a47d-8c48425ef4a7,iNaturalist research-grade observations,28eb1a3f-1c15-4a95-931a-4af90ecb574d,6251621693
ficus microcarpa,Ficus microcarpa,7467639.0,7467639,18.531102,73.845672,1.663740097803904,50c9509d-22c7-4a22-a47d-8c48425ef4a7,iNaturalist research-grade observations,28eb1a3f-1c15-4a95-931a-4af90ecb574d,6251630737
homonoia riparia,Homonoia riparia,3071623.0,3071623,18.462796,73.784777,9.92740659115712,50c9509d-22c7-4a22-a47d-8c48425ef4a7,iNaturalist research-grade observations,28eb1a3f-1c15-4a95-931a-4af90ecb574d,6251645149
euphorbia heterophylla,Euphorbia heterophylla,3064495.0,3064495,18.515006,73.926427,7.376302188330462,50c9509d-22c7-4a22-a47d-8c48425ef4a7,iNaturalist research-grade observations,28eb1a3f-1c15-4a95-931a-4af90ecb574d,6251655464
argemone mexicana,Argemone mexicana,2888485.0,2888485,18.565303,73.795638,8.14671233563726,50c9509d-22c7-4a22-a47d-8c48425ef4a7,iNaturalist research-grade observations,28eb1a3f-1c15-4a95-931a-4af90ecb574d,6251656942
calotropis gigantea,Calotropis gigantea,3579089.0,3579089,18.516289,73.926954,7.421506194561961,50c9509d-22c7-4a22-a47d-8c48425ef4a7,iNaturalist research-grade observations,28eb1a3f-1c15-4a95-931a-4af90ecb574d,6251763366
terminalia catappa,Terminalia catappa,3189394.0,3189394,18.464135,73.868008,6.369020012761307,50c9509d-22c7-4a22-a47d-8c48425ef4a7,iNaturalist research-grade observations,28eb1a3f-1c15-4a95-931a-4af90ecb574d,6251768518
terminalia catappa,Terminalia catappa,3189394.0,3189394,18.531057,73.846428,1.6053493576366833,50c9509d-22c7-4a22-a47d-8c48425ef4a7,iNaturalist research-grade observations,28eb1a3f-1c15-4a95-931a-4af90ecb574d,6251803889
butea monosperma,Butea monosperma,8234570.0,8234570,18.495262,73.79293,7.282014227725897,50c9509d-22c7-4a22-a47d-8c48425ef4a7,iNaturalist research-grade observations,28eb1a3f-1c15-4a95-931a-4af90ecb574d,6251813081
phyllanthus niruri,Phyllanthus niruri,5381945.0,5381945,18.56329,73.793938,8.156212735105706,50c9509d-22c7-4a22-a47d-8c48425ef4a7,iNaturalist research-grade observations,28eb1a3f-1c15-4a95-931a-4af90ecb574d,6251833041
abutilon indicum,Abutilon indicum,3152634.0,3152634,18.562486,73.794653,8.04285196571214,50c9509d-22c7-4a22-a47d-8c48425ef4a7,iNaturalist research-grade observations,28eb1a3f-1c15-4a95-931a-4af90ecb574d,6251875722
carissa spinarum,Carissa spinarum,5536282.0,5536282,18.529967,73.816269,4.39351274709835,50c9509d-22c7-4a22-a47d-8c48425ef4a7,iNaturalist research-grade observations,28eb1a3f-1c15-4a95-931a-4af90ecb574d,6251880570
combretum indicum,Combretum indicum,12203608.0,12203608,18.563493,73.827462,5.697509333082249,50c9509d-22c7-4a22-a47d-8c48425ef4a7,iNaturalist research-grade observations,28eb1a3f-1c15-4a95-931a-4af90ecb574d,6251894343
salvia plebeia,Salvia plebeia,3891879.0,3891879,18.563972,73.793575,8.231682486176526,50c9509d-22c7-4a22-a47d-8c48425ef4a7,iNaturalist research-grade observations,28eb1a3f-1c15-4a95-931a-4af90ecb574d,6251904812
ficus microcarpa,Ficus microcarpa,7467639.0,7467639,18.531099,73.845501,1.6761526431333997,50c9509d-22c7-4a22-a47d-8c48425ef4a7,iNaturalist research-grade observations,28eb1a3f-1c15-4a95-931a-4af90ecb574d,6251905022
couroupita guianensis,Couroupita guianensis,3082562.0,3082562,18.555676,73.821948,5.3674184098826725,50c9509d-22c7-4a22-a47d-8c48425ef4a7,iNaturalist research-grade observations,28eb1a3f-1c15-4a95-931a-4af90ecb574d,6251939199
stephanotis volubilis,Stephanotis volubilis,12202584.0,12202584,18.52549,73.815385,4.392653595370013,50c9509d-22c7-4a22-a47d-8c48425ef4a7,iNaturalist research-grade observations,28eb1a3f-1c15-4a95-931a-4af90ecb574d,6251945069
ruellia tuberosa,Ruellia tuberosa,5415418.0,5415418,18.520562,73.831892,2.615725904662991,50c9509d-22c7-4a22-a47d-8c48425ef4a7,iNaturalist research-grade observations,28eb1a3f-1c15-4a95-931a-4af90ecb574d,6251991362
ficus microcarpa,Ficus microcarpa,7467639.0,7467639,18.531547,73.846676,1.628892723876628,50c9509d-22c7-4a22-a47d-8c48425ef4a7,iNaturalist research-grade observations,28eb1a3f-1c15-4a95-931a-4af90ecb574d,6251992566
heliconia rostrata,Heliconia rostrata,2760967.0,2760967,18.515488,73.926375,7.366659676332374,50c9509d-22c7-4a22-a47d-8c48425ef4a7,iNaturalist research-grade observations,28eb1a3f-1c15-4a95-931a-4af90ecb574d,6251999193
holarrhena pubescens,Holarrhena pubescens,3169748.0,3169748,18.496717,73.792787,7.235472180337631,50c9509d-22c7-4a22-a47d-8c48425ef4a7,iNaturalist research-grade observations,28eb1a3f-1c15-4a95-931a-4af90ecb574d,6252019305
dichrostachys cinerea,Dichrostachys cinerea,2975891.0,2975891,18.537791,73.849504,2.077295202329601,50c9509d-22c7-4a22-a47d-8c48425ef4a7,iNaturalist research-grade observations,28eb1a3f-1c15-4a95-931a-4af90ecb574d,6252025975
dichrostachys cinerea,Dichrostachys cinerea,2975891.0,2975891,18.521059,73.821641,3.6972123156324552,50c9509d-22c7-4a22-a47d-8c48425ef4a7,iNaturalist research-grade observations,28eb1a3f-1c15-4a95-931a-4af90ecb574d,6252085353
cissus woodrowii,Cissus woodrowii,4053505.0,4053505,18.526533,73.815713,4.374920944313475,50c9509d-22c7-4a22-a47d-8c48425ef4a7,iNaturalist research-grade observations,28eb1a3f-1c15-4a95-931a-4af90ecb574d,6252089546
carica papaya,Carica papaya,2874484.0,2874484,18.553284,73.918144,7.438566891104173,50c9509d-22c7-4a22-a47d-8c48425ef4a7,iNaturalist research-grade observations,28eb1a3f-1c15-4a95-931a-4af90ecb574d,6252093744
persicaria glabra,Persicaria glabra,6391450.0,6391450,18.52549,73.815385,4.392653595370013,50c9509d-22c7-4a22-a47d-8c48425ef4a7,iNaturalist research-grade observations,28eb1a3f-1c15-4a95-931a-4af90ecb574d,6252139663
carissa carandas,Carissa carandas,5414419.0,5414419,18.497383,73.79608,6.885335293975173,50c9509d-22c7-4a22-a47d-8c48425ef4a7,iNaturalist research-grade observations,28eb1a3f-1c15-4a95-931a-4af90ecb574d,6252149519
ficus racemosa,Ficus racemosa,5361904.0,5361904,18.49573,73.827392,4.132229803118964,50c9509d-22c7-4a22-a47d-8c48425ef4a7,iNaturalist research-grade observations,28eb1a3f-1c15-4a95-931a-4af90ecb574d,6252191361
mangifera indica,Mangifera indica,3190638.0,3190638,18.464059,73.868569,6.388647990578784,50c9509d-22c7-4a22-a47d-8c48425ef4a7,iNaturalist research-grade observations,28eb1a3f-1c15-4a95-931a-4af90ecb574d,6252236610
capparis grandis,Capparis grandis,7552967.0,7552967,18.521059,73.821641,3.6972123156324552,50c9509d-22c7-4a22-a47d-8c48425ef4a7,iNaturalist research-grade observations,28eb1a3f-1c15-4a95-931a-4af90ecb574d,6252251186
mitragyna parvifolia,Mitragyna parvifolia,2900484.0,2900484,18.562873,73.79368,8.151347011163532,50c9509d-22c7-4a22-a47d-8c48425ef4a7,iNaturalist research-grade observations,28eb1a3f-1c15-4a95-931a-4af90ecb574d,6252287315
solanum torvum,Solanum torvum,2932389.0,2932389,18.562873,73.79368,8.151347011163532,50c9509d-22c7-4a22-a47d-8c48425ef4a7,iNaturalist research-grade observations,28eb1a3f-1c15-4a95-931a-4af90ecb574d,6252314768
calyptocarpus vialis,Calyptocarpus vialis,3091480.0,3091480,18.481915,73.810608,6.475760420534803,50c9509d-22c7-4a22-a47d-8c48425ef4a7,iNaturalist research-grade observations,28eb1a3f-1c15-4a95-931a-4af90ecb574d,6252334224
delonix regia,Delonix regia,2956176.0,2956176,18.530103,73.855255,1.0896292537916248,50c9509d-22c7-4a22-a47d-8c48425ef4a7,iNaturalist research-grade observations,28eb1a3f-1c15-4a95-931a-4af90ecb574d,6252334491
grewia tiliifolia,Grewia tiliifolia,4259991.0,4259991,18.52964,73.815642,4.4491479650185495,50c9509d-22c7-4a22-a47d-8c48425ef4a7,iNaturalist research-grade observations,28eb1a3f-1c15-4a95-931a-4af90ecb574d,6252369653
ipomoea obscura,Ipomoea obscura,2928565.0,2928565,18.490168,73.824338,4.790134198606032,50c9509d-22c7-4a22-a47d-8c48425ef4a7,iNaturalist research-grade observations,28eb1a3f-1c15-4a95-931a-4af90ecb574d,6252370430
clitoria ternatea,Clitoria ternatea,2946519.0,2946519,18.515006,73.926427,7.376302188330462,50c9509d-22c7-4a22-a47d-8c48425ef4a7,iNaturalist research-grade observations,28eb1a3f-1c15-4a95-931a-4af90ecb574d,6252390484
wrightia tinctoria,Wrightia tinctoria,5536686.0,5536686,18.496742,73.792503,7.262364598408525,50c9509d-22c7-4a22-a47d-8c48425ef4a7,iNaturalist research-grade observations,28eb1a3f-1c15-4a95-931a-4af90ecb574d,6252396861
dendrophthoe falcata,Dendrophthoe falcata,7595217.0,7595217,18.531531,73.813856,4.683667432963349,50c9509d-22c7-4a22-a47d-8c48425ef4a7,iNaturalist research-grade observations,28eb1a3f-1c15-4a95-931a-4af90ecb574d,6252405717
lannea coromandelica,Lannea coromandelica,3661151.0,3661151,18.525988,73.815732,4.363908808109782,50c9509d-22c7-4a22-a47d-8c48425ef4a7,iNaturalist research-grade observations,28eb1a3f-1c15-4a95-931a-4af90ecb574d,6252405829
persicaria glabra,Persicaria glabra,6391450.0,6391450,18.529194,73.816819,4.317004273828027,50c9509d-22c7-4a22-a47d-8c48425ef4a7,iNaturalist research-grade observations,28eb1a3f-1c15-4a95-931a-4af90ecb574d,6252419002
butea monosperma,Butea monosperma,8234570.0,8234570,18.527371,73.816468,4.312071050822171,50c9509d-22c7-4a22-a47d-8c48425ef4a7,iNaturalist research-grade observations,28eb1a3f-1c15-4a95-931a-4af90ecb574d,6252512329
diospyros malabarica,Diospyros malabarica,7295796.0,7295796,18.567405,73.825019,6.202691490201383,50c9509d-22c7-4a22-a47d-8c48425ef4a7,iNaturalist research-grade observations,28eb1a3f-1c15-4a95-931a-4af90ecb574d,6252516347
wodyetia bifurcata,Wodyetia bifurcata,2736620.0,2736620,18.514958,73.945297,9.361072171293465,50c9509d-22c7-4a22-a47d-8c48425ef4a7,iNaturalist research-grade observations,28eb1a3f-1c15-4a95-931a-4af90ecb574d,6252530520
sida cordata,Sida cordata,5406739.0,5406739,18.562873,73.79368,8.151347011163532,50c9509d-22c7-4a22-a47d-8c48425ef4a7,iNaturalist research-grade observations,28eb1a3f-1c15-4a95-931a-4af90ecb574d,6252574352
morinda coreia,Morinda coreia,5339862.0,5339862,18.52964,73.815642,4.4491479650185495,50c9509d-22c7-4a22-a47d-8c48425ef4a7,iNaturalist research-grade observations,28eb1a3f-1c15-4a95-931a-4af90ecb574d,6252598404
jacaranda mimosifolia,Jacaranda mimosifolia,3172499.0,3172499,18.53583,73.83728,2.671318987234425,50c9509d-22c7-4a22-a47d-8c48425ef4a7,iNaturalist research-grade observations,28eb1a3f-1c15-4a95-931a-4af90ecb574d,6252645204
portulaca quadrifida,Portulaca quadrifida,3084699.0,3084699,18.515006,73.926427,7.376302188330462,50c9509d-22c7-4a22-a47d-8c48425ef4a7,iNaturalist research-grade observations,28eb1a3f-1c15-4a95-931a-4af90ecb574d,6252661325
cassia fistula,Cassia fistula,5357108.0,5357108,18.500237,73.834349,3.252835390427279,50c9509d-22c7-4a22-a47d-8c48425ef4a7,iNaturalist research-grade observations,28eb1a3f-1c15-4a95-931a-4af90ecb574d,6252683624
nymphaea rubra,Nymphaea rubra,7365664.0,7365664,18.521059,73.821641,3.6972123156324552,50c9509d-22c7-4a22-a47d-8c48425ef4a7,iNaturalist research-grade observations,28eb1a3f-1c15-4a95-931a-4af90ecb574d,6252744696
alternanthera ficoidea,Alternanthera ficoidea,8160803.0,8160803,18.529717,73.814939,4.523249084068973,50c9509d-22c7-4a22-a47d-8c48425ef4a7,iNaturalist research-grade observations,28eb1a3f-1c15-4a95-931a-4af90ecb574d,6252804105
cuscuta campestris,Cuscuta campestris,3610757.0,3610757,18.56329,73.793938,8.156212735105706,50c9509d-22c7-4a22-a47d-8c48425ef4a7,iNaturalist research-grade observations,28eb1a3f-1c15-4a95-931a-4af90ecb574d,6252809716
ficus benjamina,Ficus benjamina,5361932.0,5361932,18.529847,73.863425,1.2673608961330893,50c9509d-22c7-4a22-a47d-8c48425ef4a7,iNaturalist research-grade observations,28eb1a3f-1c15-4a95-931a-4af90ecb574d,6252902065
moringa oleifera,Moringa oleifera,3054181.0,3054181,18.464157,73.868646,6.379560783166317,50c9509d-22c7-4a22-a47d-8c48425ef4a7,iNaturalist research-grade observations,28eb1a3f-1c15-4a95-931a-4af90ecb574d,6252916966
cassia fistula,Cassia fistula,5357108.0,5357108,18.517272,73.942467,9.049729050798774,50c9509d-22c7-4a22-a47d-8c48425ef4a7,iNaturalist research-grade observations,28eb1a3f-1c15-4a95-931a-4af90ecb574d,6252963973
verbascum coromandelianum,Verbascum coromandelianum,7333197.0,7333197,18.52964,73.815642,4.4491479650185495,50c9509d-22c7-4a22-a47d-8c48425ef4a7,iNaturalist research-grade observations,28eb1a3f-1c15-4a95-931a-4af90ecb574d,6252965824
grewia tiliifolia,Grewia tiliifolia,4259991.0,4259991,18.526992,73.816501,4.301271188237249,50c9509d-22c7-4a22-a47d-8c48425ef4a7,iNaturalist research-grade observations,28eb1a3f-1c15-4a95-931a-4af90ecb574d,6252974146
stephanotis volubilis,Stephanotis volubilis,12202584.0,12202584,18.52964,73.815642,4.4491479650185495,50c9509d-22c7-4a22-a47d-8c48425ef4a7,iNaturalist research-grade observations,28eb1a3f-1c15-4a95-931a-4af90ecb574d,6253015120
jatropha nana,Jatropha nana,3072834.0,3072834,18.527955,73.936945,8.502158352690863,50c9509d-22c7-4a22-a47d-8c48425ef4a7,iNaturalist research-grade observations,28eb1a3f-1c15-4a95-931a-4af90ecb574d,6253016222
gmelina arborea,Gmelina arborea,8247889.0,8247889,18.554642,73.789114,8.078823292646844,50c9509d-22c7-4a22-a47d-8c48425ef4a7,iNaturalist research-grade observations,28eb1a3f-1c15-4a95-931a-4af90ecb574d,6253036183
boswellia serrata,Boswellia serrata,5421354.0,5421354,18.526527,73.814695,4.48087103528994,50c9509d-22c7-4a22-a47d-8c48425ef4a7,iNaturalist research-grade observations,28eb1a3f-1c15-4a95-931a-4af90ecb574d,6253036841
cocos nucifera,Cocos nucifera,2735117.0,2735117,18.563728,73.782508,9.186310749088054,50c9509d-22c7-4a22-a47d-8c48425ef4a7,iNaturalist research-grade observations,28eb1a3f-1c15-4a95-931a-4af90ecb574d,6253078323
holoptelea integrifolia,Holoptelea integrifolia,4160169.0,4160169,18.562986,73.794478,8.090271786411718,50c9509d-22c7-4a22-a47d-8c48425ef4a7,iNaturalist research-grade observations,28eb1a3f-1c15-4a95-931a-4af90ecb574d,6253081916
ficus microcarpa,Ficus microcarpa,7467639.0,7467639,18.531521,73.845235,1.7292629740563927,50c9509d-22c7-4a22-a47d-8c48425ef4a7,iNaturalist research-grade observations,28eb1a3f-1c15-4a95-931a-4af90ecb574d,6253084104
ficus racemosa,Ficus racemosa,5361904.0,5361904,18.530088,73.847795,1.428981496346272,50c9509d-22c7-4a22-a47d-8c48425ef4a7,iNaturalist research-grade observations,28eb1a3f-1c15-4a95-931a-4af90ecb574d,6253092176
lannea coromandelica,Lannea coromandelica,3661151.0,3661151,18.526481,73.8156,4.385795267644473,50c9509d-22c7-4a22-a47d-8c48425ef4a7,iNaturalist research-grade observations,28eb1a3f-1c15-4a95-931a-4af90ecb574d,6253100235
peltophorum pterocarpum,Peltophorum pterocarpum,2952775.0,2952775,18.53074,73.846445,1.5782813314782154,50c9509d-22c7-4a22-a47d-8c48425ef4a7,iNaturalist research-grade observations,28eb1a3f-1c15-4a95-931a-4af90ecb574d,6253101177
solanum torvum,Solanum torvum,2932389.0,2932389,18.56291,73.794403,8.091745560630843,50c9509d-22c7-4a22-a47d-8c48425ef4a7,iNaturalist research-grade observations,28eb1a3f-1c15-4a95-931a-4af90ecb574d,6253108076
broussonetia papyrifera,Broussonetia papyrifera,5361944.0,5361944,18.530226,73.846962,1.4993044678286047,50c9509d-22c7-4a22-a47d-8c48425ef4a7,iNaturalist research-grade observations,28eb1a3f-1c15-4a95-931a-4af90ecb574d,6253120304
syzygium cumini,Syzygium cumini,3183840.0,3183840,18.517425,73.94537,9.354973597242365,50c9509d-22c7-4a22-a47d-8c48425ef4a7,iNaturalist research-grade observations,28eb1a3f-1c15-4a95-931a-4af90ecb574d,6253127027
eclipta prostrata,Eclipta prostrata,5384950.0,5384950,18.52964,73.815642,4.4491479650185495,50c9509d-22c7-4a22-a47d-8c48425ef4a7,iNaturalist research-grade observations,28eb1a3f-1c15-4a95-931a-4af90ecb574d,6253131254
dichrostachys cinerea,Dichrostachys cinerea,2975891.0,2975891,18.548985,73.829912,4.251940774866873,50c9509d-22c7-4a22-a47d-8c48425ef4a7,iNaturalist research-grade observations,28eb1a3f-1c15-4a95-931a-4af90ecb574d,6253155498
mangifera indica,Mangifera indica,3190638.0,3190638,18.529957,73.849826,1.2863026315702424,50c9509d-22c7-4a22-a47d-8c48425ef4a7,iNaturalist research-grade observations,28eb1a3f-1c15-4a95-931a-4af90ecb574d,6253164399
grangea maderaspatana,Grangea maderaspatana,8028873.0,8028873,18.564029,73.793565,8.236265582019197,50c9509d-22c7-4a22-a47d-8c48425ef4a7,iNaturalist research-grade observations,28eb1a3f-1c15-4a95-931a-4af90ecb574d,6253176191
eclipta prostrata,Eclipta prostrata,5384950.0,5384950,18.515006,73.926427,7.376302188330462,50c9509d-22c7-4a22-a47d-8c48425ef4a7,iNaturalist research-grade observations,28eb1a3f-1c15-4a95-931a-4af90ecb574d,6253213411
cardiospermum halicacabum,Cardiospermum halicacabum,3189939.0,3189939,18.5663,73.8254,6.077618352271987,50c9509d-22c7-4a22-a47d-8c48425ef4a7,iNaturalist research-grade observations,28eb1a3f-1c15-4a95-931a-4af90ecb574d,6253222342
senna auriculata,Senna auriculata,2956966.0,2956966,18.495625,73.792687,7.290326086748485,50c9509d-22c7-4a22-a47d-8c48425ef4a7,iNaturalist research-grade observations,28eb1a3f-1c15-4a95-931a-4af90ecb574d,6253231365
agave vivipara,Agave vivipara,2766811.0,2766811,18.557358,73.788939,8.24141000449718,50c9509d-22c7-4a22-a47d-8c48425ef4a7,iNaturalist research-grade observations,28eb1a3f-1c15-4a95-931a-4af90ecb574d,6253255072
kalanchoe pinnata,Kalanchoe pinnata,2985930.0,2985930,18.527515,73.822993,3.6408666772091807,50c9509d-22c7-4a22-a47d-8c48425ef4a7,iNaturalist research-grade observations,28eb1a3f-1c15-4a95-931a-4af90ecb574d,6253267912
dalbergia sissoo,Dalbergia sissoo,2968532.0,2968532,18.497122,73.789963,7.497930581779246,50c9509d-22c7-4a22-a47d-8c48425ef4a7,iNaturalist research-grade observations,28eb1a3f-1c15-4a95-931a-4af90ecb574d,6253280368
tamarindus indica,Tamarindus indica,2975768.0,2975768,18.563583,73.794103,8.161229526263691,50c9509d-22c7-4a22-a47d-8c48425ef4a7,iNaturalist research-grade observations,28eb1a3f-1c15-4a95-931a-4af90ecb574d,6253296258
holarrhena pubescens,Holarrhena pubescens,3169748.0,3169748,18.496645,73.7929,7.227299090417294,50c9509d-22c7-4a22-a47d-8c48425ef4a7,iNaturalist research-grade observations,28eb1a3f-1c15-4a95-931a-4af90ecb574d,6253303103
peltophorum pterocarpum,Peltophorum pterocarpum,2952775.0,2952775,18.529725,73.849158,1.3066979628134614,50c9509d-22c7-4a22-a47d-8c48425ef4a7,iNaturalist research-grade observations,28eb1a3f-1c15-4a95-931a-4af90ecb574d,6253303903
putranjiva formosana,Putranjiva formosana,3076076.0,3076076,18.533733,73.826044,3.55593394706019,50c9509d-22c7-4a22-a47d-8c48425ef4a7,iNaturalist research-grade observations,28eb1a3f-1c15-4a95-931a-4af90ecb574d,6253306870
macroptilium atropurpureum,Macroptilium atropurpureum,2945047.0,2945047,18.496995,73.79023,7.4764207131621605,50c9509d-22c7-4a22-a47d-8c48425ef4a7,iNaturalist research-grade observations,28eb1a3f-1c15-4a95-931a-4af90ecb574d,6253321112
cassia fistula,Cassia fistula,5357108.0,5357108,18.53061,73.816034,4.435309235937545,50c9509d-22c7-4a22-a47d-8c48425ef4a7,iNaturalist research-grade observations,28eb1a3f-1c15-4a95-931a-4af90ecb574d,6253326162
urena lobata,Urena lobata,3152253.0,3152253,18.56329,73.793938,8.156212735105706,50c9509d-22c7-4a22-a47d-8c48425ef4a7,iNaturalist research-grade observations,28eb1a3f-1c15-4a95-931a-4af90ecb574d,6253353414
ipomoea carnea,Ipomoea carnea,2928590.0,2928590,18.5588,73.791367,8.103849405482604,50c9509d-22c7-4a22-a47d-8c48425ef4a7,iNaturalist research-grade observations,28eb1a3f-1c15-4a95-931a-4af90ecb574d,6253359588
stephanotis volubilis,Stephanotis volubilis,12202584.0,12202584,18.496675,73.792808,7.235112111750504,50c9509d-22c7-4a22-a47d-8c48425ef4a7,iNaturalist research-grade observations,28eb1a3f-1c15-4a95-931a-4af90ecb574d,6253374645
broussonetia papyrifera,Broussonetia papyrifera,5361944.0,5361944,18.531432,73.844978,1.7413256395085268,50c9509d-22c7-4a22-a47d-8c48425ef4a7,iNaturalist research-grade observations,28eb1a3f-1c15-4a95-931a-4af90ecb574d,6273161944
ficus microcarpa,Ficus microcarpa,7467639.0,7467639,18.531087,73.845448,1.6791491330540562,50c9509d-22c7-4a22-a47d-8c48425ef4a7,iNaturalist research-grade observations,28eb1a3f-1c15-4a95-931a-4af90ecb574d,6273194692
millingtonia hortensis,Millingtonia hortensis,7629955.0,7629955,18.529923,73.849198,1.3217080227419165,50c9509d-22c7-4a22-a47d-8c48425ef4a7,iNaturalist research-grade observations,28eb1a3f-1c15-4a95-931a-4af90ecb574d,6273388399
peltophorum pterocarpum,Peltophorum pterocarpum,2952775.0,2952775,18.530967,73.846392,1.6005514746754634,50c9509d-22c7-4a22-a47d-8c48425ef4a7,iNaturalist research-grade observations,28eb1a3f-1c15-4a95-931a-4af90ecb574d,6273415909
putranjiva roxburghii,Putranjiva roxburghii,3076079.0,3076079,18.530048,73.851721,1.1943605123399053,50c9509d-22c7-4a22-a47d-8c48425ef4a7,iNaturalist research-grade observations,28eb1a3f-1c15-4a95-931a-4af90ecb574d,6273450541
senna siamea,Senna siamea,2956905.0,2956905,18.535988,73.837573,2.659133692981985,50c9509d-22c7-4a22-a47d-8c48425ef4a7,iNaturalist research-grade observations,28eb1a3f-1c15-4a95-931a-4af90ecb574d,6273451989
tamarindus indica,Tamarindus indica,2975768.0,2975768,18.532862,73.842023,2.0771975533966653,50c9509d-22c7-4a22-a47d-8c48425ef4a7,iNaturalist research-grade observations,28eb1a3f-1c15-4a95-931a-4af90ecb574d,6273479564
terminalia catappa,Terminalia catappa,3189394.0,3189394,18.530322,73.848125,1.4263944424168498,50c9509d-22c7-4a22-a47d-8c48425ef4a7,iNaturalist research-grade observations,28eb1a3f-1c15-4a95-931a-4af90ecb574d,6273483951
peltophorum pterocarpum,Peltophorum pterocarpum,2952775.0,2952775,18.530562,73.847558,1.4852157916193736,50c9509d-22c7-4a22-a47d-8c48425ef4a7,iNaturalist research-grade observations,28eb1a3f-1c15-4a95-931a-4af90ecb574d,6273552303
holoptelea integrifolia,Holoptelea integrifolia,4160169.0,4160169,18.535463,73.837508,2.626733112074398,50c9509d-22c7-4a22-a47d-8c48425ef4a7,iNaturalist research-grade observations,28eb1a3f-1c15-4a95-931a-4af90ecb574d,6273578795
pithecellobium dulce,Pithecellobium dulce,2962831.0,2962831,18.530372,73.847932,1.4436439094564735,50c9509d-22c7-4a22-a47d-8c48425ef4a7,iNaturalist research-grade observations,28eb1a3f-1c15-4a95-931a-4af90ecb574d,6273596990
wodyetia bifurcata,Wodyetia bifurcata,2736620.0,2736620,18.53289,73.842044,2.077628533151717,50c9509d-22c7-4a22-a47d-8c48425ef4a7,iNaturalist research-grade observations,28eb1a3f-1c15-4a95-931a-4af90ecb574d,6273632549
ceiba pentandra,Ceiba pentandra,5406697.0,5406697,18.530845,73.846725,1.5668405160371688,50c9509d-22c7-4a22-a47d-8c48425ef4a7,iNaturalist research-grade observations,28eb1a3f-1c15-4a95-931a-4af90ecb574d,6273638154
peltophorum pterocarpum,Peltophorum pterocarpum,2952775.0,2952775,18.53103,73.84762,1.52105818188374,50c9509d-22c7-4a22-a47d-8c48425ef4a7,iNaturalist research-grade observations,28eb1a3f-1c15-4a95-931a-4af90ecb574d,6273661049
bombax ceiba,Bombax ceiba,3152226.0,3152226,18.563416,73.827666,5.678689862025009,50c9509d-22c7-4a22-a47d-8c48425ef4a7,iNaturalist research-grade observations,28eb1a3f-1c15-4a95-931a-4af90ecb574d,6273687477
ficus microcarpa,Ficus microcarpa,7467639.0,7467639,18.535383,73.837534,2.618954543374687,50c9509d-22c7-4a22-a47d-8c48425ef4a7,iNaturalist research-grade observations,28eb1a3f-1c15-4a95-931a-4af90ecb574d,6273743564
sterculia foetida,Sterculia foetida,5406675.0,5406675,18.529758,73.848987,1.3206363481930257,50c9509d-22c7-4a22-a47d-8c48425ef4a7,iNaturalist research-grade observations,28eb1a3f-1c15-4a95-931a-4af90ecb574d,6273752476
ficus microcarpa,Ficus microcarpa,7467639.0,7467639,18.531239,73.845244,1.7063091098399001,50c9509d-22c7-4a22-a47d-8c48425ef4a7,iNaturalist research-grade observations,28eb1a3f-1c15-4a95-931a-4af90ecb574d,6273764705
peltophorum pterocarpum,Peltophorum pterocarpum,2952775.0,2952775,18.530857,73.846597,1.5769143018715737,50c9509d-22c7-4a22-a47d-8c48425ef4a7,iNaturalist research-grade observations,28eb1a3f-1c15-4a95-931a-4af90ecb574d,6273776372
ceiba pentandra,Ceiba pentandra,5406697.0,5406697,18.530908,73.846066,1.619346231756515,50c9509d-22c7-4a22-a47d-8c48425ef4a7,iNaturalist research-grade observations,28eb1a3f-1c15-4a95-931a-4af90ecb574d,6273866396
araucaria columnaris,Araucaria columnaris,2684921.0,2684921,18.530762,73.846126,1.6032666035758147,50c9509d-22c7-4a22-a47d-8c48425ef4a7,iNaturalist research-grade observations,28eb1a3f-1c15-4a95-931a-4af90ecb574d,6273907651
broussonetia papyrifera,Broussonetia papyrifera,5361944.0,5361944,18.533675,73.840837,2.230712248863341,50c9509d-22c7-4a22-a47d-8c48425ef4a7,iNaturalist research-grade observations,28eb1a3f-1c15-4a95-931a-4af90ecb574d,6274111407
peltophorum pterocarpum,Peltophorum pterocarpum,2952775.0,2952775,18.537845,73.88562,3.61380787453623,50c9509d-22c7-4a22-a47d-8c48425ef4a7,iNaturalist research-grade observations,28eb1a3f-1c15-4a95-931a-4af90ecb574d,6274119408
ficus microcarpa,Ficus microcarpa,7467639.0,7467639,18.531388,73.845175,1.7231737612655562,50c9509d-22c7-4a22-a47d-8c48425ef4a7,iNaturalist research-grade observations,28eb1a3f-1c15-4a95-931a-4af90ecb574d,6274198318
senna siamea,Senna siamea,2956905.0,2956905,18.529864,73.852521,1.1408658869712924,50c9509d-22c7-4a22-a47d-8c48425ef4a7,iNaturalist research-grade observations,28eb1a3f-1c15-4a95-931a-4af90ecb574d,6274273512
holoptelea integrifolia,Holoptelea integrifolia,4160169.0,4160169,18.533032,73.841693,2.115746347911442,50c9509d-22c7-4a22-a47d-8c48425ef4a7,iNaturalist research-grade observations,28eb1a3f-1c15-4a95-931a-4af90ecb574d,6274308956
plumeria rubra,Plumeria rubra,3169674.0,3169674,18.530761,73.849808,1.3621049753258323,50c9509d-22c7-4a22-a47d-8c48425ef4a7,iNaturalist research-grade observations,28eb1a3f-1c15-4a95-931a-4af90ecb574d,6274320384
roystonea regia,Roystonea regia,2733755.0,2733755,18.530221,73.851003,1.2463351183636706,50c9509d-22c7-4a22-a47d-8c48425ef4a7,iNaturalist research-grade observations,28eb1a3f-1c15-4a95-931a-4af90ecb574d,6320708494
euphorbia hirta,Euphorbia hirta,3068937.0,3068937,18.589724,73.797234,9.935602880380019,50c9509d-22c7-4a22-a47d-8c48425ef4a7,iNaturalist research-grade observations,28eb1a3f-1c15-4a95-931a-4af90ecb574d,6320950340
ficus racemosa,Ficus racemosa,5361904.0,5361904,18.500208,73.801239,6.26415839290045,50c9509d-22c7-4a22-a47d-8c48425ef4a7,iNaturalist research-grade observations,28eb1a3f-1c15-4a95-931a-4af90ecb574d,6321223031
coccinia grandis,Coccinia grandis,2874564.0,2874564,18.565085,73.826954,5.875573638526641,50c9509d-22c7-4a22-a47d-8c48425ef4a7,iNaturalist research-grade observations,28eb1a3f-1c15-4a95-931a-4af90ecb574d,6334083587
passiflora vesicaria,Passiflora vesicaria,3588353.0,3588353,18.563058,73.794522,8.09120093565984,50c9509d-22c7-4a22-a47d-8c48425ef4a7,iNaturalist research-grade observations,28eb1a3f-1c15-4a95-931a-4af90ecb574d,6353360514
tradescantia zebrina,Tradescantia zebrina,2765359.0,2765359,18.553411,73.918015,7.433687389782705,50c9509d-22c7-4a22-a47d-8c48425ef4a7,iNaturalist research-grade observations,28eb1a3f-1c15-4a95-931a-4af90ecb574d,6398808774
boswellia serrata,Boswellia serrata,5421354.0,5421354,18.527094,73.816645,4.288264395925187,50c9509d-22c7-4a22-a47d-8c48425ef4a7,iNaturalist research-grade observations,28eb1a3f-1c15-4a95-931a-4af90ecb574d,6398954812
boswellia serrata,Boswellia serrata,5421354.0,5421354,18.528158,73.816071,4.369674140804363,50c9509d-22c7-4a22-a47d-8c48425ef4a7,iNaturalist research-grade observations,28eb1a3f-1c15-4a95-931a-4af90ecb574d,6399617292
mesosphaerum suaveolens,Mesosphaerum suaveolens,3889017.0,3889017,18.522101,73.813771,4.530205025209557,50c9509d-22c7-4a22-a47d-8c48425ef4a7,iNaturalist research-grade observations,28eb1a3f-1c15-4a95-931a-4af90ecb574d,6413748812
polyalthia longifolia,Polyalthia longifolia,3156422.0,3156422,18.553419,73.918152,7.4466889443734905,50c9509d-22c7-4a22-a47d-8c48425ef4a7,iNaturalist research-grade observations,28eb1a3f-1c15-4a95-931a-4af90ecb574d,6441193999
khaya senegalensis,Khaya senegalensis,3190508.0,3190508,18.534618,73.838627,2.4759432628315166,50c9509d-22c7-4a22-a47d-8c48425ef4a7,iNaturalist research-grade observations,28eb1a3f-1c15-4a95-931a-4af90ecb574d,6441386698
calotropis gigantea,Calotropis gigantea,3579089.0,3579089,18.518229,73.780691,8.017797776895677,50c9509d-22c7-4a22-a47d-8c48425ef4a7,iNaturalist research-grade observations,28eb1a3f-1c15-4a95-931a-4af90ecb574d,6451805544
tridax procumbens,Tridax procumbens,3149462.0,3149462,18.548894,73.829934,4.242839417821149,50c9509d-22c7-4a22-a47d-8c48425ef4a7,iNaturalist research-grade observations,28eb1a3f-1c15-4a95-931a-4af90ecb574d,6452071330
solanum diphyllum,Solanum diphyllum,2931088.0,2931088,18.514364,73.925945,7.33185418861314,50c9509d-22c7-4a22-a47d-8c48425ef4a7,iNaturalist research-grade observations,28eb1a3f-1c15-4a95-931a-4af90ecb574d,6452142406
albizia lebbeck,Albizia lebbeck,2973215.0,2973215,18.530067,73.854492,1.099842491897655,50c9509d-22c7-4a22-a47d-8c48425ef4a7,iNaturalist research-grade observations,28eb1a3f-1c15-4a95-931a-4af90ecb574d,6452481513
delonix regia,Delonix regia,2956176.0,2956176,18.531188,73.817271,4.326732264463228,50c9509d-22c7-4a22-a47d-8c48425ef4a7,iNaturalist research-grade observations,28eb1a3f-1c15-4a95-931a-4af90ecb574d,6479164308
kigelia africana,Kigelia africana,3172561.0,3172561,18.56371,73.827448,5.718612247637431,50c9509d-22c7-4a22-a47d-8c48425ef4a7,iNaturalist research-grade observations,28eb1a3f-1c15-4a95-931a-4af90ecb574d,6481308646
heterophragma quadriloculare,Heterophragma quadriloculare,4091635.0,4091635,18.496862,73.793372,7.172151304018162,50c9509d-22c7-4a22-a47d-8c48425ef4a7,iNaturalist research-grade observations,28eb1a3f-1c15-4a95-931a-4af90ecb574d,6519263667
caryota urens,Caryota urens,2738914.0,2738914,18.530604,73.84929,1.3775931898292277,50c9509d-22c7-4a22-a47d-8c48425ef4a7,iNaturalist research-grade observations,28eb1a3f-1c15-4a95-931a-4af90ecb574d,6251439794
syzygium cumini,Syzygium cumini,3183840.0,3183840,18.531247,73.846945,1.5851079318646777,50c9509d-22c7-4a22-a47d-8c48425ef4a7,iNaturalist research-grade observations,28eb1a3f-1c15-4a95-931a-4af90ecb574d,6251443066
polyalthia longifolia,Polyalthia longifolia,3156422.0,3156422,18.530245,73.849413,1.3374138107903704,50c9509d-22c7-4a22-a47d-8c48425ef4a7,iNaturalist research-grade observations,28eb1a3f-1c15-4a95-931a-4af90ecb574d,6251465609
ficus benjamina,Ficus benjamina,5361932.0,5361932,18.530924,73.847346,1.5303726297363869,50c9509d-22c7-4a22-a47d-8c48425ef4a7,iNaturalist research-grade observations,28eb1a3f-1c15-4a95-931a-4af90ecb574d,6251489934
ficus benjamina,Ficus benjamina,5361932.0,5361932,18.532454,73.842617,2.000295089960309,50c9509d-22c7-4a22-a47d-8c48425ef4a7,iNaturalist research-grade observations,28eb1a3f-1c15-4a95-931a-4af90ecb574d,6251495201
peltophorum pterocarpum,Peltophorum pterocarpum,2952775.0,2952775,18.531418,73.845422,1.7073021204526384,50c9509d-22c7-4a22-a47d-8c48425ef4a7,iNaturalist research-grade observations,28eb1a3f-1c15-4a95-931a-4af90ecb574d,6251517276
broussonetia papyrifera,Broussonetia papyrifera,5361944.0,5361944,18.531459,73.845721,1.6888149466551179,50c9509d-22c7-4a22-a47d-8c48425ef4a7,iNaturalist research-grade observations,28eb1a3f-1c15-4a95-931a-4af90ecb574d,6251523597
ficus benjamina,Ficus benjamina,5361932.0,5361932,18.531012,73.847159,1.5505852237698503,50c9509d-22c7-4a22-a47d-8c48425ef4a7,iNaturalist research-grade observations,28eb1a3f-1c15-4a95-931a-4af90ecb574d,6251527544
ficus benjamina,Ficus benjamina,5361932.0,5361932,18.531021,73.847097,1.5555935599699748,50c9509d-22c7-4a22-a47d-8c48425ef4a7,iNaturalist research-grade observations,28eb1a3f-1c15-4a95-931a-4af90ecb574d,6251539824
erythrina variegata,Erythrina variegata,5349581.0,5349581,18.528499,73.81793,4.185699022712651,50c9509d-22c7-4a22-a47d-8c48425ef4a7,iNaturalist research-grade observations,28eb1a3f-1c15-4a95-931a-4af90ecb574d,6251559492
cocos nucifera,Cocos nucifera,2735117.0,2735117,18.531342,73.846005,1.6588686696985153,50c9509d-22c7-4a22-a47d-8c48425ef4a7,iNaturalist research-grade observations,28eb1a3f-1c15-4a95-931a-4af90ecb574d,6251560761
syzygium cumini,Syzygium cumini,3183840.0,3183840,18.531528,73.845374,1.7196106508740172,50c9509d-22c7-4a22-a47d-8c48425ef4a7,iNaturalist research-grade observations,28eb1a3f-1c15-4a95-931a-4af90ecb574d,6251571972
carica papaya,Carica papaya,2874484.0,2874484,18.531795,73.844423,1.81133375332948,50c9509d-22c7-4a22-a47d-8c48425ef4a7,iNaturalist research-grade observations,28eb1a3f-1c15-4a95-931a-4af90ecb574d,6251572859
phyllanthus reticulatus,Phyllanthus reticulatus,5382478.0,5382478,18.562987,73.794561,8.083243876767314,50c9509d-22c7-4a22-a47d-8c48425ef4a7,iNaturalist research-grade observations,28eb1a3f-1c15-4a95-931a-4af90ecb574d,6251580223
ficus benjamina,Ficus benjamina,5361932.0,5361932,18.532873,73.842199,2.064232665443642,50c9509d-22c7-4a22-a47d-8c48425ef4a7,iNaturalist research-grade observations,28eb1a3f-1c15-4a95-931a-4af90ecb574d,6251582973
cocos nucifera,Cocos nucifera,2735117.0,2735117,18.532695,73.842207,2.050358457788442,50c9509d-22c7-4a22-a47d-8c48425ef4a7,iNaturalist research-grade observations,28eb1a3f-1c15-4a95-931a-4af90ecb574d,6251585318
grevillea robusta,Grevillea robusta,2891791.0,2891791,18.530964,73.847227,1.5418736888214226,50c9509d-22c7-4a22-a47d-8c48425ef4a7,iNaturalist research-grade observations,28eb1a3f-1c15-4a95-931a-4af90ecb574d,6251608226
ficus benjamina,Ficus benjamina,5361932.0,5361932,18.531066,73.846985,1.5670884106875722,50c9509d-22c7-4a22-a47d-8c48425ef4a7,iNaturalist research-grade observations,28eb1a3f-1c15-4a95-931a-4af90ecb574d,6251633001
ficus benjamina,Ficus benjamina,5361932.0,5361932,18.531128,73.847108,1.563895128959791,50c9509d-22c7-4a22-a47d-8c48425ef4a7,iNaturalist research-grade observations,28eb1a3f-1c15-4a95-931a-4af90ecb574d,6251635343
ficus benjamina,Ficus benjamina,5361932.0,5361932,18.531089,73.846983,1.569162482661929,50c9509d-22c7-4a22-a47d-8c48425ef4a7,iNaturalist research-grade observations,28eb1a3f-1c15-4a95-931a-4af90ecb574d,6251647551
broussonetia papyrifera,Broussonetia papyrifera,5361944.0,5361944,18.532698,73.842318,2.0418750553948035,50c9509d-22c7-4a22-a47d-8c48425ef4a7,iNaturalist research-grade observations,28eb1a3f-1c15-4a95-931a-4af90ecb574d,6251762092
ficus benjamina,Ficus benjamina,5361932.0,5361932,18.530992,73.847052,1.556243904419308,50c9509d-22c7-4a22-a47d-8c48425ef4a7,iNaturalist research-grade observations,28eb1a3f-1c15-4a95-931a-4af90ecb574d,6251815969
samanea saman,Samanea saman,2972960.0,2972960,18.531669,73.844939,1.7628792156359812,50c9509d-22c7-4a22-a47d-8c48425ef4a7,iNaturalist research-grade observations,28eb1a3f-1c15-4a95-931a-4af90ecb574d,6251835511
polyalthia longifolia,Polyalthia longifolia,3156422.0,3156422,18.531307,73.846056,1.6523597598583453,50c9509d-22c7-4a22-a47d-8c48425ef4a7,iNaturalist research-grade observations,28eb1a3f-1c15-4a95-931a-4af90ecb574d,6251880551
samanea saman,Samanea saman,2972960.0,2972960,18.531654,73.844661,1.782446227132093,50c9509d-22c7-4a22-a47d-8c48425ef4a7,iNaturalist research-grade observations,28eb1a3f-1c15-4a95-931a-4af90ecb574d,6251893109
leucaena leucocephala,Leucaena leucocephala,2970418.0,2970418,18.531525,73.845127,1.7375582424334803,50c9509d-22c7-4a22-a47d-8c48425ef4a7,iNaturalist research-grade observations,28eb1a3f-1c15-4a95-931a-4af90ecb574d,6251910118
peltophorum pterocarpum,Peltophorum pterocarpum,2952775.0,2952775,18.531337,73.845922,1.6644231725594192,50c9509d-22c7-4a22-a47d-8c48425ef4a7,iNaturalist research-grade observations,28eb1a3f-1c15-4a95-931a-4af90ecb574d,6251935905
polyalthia longifolia,Polyalthia longifolia,3156422.0,3156422,18.4976,73.895242,4.7899444157838635,50c9509d-22c7-4a22-a47d-8c48425ef4a7,iNaturalist research-grade observations,28eb1a3f-1c15-4a95-931a-4af90ecb574d,6251938154
bauhinia variegata,Bauhinia variegata,2953251.0,2953251,18.530585,73.84909,1.3879359430308658,50c9509d-22c7-4a22-a47d-8c48425ef4a7,iNaturalist research-grade observations,28eb1a3f-1c15-4a95-931a-4af90ecb574d,6251992404
mangifera indica,Mangifera indica,3190638.0,3190638,18.530967,73.847429,1.528420546537086,50c9509d-22c7-4a22-a47d-8c48425ef4a7,iNaturalist research-grade observations,28eb1a3f-1c15-4a95-931a-4af90ecb574d,6252033025
ficus benjamina,Ficus benjamina,5361932.0,5361932,18.530942,73.847124,1.547075896004736,50c9509d-22c7-4a22-a47d-8c48425ef4a7,iNaturalist research-grade observations,28eb1a3f-1c15-4a95-931a-4af90ecb574d,6252065043
samanea saman,Samanea saman,2972960.0,2972960,18.531696,73.844733,1.78034014214296,50c9509d-22c7-4a22-a47d-8c48425ef4a7,iNaturalist research-grade observations,28eb1a3f-1c15-4a95-931a-4af90ecb574d,6252069024
broussonetia papyrifera,Broussonetia papyrifera,5361944.0,5361944,18.531218,73.846313,1.6267465653430278,50c9509d-22c7-4a22-a47d-8c48425ef4a7,iNaturalist research-grade observations,28eb1a3f-1c15-4a95-931a-4af90ecb574d,6252072238
ficus benjamina,Ficus benjamina,5361932.0,5361932,18.531031,73.847034,1.5607669051508488,50c9509d-22c7-4a22-a47d-8c48425ef4a7,iNaturalist research-grade observations,28eb1a3f-1c15-4a95-931a-4af90ecb574d,6252116806
grevillea robusta,Grevillea robusta,2891791.0,2891791,18.53052,73.849287,1.3700908773865859,50c9509d-22c7-4a22-a47d-8c48425ef4a7,iNaturalist research-grade observations,28eb1a3f-1c15-4a95-931a-4af90ecb574d,6252128946
polyalthia longifolia,Polyalthia longifolia,3156422.0,3156422,18.531059,73.847467,1.533752756483162,50c9509d-22c7-4a22-a47d-8c48425ef4a7,iNaturalist research-grade observations,28eb1a3f-1c15-4a95-931a-4af90ecb574d,6252130166
terminalia catappa,Terminalia catappa,3189394.0,3189394,18.531576,73.845034,1.7484836903087286,50c9509d-22c7-4a22-a47d-8c48425ef4a7,iNaturalist research-grade observations,28eb1a3f-1c15-4a95-931a-4af90ecb574d,6252142862
ficus benjamina,Ficus benjamina,5361932.0,5361932,18.531087,73.846908,1.5741687180385313,50c9509d-22c7-4a22-a47d-8c48425ef4a7,iNaturalist research-grade observations,28eb1a3f-1c15-4a95-931a-4af90ecb574d,6252151930
peltophorum pterocarpum,Peltophorum pterocarpum,2952775.0,2952775,18.531443,73.845485,1.704683955980858,50c9509d-22c7-4a22-a47d-8c48425ef4a7,iNaturalist research-grade observations,28eb1a3f-1c15-4a95-931a-4af90ecb574d,6252240362
ficus racemosa,Ficus racemosa,5361904.0,5361904,18.532427,73.842297,2.023479718910944,50c9509d-22c7-4a22-a47d-8c48425ef4a7,iNaturalist research-grade observations,28eb1a3f-1c15-4a95-931a-4af90ecb574d,6252249576
ficus benjamina,Ficus benjamina,5361932.0,5361932,18.53094,73.847182,1.5429231731411712,50c9509d-22c7-4a22-a47d-8c48425ef4a7,iNaturalist research-grade observations,28eb1a3f-1c15-4a95-931a-4af90ecb574d,6252274907
ficus benjamina,Ficus benjamina,5361932.0,5361932,18.531065,73.847012,1.5651449833571347,50c9509d-22c7-4a22-a47d-8c48425ef4a7,iNaturalist research-grade observations,28eb1a3f-1c15-4a95-931a-4af90ecb574d,6252296336
polyalthia longifolia,Polyalthia longifolia,3156422.0,3156422,18.462543,73.818722,7.57814914938984,50c9509d-22c7-4a22-a47d-8c48425ef4a7,iNaturalist research-grade observations,28eb1a3f-1c15-4a95-931a-4af90ecb574d,6252302119
azadirachta indica,Azadirachta indica,3190474.0,3190474,18.532238,73.843002,1.9540934139284007,50c9509d-22c7-4a22-a47d-8c48425ef4a7,iNaturalist research-grade observations,28eb1a3f-1c15-4a95-931a-4af90ecb574d,6252302787
ficus benjamina,Ficus benjamina,5361932.0,5361932,18.531158,73.847058,1.5698496689614394,50c9509d-22c7-4a22-a47d-8c48425ef4a7,iNaturalist research-grade observations,28eb1a3f-1c15-4a95-931a-4af90ecb574d,6252303360
mangifera indica,Mangifera indica,3190638.0,3190638,18.531495,73.845374,1.7169722075580147,50c9509d-22c7-4a22-a47d-8c48425ef4a7,iNaturalist research-grade observations,28eb1a3f-1c15-4a95-931a-4af90ecb574d,6252312322
ficus racemosa,Ficus racemosa,5361904.0,5361904,18.532115,73.843329,1.9194447867319018,50c9509d-22c7-4a22-a47d-8c48425ef4a7,iNaturalist research-grade observations,28eb1a3f-1c15-4a95-931a-4af90ecb574d,6252317813
ficus benjamina,Ficus benjamina,5361932.0,5361932,18.53111,73.846865,1.579073610260833,50c9509d-22c7-4a22-a47d-8c48425ef4a7,iNaturalist research-grade observations,28eb1a3f-1c15-4a95-931a-4af90ecb574d,6252372124
polyalthia longifolia,Polyalthia longifolia,3156422.0,3156422,18.532639,73.809212,5.188445303898366,50c9509d-22c7-4a22-a47d-8c48425ef4a7,iNaturalist research-grade observations,28eb1a3f-1c15-4a95-931a-4af90ecb574d,6252407460
glycosmis pentaphylla,Glycosmis pentaphylla,8241662.0,8241662,18.562477,73.794195,8.081590531718081,50c9509d-22c7-4a22-a47d-8c48425ef4a7,iNaturalist research-grade observations,28eb1a3f-1c15-4a95-931a-4af90ecb574d,6252411583
phyllanthus acidus,Phyllanthus acidus,5381567.0,5381567,18.546726,73.82055,4.805693736415733,50c9509d-22c7-4a22-a47d-8c48425ef4a7,iNaturalist research-grade observations,28eb1a3f-1c15-4a95-931a-4af90ecb574d,6252447665
caryota urens,Caryota urens,2738914.0,2738914,18.5306,73.849311,1.3759720973772538,50c9509d-22c7-4a22-a47d-8c48425ef4a7,iNaturalist research-grade observations,28eb1a3f-1c15-4a95-931a-4af90ecb574d,6252465319
polyalthia longifolia,Polyalthia longifolia,3156422.0,3156422,18.532746,73.84231,2.046078608205014,50c9509d-22c7-4a22-a47d-8c48425ef4a7,iNaturalist research-grade observations,28eb1a3f-1c15-4a95-931a-4af90ecb574d,6252534094
ficus benjamina,Ficus benjamina,5361932.0,5361932,18.530911,73.847065,1.548539340444614,50c9509d-22c7-4a22-a47d-8c48425ef4a7,iNaturalist research-grade observations,28eb1a3f-1c15-4a95-931a-4af90ecb574d,6252548846
azadirachta indica,Azadirachta indica,3190474.0,3190474,18.532167,73.842973,1.9510511858689197,50c9509d-22c7-4a22-a47d-8c48425ef4a7,iNaturalist research-grade observations,28eb1a3f-1c15-4a95-931a-4af90ecb574d,6252557241
ficus religiosa,Ficus religiosa,5361935.0,5361935,18.532174,73.84333,1.9238257431392651,50c9509d-22c7-4a22-a47d-8c48425ef4a7,iNaturalist research-grade observations,28eb1a3f-1c15-4a95-931a-4af90ecb574d,6252625327
syzygium cumini,Syzygium cumini,3183840.0,3183840,18.530216,73.849343,1.3390373466408092,50c9509d-22c7-4a22-a47d-8c48425ef4a7,iNaturalist research-grade observations,28eb1a3f-1c15-4a95-931a-4af90ecb574d,6252640456
polyalthia longifolia,Polyalthia longifolia,3156422.0,3156422,18.531038,73.847408,1.5359093389815448,50c9509d-22c7-4a22-a47d-8c48425ef4a7,iNaturalist research-grade observations,28eb1a3f-1c15-4a95-931a-4af90ecb574d,6252641240
ficus benjamina,Ficus benjamina,5361932.0,5361932,18.531058,73.847034,1.5630419800146642,50c9509d-22c7-4a22-a47d-8c48425ef4a7,iNaturalist research-grade observations,28eb1a3f-1c15-4a95-931a-4af90ecb574d,6252691509
broussonetia papyrifera,Broussonetia papyrifera,5361944.0,5361944,18.531517,73.845097,1.7391484861783721,50c9509d-22c7-4a22-a47d-8c48425ef4a7,iNaturalist research-grade observations,28eb1a3f-1c15-4a95-931a-4af90ecb574d,6252706042
momordica charantia,Momordica charantia,2874581.0,2874581,18.568307,73.82482,6.29860424514415,50c9509d-22c7-4a22-a47d-8c48425ef4a7,iNaturalist research-grade observations,28eb1a3f-1c15-4a95-931a-4af90ecb574d,6252740939
ficus benjamina,Ficus benjamina,5361932.0,5361932,18.531063,73.846893,1.5731941354165282,50c9509d-22c7-4a22-a47d-8c48425ef4a7,iNaturalist research-grade observations,28eb1a3f-1c15-4a95-931a-4af90ecb574d,6252818171
broussonetia papyrifera,Broussonetia papyrifera,5361944.0,5361944,18.532208,73.843302,1.9285616942370138,50c9509d-22c7-4a22-a47d-8c48425ef4a7,iNaturalist research-grade observations,28eb1a3f-1c15-4a95-931a-4af90ecb574d,6252830140
holoptelea integrifolia,Holoptelea integrifolia,4160169.0,4160169,18.532217,73.843066,1.9475355030426567,50c9509d-22c7-4a22-a47d-8c48425ef4a7,iNaturalist research-grade observations,28eb1a3f-1c15-4a95-931a-4af90ecb574d,6252928573
cocos nucifera,Cocos nucifera,2735117.0,2735117,18.531176,73.846112,1.6376679050358192,50c9509d-22c7-4a22-a47d-8c48425ef4a7,iNaturalist research-grade observations,28eb1a3f-1c15-4a95-931a-4af90ecb574d,6252929833
broussonetia papyrifera,Broussonetia papyrifera,5361944.0,5361944,18.532852,73.842065,2.073158071994539,50c9509d-22c7-4a22-a47d-8c48425ef4a7,iNaturalist research-grade observations,28eb1a3f-1c15-4a95-931a-4af90ecb574d,6252946343
azadirachta indica,Azadirachta indica,3190474.0,3190474,18.532453,73.842717,1.992406612681879,50c9509d-22c7-4a22-a47d-8c48425ef4a7,iNaturalist research-grade observations,28eb1a3f-1c15-4a95-931a-4af90ecb574d,6252993419
syzygium cumini,Syzygium cumini,3183840.0,3183840,18.531069,73.846803,1.5799478442725845,50c9509d-22c7-4a22-a47d-8c48425ef4a7,iNaturalist research-grade observations,28eb1a3f-1c15-4a95-931a-4af90ecb574d,6253026847
broussonetia papyrifera,Broussonetia papyrifera,5361944.0,5361944,18.531523,73.845133,1.7369557103520628,50c9509d-22c7-4a22-a47d-8c48425ef4a7,iNaturalist research-grade observations,28eb1a3f-1c15-4a95-931a-4af90ecb574d,6253068106
ficus benjamina,Ficus benjamina,5361932.0,5361932,18.530912,73.847015,1.5520864059286625,50c9509d-22c7-4a22-a47d-8c48425ef4a7,iNaturalist research-grade observations,28eb1a3f-1c15-4a95-931a-4af90ecb574d,6253134756
tinospora cordifolia,Tinospora cordifolia,7520328.0,7520328,18.458834,73.80896,8.497707080536827,50c9509d-22c7-4a22-a47d-8c48425ef4a7,iNaturalist research-grade observations,28eb1a3f-1c15-4a95-931a-4af90ecb574d,6253145856
ficus benjamina,Ficus benjamina,5361932.0,5361932,18.530923,73.847164,1.5427239642251025,50c9509d-22c7-4a22-a47d-8c48425ef4a7,iNaturalist research-grade observations,28eb1a3f-1c15-4a95-931a-4af90ecb574d,6253178010
grevillea robusta,Grevillea robusta,2891791.0,2891791,18.530958,73.847058,1.5529705447321087,50c9509d-22c7-4a22-a47d-8c48425ef4a7,iNaturalist research-grade observations,28eb1a3f-1c15-4a95-931a-4af90ecb574d,6253183858
tamarindus indica,Tamarindus indica,2975768.0,2975768,18.530953,73.846838,1.5678362298049073,50c9509d-22c7-4a22-a47d-8c48425ef4a7,iNaturalist research-grade observations,28eb1a3f-1c15-4a95-931a-4af90ecb574d,6253190829
ficus benjamina,Ficus benjamina,5361932.0,5361932,18.531019,73.847139,1.5525459268179247,50c9509d-22c7-4a22-a47d-8c48425ef4a7,iNaturalist research-grade observations,28eb1a3f-1c15-4a95-931a-4af90ecb574d,6253202963
peltophorum pterocarpum,Peltophorum pterocarpum,2952775.0,2952775,18.530864,73.847671,1.5033487366337719,50c9509d-22c7-4a22-a47d-8c48425ef4a7,iNaturalist research-grade observations,28eb1a3f-1c15-4a95-931a-4af90ecb574d,6253207000
senna siamea,Senna siamea,2956905.0,2956905,18.531734,73.844423,1.806595633098096,50c9509d-22c7-4a22-a47d-8c48425ef4a7,iNaturalist research-grade observations,28eb1a3f-1c15-4a95-931a-4af90ecb574d,6253322699
polyalthia longifolia,Polyalthia longifolia,3156422.0,3156422,18.531541,73.845047,1.7447544192895659,50c9509d-22c7-4a22-a47d-8c48425ef4a7,iNaturalist research-grade observations,28eb1a3f-1c15-4a95-931a-4af90ecb574d,6253333129
ficus racemosa,Ficus racemosa,5361904.0,5361904,18.532073,73.843265,1.9212479994862839,50c9509d-22c7-4a22-a47d-8c48425ef4a7,iNaturalist research-grade observations,28eb1a3f-1c15-4a95-931a-4af90ecb574d,6253349962
polyalthia longifolia,Polyalthia longifolia,3156422.0,3156422,18.531523,73.845091,1.7400676609056491,50c9509d-22c7-4a22-a47d-8c48425ef4a7,iNaturalist research-grade observations,28eb1a3f-1c15-4a95-931a-4af90ecb574d,6253373615
portulaca oleracea,Portulaca oleracea,3084719.0,3084719,18.446882,73.823778,8.881567476319383,50c9509d-22c7-4a22-a47d-8c48425ef4a7,iNaturalist research-grade observations,28eb1a3f-1c15-4a95-931a-4af90ecb574d,6273152843
ficus racemosa,Ficus racemosa,5361904.0,5361904,18.518284,73.947181,9.542946886525467,50c9509d-22c7-4a22-a47d-8c48425ef4a7,iNaturalist research-grade observations,28eb1a3f-1c15-4a95-931a-4af90ecb574d,6273153076
polyalthia longifolia,Polyalthia longifolia,3156422.0,3156422,18.529703,73.871338,1.8579468407092763,50c9509d-22c7-4a22-a47d-8c48425ef4a7,iNaturalist research-grade observations,28eb1a3f-1c15-4a95-931a-4af90ecb574d,6273230053
polyalthia longifolia,Polyalthia longifolia,3156422.0,3156422,18.529433,73.851855,1.1268596846736758,50c9509d-22c7-4a22-a47d-8c48425ef4a7,iNaturalist research-grade observations,28eb1a3f-1c15-4a95-931a-4af90ecb574d,6273233686
mitragyna parvifolia,Mitragyna parvifolia,2900484.0,2900484,18.546238,73.807335,5.944829485025848,50c9509d-22c7-4a22-a47d-8c48425ef4a7,iNaturalist research-grade observations,28eb1a3f-1c15-4a95-931a-4af90ecb574d,6273261673
cocos nucifera,Cocos nucifera,2735117.0,2735117,18.529687,73.87047,1.7816238790187722,50c9509d-22c7-4a22-a47d-8c48425ef4a7,iNaturalist research-grade observations,28eb1a3f-1c15-4a95-931a-4af90ecb574d,6273317913
ficus benghalensis,Ficus benghalensis,5361919.0,5361919,18.529421,73.852048,1.1165835701174698,50c9509d-22c7-4a22-a47d-8c48425ef4a7,iNaturalist research-grade observations,28eb1a3f-1c15-4a95-931a-4af90ecb574d,6273407624
dypsis lutescens,Dypsis lutescens,2735935.0,2735935,18.446959,73.824044,8.86274901898282,50c9509d-22c7-4a22-a47d-8c48425ef4a7,iNaturalist research-grade observations,28eb1a3f-1c15-4a95-931a-4af90ecb574d,6273442546
broussonetia papyrifera,Broussonetia papyrifera,5361944.0,5361944,18.519328,73.830397,2.775861708409732,50c9509d-22c7-4a22-a47d-8c48425ef4a7,iNaturalist research-grade observations,28eb1a3f-1c15-4a95-931a-4af90ecb574d,6273464173
ficus benghalensis,Ficus benghalensis,5361919.0,5361919,18.529446,73.851975,1.122476190186303,50c9509d-22c7-4a22-a47d-8c48425ef4a7,iNaturalist research-grade observations,28eb1a3f-1c15-4a95-931a-4af90ecb574d,6273510890
cassia fistula,Cassia fistula,5357108.0,5357108,18.543882,73.807304,5.8256922609313095,50c9509d-22c7-4a22-a47d-8c48425ef4a7,iNaturalist research-grade observations,28eb1a3f-1c15-4a95-931a-4af90ecb574d,6273567343
ficus benjamina,Ficus benjamina,5361932.0,5361932,18.530814,73.847095,1.5383309825177078,50c9509d-22c7-4a22-a47d-8c48425ef4a7,iNaturalist research-grade observations,28eb1a3f-1c15-4a95-931a-4af90ecb574d,6273584785
cordia sinensis,Cordia sinensis,5660676.0,5660676,18.524569,73.878624,2.3575839173216773,50c9509d-22c7-4a22-a47d-8c48425ef4a7,iNaturalist research-grade observations,28eb1a3f-1c15-4a95-931a-4af90ecb574d,6273593599
samanea saman,Samanea saman,2972960.0,2972960,18.500217,73.816282,4.816576676281174,50c9509d-22c7-4a22-a47d-8c48425ef4a7,iNaturalist research-grade observations,28eb1a3f-1c15-4a95-931a-4af90ecb574d,6273677885
punica granatum,Punica granatum,5420901.0,5420901,18.446877,73.823836,8.879690089285612,50c9509d-22c7-4a22-a47d-8c48425ef4a7,iNaturalist research-grade observations,28eb1a3f-1c15-4a95-931a-4af90ecb574d,6273683074
polyalthia longifolia,Polyalthia longifolia,3156422.0,3156422,18.529411,73.851815,1.126601514836888,50c9509d-22c7-4a22-a47d-8c48425ef4a7,iNaturalist research-grade observations,28eb1a3f-1c15-4a95-931a-4af90ecb574d,6273684885
ficus benjamina,Ficus benjamina,5361932.0,5361932,18.531144,73.846784,1.5875377714745507,50c9509d-22c7-4a22-a47d-8c48425ef4a7,iNaturalist research-grade observations,28eb1a3f-1c15-4a95-931a-4af90ecb574d,6273688832
oroxylum indicum,Oroxylum indicum,7414934.0,7414934,18.542659,73.806275,5.864207752402276,50c9509d-22c7-4a22-a47d-8c48425ef4a7,iNaturalist research-grade observations,28eb1a3f-1c15-4a95-931a-4af90ecb574d,6273691629
ehretia laevis,Ehretia laevis,4066496.0,4066496,18.528738,73.81829,4.154486957395854,50c9509d-22c7-4a22-a47d-8c48425ef4a7,iNaturalist research-grade observations,28eb1a3f-1c15-4a95-931a-4af90ecb574d,6273709561
rivina humilis,Rivina humilis,3084027.0,3084027,18.50919,73.926908,7.506929506390233,50c9509d-22c7-4a22-a47d-8c48425ef4a7,iNaturalist research-grade observations,28eb1a3f-1c15-4a95-931a-4af90ecb574d,6273732143
ficus microcarpa,Ficus microcarpa,7467639.0,7467639,18.531047,73.846749,1.5818821790606574,50c9509d-22c7-4a22-a47d-8c48425ef4a7,iNaturalist research-grade observations,28eb1a3f-1c15-4a95-931a-4af90ecb574d,6273735784
polyalthia longifolia,Polyalthia longifolia,3156422.0,3156422,18.529565,73.851802,1.1424769473425795,50c9509d-22c7-4a22-a47d-8c48425ef4a7,iNaturalist research-grade observations,28eb1a3f-1c15-4a95-931a-4af90ecb574d,6273748977
ficus benghalensis,Ficus benghalensis,5361919.0,5361919,18.529375,73.852048,1.1119907960237456,50c9509d-22c7-4a22-a47d-8c48425ef4a7,iNaturalist research-grade observations,28eb1a3f-1c15-4a95-931a-4af90ecb574d,6273766725
senna siamea,Senna siamea,2956905.0,2956905,18.531711,73.844471,1.801186414505292,50c9509d-22c7-4a22-a47d-8c48425ef4a7,iNaturalist research-grade observations,28eb1a3f-1c15-4a95-931a-4af90ecb574d,6273773049
ficus religiosa,Ficus religiosa,5361935.0,5361935,18.529392,73.851757,1.1275363477927522,50c9509d-22c7-4a22-a47d-8c48425ef4a7,iNaturalist research-grade observations,28eb1a3f-1c15-4a95-931a-4af90ecb574d,6273782857
mangifera indica,Mangifera indica,3190638.0,3190638,18.529338,73.852165,1.1028962379202605,50c9509d-22c7-4a22-a47d-8c48425ef4a7,iNaturalist research-grade observations,28eb1a3f-1c15-4a95-931a-4af90ecb574d,6273785129
ficus benjamina,Ficus benjamina,5361932.0,5361932,18.530841,73.847111,1.539483814297715,50c9509d-22c7-4a22-a47d-8c48425ef4a7,iNaturalist research-grade observations,28eb1a3f-1c15-4a95-931a-4af90ecb574d,6273827337
ficus racemosa,Ficus racemosa,5361904.0,5361904,18.529289,73.852136,1.0993238339706064,50c9509d-22c7-4a22-a47d-8c48425ef4a7,iNaturalist research-grade observations,28eb1a3f-1c15-4a95-931a-4af90ecb574d,6273842699
cocos nucifera,Cocos nucifera,2735117.0,2735117,18.530558,73.849291,1.3733234655960953,50c9509d-22c7-4a22-a47d-8c48425ef4a7,iNaturalist research-grade observations,28eb1a3f-1c15-4a95-931a-4af90ecb574d,6273851127
ficus benghalensis,Ficus benghalensis,5361919.0,5361919,18.529418,73.852077,1.1149438378722085,50c9509d-22c7-4a22-a47d-8c48425ef4a7,iNaturalist research-grade observations,28eb1a3f-1c15-4a95-931a-4af90ecb574d,6273901324
tamarindus indica,Tamarindus indica,2975768.0,2975768,18.566563,73.825227,6.112077693988582,50c9509d-22c7-4a22-a47d-8c48425ef4a7,iNaturalist research-grade observations,28eb1a3f-1c15-4a95-931a-4af90ecb574d,6273933483
mangifera indica,Mangifera indica,3190638.0,3190638,18.530269,73.849414,1.3395385919919038,50c9509d-22c7-4a22-a47d-8c48425ef4a7,iNaturalist research-grade observations,28eb1a3f-1c15-4a95-931a-4af90ecb574d,6273993069
ficus benghalensis,Ficus benghalensis,5361919.0,5361919,18.52941,73.85204,1.1158560136426097,50c9509d-22c7-4a22-a47d-8c48425ef4a7,iNaturalist research-grade observations,28eb1a3f-1c15-4a95-931a-4af90ecb574d,6274002005
polyalthia longifolia,Polyalthia longifolia,3156422.0,3156422,18.529432,73.851688,1.1348515493910687,50c9509d-22c7-4a22-a47d-8c48425ef4a7,iNaturalist research-grade observations,28eb1a3f-1c15-4a95-931a-4af90ecb574d,6274032607
mangifera indica,Mangifera indica,3190638.0,3190638,18.529347,73.8521,1.1067840232055541,50c9509d-22c7-4a22-a47d-8c48425ef4a7,iNaturalist research-grade observations,28eb1a3f-1c15-4a95-931a-4af90ecb574d,6274067789
ficus benghalensis,Ficus benghalensis,5361919.0,5361919,18.446956,73.824073,8.86186850019296,50c9509d-22c7-4a22-a47d-8c48425ef4a7,iNaturalist research-grade observations,28eb1a3f-1c15-4a95-931a-4af90ecb574d,6274125785
asclepias curassavica,Asclepias curassavica,3170241.0,3170241,18.563491,73.793993,8.164602985907523,50c9509d-22c7-4a22-a47d-8c48425ef4a7,iNaturalist research-grade observations,28eb1a3f-1c15-4a95-931a-4af90ecb574d,6274152500
leucaena leucocephala,Leucaena leucocephala,2970418.0,2970418,18.55592,73.783342,8.683970116966831,50c9509d-22c7-4a22-a47d-8c48425ef4a7,iNaturalist research-grade observations,28eb1a3f-1c15-4a95-931a-4af90ecb574d,6274177693
ficus racemosa,Ficus racemosa,5361904.0,5361904,18.530514,73.849269,1.3706269017345425,50c9509d-22c7-4a22-a47d-8c48425ef4a7,iNaturalist research-grade observations,28eb1a3f-1c15-4a95-931a-4af90ecb574d,6274202334
ficus benghalensis,Ficus benghalensis,5361919.0,5361919,18.52938,73.852078,1.1110989028326248,50c9509d-22c7-4a22-a47d-8c48425ef4a7,iNaturalist research-grade observations,28eb1a3f-1c15-4a95-931a-4af90ecb574d,6274232460
polyalthia longifolia,Polyalthia longifolia,3156422.0,3156422,18.529509,73.851765,1.1387032108530608,50c9509d-22c7-4a22-a47d-8c48425ef4a7,iNaturalist research-grade observations,28eb1a3f-1c15-4a95-931a-4af90ecb574d,6274310359
catharanthus roseus,Catharanthus roseus,3169830.0,3169830,18.515275,73.89613,4.196293593437108,50c9509d-22c7-4a22-a47d-8c48425ef4a7,iNaturalist research-grade observations,28eb1a3f-1c15-4a95-931a-4af90ecb574d,6320062448
syzygium cumini,Syzygium cumini,3183840.0,3183840,18.563082,73.828049,5.62566297831339,50c9509d-22c7-4a22-a47d-8c48425ef4a7,iNaturalist research-grade observations,28eb1a3f-1c15-4a95-931a-4af90ecb574d,6320101718
leucaena leucocephala,Leucaena leucocephala,2970418.0,2970418,18.437383,73.866555,9.289406611282482,50c9509d-22c7-4a22-a47d-8c48425ef4a7,iNaturalist research-grade observations,28eb1a3f-1c15-4a95-931a-4af90ecb574d,6320132339
samanea saman,Samanea saman,2972960.0,2972960,18.455823,73.877706,7.514574503483581,50c9509d-22c7-4a22-a47d-8c48425ef4a7,iNaturalist research-grade observations,28eb1a3f-1c15-4a95-931a-4af90ecb574d,6320261900
pongamia pinnata,Pongamia pinnata,2965911.0,2965911,18.470569,73.88769,6.432864511767438,50c9509d-22c7-4a22-a47d-8c48425ef4a7,iNaturalist research-grade observations,28eb1a3f-1c15-4a95-931a-4af90ecb574d,6320271736
delonix regia,Delonix regia,2956176.0,2956176,18.526379,73.78935,7.132069234860204,50c9509d-22c7-4a22-a47d-8c48425ef4a7,iNaturalist research-grade observations,28eb1a3f-1c15-4a95-931a-4af90ecb574d,6320279096
ochna obtusata,Ochna obtusata,7326708.0,7326708,18.515116,73.826016,3.2881791559571045,50c9509d-22c7-4a22-a47d-8c48425ef4a7,iNaturalist research-grade observations,28eb1a3f-1c15-4a95-931a-4af90ecb574d,6320446358
azadirachta indica,Azadirachta indica,3190474.0,3190474,18.517456,73.847582,1.0155831523331782,50c9509d-22c7-4a22-a47d-8c48425ef4a7,iNaturalist research-grade observations,28eb1a3f-1c15-4a95-931a-4af90ecb574d,6320610905
capparis grandis,Capparis grandis,7552967.0,7552967,18.520011,73.817482,4.135233932078803,50c9509d-22c7-4a22-a47d-8c48425ef4a7,iNaturalist research-grade observations,28eb1a3f-1c15-4a95-931a-4af90ecb574d,6320624547
phyllanthus reticulatus,Phyllanthus reticulatus,5382478.0,5382478,18.470199,73.854587,5.586549576076417,50c9509d-22c7-4a22-a47d-8c48425ef4a7,iNaturalist research-grade observations,28eb1a3f-1c15-4a95-931a-4af90ecb574d,6320678774
pongamia pinnata,Pongamia pinnata,2965911.0,2965911,18.53298,73.868235,1.8535886370247479,50c9509d-22c7-4a22-a47d-8c48425ef4a7,iNaturalist research-grade observations,28eb1a3f-1c15-4a95-931a-4af90ecb574d,6320705842
azadirachta indica,Azadirachta indica,3190474.0,3190474,18.549955,73.7914,7.628576453748469,50c9509d-22c7-4a22-a47d-8c48425ef4a7,iNaturalist research-grade observations,28eb1a3f-1c15-4a95-931a-4af90ecb574d,6320765503
phoenix sylvestris,Phoenix sylvestris,5293177.0,5293177,18.559002,73.937506,9.539204552373514,50c9509d-22c7-4a22-a47d-8c48425ef4a7,iNaturalist research-grade observations,28eb1a3f-1c15-4a95-931a-4af90ecb574d,6320849954
pontederia crassipes,Pontederia crassipes,2765942.0,2765942,18.528508,73.779125,8.228571065284612,50c9509d-22c7-4a22-a47d-8c48425ef4a7,iNaturalist research-grade observations,28eb1a3f-1c15-4a95-931a-4af90ecb574d,6320870535
calotropis gigantea,Calotropis gigantea,3579089.0,3579089,18.562477,73.794195,8.081590531718081,50c9509d-22c7-4a22-a47d-8c48425ef4a7,iNaturalist research-grade observations,28eb1a3f-1c15-4a95-931a-4af90ecb574d,6320880738
tridax procumbens,Tridax procumbens,3149462.0,3149462,18.446953,73.823929,8.868083088505959,50c9509d-22c7-4a22-a47d-8c48425ef4a7,iNaturalist research-grade observations,28eb1a3f-1c15-4a95-931a-4af90ecb574d,6320913480
rivina humilis,Rivina humilis,3084027.0,3084027,18.529807,73.831957,2.8106344001414696,50c9509d-22c7-4a22-a47d-8c48425ef4a7,iNaturalist research-grade observations,28eb1a3f-1c15-4a95-931a-4af90ecb574d,6320960085
phoenix sylvestris,Phoenix sylvestris,5293177.0,5293177,18.455001,73.807642,8.924550931437068,50c9509d-22c7-4a22-a47d-8c48425ef4a7,iNaturalist research-grade observations,28eb1a3f-1c15-4a95-931a-4af90ecb574d,6320978046
phoenix sylvestris,Phoenix sylvestris,5293177.0,5293177,18.478079,73.936258,9.619066483954612,50c9509d-22c7-4a22-a47d-8c48425ef4a7,iNaturalist research-grade observations,28eb1a3f-1c15-4a95-931a-4af90ecb574d,6321006742
peltophorum pterocarpum,Peltophorum pterocarpum,2952775.0,2952775,18.469837,73.898436,7.140094089672282,50c9509d-22c7-4a22-a47d-8c48425ef4a7,iNaturalist research-grade observations,28eb1a3f-1c15-4a95-931a-4af90ecb574d,6321048392
pongamia pinnata,Pongamia pinnata,2965911.0,7275516,18.550888,73.901841,5.843090625405704,50c9509d-22c7-4a22-a47d-8c48425ef4a7,iNaturalist research-grade observations,28eb1a3f-1c15-4a95-931a-4af90ecb574d,6321110830
kigelia africana,Kigelia africana,3172561.0,3172561,18.510538,73.926972,7.4901470603192815,50c9509d-22c7-4a22-a47d-8c48425ef4a7,iNaturalist research-grade observations,28eb1a3f-1c15-4a95-931a-4af90ecb574d,6321123534
solanum torvum,Solanum torvum,2932389.0,2932389,18.56302,73.794547,8.08658946391186,50c9509d-22c7-4a22-a47d-8c48425ef4a7,iNaturalist research-grade observations,28eb1a3f-1c15-4a95-931a-4af90ecb574d,6334006479
passiflora vesicaria,Passiflora vesicaria,3588353.0,3588353,18.564602,73.794016,8.235747109036188,50c9509d-22c7-4a22-a47d-8c48425ef4a7,iNaturalist research-grade observations,28eb1a3f-1c15-4a95-931a-4af90ecb574d,6334084345
pontederia crassipes,Pontederia crassipes,2765942.0,2765942,18.521058,73.861511,0.512502936682385,50c9509d-22c7-4a22-a47d-8c48425ef4a7,iNaturalist research-grade observations,28eb1a3f-1c15-4a95-931a-4af90ecb574d,6334213797
ficus religiosa,Ficus religiosa,5361935.0,5361935,18.507087,73.85807,1.4873713772387065,50c9509d-22c7-4a22-a47d-8c48425ef4a7,iNaturalist research-grade observations,28eb1a3f-1c15-4a95-931a-4af90ecb574d,6334226484
tabebuia aurea,Tabebuia aurea,4091191.0,4091191,18.534173,73.816516,4.5049918383409,50c9509d-22c7-4a22-a47d-8c48425ef4a7,iNaturalist research-grade observations,28eb1a3f-1c15-4a95-931a-4af90ecb574d,6334383659
bauhinia racemosa,Bauhinia racemosa,2953160.0,2953160,18.534244,73.815006,4.657629672388241,50c9509d-22c7-4a22-a47d-8c48425ef4a7,iNaturalist research-grade observations,28eb1a3f-1c15-4a95-931a-4af90ecb574d,6334401479
morinda coreia,Morinda coreia,5339862.0,5339862,18.533929,73.816901,4.45761273574927,50c9509d-22c7-4a22-a47d-8c48425ef4a7,iNaturalist research-grade observations,28eb1a3f-1c15-4a95-931a-4af90ecb574d,6334535969
ailanthus excelsa,Ailanthus excelsa,3709036.0,3709036,18.534482,73.816241,4.543991299935321,50c9509d-22c7-4a22-a47d-8c48425ef4a7,iNaturalist research-grade observations,28eb1a3f-1c15-4a95-931a-4af90ecb574d,6334579870
tamarindus indica,Tamarindus indica,2975768.0,2975768,18.519094,73.822601,3.598219703140406,50c9509d-22c7-4a22-a47d-8c48425ef4a7,iNaturalist research-grade observations,28eb1a3f-1c15-4a95-931a-4af90ecb574d,6334714400
ficus benghalensis,Ficus benghalensis,5361919.0,5361919,18.555928,73.789786,8.08528357905137,50c9509d-22c7-4a22-a47d-8c48425ef4a7,iNaturalist research-grade observations,28eb1a3f-1c15-4a95-931a-4af90ecb574d,6352328762
asclepias curassavica,Asclepias curassavica,3170241.0,3170241,18.531028,73.785238,7.626576858082255,50c9509d-22c7-4a22-a47d-8c48425ef4a7,iNaturalist research-grade observations,28eb1a3f-1c15-4a95-931a-4af90ecb574d,6352503570
ficus religiosa,Ficus religiosa,5361935.0,5361935,18.524715,73.816582,4.256968511172737,50c9509d-22c7-4a22-a47d-8c48425ef4a7,iNaturalist research-grade observations,28eb1a3f-1c15-4a95-931a-4af90ecb574d,6352532111
azadirachta indica,Azadirachta indica,3190474.0,3190474,18.53874,73.905469,5.531402032921654,50c9509d-22c7-4a22-a47d-8c48425ef4a7,iNaturalist research-grade observations,28eb1a3f-1c15-4a95-931a-4af90ecb574d,6352548798
cyperus alternifolius,Cyperus alternifolius,2714156.0,2714156,18.534279,73.785118,7.703213503755342,50c9509d-22c7-4a22-a47d-8c48425ef4a7,iNaturalist research-grade observations,28eb1a3f-1c15-4a95-931a-4af90ecb574d,6352648358
azadirachta indica,Azadirachta indica,3190474.0,3190474,18.554129,73.786299,8.31587027761388,50c9509d-22c7-4a22-a47d-8c48425ef4a7,iNaturalist research-grade observations,28eb1a3f-1c15-4a95-931a-4af90ecb574d,6352890627
cycas revoluta,Cycas revoluta,2683217.0,2683217,18.507978,73.909546,5.740740573008983,50c9509d-22c7-4a22-a47d-8c48425ef4a7,iNaturalist research-grade observations,28eb1a3f-1c15-4a95-931a-4af90ecb574d,6352926511
mangifera indica,Mangifera indica,3190638.0,3190638,18.567085,73.824853,6.182225469080233,50c9509d-22c7-4a22-a47d-8c48425ef4a7,iNaturalist research-grade observations,28eb1a3f-1c15-4a95-931a-4af90ecb574d,6352960473
azadirachta indica,Azadirachta indica,3190474.0,3190474,18.560554,73.812165,6.47913040699091,50c9509d-22c7-4a22-a47d-8c48425ef4a7,iNaturalist research-grade observations,28eb1a3f-1c15-4a95-931a-4af90ecb574d,6352997546
nymphoides hydrophylla,Nymphoides hydrophylla,5592249.0,5592249,18.527571,73.807452,5.253289276738346,50c9509d-22c7-4a22-a47d-8c48425ef4a7,iNaturalist research-grade observations,28eb1a3f-1c15-4a95-931a-4af90ecb574d,6353012853
ficus racemosa,Ficus racemosa,5361904.0,5361904,18.483708,73.825673,5.2297547983232056,50c9509d-22c7-4a22-a47d-8c48425ef4a7,iNaturalist research-grade observations,28eb1a3f-1c15-4a95-931a-4af90ecb574d,6353042527
holoptelea integrifolia,Holoptelea integrifolia,4160169.0,4160169,18.527571,73.807452,5.253289276738346,50c9509d-22c7-4a22-a47d-8c48425ef4a7,iNaturalist research-grade observations,28eb1a3f-1c15-4a95-931a-4af90ecb574d,6353110098
mangifera indica,Mangifera indica,3190638.0,3190638,18.566952,73.824832,6.171018281348265,50c9509d-22c7-4a22-a47d-8c48425ef4a7,iNaturalist research-grade observations,28eb1a3f-1c15-4a95-931a-4af90ecb574d,6353168802
azadirachta indica,Azadirachta indica,3190474.0,3190474,18.560606,73.811983,6.497024624574755,50c9509d-22c7-4a22-a47d-8c48425ef4a7,iNaturalist research-grade observations,28eb1a3f-1c15-4a95-931a-4af90ecb574d,6398608644
phyla nodiflora,Phyla nodiflora,5341112.0,5341112,18.530075,73.817652,4.255202854377545,50c9509d-22c7-4a22-a47d-8c48425ef4a7,iNaturalist research-grade observations,28eb1a3f-1c15-4a95-931a-4af90ecb574d,6399646368
homonoia riparia,Homonoia riparia,3071623.0,3071623,18.483625,73.826704,5.1697362714695085,50c9509d-22c7-4a22-a47d-8c48425ef4a7,iNaturalist research-grade observations,28eb1a3f-1c15-4a95-931a-4af90ecb574d,6399717380
asparagus racemosus,Asparagus racemosus,2768632.0,2768632,18.527492,73.816138,4.348720293407868,50c9509d-22c7-4a22-a47d-8c48425ef4a7,iNaturalist research-grade observations,28eb1a3f-1c15-4a95-931a-4af90ecb574d,6400554990
bauhinia racemosa,Bauhinia racemosa,2953160.0,2953160,18.524609,73.878624,2.358462256844788,50c9509d-22c7-4a22-a47d-8c48425ef4a7,iNaturalist research-grade observations,28eb1a3f-1c15-4a95-931a-4af90ecb574d,6413083944
ficus religiosa,Ficus religiosa,5361935.0,5361935,18.53897,73.904893,5.484571908795439,50c9509d-22c7-4a22-a47d-8c48425ef4a7,iNaturalist research-grade observations,28eb1a3f-1c15-4a95-931a-4af90ecb574d,6413874341
combretum indicum,Combretum indicum,12203608.0,12203608,18.524609,73.878624,2.358462256844788,50c9509d-22c7-4a22-a47d-8c48425ef4a7,iNaturalist research-grade observations,28eb1a3f-1c15-4a95-931a-4af90ecb574d,6413892593
coccinia grandis,Coccinia grandis,2874564.0,2874564,18.497003,73.829588,3.8653773791259063,50c9509d-22c7-4a22-a47d-8c48425ef4a7,iNaturalist research-grade observations,28eb1a3f-1c15-4a95-931a-4af90ecb574d,6423077837
polyalthia longifolia,Polyalthia longifolia,3156422.0,3156422,18.529514,73.851634,1.1455720374101044,50c9509d-22c7-4a22-a47d-8c48425ef4a7,iNaturalist research-grade observations,28eb1a3f-1c15-4a95-931a-4af90ecb574d,6430790068
polyalthia longifolia,Polyalthia longifolia,3156422.0,3156422,18.529568,73.851805,1.142631617579475,50c9509d-22c7-4a22-a47d-8c48425ef4a7,iNaturalist research-grade observations,28eb1a3f-1c15-4a95-931a-4af90ecb574d,6430929804
polyalthia longifolia,Polyalthia longifolia,3156422.0,3156422,18.529425,73.851682,1.1344576611161847,50c9509d-22c7-4a22-a47d-8c48425ef4a7,iNaturalist research-grade observations,28eb1a3f-1c15-4a95-931a-4af90ecb574d,6431919401
kigelia africana,Kigelia africana,3172561.0,3172561,18.536802,73.887117,3.6892489314741668,50c9509d-22c7-4a22-a47d-8c48425ef4a7,iNaturalist research-grade observations,28eb1a3f-1c15-4a95-931a-4af90ecb574d,6451935359
polyalthia longifolia,Polyalthia longifolia,3156422.0,3156422,18.529397,73.851757,1.1280293962213934,50c9509d-22c7-4a22-a47d-8c48425ef4a7,iNaturalist research-grade observations,28eb1a3f-1c15-4a95-931a-4af90ecb574d,6452509732
plumeria pudica,Plumeria pudica,3614691.0,3614691,18.490011,73.854179,3.3895473107758574,50c9509d-22c7-4a22-a47d-8c48425ef4a7,iNaturalist research-grade observations,28eb1a3f-1c15-4a95-931a-4af90ecb574d,6499063512
syzygium cumini,Syzygium cumini,3183840.0,3183840,18.531174,73.846942,1.5791463767054739,50c9509d-22c7-4a22-a47d-8c48425ef4a7,iNaturalist research-grade observations,28eb1a3f-1c15-4a95-931a-4af90ecb574d,6518945885
grevillea robusta,Grevillea robusta,2891791.0,2891791,18.530893,73.84718,1.5390947556447703,50c9509d-22c7-4a22-a47d-8c48425ef4a7,iNaturalist research-grade observations,28eb1a3f-1c15-4a95-931a-4af90ecb574d,6518995360
ficus racemosa,Ficus racemosa,5361904.0,5361904,18.529398,73.85188,1.1221960112234306,50c9509d-22c7-4a22-a47d-8c48425ef4a7,iNaturalist research-grade observations,28eb1a3f-1c15-4a95-931a-4af90ecb574d,6520508432
terminalia catappa,Terminalia catappa,3189394.0,3189394,18.510113,73.90934,5.666979892089395,50c9509d-22c7-4a22-a47d-8c48425ef4a7,iNaturalist research-grade observations,28eb1a3f-1c15-4a95-931a-4af90ecb574d,6352561603
bambusa vulgaris,Bambusa vulgaris,7661971.0,7661971,18.510038,73.909393,5.674142053631518,50c9509d-22c7-4a22-a47d-8c48425ef4a7,iNaturalist research-grade observations,28eb1a3f-1c15-4a95-931a-4af90ecb574d,6352653135
cascabela thevetia,Cascabela thevetia,3169652.0,3169652,18.510218,73.909241,5.654405600624548,50c9509d-22c7-4a22-a47d-8c48425ef4a7,iNaturalist research-grade observations,28eb1a3f-1c15-4a95-931a-4af90ecb574d,6352924760
jasminum sambac,Jasminum sambac,7587215.0,7587215,18.510122,73.909363,5.669153132984036,50c9509d-22c7-4a22-a47d-8c48425ef4a7,iNaturalist research-grade observations,28eb1a3f-1c15-4a95-931a-4af90ecb574d,6353011055
ficus benghalensis,Ficus benghalensis,5361919.0,5361919,18.529887,73.84238,1.8418324268029973,50c9509d-22c7-4a22-a47d-8c48425ef4a7,iNaturalist research-grade observations,28eb1a3f-1c15-4a95-931a-4af90ecb574d,6353322643
ficus religiosa,Ficus religiosa,5361935.0,5361935,18.51845,73.78042,8.045653337667153,50c9509d-22c7-4a22-a47d-8c48425ef4a7,iNaturalist research-grade observations,28eb1a3f-1c15-4a95-931a-4af90ecb574d,6398563833
ficus benghalensis,Ficus benghalensis,5361919.0,5361919,18.524081,73.817422,4.161462744749347,50c9509d-22c7-4a22-a47d-8c48425ef4a7,iNaturalist research-grade observations,28eb1a3f-1c15-4a95-931a-4af90ecb574d,6398590565
terminalia neotaliala,Terminalia neotaliala,3699469.0,3699469,18.517312,73.78056,8.03533644616485,50c9509d-22c7-4a22-a47d-8c48425ef4a7,iNaturalist research-grade observations,28eb1a3f-1c15-4a95-931a-4af90ecb574d,6398636122
spathodea campanulata,Spathodea campanulata,3172574.0,3172574,18.518445,73.780198,8.069066941494626,50c9509d-22c7-4a22-a47d-8c48425ef4a7,iNaturalist research-grade observations,28eb1a3f-1c15-4a95-931a-4af90ecb574d,6398675777
ficus religiosa,Ficus religiosa,5361935.0,5361935,18.519848,73.778614,8.233345306942999,50c9509d-22c7-4a22-a47d-8c48425ef4a7,iNaturalist research-grade observations,28eb1a3f-1c15-4a95-931a-4af90ecb574d,6398692721
millingtonia hortensis,Millingtonia hortensis,7629955.0,7629955,18.518287,73.780752,8.011175937785026,50c9509d-22c7-4a22-a47d-8c48425ef4a7,iNaturalist research-grade observations,28eb1a3f-1c15-4a95-931a-4af90ecb574d,6398770303
azadirachta indica,Azadirachta indica,3190474.0,3190474,18.518482,73.780097,8.07960169346149,50c9509d-22c7-4a22-a47d-8c48425ef4a7,iNaturalist research-grade observations,28eb1a3f-1c15-4a95-931a-4af90ecb574d,6398772413
azadirachta indica,Azadirachta indica,3190474.0,3190474,18.479994,73.848307,4.579286701126139,50c9509d-22c7-4a22-a47d-8c48425ef4a7,iNaturalist research-grade observations,28eb1a3f-1c15-4a95-931a-4af90ecb574d,6398818588
tecoma stans,Tecoma stans,3172492.0,3172492,18.509422,73.909561,5.70575867406883,50c9509d-22c7-4a22-a47d-8c48425ef4a7,iNaturalist research-grade observations,28eb1a3f-1c15-4a95-931a-4af90ecb574d,6398915304
chromolaena odorata,Chromolaena odorata,3087725.0,3087725,18.52549,73.815385,4.392653595370013,50c9509d-22c7-4a22-a47d-8c48425ef4a7,iNaturalist research-grade observations,28eb1a3f-1c15-4a95-931a-4af90ecb574d,6399116154
azadirachta indica,Azadirachta indica,3190474.0,3190474,18.519568,73.779901,8.097954810221617,50c9509d-22c7-4a22-a47d-8c48425ef4a7,iNaturalist research-grade observations,28eb1a3f-1c15-4a95-931a-4af90ecb574d,6399174703
azadirachta indica,Azadirachta indica,3190474.0,3190474,18.518481,73.780185,8.070329441930706,50c9509d-22c7-4a22-a47d-8c48425ef4a7,iNaturalist research-grade observations,28eb1a3f-1c15-4a95-931a-4af90ecb574d,6399184338
neolamarckia cadamba,Neolamarckia cadamba,2896888.0,2896888,18.518485,73.780147,8.074322809314635,50c9509d-22c7-4a22-a47d-8c48425ef4a7,iNaturalist research-grade observations,28eb1a3f-1c15-4a95-931a-4af90ecb574d,6399185200
ficus benghalensis,Ficus benghalensis,5361919.0,5361919,18.481576,73.847818,4.41746757247153,50c9509d-22c7-4a22-a47d-8c48425ef4a7,iNaturalist research-grade observations,28eb1a3f-1c15-4a95-931a-4af90ecb574d,6399187875
cassia fistula,Cassia fistula,5357108.0,5357108,18.519104,73.778757,8.219320383670325,50c9509d-22c7-4a22-a47d-8c48425ef4a7,iNaturalist research-grade observations,28eb1a3f-1c15-4a95-931a-4af90ecb574d,6399191605
chloris virgata,Chloris virgata,5289624.0,5289624,18.480017,73.848295,4.5770223101530085,50c9509d-22c7-4a22-a47d-8c48425ef4a7,iNaturalist research-grade observations,28eb1a3f-1c15-4a95-931a-4af90ecb574d,6399218504
bauhinia racemosa,Bauhinia racemosa,2953160.0,2953160,18.519276,73.778696,8.225434066340393,50c9509d-22c7-4a22-a47d-8c48425ef4a7,iNaturalist research-grade observations,28eb1a3f-1c15-4a95-931a-4af90ecb574d,6399280549
combretum indicum,Combretum indicum,12203608.0,12203608,18.510229,73.908478,5.575359346955914,50c9509d-22c7-4a22-a47d-8c48425ef4a7,iNaturalist research-grade observations,28eb1a3f-1c15-4a95-931a-4af90ecb574d,6399324703
peltophorum pterocarpum,Peltophorum pterocarpum,2952775.0,2952775,18.518835,73.779816,8.108273446781984,50c9509d-22c7-4a22-a47d-8c48425ef4a7,iNaturalist research-grade observations,28eb1a3f-1c15-4a95-931a-4af90ecb574d,6399431601
millingtonia hortensis,Millingtonia hortensis,7629955.0,7629955,18.51855,73.780208,8.0677043353761,50c9509d-22c7-4a22-a47d-8c48425ef4a7,iNaturalist research-grade observations,28eb1a3f-1c15-4a95-931a-4af90ecb574d,6399565974
catharanthus roseus,Catharanthus roseus,3169830.0,3169830,18.488559,73.849728,3.6160833873438603,50c9509d-22c7-4a22-a47d-8c48425ef4a7,iNaturalist research-grade observations,28eb1a3f-1c15-4a95-931a-4af90ecb574d,6399591474
senna siamea,Senna siamea,2956905.0,2956905,18.510555,73.9095,5.673809601503162,50c9509d-22c7-4a22-a47d-8c48425ef4a7,iNaturalist research-grade observations,28eb1a3f-1c15-4a95-931a-4af90ecb574d,6399608771
delonix regia,Delonix regia,2956176.0,2956176,18.519593,73.779823,8.106146487678533,50c9509d-22c7-4a22-a47d-8c48425ef4a7,iNaturalist research-grade observations,28eb1a3f-1c15-4a95-931a-4af90ecb574d,6399616956
ficus benghalensis,Ficus benghalensis,5361919.0,5361919,18.564036,73.826683,5.792830454969515,50c9509d-22c7-4a22-a47d-8c48425ef4a7,iNaturalist research-grade observations,28eb1a3f-1c15-4a95-931a-4af90ecb574d,6399656005
acalypha hispida,Acalypha hispida,3056375.0,3056375,18.509527,73.908501,5.594094807053978,50c9509d-22c7-4a22-a47d-8c48425ef4a7,iNaturalist research-grade observations,28eb1a3f-1c15-4a95-931a-4af90ecb574d,6399666316
azadirachta indica,Azadirachta indica,3190474.0,3190474,18.518513,73.780168,8.072027211898762,50c9509d-22c7-4a22-a47d-8c48425ef4a7,iNaturalist research-grade observations,28eb1a3f-1c15-4a95-931a-4af90ecb574d,6399670855
eleusine indica,Eleusine indica,2705953.0,2705953,18.488572,73.849843,3.6122212455708778,50c9509d-22c7-4a22-a47d-8c48425ef4a7,iNaturalist research-grade observations,28eb1a3f-1c15-4a95-931a-4af90ecb574d,6399704000
morinda coreia,Morinda coreia,5339862.0,5339862,18.526785,73.81639,4.308953907872491,50c9509d-22c7-4a22-a47d-8c48425ef4a7,iNaturalist research-grade observations,28eb1a3f-1c15-4a95-931a-4af90ecb574d,6399723135
ficus religiosa,Ficus religiosa,5361935.0,5361935,18.519176,73.778679,8.227405121278553,50c9509d-22c7-4a22-a47d-8c48425ef4a7,iNaturalist research-grade observations,28eb1a3f-1c15-4a95-931a-4af90ecb574d,6399819772
azadirachta indica,Azadirachta indica,3190474.0,3190474,18.519448,73.779843,8.10423588604827,50c9509d-22c7-4a22-a47d-8c48425ef4a7,iNaturalist research-grade observations,28eb1a3f-1c15-4a95-931a-4af90ecb574d,6399912455
broussonetia papyrifera,Broussonetia papyrifera,5361944.0,5361944,18.555,73.80223,6.91222334192397,50c9509d-22c7-4a22-a47d-8c48425ef4a7,iNaturalist research-grade observations,28eb1a3f-1c15-4a95-931a-4af90ecb574d,6399915392
mangifera indica,Mangifera indica,3190638.0,3190638,18.519438,73.77977,8.111946929100066,50c9509d-22c7-4a22-a47d-8c48425ef4a7,iNaturalist research-grade observations,28eb1a3f-1c15-4a95-931a-4af90ecb574d,6399923514
terminalia neotaliala,Terminalia neotaliala,3699469.0,3699469,18.517353,73.780502,8.041251886463591,50c9509d-22c7-4a22-a47d-8c48425ef4a7,iNaturalist research-grade observations,28eb1a3f-1c15-4a95-931a-4af90ecb574d,6399931114
azadirachta indica,Azadirachta indica,3190474.0,3190474,18.519191,73.779657,8.124274161070904,50c9509d-22c7-4a22-a47d-8c48425ef4a7,iNaturalist research-grade observations,28eb1a3f-1c15-4a95-931a-4af90ecb574d,6399944652
sterculia foetida,Sterculia foetida,5406675.0,5406675,18.529938,73.786263,7.501762709338281,50c9509d-22c7-4a22-a47d-8c48425ef4a7,iNaturalist research-grade observations,28eb1a3f-1c15-4a95-931a-4af90ecb574d,6399946501
tradescantia spathacea,Tradescantia spathacea,2765230.0,2765230,18.508898,73.908264,5.585308213731955,50c9509d-22c7-4a22-a47d-8c48425ef4a7,iNaturalist research-grade observations,28eb1a3f-1c15-4a95-931a-4af90ecb574d,6400027683
samanea saman,Samanea saman,2972960.0,2972960,18.559785,73.78952,8.327044403966596,50c9509d-22c7-4a22-a47d-8c48425ef4a7,iNaturalist research-grade observations,28eb1a3f-1c15-4a95-931a-4af90ecb574d,6400036729
terminalia neotaliala,Terminalia neotaliala,3699469.0,3699469,18.518157,73.78027,8.062412140553977,50c9509d-22c7-4a22-a47d-8c48425ef4a7,iNaturalist research-grade observations,28eb1a3f-1c15-4a95-931a-4af90ecb574d,6400083894
alstonia scholaris,Alstonia scholaris,5414410.0,5414410,18.519583,73.779903,8.097724711925974,50c9509d-22c7-4a22-a47d-8c48425ef4a7,iNaturalist research-grade observations,28eb1a3f-1c15-4a95-931a-4af90ecb574d,6400110777
mangifera indica,Mangifera indica,3190638.0,3190638,18.519143,73.77961,8.129320166267501,50c9509d-22c7-4a22-a47d-8c48425ef4a7,iNaturalist research-grade observations,28eb1a3f-1c15-4a95-931a-4af90ecb574d,6400163532
wrightia tinctoria,Wrightia tinctoria,5536686.0,5536686,18.522993,73.840275,1.7556172952417488,50c9509d-22c7-4a22-a47d-8c48425ef4a7,iNaturalist research-grade observations,28eb1a3f-1c15-4a95-931a-4af90ecb574d,6400166810
ficus religiosa,Ficus religiosa,5361935.0,5361935,18.519089,73.779736,8.116144013644005,50c9509d-22c7-4a22-a47d-8c48425ef4a7,iNaturalist research-grade observations,28eb1a3f-1c15-4a95-931a-4af90ecb574d,6400231331
sphagneticola trilobata,Sphagneticola trilobata,3116842.0,3116842,18.490953,73.851402,3.3216762477739543,50c9509d-22c7-4a22-a47d-8c48425ef4a7,iNaturalist research-grade observations,28eb1a3f-1c15-4a95-931a-4af90ecb574d,6400284720
ficus religiosa,Ficus religiosa,5361935.0,5361935,18.519644,73.778566,8.238611262751691,50c9509d-22c7-4a22-a47d-8c48425ef4a7,iNaturalist research-grade observations,28eb1a3f-1c15-4a95-931a-4af90ecb574d,6400375278
ficus racemosa,Ficus racemosa,5361904.0,5361904,18.51944,73.779788,8.110046256820455,50c9509d-22c7-4a22-a47d-8c48425ef4a7,iNaturalist research-grade observations,28eb1a3f-1c15-4a95-931a-4af90ecb574d,6400494878
mangifera indica,Mangifera indica,3190638.0,3190638,18.519308,73.779795,8.10951788464045,50c9509d-22c7-4a22-a47d-8c48425ef4a7,iNaturalist research-grade observations,28eb1a3f-1c15-4a95-931a-4af90ecb574d,6400503848
millingtonia hortensis,Millingtonia hortensis,7629955.0,7629955,18.518581,73.78013,8.075837944514742,50c9509d-22c7-4a22-a47d-8c48425ef4a7,iNaturalist research-grade observations,28eb1a3f-1c15-4a95-931a-4af90ecb574d,6400525234
azadirachta indica,Azadirachta indica,3190474.0,3190474,18.518451,73.780193,8.06957584819758,50c9509d-22c7-4a22-a47d-8c48425ef4a7,iNaturalist research-grade observations,28eb1a3f-1c15-4a95-931a-4af90ecb574d,6400573844
ficus religiosa,Ficus religiosa,5361935.0,5361935,18.519178,73.779665,8.12345514216991,50c9509d-22c7-4a22-a47d-8c48425ef4a7,iNaturalist research-grade observations,28eb1a3f-1c15-4a95-931a-4af90ecb574d,6400624710
ficus religiosa,Ficus religiosa,5361935.0,5361935,18.519105,73.778825,8.212149812990912,50c9509d-22c7-4a22-a47d-8c48425ef4a7,iNaturalist research-grade observations,28eb1a3f-1c15-4a95-931a-4af90ecb574d,6400643373
azadirachta indica,Azadirachta indica,3190474.0,3190474,18.519398,73.779707,8.11864963203902,50c9509d-22c7-4a22-a47d-8c48425ef4a7,iNaturalist research-grade observations,28eb1a3f-1c15-4a95-931a-4af90ecb574d,6400653850
azadirachta indica,Azadirachta indica,3190474.0,3190474,18.517337,73.780605,8.030477137173124,50c9509d-22c7-4a22-a47d-8c48425ef4a7,iNaturalist research-grade observations,28eb1a3f-1c15-4a95-931a-4af90ecb574d,6400686545
terminalia neotaliala,Terminalia neotaliala,3699469.0,3699469,18.518222,73.780283,8.060820195986844,50c9509d-22c7-4a22-a47d-8c48425ef4a7,iNaturalist research-grade observations,28eb1a3f-1c15-4a95-931a-4af90ecb574d,6400754753
ficus religiosa,Ficus religiosa,5361935.0,5361935,18.519437,73.778665,8.228445911021073,50c9509d-22c7-4a22-a47d-8c48425ef4a7,iNaturalist research-grade observations,28eb1a3f-1c15-4a95-931a-4af90ecb574d,6400761774
azadirachta indica,Azadirachta indica,3190474.0,3190474,18.520789,73.778983,8.194302056883084,50c9509d-22c7-4a22-a47d-8c48425ef4a7,iNaturalist research-grade observations,28eb1a3f-1c15-4a95-931a-4af90ecb574d,6400826849
azadirachta indica,Azadirachta indica,3190474.0,3190474,18.518622,73.78019,8.069399764070225,50c9509d-22c7-4a22-a47d-8c48425ef4a7,iNaturalist research-grade observations,28eb1a3f-1c15-4a95-931a-4af90ecb574d,6400842542
samanea saman,Samanea saman,2972960.0,2972960,18.510279,73.835313,2.520261075818682,50c9509d-22c7-4a22-a47d-8c48425ef4a7,iNaturalist research-grade observations,28eb1a3f-1c15-4a95-931a-4af90ecb574d,6412956632
polyalthia longifolia,Polyalthia longifolia,3156422.0,3156422,18.520083,73.854758,0.20776946991890438,50c9509d-22c7-4a22-a47d-8c48425ef4a7,iNaturalist research-grade observations,28eb1a3f-1c15-4a95-931a-4af90ecb574d,6412980914
azadirachta indica,Azadirachta indica,3190474.0,3190474,18.518611,73.780027,8.086611087370278,50c9509d-22c7-4a22-a47d-8c48425ef4a7,iNaturalist research-grade observations,28eb1a3f-1c15-4a95-931a-4af90ecb574d,6412985885
cassia fistula,Cassia fistula,5357108.0,5357108,18.518691,73.780117,8.076908562826052,50c9509d-22c7-4a22-a47d-8c48425ef4a7,iNaturalist research-grade observations,28eb1a3f-1c15-4a95-931a-4af90ecb574d,6412993695
azadirachta indica,Azadirachta indica,3190474.0,3190474,18.518596,73.780046,8.08464995938555,50c9509d-22c7-4a22-a47d-8c48425ef4a7,iNaturalist research-grade observations,28eb1a3f-1c15-4a95-931a-4af90ecb574d,6413022835
azadirachta indica,Azadirachta indica,3190474.0,3190474,18.519225,73.780099,8.077614707324747,50c9509d-22c7-4a22-a47d-8c48425ef4a7,iNaturalist research-grade observations,28eb1a3f-1c15-4a95-931a-4af90ecb574d,6413047855
tectona grandis,Tectona grandis,2925649.0,2925649,18.518569,73.780266,8.061536901999203,50c9509d-22c7-4a22-a47d-8c48425ef4a7,iNaturalist research-grade observations,28eb1a3f-1c15-4a95-931a-4af90ecb574d,6413053669
azadirachta indica,Azadirachta indica,3190474.0,3190474,18.518932,73.77973,8.117112560901331,50c9509d-22c7-4a22-a47d-8c48425ef4a7,iNaturalist research-grade observations,28eb1a3f-1c15-4a95-931a-4af90ecb574d,6413079759
azadirachta indica,Azadirachta indica,3190474.0,3190474,18.518819,73.780243,8.063301315751069,50c9509d-22c7-4a22-a47d-8c48425ef4a7,iNaturalist research-grade observations,28eb1a3f-1c15-4a95-931a-4af90ecb574d,6413094334
ficus benghalensis,Ficus benghalensis,5361919.0,5361919,18.519736,73.856167,0.0927877720237846,50c9509d-22c7-4a22-a47d-8c48425ef4a7,iNaturalist research-grade observations,28eb1a3f-1c15-4a95-931a-4af90ecb574d,6413113814
alstonia scholaris,Alstonia scholaris,5414410.0,5414410,18.505418,73.850467,1.7908754203868682,50c9509d-22c7-4a22-a47d-8c48425ef4a7,iNaturalist research-grade observations,28eb1a3f-1c15-4a95-931a-4af90ecb574d,6413133993
azadirachta indica,Azadirachta indica,3190474.0,3190474,18.518767,73.780195,8.06849036418346,50c9509d-22c7-4a22-a47d-8c48425ef4a7,iNaturalist research-grade observations,28eb1a3f-1c15-4a95-931a-4af90ecb574d,6413136045
ipomoea carnea,Ipomoea carnea,2928590.0,2928590,18.525408,73.80714,5.2549380239864085,50c9509d-22c7-4a22-a47d-8c48425ef4a7,iNaturalist research-grade observations,28eb1a3f-1c15-4a95-931a-4af90ecb574d,6413158904
ficus religiosa,Ficus religiosa,5361935.0,5361935,18.519596,73.779824,8.10603730050784,50c9509d-22c7-4a22-a47d-8c48425ef4a7,iNaturalist research-grade observations,28eb1a3f-1c15-4a95-931a-4af90ecb574d,6413159577
azadirachta indica,Azadirachta indica,3190474.0,3190474,18.519205,73.780202,8.06679294589589,50c9509d-22c7-4a22-a47d-8c48425ef4a7,iNaturalist research-grade observations,28eb1a3f-1c15-4a95-931a-4af90ecb574d,6413170937
azadirachta indica,Azadirachta indica,3190474.0,3190474,18.519151,73.780113,8.076277841658632,50c9509d-22c7-4a22-a47d-8c48425ef4a7,iNaturalist research-grade observations,28eb1a3f-1c15-4a95-931a-4af90ecb574d,6413175410
withania somnifera,Withania somnifera,2928840.0,2928840,18.496023,73.787747,7.759511613547738,50c9509d-22c7-4a22-a47d-8c48425ef4a7,iNaturalist research-grade observations,28eb1a3f-1c15-4a95-931a-4af90ecb574d,6413198673
azadirachta indica,Azadirachta indica,3190474.0,3190474,18.51836,73.780441,8.043718079384558,50c9509d-22c7-4a22-a47d-8c48425ef4a7,iNaturalist research-grade observations,28eb1a3f-1c15-4a95-931a-4af90ecb574d,6413214557
azadirachta indica,Azadirachta indica,3190474.0,3190474,18.518572,73.780073,8.08187128504142,50c9509d-22c7-4a22-a47d-8c48425ef4a7,iNaturalist research-grade observations,28eb1a3f-1c15-4a95-931a-4af90ecb574d,6413257723
azadirachta indica,Azadirachta indica,3190474.0,3190474,18.518313,73.780361,8.052299713687095,50c9509d-22c7-4a22-a47d-8c48425ef4a7,iNaturalist research-grade observations,28eb1a3f-1c15-4a95-931a-4af90ecb574d,6413264702
tecoma stans,Tecoma stans,3172492.0,3172492,18.518603,73.780108,8.078095429046474,50c9509d-22c7-4a22-a47d-8c48425ef4a7,iNaturalist research-grade observations,28eb1a3f-1c15-4a95-931a-4af90ecb574d,6413267509
azadirachta indica,Azadirachta indica,3190474.0,3190474,18.518302,73.780618,8.025249419461739,50c9509d-22c7-4a22-a47d-8c48425ef4a7,iNaturalist research-grade observations,28eb1a3f-1c15-4a95-931a-4af90ecb574d,6413340872
passiflora vesicaria,Passiflora vesicaria,3588353.0,3588353,18.547212,73.819807,4.900733319373606,50c9509d-22c7-4a22-a47d-8c48425ef4a7,iNaturalist research-grade observations,28eb1a3f-1c15-4a95-931a-4af90ecb574d,6413360903
ficus religiosa,Ficus religiosa,5361935.0,5361935,18.519219,73.779961,8.09217401540028,50c9509d-22c7-4a22-a47d-8c48425ef4a7,iNaturalist research-grade observations,28eb1a3f-1c15-4a95-931a-4af90ecb574d,6413375138
mangifera indica,Mangifera indica,3190638.0,3190638,18.510476,73.835229,2.518513171601316,50c9509d-22c7-4a22-a47d-8c48425ef4a7,iNaturalist research-grade observations,28eb1a3f-1c15-4a95-931a-4af90ecb574d,6413434747
azadirachta indica,Azadirachta indica,3190474.0,3190474,18.518972,73.780197,8.06779388247006,50c9509d-22c7-4a22-a47d-8c48425ef4a7,iNaturalist research-grade observations,28eb1a3f-1c15-4a95-931a-4af90ecb574d,6413491766
azadirachta indica,Azadirachta indica,3190474.0,3190474,18.517767,73.780105,8.081265033543092,50c9509d-22c7-4a22-a47d-8c48425ef4a7,iNaturalist research-grade observations,28eb1a3f-1c15-4a95-931a-4af90ecb574d,6413518002
ficus hispida,Ficus hispida,7879404.0,7879404,18.566995,73.805278,7.498766381268241,50c9509d-22c7-4a22-a47d-8c48425ef4a7,iNaturalist research-grade observations,28eb1a3f-1c15-4a95-931a-4af90ecb574d,6413568614
azadirachta indica,Azadirachta indica,3190474.0,3190474,18.518966,73.78006,8.082249206939942,50c9509d-22c7-4a22-a47d-8c48425ef4a7,iNaturalist research-grade observations,28eb1a3f-1c15-4a95-931a-4af90ecb574d,6413571088
azadirachta indica,Azadirachta indica,3190474.0,3190474,18.518846,73.780416,8.044999408138146,50c9509d-22c7-4a22-a47d-8c48425ef4a7,iNaturalist research-grade observations,28eb1a3f-1c15-4a95-931a-4af90ecb574d,6413574567
azadirachta indica,Azadirachta indica,3190474.0,3190474,18.518489,73.78044,8.043428714328234,50c9509d-22c7-4a22-a47d-8c48425ef4a7,iNaturalist research-grade observations,28eb1a3f-1c15-4a95-931a-4af90ecb574d,6413614596
delonix regia,Delonix regia,2956176.0,2956176,18.508931,73.92591,7.408090886906675,50c9509d-22c7-4a22-a47d-8c48425ef4a7,iNaturalist research-grade observations,28eb1a3f-1c15-4a95-931a-4af90ecb574d,6413637415
azadirachta indica,Azadirachta indica,3190474.0,3190474,18.51839,73.780623,8.024441890493716,50c9509d-22c7-4a22-a47d-8c48425ef4a7,iNaturalist research-grade observations,28eb1a3f-1c15-4a95-931a-4af90ecb574d,6413640546
sphagneticola trilobata,Sphagneticola trilobata,3116842.0,3116842,18.517315,73.937888,8.567114532424998,50c9509d-22c7-4a22-a47d-8c48425ef4a7,iNaturalist research-grade observations,28eb1a3f-1c15-4a95-931a-4af90ecb574d,6413661408
mangifera indica,Mangifera indica,3190638.0,3190638,18.518688,73.780271,8.06068372899144,50c9509d-22c7-4a22-a47d-8c48425ef4a7,iNaturalist research-grade observations,28eb1a3f-1c15-4a95-931a-4af90ecb574d,6413667062
azadirachta indica,Azadirachta indica,3190474.0,3190474,18.518399,73.780563,8.030737655917223,50c9509d-22c7-4a22-a47d-8c48425ef4a7,iNaturalist research-grade observations,28eb1a3f-1c15-4a95-931a-4af90ecb574d,6413696976
cassia fistula,Cassia fistula,5357108.0,5357108,18.518445,73.780324,8.055786715007658,50c9509d-22c7-4a22-a47d-8c48425ef4a7,iNaturalist research-grade observations,28eb1a3f-1c15-4a95-931a-4af90ecb574d,6413711740
azadirachta indica,Azadirachta indica,3190474.0,3190474,18.518785,73.78021,8.066863983012958,50c9509d-22c7-4a22-a47d-8c48425ef4a7,iNaturalist research-grade observations,28eb1a3f-1c15-4a95-931a-4af90ecb574d,6413718728
azadirachta indica,Azadirachta indica,3190474.0,3190474,18.519272,73.78005,8.082696531394436,50c9509d-22c7-4a22-a47d-8c48425ef4a7,iNaturalist research-grade observations,28eb1a3f-1c15-4a95-931a-4af90ecb574d,6413729977
asclepias curassavica,Asclepias curassavica,3170241.0,3170241,18.564158,73.794083,8.200698761263855,50c9509d-22c7-4a22-a47d-8c48425ef4a7,iNaturalist research-grade observations,28eb1a3f-1c15-4a95-931a-4af90ecb574d,6413734462
alstonia scholaris,Alstonia scholaris,5414410.0,5414410,18.518754,73.78057,8.028994733156543,50c9509d-22c7-4a22-a47d-8c48425ef4a7,iNaturalist research-grade observations,28eb1a3f-1c15-4a95-931a-4af90ecb574d,6413796315
azadirachta indica,Azadirachta indica,3190474.0,3190474,18.519315,73.780027,8.085047505249321,50c9509d-22c7-4a22-a47d-8c48425ef4a7,iNaturalist research-grade observations,28eb1a3f-1c15-4a95-931a-4af90ecb574d,6413821443
azadirachta indica,Azadirachta indica,3190474.0,3190474,18.518646,73.779963,8.093261458670723,50c9509d-22c7-4a22-a47d-8c48425ef4a7,iNaturalist research-grade observations,28eb1a3f-1c15-4a95-931a-4af90ecb574d,6413860952
azadirachta indica,Azadirachta indica,3190474.0,3190474,18.519018,73.780192,8.068220836586963,50c9509d-22c7-4a22-a47d-8c48425ef4a7,iNaturalist research-grade observations,28eb1a3f-1c15-4a95-931a-4af90ecb574d,6413871873
azadirachta indica,Azadirachta indica,3190474.0,3190474,18.519317,73.780082,8.079245768455053,50c9509d-22c7-4a22-a47d-8c48425ef4a7,iNaturalist research-grade observations,28eb1a3f-1c15-4a95-931a-4af90ecb574d,6413878823
azadirachta indica,Azadirachta indica,3190474.0,3190474,18.519393,73.77994,8.094093000805705,50c9509d-22c7-4a22-a47d-8c48425ef4a7,iNaturalist research-grade observations,28eb1a3f-1c15-4a95-931a-4af90ecb574d,6413880327
azadirachta indica,Azadirachta indica,3190474.0,3190474,18.518897,73.780285,8.05868764914614,50c9509d-22c7-4a22-a47d-8c48425ef4a7,iNaturalist research-grade observations,28eb1a3f-1c15-4a95-931a-4af90ecb574d,6413886033
gliricidia sepium,Gliricidia sepium,8082978.0,8082978,18.49555,73.845497,3.0051133250898463,50c9509d-22c7-4a22-a47d-8c48425ef4a7,iNaturalist research-grade observations,28eb1a3f-1c15-4a95-931a-4af90ecb574d,6413892434
cassia fistula,Cassia fistula,5357108.0,5357108,18.518914,73.780286,8.058542853227271,50c9509d-22c7-4a22-a47d-8c48425ef4a7,iNaturalist research-grade observations,28eb1a3f-1c15-4a95-931a-4af90ecb574d,6413936057
azadirachta indica,Azadirachta indica,3190474.0,3190474,18.518597,73.780441,8.0430124722862,50c9509d-22c7-4a22-a47d-8c48425ef4a7,iNaturalist research-grade observations,28eb1a3f-1c15-4a95-931a-4af90ecb574d,6413946897
azadirachta indica,Azadirachta indica,3190474.0,3190474,18.519162,73.778726,8.222476525101023,50c9509d-22c7-4a22-a47d-8c48425ef4a7,iNaturalist research-grade observations,28eb1a3f-1c15-4a95-931a-4af90ecb574d,6413950413
cryptostegia grandiflora,Cryptostegia grandiflora,3170473.0,3170473,18.546737,73.820236,4.832730837126266,50c9509d-22c7-4a22-a47d-8c48425ef4a7,iNaturalist research-grade observations,28eb1a3f-1c15-4a95-931a-4af90ecb574d,6413950602
bougainvillea spectabilis,Bougainvillea spectabilis,7167078.0,7167078,18.518758,73.780473,8.039209246520084,50c9509d-22c7-4a22-a47d-8c48425ef4a7,iNaturalist research-grade observations,28eb1a3f-1c15-4a95-931a-4af90ecb574d,6413991931
cassia fistula,Cassia fistula,5357108.0,5357108,18.51886,73.780091,8.07922503140995,50c9509d-22c7-4a22-a47d-8c48425ef4a7,iNaturalist research-grade observations,28eb1a3f-1c15-4a95-931a-4af90ecb574d,6414004984
azadirachta indica,Azadirachta indica,3190474.0,3190474,18.518386,73.780602,8.026667699146898,50c9509d-22c7-4a22-a47d-8c48425ef4a7,iNaturalist research-grade observations,28eb1a3f-1c15-4a95-931a-4af90ecb574d,6414006989
mangifera indica,Mangifera indica,3190638.0,3190638,18.519456,73.779749,8.114134340124973,50c9509d-22c7-4a22-a47d-8c48425ef4a7,iNaturalist research-grade observations,28eb1a3f-1c15-4a95-931a-4af90ecb574d,6414028997
azadirachta indica,Azadirachta indica,3190474.0,3190474,18.518336,73.780613,8.025666581811722,50c9509d-22c7-4a22-a47d-8c48425ef4a7,iNaturalist research-grade observations,28eb1a3f-1c15-4a95-931a-4af90ecb574d,6414053441
terminalia neotaliala,Terminalia neotaliala,3699469.0,3699469,18.518431,73.78026,8.062574678202061,50c9509d-22c7-4a22-a47d-8c48425ef4a7,iNaturalist research-grade observations,28eb1a3f-1c15-4a95-931a-4af90ecb574d,6414080582
terminalia arjuna,Terminalia arjuna,3699548.0,3699548,18.509979,73.908485,5.581790624991877,50c9509d-22c7-4a22-a47d-8c48425ef4a7,iNaturalist research-grade observations,28eb1a3f-1c15-4a95-931a-4af90ecb574d,6414080922
gliricidia sepium,Gliricidia sepium,8082978.0,8082978,18.518716,73.780375,8.049647669633455,50c9509d-22c7-4a22-a47d-8c48425ef4a7,iNaturalist research-grade observations,28eb1a3f-1c15-4a95-931a-4af90ecb574d,6414081047
azadirachta indica,Azadirachta indica,3190474.0,3190474,18.518605,73.780021,8.087260097523068,50c9509d-22c7-4a22-a47d-8c48425ef4a7,iNaturalist research-grade observations,28eb1a3f-1c15-4a95-931a-4af90ecb574d,6414123895
ficus benghalensis,Ficus benghalensis,5361919.0,5361919,18.531786,73.843928,1.8483035942483035,50c9509d-22c7-4a22-a47d-8c48425ef4a7,iNaturalist research-grade observations,28eb1a3f-1c15-4a95-931a-4af90ecb574d,6422025619
hibiscus archeri,Hibiscus archeri,3939736.0,3939736,18.510794,73.77999,8.158474683967702,50c9509d-22c7-4a22-a47d-8c48425ef4a7,iNaturalist research-grade observations,28eb1a3f-1c15-4a95-931a-4af90ecb574d,6422038925
terminalia catappa,Terminalia catappa,3189394.0,3189394,18.535281,73.848582,1.8629462164462205,50c9509d-22c7-4a22-a47d-8c48425ef4a7,iNaturalist research-grade observations,28eb1a3f-1c15-4a95-931a-4af90ecb574d,6422061494
cascabela thevetia,Cascabela thevetia,3169652.0,3169652,18.550268,73.78566,8.192891736066587,50c9509d-22c7-4a22-a47d-8c48425ef4a7,iNaturalist research-grade observations,28eb1a3f-1c15-4a95-931a-4af90ecb574d,6422079096
terminalia catappa,Terminalia catappa,3189394.0,3189394,18.500749,73.811596,5.233830349108639,50c9509d-22c7-4a22-a47d-8c48425ef4a7,iNaturalist research-grade observations,28eb1a3f-1c15-4a95-931a-4af90ecb574d,6422084854
mangifera indica,Mangifera indica,3190638.0,3190638,18.495627,73.813544,5.319345728844121,50c9509d-22c7-4a22-a47d-8c48425ef4a7,iNaturalist research-grade observations,28eb1a3f-1c15-4a95-931a-4af90ecb574d,6422099735
polyalthia longifolia,Polyalthia longifolia,3156422.0,3156422,18.532602,73.845897,1.7714985315255247,50c9509d-22c7-4a22-a47d-8c48425ef4a7,iNaturalist research-grade observations,28eb1a3f-1c15-4a95-931a-4af90ecb574d,6422100505
azadirachta indica,Azadirachta indica,3190474.0,3190474,18.500419,73.814154,5.006191326521021,50c9509d-22c7-4a22-a47d-8c48425ef4a7,iNaturalist research-grade observations,28eb1a3f-1c15-4a95-931a-4af90ecb574d,6422112689
polyalthia longifolia,Polyalthia longifolia,3156422.0,3156422,18.532343,73.845601,1.7700150142579907,50c9509d-22c7-4a22-a47d-8c48425ef4a7,iNaturalist research-grade observations,28eb1a3f-1c15-4a95-931a-4af90ecb574d,6422115689
azadirachta indica,Azadirachta indica,3190474.0,3190474,18.496413,73.813695,5.260876569815915,50c9509d-22c7-4a22-a47d-8c48425ef4a7,iNaturalist research-grade observations,28eb1a3f-1c15-4a95-931a-4af90ecb574d,6422129462
pithecellobium dulce,Pithecellobium dulce,2962831.0,2962831,18.495343,73.813444,5.344766306264288,50c9509d-22c7-4a22-a47d-8c48425ef4a7,iNaturalist research-grade observations,28eb1a3f-1c15-4a95-931a-4af90ecb574d,6422134627
polyalthia longifolia,Polyalthia longifolia,3156422.0,3156422,18.535252,73.8486,1.859210181686844,50c9509d-22c7-4a22-a47d-8c48425ef4a7,iNaturalist research-grade observations,28eb1a3f-1c15-4a95-931a-4af90ecb574d,6422141743
ficus racemosa,Ficus racemosa,5361904.0,5361904,18.534387,73.848724,1.768069501298979,50c9509d-22c7-4a22-a47d-8c48425ef4a7,iNaturalist research-grade observations,28eb1a3f-1c15-4a95-931a-4af90ecb574d,6422149793
mangifera indica,Mangifera indica,3190638.0,3190638,18.51912,73.779825,8.106699670762614,50c9509d-22c7-4a22-a47d-8c48425ef4a7,iNaturalist research-grade observations,28eb1a3f-1c15-4a95-931a-4af90ecb574d,6422157878
mangifera indica,Mangifera indica,3190638.0,3190638,18.519018,73.779757,8.114077562713597,50c9509d-22c7-4a22-a47d-8c48425ef4a7,iNaturalist research-grade observations,28eb1a3f-1c15-4a95-931a-4af90ecb574d,6422176901
ficus religiosa,Ficus religiosa,5361935.0,5361935,18.49618,73.813718,5.271976914642371,50c9509d-22c7-4a22-a47d-8c48425ef4a7,iNaturalist research-grade observations,28eb1a3f-1c15-4a95-931a-4af90ecb574d,6422178586
ficus racemosa,Ficus racemosa,5361904.0,5361904,18.495873,73.813433,5.315271901061882,50c9509d-22c7-4a22-a47d-8c48425ef4a7,iNaturalist research-grade observations,28eb1a3f-1c15-4a95-931a-4af90ecb574d,6422186434
samanea saman,Samanea saman,2972960.0,2972960,18.532303,73.844547,1.8421692896977966,50c9509d-22c7-4a22-a47d-8c48425ef4a7,iNaturalist research-grade observations,28eb1a3f-1c15-4a95-931a-4af90ecb574d,6422187332
ledebouria revoluta,Ledebouria revoluta,2773721.0,2773721,18.530422,73.818013,4.2283897296261905,50c9509d-22c7-4a22-a47d-8c48425ef4a7,iNaturalist research-grade observations,28eb1a3f-1c15-4a95-931a-4af90ecb574d,6422214353
cascabela thevetia,Cascabela thevetia,3169652.0,3169652,18.494147,73.813662,5.395949333893846,50c9509d-22c7-4a22-a47d-8c48425ef4a7,iNaturalist research-grade observations,28eb1a3f-1c15-4a95-931a-4af90ecb574d,6422218010
ficus religiosa,Ficus religiosa,5361935.0,5361935,18.518563,73.780157,8.0730428602528,50c9509d-22c7-4a22-a47d-8c48425ef4a7,iNaturalist research-grade observations,28eb1a3f-1c15-4a95-931a-4af90ecb574d,6422219702
ficus benghalensis,Ficus benghalensis,5361919.0,5361919,18.53238,73.84562,1.77178239476467,50c9509d-22c7-4a22-a47d-8c48425ef4a7,iNaturalist research-grade observations,28eb1a3f-1c15-4a95-931a-4af90ecb574d,6422230905
terminalia catappa,Terminalia catappa,3189394.0,3189394,18.536255,73.849812,1.9067107100008933,50c9509d-22c7-4a22-a47d-8c48425ef4a7,iNaturalist research-grade observations,28eb1a3f-1c15-4a95-931a-4af90ecb574d,6422252625
leucaena leucocephala,Leucaena leucocephala,2970418.0,2970418,18.500796,73.814307,4.973218303134042,50c9509d-22c7-4a22-a47d-8c48425ef4a7,iNaturalist research-grade observations,28eb1a3f-1c15-4a95-931a-4af90ecb574d,6422259693
cascabela thevetia,Cascabela thevetia,3169652.0,3169652,18.494016,73.81365,5.40490783788284,50c9509d-22c7-4a22-a47d-8c48425ef4a7,iNaturalist research-grade observations,28eb1a3f-1c15-4a95-931a-4af90ecb574d,6422261343
ficus benghalensis,Ficus benghalensis,5361919.0,5361919,18.53361,73.847079,1.785094777878445,50c9509d-22c7-4a22-a47d-8c48425ef4a7,iNaturalist research-grade observations,28eb1a3f-1c15-4a95-931a-4af90ecb574d,6422276846
ficus racemosa,Ficus racemosa,5361904.0,5361904,18.501294,73.814735,4.908468927425631,50c9509d-22c7-4a22-a47d-8c48425ef4a7,iNaturalist research-grade observations,28eb1a3f-1c15-4a95-931a-4af90ecb574d,6422294359
mimusops elengi,Mimusops elengi,2883768.0,2883768,18.500699,73.811569,5.238740531539383,50c9509d-22c7-4a22-a47d-8c48425ef4a7,iNaturalist research-grade observations,28eb1a3f-1c15-4a95-931a-4af90ecb574d,6422300750
tabernaemontana divaricata,Tabernaemontana divaricata,3169625.0,3169625,18.516884,73.938747,8.65965551182004,50c9509d-22c7-4a22-a47d-8c48425ef4a7,iNaturalist research-grade observations,28eb1a3f-1c15-4a95-931a-4af90ecb574d,6422338544
mangifera indica,Mangifera indica,3190638.0,3190638,18.51907,73.779847,8.104481151328255,50c9509d-22c7-4a22-a47d-8c48425ef4a7,iNaturalist research-grade observations,28eb1a3f-1c15-4a95-931a-4af90ecb574d,6422343339
dypsis lutescens,Dypsis lutescens,2735935.0,2735935,18.495821,73.81755,4.950867973642596,50c9509d-22c7-4a22-a47d-8c48425ef4a7,iNaturalist research-grade observations,28eb1a3f-1c15-4a95-931a-4af90ecb574d,6422343549
cascabela thevetia,Cascabela thevetia,3169652.0,3169652,18.49421,73.813657,5.3926057182037965,50c9509d-22c7-4a22-a47d-8c48425ef4a7,iNaturalist research-grade observations,28eb1a3f-1c15-4a95-931a-4af90ecb574d,6422344724
tridax procumbens,Tridax procumbens,3149462.0,3149462,18.517736,73.936755,8.445969430107004,50c9509d-22c7-4a22-a47d-8c48425ef4a7,iNaturalist research-grade observations,28eb1a3f-1c15-4a95-931a-4af90ecb574d,6422345635
nyctanthes arbor-tristis,Nyctanthes arbor-tristis,3683008.0,3683008,18.49507,73.817993,4.958943571607304,50c9509d-22c7-4a22-a47d-8c48425ef4a7,iNaturalist research-grade observations,28eb1a3f-1c15-4a95-931a-4af90ecb574d,6422358739
azadirachta indica,Azadirachta indica,3190474.0,3190474,18.495248,73.813298,5.363411791926941,50c9509d-22c7-4a22-a47d-8c48425ef4a7,iNaturalist research-grade observations,28eb1a3f-1c15-4a95-931a-4af90ecb574d,6422361981
ficus benghalensis,Ficus benghalensis,5361919.0,5361919,18.532683,73.84594,1.77550600513833,50c9509d-22c7-4a22-a47d-8c48425ef4a7,iNaturalist research-grade observations,28eb1a3f-1c15-4a95-931a-4af90ecb574d,6422375518
terminalia catappa,Terminalia catappa,3189394.0,3189394,18.501485,73.815158,4.859066494571778,50c9509d-22c7-4a22-a47d-8c48425ef4a7,iNaturalist research-grade observations,28eb1a3f-1c15-4a95-931a-4af90ecb574d,6422381631
morinda coreia,Morinda coreia,5339862.0,5339862,18.516327,73.791098,6.931729415274521,50c9509d-22c7-4a22-a47d-8c48425ef4a7,iNaturalist research-grade observations,28eb1a3f-1c15-4a95-931a-4af90ecb574d,6422395663
ficus racemosa,Ficus racemosa,5361904.0,5361904,18.496029,73.813654,5.286368747503929,50c9509d-22c7-4a22-a47d-8c48425ef4a7,iNaturalist research-grade observations,28eb1a3f-1c15-4a95-931a-4af90ecb574d,6422395972
syzygium cumini,Syzygium cumini,3183840.0,3183840,18.495557,73.817767,4.948136182556723,50c9509d-22c7-4a22-a47d-8c48425ef4a7,iNaturalist research-grade observations,28eb1a3f-1c15-4a95-931a-4af90ecb574d,6422407901
cascabela thevetia,Cascabela thevetia,3169652.0,3169652,18.495861,73.817538,4.949469234292486,50c9509d-22c7-4a22-a47d-8c48425ef4a7,iNaturalist research-grade observations,28eb1a3f-1c15-4a95-931a-4af90ecb574d,6422434954
plumeria obtusa,Plumeria obtusa,3169677.0,3169677,18.532742,73.847382,1.6877643781693685,50c9509d-22c7-4a22-a47d-8c48425ef4a7,iNaturalist research-grade observations,28eb1a3f-1c15-4a95-931a-4af90ecb574d,6422444678
ficus benjamina,Ficus benjamina,5361932.0,5361932,18.496535,73.813693,5.254192411630343,50c9509d-22c7-4a22-a47d-8c48425ef4a7,iNaturalist research-grade observations,28eb1a3f-1c15-4a95-931a-4af90ecb574d,6422447579
ficus benghalensis,Ficus benghalensis,5361919.0,5361919,18.534089,73.847403,1.810451884023705,50c9509d-22c7-4a22-a47d-8c48425ef4a7,iNaturalist research-grade observations,28eb1a3f-1c15-4a95-931a-4af90ecb574d,6422450434
ficus religiosa,Ficus religiosa,5361935.0,5361935,18.49597,73.813515,5.302317256585684,50c9509d-22c7-4a22-a47d-8c48425ef4a7,iNaturalist research-grade observations,28eb1a3f-1c15-4a95-931a-4af90ecb574d,6422461002
ficus benghalensis,Ficus benghalensis,5361919.0,5361919,18.53324,73.84651,1.7868117952001321,50c9509d-22c7-4a22-a47d-8c48425ef4a7,iNaturalist research-grade observations,28eb1a3f-1c15-4a95-931a-4af90ecb574d,6422462872
cascabela thevetia,Cascabela thevetia,3169652.0,3169652,18.494228,73.813669,5.39045976528763,50c9509d-22c7-4a22-a47d-8c48425ef4a7,iNaturalist research-grade observations,28eb1a3f-1c15-4a95-931a-4af90ecb574d,6422467710
terminalia anogeissiana,Terminalia anogeissiana,9256805.0,9256805,18.515955,73.790581,6.988936137122464,50c9509d-22c7-4a22-a47d-8c48425ef4a7,iNaturalist research-grade observations,28eb1a3f-1c15-4a95-931a-4af90ecb574d,6422476414
ficus religiosa,Ficus religiosa,5361935.0,5361935,18.494619,73.813428,5.388608237943366,50c9509d-22c7-4a22-a47d-8c48425ef4a7,iNaturalist research-grade observations,28eb1a3f-1c15-4a95-931a-4af90ecb574d,6422485096
ficus benjamina,Ficus benjamina,5361932.0,5361932,18.496804,73.813711,5.237503169798502,50c9509d-22c7-4a22-a47d-8c48425ef4a7,iNaturalist research-grade observations,28eb1a3f-1c15-4a95-931a-4af90ecb574d,6422495359
terminalia catappa,Terminalia catappa,3189394.0,3189394,18.53282,73.847286,1.7007112400344353,50c9509d-22c7-4a22-a47d-8c48425ef4a7,iNaturalist research-grade observations,28eb1a3f-1c15-4a95-931a-4af90ecb574d,6422503543
ficus benghalensis,Ficus benghalensis,5361919.0,5361919,18.532388,73.845577,1.7754425901619608,50c9509d-22c7-4a22-a47d-8c48425ef4a7,iNaturalist research-grade observations,28eb1a3f-1c15-4a95-931a-4af90ecb574d,6422507604
ficus religiosa,Ficus religiosa,5361935.0,5361935,18.501349,73.814606,4.9180964427628115,50c9509d-22c7-4a22-a47d-8c48425ef4a7,iNaturalist research-grade observations,28eb1a3f-1c15-4a95-931a-4af90ecb574d,6422524507
ficus benghalensis,Ficus benghalensis,5361919.0,5361919,18.532309,73.845563,1.7698358798300489,50c9509d-22c7-4a22-a47d-8c48425ef4a7,iNaturalist research-grade observations,28eb1a3f-1c15-4a95-931a-4af90ecb574d,6422557515
azadirachta indica,Azadirachta indica,3190474.0,3190474,18.518603,73.780153,8.073352220812518,50c9509d-22c7-4a22-a47d-8c48425ef4a7,iNaturalist research-grade observations,28eb1a3f-1c15-4a95-931a-4af90ecb574d,6422561560
cocos nucifera,Cocos nucifera,2735117.0,2735117,18.495258,73.817921,4.953363587728506,50c9509d-22c7-4a22-a47d-8c48425ef4a7,iNaturalist research-grade observations,28eb1a3f-1c15-4a95-931a-4af90ecb574d,6422561890
ficus racemosa,Ficus racemosa,5361904.0,5361904,18.495931,73.813569,5.299653661496171,50c9509d-22c7-4a22-a47d-8c48425ef4a7,iNaturalist research-grade observations,28eb1a3f-1c15-4a95-931a-4af90ecb574d,6422564409
terminalia catappa,Terminalia catappa,3189394.0,3189394,18.536377,73.849725,1.922750342772248,50c9509d-22c7-4a22-a47d-8c48425ef4a7,iNaturalist research-grade observations,28eb1a3f-1c15-4a95-931a-4af90ecb574d,6422601750
azadirachta indica,Azadirachta indica,3190474.0,3190474,18.49556,73.813511,5.326183226567104,50c9509d-22c7-4a22-a47d-8c48425ef4a7,iNaturalist research-grade observations,28eb1a3f-1c15-4a95-931a-4af90ecb574d,6422608544
cascabela thevetia,Cascabela thevetia,3169652.0,3169652,18.495578,73.817682,4.95427320277953,50c9509d-22c7-4a22-a47d-8c48425ef4a7,iNaturalist research-grade observations,28eb1a3f-1c15-4a95-931a-4af90ecb574d,6422615338
cocos nucifera,Cocos nucifera,2735117.0,2735117,18.495155,73.817943,4.957925406696946,50c9509d-22c7-4a22-a47d-8c48425ef4a7,iNaturalist research-grade observations,28eb1a3f-1c15-4a95-931a-4af90ecb574d,6422629672
terminalia catappa,Terminalia catappa,3189394.0,3189394,18.500796,73.811618,5.229541332588215,50c9509d-22c7-4a22-a47d-8c48425ef4a7,iNaturalist research-grade observations,28eb1a3f-1c15-4a95-931a-4af90ecb574d,6422640831
tamarindus indica,Tamarindus indica,2975768.0,2975768,18.535551,73.849099,1.865607173047602,50c9509d-22c7-4a22-a47d-8c48425ef4a7,iNaturalist research-grade observations,28eb1a3f-1c15-4a95-931a-4af90ecb574d,6422642656
ficus religiosa,Ficus religiosa,5361935.0,5361935,18.500674,73.814249,4.984671859560591,50c9509d-22c7-4a22-a47d-8c48425ef4a7,iNaturalist research-grade observations,28eb1a3f-1c15-4a95-931a-4af90ecb574d,6422661389
ficus religiosa,Ficus religiosa,5361935.0,5361935,18.501422,73.814717,4.904037066292462,50c9509d-22c7-4a22-a47d-8c48425ef4a7,iNaturalist research-grade observations,28eb1a3f-1c15-4a95-931a-4af90ecb574d,6422692000
antigonon leptopus,Antigonon leptopus,2889355.0,2889355,18.508774,73.908455,5.608078295509117,50c9509d-22c7-4a22-a47d-8c48425ef4a7,iNaturalist research-grade observations,28eb1a3f-1c15-4a95-931a-4af90ecb574d,6422701814
ledebouria revoluta,Ledebouria revoluta,2773721.0,2773721,18.525608,73.815489,4.383492638266297,50c9509d-22c7-4a22-a47d-8c48425ef4a7,iNaturalist research-grade observations,28eb1a3f-1c15-4a95-931a-4af90ecb574d,6422739918
polyalthia longifolia,Polyalthia longifolia,3156422.0,3156422,18.532708,73.8459,1.7803396127591107,50c9509d-22c7-4a22-a47d-8c48425ef4a7,iNaturalist research-grade observations,28eb1a3f-1c15-4a95-931a-4af90ecb574d,6422756422
roystonea regia,Roystonea regia,2733755.0,2733755,18.508289,73.909195,5.696546199397959,50c9509d-22c7-4a22-a47d-8c48425ef4a7,iNaturalist research-grade observations,28eb1a3f-1c15-4a95-931a-4af90ecb574d,6422760823
pongamia pinnata,Pongamia pinnata,2965911.0,2965911,18.501458,73.814727,4.901363313946364,50c9509d-22c7-4a22-a47d-8c48425ef4a7,iNaturalist research-grade observations,28eb1a3f-1c15-4a95-931a-4af90ecb574d,6422761928
cascabela thevetia,Cascabela thevetia,3169652.0,3169652,18.494437,73.813378,5.4038598041129156,50c9509d-22c7-4a22-a47d-8c48425ef4a7,iNaturalist research-grade observations,28eb1a3f-1c15-4a95-931a-4af90ecb574d,6422788066
azadirachta indica,Azadirachta indica,3190474.0,3190474,18.495716,73.817774,4.937672495955072,50c9509d-22c7-4a22-a47d-8c48425ef4a7,iNaturalist research-grade observations,28eb1a3f-1c15-4a95-931a-4af90ecb574d,6422788991
artocarpus heterophyllus,Artocarpus heterophyllus,2984565.0,2984565,18.50075,73.811729,5.2210439069683305,50c9509d-22c7-4a22-a47d-8c48425ef4a7,iNaturalist research-grade observations,28eb1a3f-1c15-4a95-931a-4af90ecb574d,6422799597
nyctanthes arbor-tristis,Nyctanthes arbor-tristis,3683008.0,3683008,18.500661,73.811582,5.239264633637595,50c9509d-22c7-4a22-a47d-8c48425ef4a7,iNaturalist research-grade observations,28eb1a3f-1c15-4a95-931a-4af90ecb574d,6422804769
polyalthia longifolia,Polyalthia longifolia,3156422.0,3156422,18.532714,73.845912,1.7800438275296628,50c9509d-22c7-4a22-a47d-8c48425ef4a7,iNaturalist research-grade observations,28eb1a3f-1c15-4a95-931a-4af90ecb574d,6422806306
ficus religiosa,Ficus religiosa,5361935.0,5361935,18.51863,73.780405,8.046715659208143,50c9509d-22c7-4a22-a47d-8c48425ef4a7,iNaturalist research-grade observations,28eb1a3f-1c15-4a95-931a-4af90ecb574d,6422836739
caesalpinia pulcherrima,Caesalpinia pulcherrima,2958715.0,2958715,18.495712,73.817632,4.950372726143686,50c9509d-22c7-4a22-a47d-8c48425ef4a7,iNaturalist research-grade observations,28eb1a3f-1c15-4a95-931a-4af90ecb574d,6422836936
azadirachta indica,Azadirachta indica,3190474.0,3190474,18.500555,73.813815,5.031596076893222,50c9509d-22c7-4a22-a47d-8c48425ef4a7,iNaturalist research-grade observations,28eb1a3f-1c15-4a95-931a-4af90ecb574d,6422840514
polyalthia longifolia,Polyalthia longifolia,3156422.0,3156422,18.495531,73.817647,4.960250521144559,50c9509d-22c7-4a22-a47d-8c48425ef4a7,iNaturalist research-grade observations,28eb1a3f-1c15-4a95-931a-4af90ecb574d,6422847751
ficus benghalensis,Ficus benghalensis,5361919.0,5361919,18.532972,73.845812,1.8088768627938543,50c9509d-22c7-4a22-a47d-8c48425ef4a7,iNaturalist research-grade observations,28eb1a3f-1c15-4a95-931a-4af90ecb574d,6422856562
cascabela thevetia,Cascabela thevetia,3169652.0,3169652,18.49436,73.813479,5.3994476249178796,50c9509d-22c7-4a22-a47d-8c48425ef4a7,iNaturalist research-grade observations,28eb1a3f-1c15-4a95-931a-4af90ecb574d,6422857329
polyalthia longifolia,Polyalthia longifolia,3156422.0,3156422,18.535563,73.848913,1.8753141688982597,50c9509d-22c7-4a22-a47d-8c48425ef4a7,iNaturalist research-grade observations,28eb1a3f-1c15-4a95-931a-4af90ecb574d,6422861913
azadirachta indica,Azadirachta indica,3190474.0,3190474,18.501503,73.814833,4.889120284197888,50c9509d-22c7-4a22-a47d-8c48425ef4a7,iNaturalist research-grade observations,28eb1a3f-1c15-4a95-931a-4af90ecb574d,6422867513
polyalthia longifolia,Polyalthia longifolia,3156422.0,3156422,18.53164,73.844933,1.7610342596870034,50c9509d-22c7-4a22-a47d-8c48425ef4a7,iNaturalist research-grade observations,28eb1a3f-1c15-4a95-931a-4af90ecb574d,6422905323
ficus benghalensis,Ficus benghalensis,5361919.0,5361919,18.532123,73.845412,1.7651100110651519,50c9509d-22c7-4a22-a47d-8c48425ef4a7,iNaturalist research-grade observations,28eb1a3f-1c15-4a95-931a-4af90ecb574d,6422909467
polyalthia longifolia,Polyalthia longifolia,3156422.0,3156422,18.532468,73.8456,1.780536142007618,50c9509d-22c7-4a22-a47d-8c48425ef4a7,iNaturalist research-grade observations,28eb1a3f-1c15-4a95-931a-4af90ecb574d,6422910064
samanea saman,Samanea saman,2972960.0,2972960,18.53235,73.844597,1.8422723072514564,50c9509d-22c7-4a22-a47d-8c48425ef4a7,iNaturalist research-grade observations,28eb1a3f-1c15-4a95-931a-4af90ecb574d,6422914454
azadirachta indica,Azadirachta indica,3190474.0,3190474,18.518064,73.918908,6.564170935036156,50c9509d-22c7-4a22-a47d-8c48425ef4a7,iNaturalist research-grade observations,28eb1a3f-1c15-4a95-931a-4af90ecb574d,6422917905
ficus religiosa,Ficus religiosa,5361935.0,5361935,18.500598,73.814189,4.994074843363533,50c9509d-22c7-4a22-a47d-8c48425ef4a7,iNaturalist research-grade observations,28eb1a3f-1c15-4a95-931a-4af90ecb574d,6422921803
polyalthia longifolia,Polyalthia longifolia,3156422.0,3156422,18.53548,73.848987,1.8636032538453955,50c9509d-22c7-4a22-a47d-8c48425ef4a7,iNaturalist research-grade observations,28eb1a3f-1c15-4a95-931a-4af90ecb574d,6422928003
eucalyptus globulus,Eucalyptus globulus,3176787.0,3176787,18.479626,73.857375,4.534426885300796,50c9509d-22c7-4a22-a47d-8c48425ef4a7,iNaturalist research-grade observations,28eb1a3f-1c15-4a95-931a-4af90ecb574d,6422980736
samanea saman,Samanea saman,2972960.0,2972960,18.532732,73.84442,1.885901988213369,50c9509d-22c7-4a22-a47d-8c48425ef4a7,iNaturalist research-grade observations,28eb1a3f-1c15-4a95-931a-4af90ecb574d,6422988891
alstonia scholaris,Alstonia scholaris,5414410.0,5414410,18.494398,73.813454,5.399408576693711,50c9509d-22c7-4a22-a47d-8c48425ef4a7,iNaturalist research-grade observations,28eb1a3f-1c15-4a95-931a-4af90ecb574d,6422993493
erigeron bonariensis,Erigeron bonariensis,3146717.0,3146717,18.517268,73.937788,8.556791554430697,50c9509d-22c7-4a22-a47d-8c48425ef4a7,iNaturalist research-grade observations,28eb1a3f-1c15-4a95-931a-4af90ecb574d,6422996453
dichrostachys cinerea,Dichrostachys cinerea,2975891.0,2975891,18.522565,73.820396,3.8353000912737647,50c9509d-22c7-4a22-a47d-8c48425ef4a7,iNaturalist research-grade observations,28eb1a3f-1c15-4a95-931a-4af90ecb574d,6423019021
plumeria obtusa,Plumeria obtusa,3169677.0,3169677,18.535778,73.844502,2.1396011798057337,50c9509d-22c7-4a22-a47d-8c48425ef4a7,iNaturalist research-grade observations,28eb1a3f-1c15-4a95-931a-4af90ecb574d,6423042667
mangifera indica,Mangifera indica,3190638.0,3190638,18.495755,73.817535,4.956241564344449,50c9509d-22c7-4a22-a47d-8c48425ef4a7,iNaturalist research-grade observations,28eb1a3f-1c15-4a95-931a-4af90ecb574d,6423073426
ficus benghalensis,Ficus benghalensis,5361919.0,5361919,18.534447,73.847658,1.8298969056754542,50c9509d-22c7-4a22-a47d-8c48425ef4a7,iNaturalist research-grade observations,28eb1a3f-1c15-4a95-931a-4af90ecb574d,6423085452
nyctanthes arbor-tristis,Nyctanthes arbor-tristis,3683008.0,3683008,18.495529,73.81778,4.9487384913862416,50c9509d-22c7-4a22-a47d-8c48425ef4a7,iNaturalist research-grade observations,28eb1a3f-1c15-4a95-931a-4af90ecb574d,6423092444
phyllanthus emblica,Phyllanthus emblica,5381660.0,5381660,18.500665,73.811689,5.228835458784525,50c9509d-22c7-4a22-a47d-8c48425ef4a7,iNaturalist research-grade observations,28eb1a3f-1c15-4a95-931a-4af90ecb574d,6423094975
ficus racemosa,Ficus racemosa,5361904.0,5361904,18.496307,73.813573,5.277943051772491,50c9509d-22c7-4a22-a47d-8c48425ef4a7,iNaturalist research-grade observations,28eb1a3f-1c15-4a95-931a-4af90ecb574d,6423102305
euphorbia tithymaloides,Euphorbia tithymaloides,3069168.0,3069168,18.495331,73.817769,4.962037250881672,50c9509d-22c7-4a22-a47d-8c48425ef4a7,iNaturalist research-grade observations,28eb1a3f-1c15-4a95-931a-4af90ecb574d,6423114645
mangifera indica,Mangifera indica,3190638.0,3190638,18.495641,73.813548,5.31817871265198,50c9509d-22c7-4a22-a47d-8c48425ef4a7,iNaturalist research-grade observations,28eb1a3f-1c15-4a95-931a-4af90ecb574d,6423125539
delonix regia,Delonix regia,2956176.0,2956176,18.53625,73.849563,1.9163518844832281,50c9509d-22c7-4a22-a47d-8c48425ef4a7,iNaturalist research-grade observations,28eb1a3f-1c15-4a95-931a-4af90ecb574d,6423134905
leucaena leucocephala,Leucaena leucocephala,2970418.0,2970418,18.496374,73.813692,5.2633495293765815,50c9509d-22c7-4a22-a47d-8c48425ef4a7,iNaturalist research-grade observations,28eb1a3f-1c15-4a95-931a-4af90ecb574d,6423155504
terminalia catappa,Terminalia catappa,3189394.0,3189394,18.53618,73.849558,1.909403700462624,50c9509d-22c7-4a22-a47d-8c48425ef4a7,iNaturalist research-grade observations,28eb1a3f-1c15-4a95-931a-4af90ecb574d,6423189338
caesalpinia pulcherrima,Caesalpinia pulcherrima,2958715.0,2958715,18.495518,73.817783,4.949159954585215,50c9509d-22c7-4a22-a47d-8c48425ef4a7,iNaturalist research-grade observations,28eb1a3f-1c15-4a95-931a-4af90ecb574d,6423202754
cascabela thevetia,Cascabela thevetia,3169652.0,3169652,18.493878,73.814061,5.376964084154026,50c9509d-22c7-4a22-a47d-8c48425ef4a7,iNaturalist research-grade observations,28eb1a3f-1c15-4a95-931a-4af90ecb574d,6430760996
ficus religiosa,Ficus religiosa,5361935.0,5361935,18.49532,73.813932,5.302267260818362,50c9509d-22c7-4a22-a47d-8c48425ef4a7,iNaturalist research-grade observations,28eb1a3f-1c15-4a95-931a-4af90ecb574d,6430784459
pentas lanceolata,Pentas lanceolata,2908986.0,2908986,18.517409,73.937462,8.521817786553633,50c9509d-22c7-4a22-a47d-8c48425ef4a7,iNaturalist research-grade observations,28eb1a3f-1c15-4a95-931a-4af90ecb574d,6430863397
pongamia pinnata,Pongamia pinnata,2965911.0,2965911,18.532718,73.84641,1.7473096630178953,50c9509d-22c7-4a22-a47d-8c48425ef4a7,iNaturalist research-grade observations,28eb1a3f-1c15-4a95-931a-4af90ecb574d,6430928719
sieruela rutidosperma,Sieruela rutidosperma,9778787.0,9778787,18.536358,73.782978,7.972593059365311,50c9509d-22c7-4a22-a47d-8c48425ef4a7,iNaturalist research-grade observations,28eb1a3f-1c15-4a95-931a-4af90ecb574d,6430965325
cascabela thevetia,Cascabela thevetia,3169652.0,3169652,18.494008,73.81406,5.369136195203975,50c9509d-22c7-4a22-a47d-8c48425ef4a7,iNaturalist research-grade observations,28eb1a3f-1c15-4a95-931a-4af90ecb574d,6430989634
cascabela thevetia,Cascabela thevetia,3169652.0,3169652,18.494447,73.81337,5.4039789063029335,50c9509d-22c7-4a22-a47d-8c48425ef4a7,iNaturalist research-grade observations,28eb1a3f-1c15-4a95-931a-4af90ecb574d,6431007788
duranta erecta,Duranta erecta,2925655.0,2925655,18.499995,73.799871,6.407380806117952,50c9509d-22c7-4a22-a47d-8c48425ef4a7,iNaturalist research-grade observations,28eb1a3f-1c15-4a95-931a-4af90ecb574d,6431009694
syzygium cumini,Syzygium cumini,3183840.0,3183840,18.494415,73.813292,5.412833331508742,50c9509d-22c7-4a22-a47d-8c48425ef4a7,iNaturalist research-grade observations,28eb1a3f-1c15-4a95-931a-4af90ecb574d,6431010943
azadirachta indica,Azadirachta indica,3190474.0,3190474,18.49387,73.813573,5.420548397720716,50c9509d-22c7-4a22-a47d-8c48425ef4a7,iNaturalist research-grade observations,28eb1a3f-1c15-4a95-931a-4af90ecb574d,6431062306
tabernaemontana divaricata,Tabernaemontana divaricata,3169625.0,3169625,18.513766,73.855598,0.7467631204970631,50c9509d-22c7-4a22-a47d-8c48425ef4a7,iNaturalist research-grade observations,28eb1a3f-1c15-4a95-931a-4af90ecb574d,6431090409
azadirachta indica,Azadirachta indica,3190474.0,3190474,18.49899,73.813571,5.133106389223025,50c9509d-22c7-4a22-a47d-8c48425ef4a7,iNaturalist research-grade observations,28eb1a3f-1c15-4a95-931a-4af90ecb574d,6431145075
senegalia catechu,Senegalia catechu,3796190.0,3796190,18.522101,73.813771,4.530205025209557,50c9509d-22c7-4a22-a47d-8c48425ef4a7,iNaturalist research-grade observations,28eb1a3f-1c15-4a95-931a-4af90ecb574d,6431163037
azadirachta indica,Azadirachta indica,3190474.0,3190474,18.494143,73.81364,5.398141062834871,50c9509d-22c7-4a22-a47d-8c48425ef4a7,iNaturalist research-grade observations,28eb1a3f-1c15-4a95-931a-4af90ecb574d,6431293926
sieruela rutidosperma,Sieruela rutidosperma,9778787.0,9778787,18.534847,73.782131,8.024394972880142,50c9509d-22c7-4a22-a47d-8c48425ef4a7,iNaturalist research-grade observations,28eb1a3f-1c15-4a95-931a-4af90ecb574d,6431314600
cascabela thevetia,Cascabela thevetia,3169652.0,3169652,18.49429,73.813443,5.406828410439387,50c9509d-22c7-4a22-a47d-8c48425ef4a7,iNaturalist research-grade observations,28eb1a3f-1c15-4a95-931a-4af90ecb574d,6431363518
bauhinia racemosa,Bauhinia racemosa,2953160.0,2953160,18.528283,73.81907,4.063154925141878,50c9509d-22c7-4a22-a47d-8c48425ef4a7,iNaturalist research-grade observations,28eb1a3f-1c15-4a95-931a-4af90ecb574d,6431364533
cascabela thevetia,Cascabela thevetia,3169652.0,3169652,18.493764,73.813907,5.397496261441698,50c9509d-22c7-4a22-a47d-8c48425ef4a7,iNaturalist research-grade observations,28eb1a3f-1c15-4a95-931a-4af90ecb574d,6431371520
ficus benghalensis,Ficus benghalensis,5361919.0,5361919,18.533882,73.847552,1.7825950692035175,50c9509d-22c7-4a22-a47d-8c48425ef4a7,iNaturalist research-grade observations,28eb1a3f-1c15-4a95-931a-4af90ecb574d,6431390924
cascabela thevetia,Cascabela thevetia,3169652.0,3169652,18.49388,73.814078,5.37534326644171,50c9509d-22c7-4a22-a47d-8c48425ef4a7,iNaturalist research-grade observations,28eb1a3f-1c15-4a95-931a-4af90ecb574d,6431524876
cascabela thevetia,Cascabela thevetia,3169652.0,3169652,18.493861,73.81409,5.37544513095808,50c9509d-22c7-4a22-a47d-8c48425ef4a7,iNaturalist research-grade observations,28eb1a3f-1c15-4a95-931a-4af90ecb574d,6431532810
duranta erecta,Duranta erecta,2925655.0,2925655,18.499176,73.799683,6.45865434234628,50c9509d-22c7-4a22-a47d-8c48425ef4a7,iNaturalist research-grade observations,28eb1a3f-1c15-4a95-931a-4af90ecb574d,6431551983
ficus benghalensis,Ficus benghalensis,5361919.0,5361919,18.533014,73.846257,1.7831427129689283,50c9509d-22c7-4a22-a47d-8c48425ef4a7,iNaturalist research-grade observations,28eb1a3f-1c15-4a95-931a-4af90ecb574d,6431554715
azadirachta indica,Azadirachta indica,3190474.0,3190474,18.534702,73.848257,1.8224929705235335,50c9509d-22c7-4a22-a47d-8c48425ef4a7,iNaturalist research-grade observations,28eb1a3f-1c15-4a95-931a-4af90ecb574d,6431601724
azadirachta indica,Azadirachta indica,3190474.0,3190474,18.494548,73.813293,5.404862567951711,50c9509d-22c7-4a22-a47d-8c48425ef4a7,iNaturalist research-grade observations,28eb1a3f-1c15-4a95-931a-4af90ecb574d,6431618668
delonix regia,Delonix regia,2956176.0,2956176,18.497789,73.800041,6.481803779725404,50c9509d-22c7-4a22-a47d-8c48425ef4a7,iNaturalist research-grade observations,28eb1a3f-1c15-4a95-931a-4af90ecb574d,6431695851
cascabela thevetia,Cascabela thevetia,3169652.0,3169652,18.49386,73.814082,5.376211273255916,50c9509d-22c7-4a22-a47d-8c48425ef4a7,iNaturalist research-grade observations,28eb1a3f-1c15-4a95-931a-4af90ecb574d,6431703719
azadirachta indica,Azadirachta indica,3190474.0,3190474,18.494842,73.813265,5.390051711091204,50c9509d-22c7-4a22-a47d-8c48425ef4a7,iNaturalist research-grade observations,28eb1a3f-1c15-4a95-931a-4af90ecb574d,6431705828
cascabela thevetia,Cascabela thevetia,3169652.0,3169652,18.493872,73.814081,5.375566959660082,50c9509d-22c7-4a22-a47d-8c48425ef4a7,iNaturalist research-grade observations,28eb1a3f-1c15-4a95-931a-4af90ecb574d,6431788976
morinda coreia,Morinda coreia,5339862.0,5339862,18.532949,73.807047,5.417817009572157,50c9509d-22c7-4a22-a47d-8c48425ef4a7,iNaturalist research-grade observations,28eb1a3f-1c15-4a95-931a-4af90ecb574d,6431794968
ficus benghalensis,Ficus benghalensis,5361919.0,5361919,18.53392,73.847447,1.7921520325327447,50c9509d-22c7-4a22-a47d-8c48425ef4a7,iNaturalist research-grade observations,28eb1a3f-1c15-4a95-931a-4af90ecb574d,6431819503
cascabela thevetia,Cascabela thevetia,3169652.0,3169652,18.493884,73.814039,5.378538132196475,50c9509d-22c7-4a22-a47d-8c48425ef4a7,iNaturalist research-grade observations,28eb1a3f-1c15-4a95-931a-4af90ecb574d,6431832857
ficus benghalensis,Ficus benghalensis,5361919.0,5361919,18.532965,73.846283,1.7771647736415639,50c9509d-22c7-4a22-a47d-8c48425ef4a7,iNaturalist research-grade observations,28eb1a3f-1c15-4a95-931a-4af90ecb574d,6431839839
cascabela thevetia,Cascabela thevetia,3169652.0,3169652,18.493757,73.814388,5.355598411159714,50c9509d-22c7-4a22-a47d-8c48425ef4a7,iNaturalist research-grade observations,28eb1a3f-1c15-4a95-931a-4af90ecb574d,6431853800
ficus religiosa,Ficus religiosa,5361935.0,5361935,18.493649,73.814578,5.345594208218835,50c9509d-22c7-4a22-a47d-8c48425ef4a7,iNaturalist research-grade observations,28eb1a3f-1c15-4a95-931a-4af90ecb574d,6431931735
ficus racemosa,Ficus racemosa,5361904.0,5361904,18.560643,73.808273,6.788873301947596,50c9509d-22c7-4a22-a47d-8c48425ef4a7,iNaturalist research-grade observations,28eb1a3f-1c15-4a95-931a-4af90ecb574d,6431938882
azadirachta indica,Azadirachta indica,3190474.0,3190474,18.523533,73.931456,7.889623131096495,50c9509d-22c7-4a22-a47d-8c48425ef4a7,iNaturalist research-grade observations,28eb1a3f-1c15-4a95-931a-4af90ecb574d,6440970475
polyalthia longifolia,Polyalthia longifolia,3156422.0,3156422,18.535467,73.848733,1.8741511986544068,50c9509d-22c7-4a22-a47d-8c48425ef4a7,iNaturalist research-grade observations,28eb1a3f-1c15-4a95-931a-4af90ecb574d,6441022381
polyalthia longifolia,Polyalthia longifolia,3156422.0,3156422,18.53272,73.845865,1.7837265727968992,50c9509d-22c7-4a22-a47d-8c48425ef4a7,iNaturalist research-grade observations,28eb1a3f-1c15-4a95-931a-4af90ecb574d,6441074020
polyalthia longifolia,Polyalthia longifolia,3156422.0,3156422,18.532667,73.845798,1.7837482796705266,50c9509d-22c7-4a22-a47d-8c48425ef4a7,iNaturalist research-grade observations,28eb1a3f-1c15-4a95-931a-4af90ecb574d,6441186809
polyalthia longifolia,Polyalthia longifolia,3156422.0,3156422,18.535253,73.848773,1.8510022034112965,50c9509d-22c7-4a22-a47d-8c48425ef4a7,iNaturalist research-grade observations,28eb1a3f-1c15-4a95-931a-4af90ecb574d,6441620894
broussonetia papyrifera,Broussonetia papyrifera,5361944.0,5361944,18.533475,73.846788,1.7904954492861964,50c9509d-22c7-4a22-a47d-8c48425ef4a7,iNaturalist research-grade observations,28eb1a3f-1c15-4a95-931a-4af90ecb574d,6441698926
samanea saman,Samanea saman,2972960.0,2972960,18.501506,73.814489,4.921753813341724,50c9509d-22c7-4a22-a47d-8c48425ef4a7,iNaturalist research-grade observations,28eb1a3f-1c15-4a95-931a-4af90ecb574d,6441800363
polyalthia longifolia,Polyalthia longifolia,3156422.0,3156422,18.532682,73.846072,1.7665601906694741,50c9509d-22c7-4a22-a47d-8c48425ef4a7,iNaturalist research-grade observations,28eb1a3f-1c15-4a95-931a-4af90ecb574d,6441986939
polyalthia longifolia,Polyalthia longifolia,3156422.0,3156422,18.533243,73.846552,1.7844197368674835,50c9509d-22c7-4a22-a47d-8c48425ef4a7,iNaturalist research-grade observations,28eb1a3f-1c15-4a95-931a-4af90ecb574d,6442024872
polyalthia longifolia,Polyalthia longifolia,3156422.0,3156422,18.535466,73.848864,1.867902084920968,50c9509d-22c7-4a22-a47d-8c48425ef4a7,iNaturalist research-grade observations,28eb1a3f-1c15-4a95-931a-4af90ecb574d,6442071680
azadirachta indica,Azadirachta indica,3190474.0,3190474,18.518353,73.78017,8.072302252952726,50c9509d-22c7-4a22-a47d-8c48425ef4a7,iNaturalist research-grade observations,28eb1a3f-1c15-4a95-931a-4af90ecb574d,6452518695
arivela viscosa,Arivela viscosa,6370562.0,6370562,18.519187,73.93704,8.471860572985605,50c9509d-22c7-4a22-a47d-8c48425ef4a7,iNaturalist research-grade observations,28eb1a3f-1c15-4a95-931a-4af90ecb574d,6480236104
ipomoea obscura,Ipomoea obscura,2928565.0,2928565,18.530283,73.816092,4.420222150587102,50c9509d-22c7-4a22-a47d-8c48425ef4a7,iNaturalist research-grade observations,28eb1a3f-1c15-4a95-931a-4af90ecb574d,6480834553
ficus benghalensis,Ficus benghalensis,5361919.0,5361919,18.534201,73.847491,1.8159573596889231,50c9509d-22c7-4a22-a47d-8c48425ef4a7,iNaturalist research-grade observations,28eb1a3f-1c15-4a95-931a-4af90ecb574d,6498211950
terminalia arjuna,Terminalia arjuna,3699548.0,3699548,18.517585,73.780329,8.058427651049373,50c9509d-22c7-4a22-a47d-8c48425ef4a7,iNaturalist research-grade observations,28eb1a3f-1c15-4a95-931a-4af90ecb574d,6498304113
terminalia arjuna,Terminalia arjuna,3699548.0,3699548,18.518642,73.780065,8.08252086240442,50c9509d-22c7-4a22-a47d-8c48425ef4a7,iNaturalist research-grade observations,28eb1a3f-1c15-4a95-931a-4af90ecb574d,6498733272
ficus benghalensis,Ficus benghalensis,5361919.0,5361919,18.532974,73.846041,1.7938249668017745,50c9509d-22c7-4a22-a47d-8c48425ef4a7,iNaturalist research-grade observations,28eb1a3f-1c15-4a95-931a-4af90ecb574d,6499205026
ficus benghalensis,Ficus benghalensis,5361919.0,5361919,18.532432,73.845616,1.7764110904267432,50c9509d-22c7-4a22-a47d-8c48425ef4a7,iNaturalist research-grade observations,28eb1a3f-1c15-4a95-931a-4af90ecb574d,6499361748
ficus benghalensis,Ficus benghalensis,5361919.0,5361919,18.532887,73.846122,1.7809348251931476,50c9509d-22c7-4a22-a47d-8c48425ef4a7,iNaturalist research-grade observations,28eb1a3f-1c15-4a95-931a-4af90ecb574d,6500341574
neolamarckia cadamba,Neolamarckia cadamba,2896888.0,2896888,18.492465,73.815532,5.33784704366127,50c9509d-22c7-4a22-a47d-8c48425ef4a7,iNaturalist research-grade observations,28eb1a3f-1c15-4a95-931a-4af90ecb574d,6430769496
phoenix sylvestris,Phoenix sylvestris,5293177.0,5293177,18.484713,73.810862,6.253754054057438,50c9509d-22c7-4a22-a47d-8c48425ef4a7,iNaturalist research-grade observations,28eb1a3f-1c15-4a95-931a-4af90ecb574d,6430783107
plumeria obtusa,Plumeria obtusa,3169677.0,3169677,18.51127,73.915844,6.318189980025792,50c9509d-22c7-4a22-a47d-8c48425ef4a7,iNaturalist research-grade observations,28eb1a3f-1c15-4a95-931a-4af90ecb574d,6431160667
pterospermum acerifolium,Pterospermum acerifolium,3669210.0,3669210,18.556993,73.807835,6.5647078773586545,50c9509d-22c7-4a22-a47d-8c48425ef4a7,iNaturalist research-grade observations,28eb1a3f-1c15-4a95-931a-4af90ecb574d,6431241067
carissa carandas,Carissa carandas,5414419.0,5414419,18.545919,73.785158,8.058671363511593,50c9509d-22c7-4a22-a47d-8c48425ef4a7,iNaturalist research-grade observations,28eb1a3f-1c15-4a95-931a-4af90ecb574d,6431341363
allamanda cathartica,Allamanda cathartica,3169836.0,3169836,18.51127,73.915844,6.318189980025792,50c9509d-22c7-4a22-a47d-8c48425ef4a7,iNaturalist research-grade observations,28eb1a3f-1c15-4a95-931a-4af90ecb574d,6431401751
ipomoea triloba,Ipomoea triloba,2928547.0,2928547,18.545546,73.785095,8.050396639777468,50c9509d-22c7-4a22-a47d-8c48425ef4a7,iNaturalist research-grade observations,28eb1a3f-1c15-4a95-931a-4af90ecb574d,6431420327
terminalia catappa,Terminalia catappa,3189394.0,3189394,18.48641,73.812206,6.024724500109269,50c9509d-22c7-4a22-a47d-8c48425ef4a7,iNaturalist research-grade observations,28eb1a3f-1c15-4a95-931a-4af90ecb574d,6431473787
ficus religiosa,Ficus religiosa,5361935.0,5361935,18.49346,73.81484,5.334437408885177,50c9509d-22c7-4a22-a47d-8c48425ef4a7,iNaturalist research-grade observations,28eb1a3f-1c15-4a95-931a-4af90ecb574d,6431478575
zephyranthes candida,Zephyranthes candida,2859976.0,2859976,18.445938,73.857571,8.28031756206984,50c9509d-22c7-4a22-a47d-8c48425ef4a7,iNaturalist research-grade observations,28eb1a3f-1c15-4a95-931a-4af90ecb574d,6431543001
ficus benghalensis,Ficus benghalensis,5361919.0,5361919,18.48724,73.812805,5.917717762895135,50c9509d-22c7-4a22-a47d-8c48425ef4a7,iNaturalist research-grade observations,28eb1a3f-1c15-4a95-931a-4af90ecb574d,6431947650
pongamia pinnata,Pongamia pinnata,2965911.0,2965911,18.512673,73.84356,1.6302593234086535,50c9509d-22c7-4a22-a47d-8c48425ef4a7,iNaturalist research-grade observations,28eb1a3f-1c15-4a95-931a-4af90ecb574d,6440944038
ficus religiosa,Ficus religiosa,5361935.0,5361935,18.512909,73.841248,1.8298206265861163,50c9509d-22c7-4a22-a47d-8c48425ef4a7,iNaturalist research-grade observations,28eb1a3f-1c15-4a95-931a-4af90ecb574d,6440946685
ficus racemosa,Ficus racemosa,5361904.0,5361904,18.497968,73.813609,5.183288582922446,50c9509d-22c7-4a22-a47d-8c48425ef4a7,iNaturalist research-grade observations,28eb1a3f-1c15-4a95-931a-4af90ecb574d,6440968133
ficus religiosa,Ficus religiosa,5361935.0,5361935,18.4948,73.813162,5.401743322752714,50c9509d-22c7-4a22-a47d-8c48425ef4a7,iNaturalist research-grade observations,28eb1a3f-1c15-4a95-931a-4af90ecb574d,6440971511
ficus religiosa,Ficus religiosa,5361935.0,5361935,18.510698,73.839773,2.08548591167476,50c9509d-22c7-4a22-a47d-8c48425ef4a7,iNaturalist research-grade observations,28eb1a3f-1c15-4a95-931a-4af90ecb574d,6440971785
ficus benghalensis,Ficus benghalensis,5361919.0,5361919,18.492395,73.815137,5.376279235287692,50c9509d-22c7-4a22-a47d-8c48425ef4a7,iNaturalist research-grade observations,28eb1a3f-1c15-4a95-931a-4af90ecb574d,6440973833
oxalis latifolia,Oxalis latifolia,2891755.0,2891755,18.54587,73.817645,4.997489288515595,50c9509d-22c7-4a22-a47d-8c48425ef4a7,iNaturalist research-grade observations,28eb1a3f-1c15-4a95-931a-4af90ecb574d,6440983323
pongamia pinnata,Pongamia pinnata,2965911.0,2965911,18.511968,73.840652,1.9344863389250235,50c9509d-22c7-4a22-a47d-8c48425ef4a7,iNaturalist research-grade observations,28eb1a3f-1c15-4a95-931a-4af90ecb574d,6440985551
terminalia arjuna,Terminalia arjuna,3699548.0,3699548,18.512145,73.84076,1.915021650087706,50c9509d-22c7-4a22-a47d-8c48425ef4a7,iNaturalist research-grade observations,28eb1a3f-1c15-4a95-931a-4af90ecb574d,6441017507
peltophorum pterocarpum,Peltophorum pterocarpum,2952775.0,2952775,18.52327,73.929973,7.732161771820379,50c9509d-22c7-4a22-a47d-8c48425ef4a7,iNaturalist research-grade observations,28eb1a3f-1c15-4a95-931a-4af90ecb574d,6441017668
ficus religiosa,Ficus religiosa,5361935.0,5361935,18.513701,73.842328,1.6885463311335798,50c9509d-22c7-4a22-a47d-8c48425ef4a7,iNaturalist research-grade observations,28eb1a3f-1c15-4a95-931a-4af90ecb574d,6441048305
ficus religiosa,Ficus religiosa,5361935.0,5361935,18.513758,73.842356,1.6831063047658377,50c9509d-22c7-4a22-a47d-8c48425ef4a7,iNaturalist research-grade observations,28eb1a3f-1c15-4a95-931a-4af90ecb574d,6441049030
peltophorum pterocarpum,Peltophorum pterocarpum,2952775.0,2952775,18.497943,73.800815,6.399955508295061,50c9509d-22c7-4a22-a47d-8c48425ef4a7,iNaturalist research-grade observations,28eb1a3f-1c15-4a95-931a-4af90ecb574d,6441050029
plumeria pudica,Plumeria pudica,3614691.0,3614691,18.51127,73.915844,6.318189980025792,50c9509d-22c7-4a22-a47d-8c48425ef4a7,iNaturalist research-grade observations,28eb1a3f-1c15-4a95-931a-4af90ecb574d,6441085509
ficus religiosa,Ficus religiosa,5361935.0,5361935,18.513022,73.841331,1.816322543068711,50c9509d-22c7-4a22-a47d-8c48425ef4a7,iNaturalist research-grade observations,28eb1a3f-1c15-4a95-931a-4af90ecb574d,6441106600
thunbergia erecta,Thunbergia erecta,5415461.0,5415461,18.458545,73.852783,6.890364313374465,50c9509d-22c7-4a22-a47d-8c48425ef4a7,iNaturalist research-grade observations,28eb1a3f-1c15-4a95-931a-4af90ecb574d,6441111408
ficus religiosa,Ficus religiosa,5361935.0,5361935,18.51341,73.841932,1.7403255891873273,50c9509d-22c7-4a22-a47d-8c48425ef4a7,iNaturalist research-grade observations,28eb1a3f-1c15-4a95-931a-4af90ecb574d,6441116988
delonix regia,Delonix regia,2956176.0,2956176,18.523616,73.930857,7.826943774249919,50c9509d-22c7-4a22-a47d-8c48425ef4a7,iNaturalist research-grade observations,28eb1a3f-1c15-4a95-931a-4af90ecb574d,6441159303
ficus benghalensis,Ficus benghalensis,5361919.0,5361919,18.522806,73.927959,7.517998153448294,50c9509d-22c7-4a22-a47d-8c48425ef4a7,iNaturalist research-grade observations,28eb1a3f-1c15-4a95-931a-4af90ecb574d,6441165110
ficus racemosa,Ficus racemosa,5361904.0,5361904,18.49381,73.813718,5.4113709670790655,50c9509d-22c7-4a22-a47d-8c48425ef4a7,iNaturalist research-grade observations,28eb1a3f-1c15-4a95-931a-4af90ecb574d,6441185312
cocos nucifera,Cocos nucifera,2735117.0,2735117,18.522354,73.922735,6.965839349718904,50c9509d-22c7-4a22-a47d-8c48425ef4a7,iNaturalist research-grade observations,28eb1a3f-1c15-4a95-931a-4af90ecb574d,6441193803
ficus religiosa,Ficus religiosa,5361935.0,5361935,18.512138,73.840861,1.9060572986208089,50c9509d-22c7-4a22-a47d-8c48425ef4a7,iNaturalist research-grade observations,28eb1a3f-1c15-4a95-931a-4af90ecb574d,6441197004
peltophorum pterocarpum,Peltophorum pterocarpum,2952775.0,2952775,18.523272,73.9299,7.724480693468557,50c9509d-22c7-4a22-a47d-8c48425ef4a7,iNaturalist research-grade observations,28eb1a3f-1c15-4a95-931a-4af90ecb574d,6441199168
pithecellobium dulce,Pithecellobium dulce,2962831.0,2962831,18.512422,73.840641,1.9115543624014653,50c9509d-22c7-4a22-a47d-8c48425ef4a7,iNaturalist research-grade observations,28eb1a3f-1c15-4a95-931a-4af90ecb574d,6441199504
pongamia pinnata,Pongamia pinnata,2965911.0,2965911,18.512485,73.840979,1.8767633450357755,50c9509d-22c7-4a22-a47d-8c48425ef4a7,iNaturalist research-grade observations,28eb1a3f-1c15-4a95-931a-4af90ecb574d,6441203359
peltophorum pterocarpum,Peltophorum pterocarpum,2952775.0,2952775,18.523264,73.930156,7.751412759390996,50c9509d-22c7-4a22-a47d-8c48425ef4a7,iNaturalist research-grade observations,28eb1a3f-1c15-4a95-931a-4af90ecb574d,6441205098
polyalthia longifolia,Polyalthia longifolia,3156422.0,3156422,18.503037,73.818246,4.490852477735699,50c9509d-22c7-4a22-a47d-8c48425ef4a7,iNaturalist research-grade observations,28eb1a3f-1c15-4a95-931a-4af90ecb574d,6441208851
pithecellobium dulce,Pithecellobium dulce,2962831.0,2962831,18.511835,73.840378,1.9669252037470366,50c9509d-22c7-4a22-a47d-8c48425ef4a7,iNaturalist research-grade observations,28eb1a3f-1c15-4a95-931a-4af90ecb574d,6441221701
ficus religiosa,Ficus religiosa,5361935.0,5361935,18.491938,73.814307,5.477068988621123,50c9509d-22c7-4a22-a47d-8c48425ef4a7,iNaturalist research-grade observations,28eb1a3f-1c15-4a95-931a-4af90ecb574d,6441228856
caesalpinia pulcherrima,Caesalpinia pulcherrima,2958715.0,2958715,18.497278,73.813663,5.215696762181277,50c9509d-22c7-4a22-a47d-8c48425ef4a7,iNaturalist research-grade observations,28eb1a3f-1c15-4a95-931a-4af90ecb574d,6441234609
morinda coreia,Morinda coreia,5339862.0,5339862,18.472708,73.838722,5.631792795746646,50c9509d-22c7-4a22-a47d-8c48425ef4a7,iNaturalist research-grade observations,28eb1a3f-1c15-4a95-931a-4af90ecb574d,6441236309
pithecellobium dulce,Pithecellobium dulce,2962831.0,2962831,18.511816,73.840362,1.9694246045145745,50c9509d-22c7-4a22-a47d-8c48425ef4a7,iNaturalist research-grade observations,28eb1a3f-1c15-4a95-931a-4af90ecb574d,6441241864
ficus religiosa,Ficus religiosa,5361935.0,5361935,18.512611,73.841063,1.8623880900524155,50c9509d-22c7-4a22-a47d-8c48425ef4a7,iNaturalist research-grade observations,28eb1a3f-1c15-4a95-931a-4af90ecb574d,6441247080
ficus religiosa,Ficus religiosa,5361935.0,5361935,18.49294,73.814225,5.42058320714911,50c9509d-22c7-4a22-a47d-8c48425ef4a7,iNaturalist research-grade observations,28eb1a3f-1c15-4a95-931a-4af90ecb574d,6441258524
delonix regia,Delonix regia,2956176.0,2956176,18.49378,73.813689,5.415755161141861,50c9509d-22c7-4a22-a47d-8c48425ef4a7,iNaturalist research-grade observations,28eb1a3f-1c15-4a95-931a-4af90ecb574d,6441261133
oxalis corniculata,Oxalis corniculata,8427624.0,8427624,18.534908,73.826059,3.610934904593706,50c9509d-22c7-4a22-a47d-8c48425ef4a7,iNaturalist research-grade observations,28eb1a3f-1c15-4a95-931a-4af90ecb574d,6441262722
ficus religiosa,Ficus religiosa,5361935.0,5361935,18.511987,73.840645,1.9341091266390742,50c9509d-22c7-4a22-a47d-8c48425ef4a7,iNaturalist research-grade observations,28eb1a3f-1c15-4a95-931a-4af90ecb574d,6441268112
ficus religiosa,Ficus religiosa,5361935.0,5361935,18.512517,73.841008,1.8723946909523366,50c9509d-22c7-4a22-a47d-8c48425ef4a7,iNaturalist research-grade observations,28eb1a3f-1c15-4a95-931a-4af90ecb574d,6441274788
pongamia pinnata,Pongamia pinnata,2965911.0,2965911,18.510643,73.839835,2.083073008278177,50c9509d-22c7-4a22-a47d-8c48425ef4a7,iNaturalist research-grade observations,28eb1a3f-1c15-4a95-931a-4af90ecb574d,6441284663
delonix regia,Delonix regia,2956176.0,2956176,18.52351,73.931098,7.851801726548242,50c9509d-22c7-4a22-a47d-8c48425ef4a7,iNaturalist research-grade observations,28eb1a3f-1c15-4a95-931a-4af90ecb574d,6441290981
ficus religiosa,Ficus religiosa,5361935.0,5361935,18.513453,73.842002,1.731586552468808,50c9509d-22c7-4a22-a47d-8c48425ef4a7,iNaturalist research-grade observations,28eb1a3f-1c15-4a95-931a-4af90ecb574d,6441301346
peltophorum pterocarpum,Peltophorum pterocarpum,2952775.0,2952775,18.523268,73.929841,7.718247023289928,50c9509d-22c7-4a22-a47d-8c48425ef4a7,iNaturalist research-grade observations,28eb1a3f-1c15-4a95-931a-4af90ecb574d,6441327633
morinda coreia,Morinda coreia,5339862.0,5339862,18.521059,73.821641,3.6972123156324552,50c9509d-22c7-4a22-a47d-8c48425ef4a7,iNaturalist research-grade observations,28eb1a3f-1c15-4a95-931a-4af90ecb574d,6441343525
ipomoea aquatica,Ipomoea aquatica,2928525.0,2928525,18.521059,73.821641,3.6972123156324552,50c9509d-22c7-4a22-a47d-8c48425ef4a7,iNaturalist research-grade observations,28eb1a3f-1c15-4a95-931a-4af90ecb574d,6441351028
ficus benghalensis,Ficus benghalensis,5361919.0,5361919,18.523172,73.92955,7.68715833668914,50c9509d-22c7-4a22-a47d-8c48425ef4a7,iNaturalist research-grade observations,28eb1a3f-1c15-4a95-931a-4af90ecb574d,6441355422
ficus religiosa,Ficus religiosa,5361935.0,5361935,18.513545,73.842204,1.7079607763742093,50c9509d-22c7-4a22-a47d-8c48425ef4a7,iNaturalist research-grade observations,28eb1a3f-1c15-4a95-931a-4af90ecb574d,6441358942
pithecellobium dulce,Pithecellobium dulce,2962831.0,2962831,18.511605,73.840305,1.9861317260081934,50c9509d-22c7-4a22-a47d-8c48425ef4a7,iNaturalist research-grade observations,28eb1a3f-1c15-4a95-931a-4af90ecb574d,6441360450
ficus racemosa,Ficus racemosa,5361904.0,5361904,18.523007,73.928293,7.554011685418478,50c9509d-22c7-4a22-a47d-8c48425ef4a7,iNaturalist research-grade observations,28eb1a3f-1c15-4a95-931a-4af90ecb574d,6441364576
ficus benjamina,Ficus benjamina,5361932.0,5361932,18.493626,73.814195,5.380611304033803,50c9509d-22c7-4a22-a47d-8c48425ef4a7,iNaturalist research-grade observations,28eb1a3f-1c15-4a95-931a-4af90ecb574d,6441376679
terminalia catappa,Terminalia catappa,3189394.0,3189394,18.493626,73.814135,5.385882414408497,50c9509d-22c7-4a22-a47d-8c48425ef4a7,iNaturalist research-grade observations,28eb1a3f-1c15-4a95-931a-4af90ecb574d,6441383006
ficus religiosa,Ficus religiosa,5361935.0,5361935,18.513456,73.842019,1.7298335877484232,50c9509d-22c7-4a22-a47d-8c48425ef4a7,iNaturalist research-grade observations,28eb1a3f-1c15-4a95-931a-4af90ecb574d,6441396767
ficus benjamina,Ficus benjamina,5361932.0,5361932,18.46239,73.852663,6.46445974280718,50c9509d-22c7-4a22-a47d-8c48425ef4a7,iNaturalist research-grade observations,28eb1a3f-1c15-4a95-931a-4af90ecb574d,6441432088
ficus benjamina,Ficus benjamina,5361932.0,5361932,18.493741,73.814466,5.34973444284676,50c9509d-22c7-4a22-a47d-8c48425ef4a7,iNaturalist research-grade observations,28eb1a3f-1c15-4a95-931a-4af90ecb574d,6441439436
ficus religiosa,Ficus religiosa,5361935.0,5361935,18.513041,73.841363,1.8123579838223671,50c9509d-22c7-4a22-a47d-8c48425ef4a7,iNaturalist research-grade observations,28eb1a3f-1c15-4a95-931a-4af90ecb574d,6441440827
ficus religiosa,Ficus religiosa,5361935.0,5361935,18.510836,73.839895,2.0665488285241183,50c9509d-22c7-4a22-a47d-8c48425ef4a7,iNaturalist research-grade observations,28eb1a3f-1c15-4a95-931a-4af90ecb574d,6441445460
azadirachta indica,Azadirachta indica,3190474.0,3190474,18.495607,73.813284,5.34396483745096,50c9509d-22c7-4a22-a47d-8c48425ef4a7,iNaturalist research-grade observations,28eb1a3f-1c15-4a95-931a-4af90ecb574d,6441457615
delonix regia,Delonix regia,2956176.0,2956176,18.523377,73.930759,7.815456643172761,50c9509d-22c7-4a22-a47d-8c48425ef4a7,iNaturalist research-grade observations,28eb1a3f-1c15-4a95-931a-4af90ecb574d,6441463567
phyllanthus reticulatus,Phyllanthus reticulatus,5382478.0,5382478,18.513709,73.842218,1.698572828119746,50c9509d-22c7-4a22-a47d-8c48425ef4a7,iNaturalist research-grade observations,28eb1a3f-1c15-4a95-931a-4af90ecb574d,6441466574
ipomoea aquatica,Ipomoea aquatica,2928525.0,2928525,18.521059,73.821641,3.6972123156324552,50c9509d-22c7-4a22-a47d-8c48425ef4a7,iNaturalist research-grade observations,28eb1a3f-1c15-4a95-931a-4af90ecb574d,6441470334
pongamia pinnata,Pongamia pinnata,2965911.0,2965911,18.513565,73.842334,1.69470697202696,50c9509d-22c7-4a22-a47d-8c48425ef4a7,iNaturalist research-grade observations,28eb1a3f-1c15-4a95-931a-4af90ecb574d,6441516560
nymphaea rubra,Nymphaea rubra,7365664.0,7365664,18.521059,73.821641,3.6972123156324552,50c9509d-22c7-4a22-a47d-8c48425ef4a7,iNaturalist research-grade observations,28eb1a3f-1c15-4a95-931a-4af90ecb574d,6441517027
terminalia catappa,Terminalia catappa,3189394.0,3189394,18.493785,73.814095,5.379649642480663,50c9509d-22c7-4a22-a47d-8c48425ef4a7,iNaturalist research-grade observations,28eb1a3f-1c15-4a95-931a-4af90ecb574d,6441519012
ficus racemosa,Ficus racemosa,5361904.0,5361904,18.522998,73.928347,7.559662904102525,50c9509d-22c7-4a22-a47d-8c48425ef4a7,iNaturalist research-grade observations,28eb1a3f-1c15-4a95-931a-4af90ecb574d,6441522913
ficus religiosa,Ficus religiosa,5361935.0,5361935,18.513179,73.841537,1.7890674420633785,50c9509d-22c7-4a22-a47d-8c48425ef4a7,iNaturalist research-grade observations,28eb1a3f-1c15-4a95-931a-4af90ecb574d,6441536151
ficus benjamina,Ficus benjamina,5361932.0,5361932,18.492725,73.81526,5.344496219243773,50c9509d-22c7-4a22-a47d-8c48425ef4a7,iNaturalist research-grade observations,28eb1a3f-1c15-4a95-931a-4af90ecb574d,6441557808
delonix regia,Delonix regia,2956176.0,2956176,18.494255,73.813263,5.424934547581935,50c9509d-22c7-4a22-a47d-8c48425ef4a7,iNaturalist research-grade observations,28eb1a3f-1c15-4a95-931a-4af90ecb574d,6441572327
ficus racemosa,Ficus racemosa,5361904.0,5361904,18.523039,73.92829,7.553832296391142,50c9509d-22c7-4a22-a47d-8c48425ef4a7,iNaturalist research-grade observations,28eb1a3f-1c15-4a95-931a-4af90ecb574d,6441603107
terminalia neotaliala,Terminalia neotaliala,3699469.0,3699469,18.492422,73.815233,5.366289295695347,50c9509d-22c7-4a22-a47d-8c48425ef4a7,iNaturalist research-grade observations,28eb1a3f-1c15-4a95-931a-4af90ecb574d,6441609885
delonix regia,Delonix regia,2956176.0,2956176,18.523571,73.93059,7.798595221265749,50c9509d-22c7-4a22-a47d-8c48425ef4a7,iNaturalist research-grade observations,28eb1a3f-1c15-4a95-931a-4af90ecb574d,6441619026
ficus benjamina,Ficus benjamina,5361932.0,5361932,18.49377,73.81416,5.374846260915279,50c9509d-22c7-4a22-a47d-8c48425ef4a7,iNaturalist research-grade observations,28eb1a3f-1c15-4a95-931a-4af90ecb574d,6441654079
ficus religiosa,Ficus religiosa,5361935.0,5361935,18.513395,73.84196,1.7384313591268017,50c9509d-22c7-4a22-a47d-8c48425ef4a7,iNaturalist research-grade observations,28eb1a3f-1c15-4a95-931a-4af90ecb574d,6441664514
peltophorum pterocarpum,Peltophorum pterocarpum,2952775.0,2952775,18.523478,73.931019,7.843325077577571,50c9509d-22c7-4a22-a47d-8c48425ef4a7,iNaturalist research-grade observations,28eb1a3f-1c15-4a95-931a-4af90ecb574d,6441675116
pongamia pinnata,Pongamia pinnata,2965911.0,2965911,18.512335,73.840817,1.8996840625828886,50c9509d-22c7-4a22-a47d-8c48425ef4a7,iNaturalist research-grade observations,28eb1a3f-1c15-4a95-931a-4af90ecb574d,6441681853
peltophorum pterocarpum,Peltophorum pterocarpum,2952775.0,2952775,18.523504,73.931165,7.858829857441791,50c9509d-22c7-4a22-a47d-8c48425ef4a7,iNaturalist research-grade observations,28eb1a3f-1c15-4a95-931a-4af90ecb574d,6441685468
peltophorum pterocarpum,Peltophorum pterocarpum,2952775.0,2952775,18.523619,73.9313,7.8736182419494165,50c9509d-22c7-4a22-a47d-8c48425ef4a7,iNaturalist research-grade observations,28eb1a3f-1c15-4a95-931a-4af90ecb574d,6441697028
delonix regia,Delonix regia,2956176.0,2956176,18.523476,73.930369,7.774848178874543,50c9509d-22c7-4a22-a47d-8c48425ef4a7,iNaturalist research-grade observations,28eb1a3f-1c15-4a95-931a-4af90ecb574d,6441697361
azadirachta indica,Azadirachta indica,3190474.0,3190474,18.52349,73.930488,7.787451076201498,50c9509d-22c7-4a22-a47d-8c48425ef4a7,iNaturalist research-grade observations,28eb1a3f-1c15-4a95-931a-4af90ecb574d,6441717502
ficus religiosa,Ficus religiosa,5361935.0,5361935,18.512461,73.840959,1.8798779477789074,50c9509d-22c7-4a22-a47d-8c48425ef4a7,iNaturalist research-grade observations,28eb1a3f-1c15-4a95-931a-4af90ecb574d,6441723778
ficus religiosa,Ficus religiosa,5361935.0,5361935,18.512129,73.840731,1.9185580755235607,50c9509d-22c7-4a22-a47d-8c48425ef4a7,iNaturalist research-grade observations,28eb1a3f-1c15-4a95-931a-4af90ecb574d,6441735756
ficus benjamina,Ficus benjamina,5361932.0,5361932,18.492335,73.815298,5.366326996633292,50c9509d-22c7-4a22-a47d-8c48425ef4a7,iNaturalist research-grade observations,28eb1a3f-1c15-4a95-931a-4af90ecb574d,6441739514
pongamia pinnata,Pongamia pinnata,2965911.0,2965911,18.523487,73.930927,7.833677853461527,50c9509d-22c7-4a22-a47d-8c48425ef4a7,iNaturalist research-grade observations,28eb1a3f-1c15-4a95-931a-4af90ecb574d,6441741938
ficus religiosa,Ficus religiosa,5361935.0,5361935,18.512061,73.840693,1.9257050855732696,50c9509d-22c7-4a22-a47d-8c48425ef4a7,iNaturalist research-grade observations,28eb1a3f-1c15-4a95-931a-4af90ecb574d,6441746864
ficus religiosa,Ficus religiosa,5361935.0,5361935,18.51351,73.842014,1.7276340116732438,50c9509d-22c7-4a22-a47d-8c48425ef4a7,iNaturalist research-grade observations,28eb1a3f-1c15-4a95-931a-4af90ecb574d,6441761000
magnolia champaca,Magnolia champaca,3153099.0,3153099,18.496982,73.813581,5.239504401792719,50c9509d-22c7-4a22-a47d-8c48425ef4a7,iNaturalist research-grade observations,28eb1a3f-1c15-4a95-931a-4af90ecb574d,6441796001
sphagneticola trilobata,Sphagneticola trilobata,3116842.0,3116842,18.459988,73.852425,6.732627701848981,50c9509d-22c7-4a22-a47d-8c48425ef4a7,iNaturalist research-grade observations,28eb1a3f-1c15-4a95-931a-4af90ecb574d,6441813999
cocos nucifera,Cocos nucifera,2735117.0,2735117,18.522754,73.927581,7.47796537857845,50c9509d-22c7-4a22-a47d-8c48425ef4a7,iNaturalist research-grade observations,28eb1a3f-1c15-4a95-931a-4af90ecb574d,6441816678
delonix regia,Delonix regia,2956176.0,2956176,18.523557,73.930329,7.771034668556434,50c9509d-22c7-4a22-a47d-8c48425ef4a7,iNaturalist research-grade observations,28eb1a3f-1c15-4a95-931a-4af90ecb574d,6441836491
ficus benjamina,Ficus benjamina,5361932.0,5361932,18.49349,73.814565,5.356591099771556,50c9509d-22c7-4a22-a47d-8c48425ef4a7,iNaturalist research-grade observations,28eb1a3f-1c15-4a95-931a-4af90ecb574d,6441846605
ficus religiosa,Ficus religiosa,5361935.0,5361935,18.512796,73.841156,1.8441903588428918,50c9509d-22c7-4a22-a47d-8c48425ef4a7,iNaturalist research-grade observations,28eb1a3f-1c15-4a95-931a-4af90ecb574d,6441849406
terminalia neotaliala,Terminalia neotaliala,3699469.0,3699469,18.492513,73.81513,5.369291334304237,50c9509d-22c7-4a22-a47d-8c48425ef4a7,iNaturalist research-grade observations,28eb1a3f-1c15-4a95-931a-4af90ecb574d,6441855070
ficus benjamina,Ficus benjamina,5361932.0,5361932,18.493733,73.814117,5.38089733820114,50c9509d-22c7-4a22-a47d-8c48425ef4a7,iNaturalist research-grade observations,28eb1a3f-1c15-4a95-931a-4af90ecb574d,6441862391
ficus religiosa,Ficus religiosa,5361935.0,5361935,18.512054,73.840682,1.9270964318281665,50c9509d-22c7-4a22-a47d-8c48425ef4a7,iNaturalist research-grade observations,28eb1a3f-1c15-4a95-931a-4af90ecb574d,6441870329
pithecellobium dulce,Pithecellobium dulce,2962831.0,2962831,18.511674,73.840342,1.9789637263764108,50c9509d-22c7-4a22-a47d-8c48425ef4a7,iNaturalist research-grade observations,28eb1a3f-1c15-4a95-931a-4af90ecb574d,6441880692
cocos nucifera,Cocos nucifera,2735117.0,2735117,18.522808,73.927337,7.452467049170937,50c9509d-22c7-4a22-a47d-8c48425ef4a7,iNaturalist research-grade observations,28eb1a3f-1c15-4a95-931a-4af90ecb574d,6441881803
ficus religiosa,Ficus religiosa,5361935.0,5361935,18.513795,73.84248,1.6695536789121588,50c9509d-22c7-4a22-a47d-8c48425ef4a7,iNaturalist research-grade observations,28eb1a3f-1c15-4a95-931a-4af90ecb574d,6441898500
delonix regia,Delonix regia,2956176.0,2956176,18.523269,73.929967,7.73152513172568,50c9509d-22c7-4a22-a47d-8c48425ef4a7,iNaturalist research-grade observations,28eb1a3f-1c15-4a95-931a-4af90ecb574d,6441908333
peltophorum pterocarpum,Peltophorum pterocarpum,2952775.0,2952775,18.523568,73.930842,7.825122901318138,50c9509d-22c7-4a22-a47d-8c48425ef4a7,iNaturalist research-grade observations,28eb1a3f-1c15-4a95-931a-4af90ecb574d,6441915375
delonix regia,Delonix regia,2956176.0,2956176,18.523517,73.931316,7.874798463141816,50c9509d-22c7-4a22-a47d-8c48425ef4a7,iNaturalist research-grade observations,28eb1a3f-1c15-4a95-931a-4af90ecb574d,6441927524
ficus racemosa,Ficus racemosa,5361904.0,5361904,18.52367,73.930617,7.801942103096295,50c9509d-22c7-4a22-a47d-8c48425ef4a7,iNaturalist research-grade observations,28eb1a3f-1c15-4a95-931a-4af90ecb574d,6441953629
pongamia pinnata,Pongamia pinnata,2965911.0,2965911,18.513535,73.842091,1.719124702537318,50c9509d-22c7-4a22-a47d-8c48425ef4a7,iNaturalist research-grade observations,28eb1a3f-1c15-4a95-931a-4af90ecb574d,6441976980
ficus religiosa,Ficus religiosa,5361935.0,5361935,18.511919,73.840604,1.9415555978806942,50c9509d-22c7-4a22-a47d-8c48425ef4a7,iNaturalist research-grade observations,28eb1a3f-1c15-4a95-931a-4af90ecb574d,6441989971
peltophorum pterocarpum,Peltophorum pterocarpum,2952775.0,2952775,18.523487,73.931208,7.86327685194034,50c9509d-22c7-4a22-a47d-8c48425ef4a7,iNaturalist research-grade observations,28eb1a3f-1c15-4a95-931a-4af90ecb574d,6442000123
ficus racemosa,Ficus racemosa,5361904.0,5361904,18.498109,73.813669,5.170207248613739,50c9509d-22c7-4a22-a47d-8c48425ef4a7,iNaturalist research-grade observations,28eb1a3f-1c15-4a95-931a-4af90ecb574d,6442000746
cocos nucifera,Cocos nucifera,2735117.0,2735117,18.523628,73.930559,7.795618030206955,50c9509d-22c7-4a22-a47d-8c48425ef4a7,iNaturalist research-grade observations,28eb1a3f-1c15-4a95-931a-4af90ecb574d,6442036827
ficus racemosa,Ficus racemosa,5361904.0,5361904,18.513211,73.841474,1.793416995852358,50c9509d-22c7-4a22-a47d-8c48425ef4a7,iNaturalist research-grade observations,28eb1a3f-1c15-4a95-931a-4af90ecb574d,6442039832
ficus racemosa,Ficus racemosa,5361904.0,5361904,18.523632,73.930596,7.799535393820487,50c9509d-22c7-4a22-a47d-8c48425ef4a7,iNaturalist research-grade observations,28eb1a3f-1c15-4a95-931a-4af90ecb574d,6442048419
peltophorum pterocarpum,Peltophorum pterocarpum,2952775.0,2952775,18.52351,73.931014,7.842953757151247,50c9509d-22c7-4a22-a47d-8c48425ef4a7,iNaturalist research-grade observations,28eb1a3f-1c15-4a95-931a-4af90ecb574d,6442053065
azadirachta indica,Azadirachta indica,3190474.0,3190474,18.522707,73.927288,7.4469109113360625,50c9509d-22c7-4a22-a47d-8c48425ef4a7,iNaturalist research-grade observations,28eb1a3f-1c15-4a95-931a-4af90ecb574d,6442054405
ficus religiosa,Ficus religiosa,5361935.0,5361935,18.493727,73.814357,5.360167239959178,50c9509d-22c7-4a22-a47d-8c48425ef4a7,iNaturalist research-grade observations,28eb1a3f-1c15-4a95-931a-4af90ecb574d,6442055522
peltophorum pterocarpum,Peltophorum pterocarpum,2952775.0,2952775,18.511519,73.840343,1.9873801272765037,50c9509d-22c7-4a22-a47d-8c48425ef4a7,iNaturalist research-grade observations,28eb1a3f-1c15-4a95-931a-4af90ecb574d,6442058763
pongamia pinnata,Pongamia pinnata,2965911.0,2965911,18.513159,73.841046,1.8364520985450075,50c9509d-22c7-4a22-a47d-8c48425ef4a7,iNaturalist research-grade observations,28eb1a3f-1c15-4a95-931a-4af90ecb574d,6442063856
ficus religiosa,Ficus religiosa,5361935.0,5361935,18.51354,73.842117,1.7164216412556585,50c9509d-22c7-4a22-a47d-8c48425ef4a7,iNaturalist research-grade observations,28eb1a3f-1c15-4a95-931a-4af90ecb574d,6442096552
ficus religiosa,Ficus religiosa,5361935.0,5361935,18.512027,73.840673,1.929375245786184,50c9509d-22c7-4a22-a47d-8c48425ef4a7,iNaturalist research-grade observations,28eb1a3f-1c15-4a95-931a-4af90ecb574d,6442099419
ficus religiosa,Ficus religiosa,5361935.0,5361935,18.508766,73.837858,2.3707568518542987,50c9509d-22c7-4a22-a47d-8c48425ef4a7,iNaturalist research-grade observations,28eb1a3f-1c15-4a95-931a-4af90ecb574d,6451502919
pongamia pinnata,Pongamia pinnata,2965911.0,2965911,18.509182,73.838317,2.3049902504829065,50c9509d-22c7-4a22-a47d-8c48425ef4a7,iNaturalist research-grade observations,28eb1a3f-1c15-4a95-931a-4af90ecb574d,6451503896
pongamia pinnata,Pongamia pinnata,2965911.0,2965911,18.508187,73.837291,2.4560829537381013,50c9509d-22c7-4a22-a47d-8c48425ef4a7,iNaturalist research-grade observations,28eb1a3f-1c15-4a95-931a-4af90ecb574d,6451504850
samanea saman,Samanea saman,2972960.0,2972960,18.510285,73.839517,2.1324947418723603,50c9509d-22c7-4a22-a47d-8c48425ef4a7,iNaturalist research-grade observations,28eb1a3f-1c15-4a95-931a-4af90ecb574d,6451508874
vachellia nilotica,Vachellia nilotica,3974744.0,3974744,18.509498,73.838368,2.281606919617181,50c9509d-22c7-4a22-a47d-8c48425ef4a7,iNaturalist research-grade observations,28eb1a3f-1c15-4a95-931a-4af90ecb574d,6451523407
syzygium cumini,Syzygium cumini,3183840.0,3183840,18.509645,73.838644,2.248268173901424,50c9509d-22c7-4a22-a47d-8c48425ef4a7,iNaturalist research-grade observations,28eb1a3f-1c15-4a95-931a-4af90ecb574d,6451524765
ficus religiosa,Ficus religiosa,5361935.0,5361935,18.538493,73.843014,2.4757999046617005,50c9509d-22c7-4a22-a47d-8c48425ef4a7,iNaturalist research-grade observations,28eb1a3f-1c15-4a95-931a-4af90ecb574d,6451529641
ficus religiosa,Ficus religiosa,5361935.0,5361935,18.508745,73.837718,2.384409183638366,50c9509d-22c7-4a22-a47d-8c48425ef4a7,iNaturalist research-grade observations,28eb1a3f-1c15-4a95-931a-4af90ecb574d,6451536798
ficus religiosa,Ficus religiosa,5361935.0,5361935,18.508214,73.837155,2.4663932789476437,50c9509d-22c7-4a22-a47d-8c48425ef4a7,iNaturalist research-grade observations,28eb1a3f-1c15-4a95-931a-4af90ecb574d,6451540950
clitoria ternatea,Clitoria ternatea,2946519.0,2946519,18.549449,73.873279,3.672692662505888,50c9509d-22c7-4a22-a47d-8c48425ef4a7,iNaturalist research-grade observations,28eb1a3f-1c15-4a95-931a-4af90ecb574d,6451544577
pongamia pinnata,Pongamia pinnata,2965911.0,2965911,18.508797,73.83791,2.3642811012521614,50c9509d-22c7-4a22-a47d-8c48425ef4a7,iNaturalist research-grade observations,28eb1a3f-1c15-4a95-931a-4af90ecb574d,6451546734
pongamia pinnata,Pongamia pinnata,2965911.0,2965911,18.509306,73.838465,2.28440756088617,50c9509d-22c7-4a22-a47d-8c48425ef4a7,iNaturalist research-grade observations,28eb1a3f-1c15-4a95-931a-4af90ecb574d,6451546882
ulmus parvifolia,Ulmus parvifolia,5361869.0,5361869,18.510087,73.839246,2.168387423428705,50c9509d-22c7-4a22-a47d-8c48425ef4a7,iNaturalist research-grade observations,28eb1a3f-1c15-4a95-931a-4af90ecb574d,6451560880
solanum diphyllum,Solanum diphyllum,2931088.0,2931088,18.499589,73.800423,6.369250913443823,50c9509d-22c7-4a22-a47d-8c48425ef4a7,iNaturalist research-grade observations,28eb1a3f-1c15-4a95-931a-4af90ecb574d,6451576720
terminalia bellirica,Terminalia bellirica,3189390.0,3189390,18.554031,73.790458,7.921848304541266,50c9509d-22c7-4a22-a47d-8c48425ef4a7,iNaturalist research-grade observations,28eb1a3f-1c15-4a95-931a-4af90ecb574d,6451587003
delonix regia,Delonix regia,2956176.0,2956176,18.511009,73.839721,2.0725415431356926,50c9509d-22c7-4a22-a47d-8c48425ef4a7,iNaturalist research-grade observations,28eb1a3f-1c15-4a95-931a-4af90ecb574d,6451590330
muntingia calabura,Muntingia calabura,3152036.0,3152036,18.508656,73.837344,2.4229252333145554,50c9509d-22c7-4a22-a47d-8c48425ef4a7,iNaturalist research-grade observations,28eb1a3f-1c15-4a95-931a-4af90ecb574d,6451609507
terminalia catappa,Terminalia catappa,3189394.0,3189394,18.509762,73.838575,2.247557415988385,50c9509d-22c7-4a22-a47d-8c48425ef4a7,iNaturalist research-grade observations,28eb1a3f-1c15-4a95-931a-4af90ecb574d,6451619791
ficus racemosa,Ficus racemosa,5361904.0,5361904,18.504049,73.821274,4.154351633371777,50c9509d-22c7-4a22-a47d-8c48425ef4a7,iNaturalist research-grade observations,28eb1a3f-1c15-4a95-931a-4af90ecb574d,6451619819
portulaca quadrifida,Portulaca quadrifida,3084699.0,3084699,18.53484,73.826118,3.601994439283864,50c9509d-22c7-4a22-a47d-8c48425ef4a7,iNaturalist research-grade observations,28eb1a3f-1c15-4a95-931a-4af90ecb574d,6451620833
mimosa pudica,Mimosa pudica,2969284.0,2969284,18.492105,73.857644,3.1478390052114493,50c9509d-22c7-4a22-a47d-8c48425ef4a7,iNaturalist research-grade observations,28eb1a3f-1c15-4a95-931a-4af90ecb574d,6451631593
peltophorum pterocarpum,Peltophorum pterocarpum,2952775.0,2952775,18.510131,73.839173,2.1723479624410027,50c9509d-22c7-4a22-a47d-8c48425ef4a7,iNaturalist research-grade observations,28eb1a3f-1c15-4a95-931a-4af90ecb574d,6451632545
pongamia pinnata,Pongamia pinnata,2965911.0,2965911,18.509152,73.838325,2.306088628462682,50c9509d-22c7-4a22-a47d-8c48425ef4a7,iNaturalist research-grade observations,28eb1a3f-1c15-4a95-931a-4af90ecb574d,6451634417
cascabela thevetia,Cascabela thevetia,3169652.0,3169652,18.555903,73.790638,8.005662766321077,50c9509d-22c7-4a22-a47d-8c48425ef4a7,iNaturalist research-grade observations,28eb1a3f-1c15-4a95-931a-4af90ecb574d,6451638075
ficus benghalensis,Ficus benghalensis,5361919.0,5361919,18.5097,73.838658,2.2437691271534743,50c9509d-22c7-4a22-a47d-8c48425ef4a7,iNaturalist research-grade observations,28eb1a3f-1c15-4a95-931a-4af90ecb574d,6451640153
polyalthia longifolia,Polyalthia longifolia,3156422.0,3156422,18.509582,73.838402,2.273614700842759,50c9509d-22c7-4a22-a47d-8c48425ef4a7,iNaturalist research-grade observations,28eb1a3f-1c15-4a95-931a-4af90ecb574d,6451642976
ficus religiosa,Ficus religiosa,5361935.0,5361935,18.531839,73.843258,1.904315897141274,50c9509d-22c7-4a22-a47d-8c48425ef4a7,iNaturalist research-grade observations,28eb1a3f-1c15-4a95-931a-4af90ecb574d,6451643685
delonix regia,Delonix regia,2956176.0,2956176,18.510943,73.839692,2.078886273749538,50c9509d-22c7-4a22-a47d-8c48425ef4a7,iNaturalist research-grade observations,28eb1a3f-1c15-4a95-931a-4af90ecb574d,6451647035
ficus racemosa,Ficus racemosa,5361904.0,5361904,18.485983,73.811852,6.083599543349682,50c9509d-22c7-4a22-a47d-8c48425ef4a7,iNaturalist research-grade observations,28eb1a3f-1c15-4a95-931a-4af90ecb574d,6451647527
ficus religiosa,Ficus religiosa,5361935.0,5361935,18.50978,73.838777,2.2284138854171003,50c9509d-22c7-4a22-a47d-8c48425ef4a7,iNaturalist research-grade observations,28eb1a3f-1c15-4a95-931a-4af90ecb574d,6451648657
samanea saman,Samanea saman,2972960.0,2972960,18.509535,73.838346,2.281390850716759,50c9509d-22c7-4a22-a47d-8c48425ef4a7,iNaturalist research-grade observations,28eb1a3f-1c15-4a95-931a-4af90ecb574d,6451655979
syzygium cumini,Syzygium cumini,3183840.0,3183840,18.510262,73.839307,2.1526768031633026,50c9509d-22c7-4a22-a47d-8c48425ef4a7,iNaturalist research-grade observations,28eb1a3f-1c15-4a95-931a-4af90ecb574d,6451657657
combretum indicum,Combretum indicum,12203608.0,12203608,18.482557,73.852818,4.2278192464117605,50c9509d-22c7-4a22-a47d-8c48425ef4a7,iNaturalist research-grade observations,28eb1a3f-1c15-4a95-931a-4af90ecb574d,6451659465
ficus religiosa,Ficus religiosa,5361935.0,5361935,18.509781,73.838546,2.2490479810825152,50c9509d-22c7-4a22-a47d-8c48425ef4a7,iNaturalist research-grade observations,28eb1a3f-1c15-4a95-931a-4af90ecb574d,6451665575
samanea saman,Samanea saman,2972960.0,2972960,18.512802,73.841155,1.8439782631745674,50c9509d-22c7-4a22-a47d-8c48425ef4a7,iNaturalist research-grade observations,28eb1a3f-1c15-4a95-931a-4af90ecb574d,6451665743
pongamia pinnata,Pongamia pinnata,2965911.0,2965911,18.509347,73.8385,2.278840163173465,50c9509d-22c7-4a22-a47d-8c48425ef4a7,iNaturalist research-grade observations,28eb1a3f-1c15-4a95-931a-4af90ecb574d,6451673448
cordia sebestena,Cordia sebestena,5341289.0,5341289,18.486057,73.811884,6.0758009886123,50c9509d-22c7-4a22-a47d-8c48425ef4a7,iNaturalist research-grade observations,28eb1a3f-1c15-4a95-931a-4af90ecb574d,6451673745
holoptelea integrifolia,Holoptelea integrifolia,4160169.0,4160169,18.509704,73.838899,2.222027603217199,50c9509d-22c7-4a22-a47d-8c48425ef4a7,iNaturalist research-grade observations,28eb1a3f-1c15-4a95-931a-4af90ecb574d,6451673911
terminalia catappa,Terminalia catappa,3189394.0,3189394,18.50964,73.838699,2.243656041042438,50c9509d-22c7-4a22-a47d-8c48425ef4a7,iNaturalist research-grade observations,28eb1a3f-1c15-4a95-931a-4af90ecb574d,6451683620
terminalia catappa,Terminalia catappa,3189394.0,3189394,18.509803,73.838855,2.220085016167311,50c9509d-22c7-4a22-a47d-8c48425ef4a7,iNaturalist research-grade observations,28eb1a3f-1c15-4a95-931a-4af90ecb574d,6451683742
ficus racemosa,Ficus racemosa,5361904.0,5361904,18.531729,73.843324,1.8909729580330603,50c9509d-22c7-4a22-a47d-8c48425ef4a7,iNaturalist research-grade observations,28eb1a3f-1c15-4a95-931a-4af90ecb574d,6451689398
terminalia neotaliala,Terminalia neotaliala,3699469.0,3699469,18.486121,73.811798,6.07839117501033,50c9509d-22c7-4a22-a47d-8c48425ef4a7,iNaturalist research-grade observations,28eb1a3f-1c15-4a95-931a-4af90ecb574d,6451691948
tabernaemontana divaricata,Tabernaemontana divaricata,3169625.0,3169625,18.486229,73.853907,3.811043947918715,50c9509d-22c7-4a22-a47d-8c48425ef4a7,iNaturalist research-grade observations,28eb1a3f-1c15-4a95-931a-4af90ecb574d,6451696571
polyalthia longifolia,Polyalthia longifolia,3156422.0,3156422,18.508457,73.84062,2.1536549586585725,50c9509d-22c7-4a22-a47d-8c48425ef4a7,iNaturalist research-grade observations,28eb1a3f-1c15-4a95-931a-4af90ecb574d,6451712555
ficus religiosa,Ficus religiosa,5361935.0,5361935,18.509915,73.838875,2.211707357886334,50c9509d-22c7-4a22-a47d-8c48425ef4a7,iNaturalist research-grade observations,28eb1a3f-1c15-4a95-931a-4af90ecb574d,6451724746
ficus religiosa,Ficus religiosa,5361935.0,5361935,18.509995,73.839428,2.1575933117651123,50c9509d-22c7-4a22-a47d-8c48425ef4a7,iNaturalist research-grade observations,28eb1a3f-1c15-4a95-931a-4af90ecb574d,6451725622
cordia sebestena,Cordia sebestena,5341289.0,5341289,18.485894,73.811639,6.107288819391575,50c9509d-22c7-4a22-a47d-8c48425ef4a7,iNaturalist research-grade observations,28eb1a3f-1c15-4a95-931a-4af90ecb574d,6451730482
ficus religiosa,Ficus religiosa,5361935.0,5361935,18.509615,73.838722,2.2430900028484024,50c9509d-22c7-4a22-a47d-8c48425ef4a7,iNaturalist research-grade observations,28eb1a3f-1c15-4a95-931a-4af90ecb574d,6451731055
plumeria rubra,Plumeria rubra,3169674.0,3169674,18.450408,73.893569,8.699941477927531,50c9509d-22c7-4a22-a47d-8c48425ef4a7,iNaturalist research-grade observations,28eb1a3f-1c15-4a95-931a-4af90ecb574d,6451735165
ficus benjamina,Ficus benjamina,5361932.0,5361932,18.491498,73.815316,5.419459303638633,50c9509d-22c7-4a22-a47d-8c48425ef4a7,iNaturalist research-grade observations,28eb1a3f-1c15-4a95-931a-4af90ecb574d,6451746562
pongamia pinnata,Pongamia pinnata,2965911.0,2965911,18.50933,73.838525,2.277641973031576,50c9509d-22c7-4a22-a47d-8c48425ef4a7,iNaturalist research-grade observations,28eb1a3f-1c15-4a95-931a-4af90ecb574d,6451751370
cordia sebestena,Cordia sebestena,5341289.0,5341289,18.485993,73.811703,6.095122825769196,50c9509d-22c7-4a22-a47d-8c48425ef4a7,iNaturalist research-grade observations,28eb1a3f-1c15-4a95-931a-4af90ecb574d,6451757047
ficus religiosa,Ficus religiosa,5361935.0,5361935,18.50847,73.837316,2.4366114611658416,50c9509d-22c7-4a22-a47d-8c48425ef4a7,iNaturalist research-grade observations,28eb1a3f-1c15-4a95-931a-4af90ecb574d,6451765760
eclipta prostrata,Eclipta prostrata,5384950.0,5384950,18.564036,73.7875,8.761497487283537,50c9509d-22c7-4a22-a47d-8c48425ef4a7,iNaturalist research-grade observations,28eb1a3f-1c15-4a95-931a-4af90ecb574d,6451770021
ficus religiosa,Ficus religiosa,5361935.0,5361935,18.509867,73.838723,2.2281437995192697,50c9509d-22c7-4a22-a47d-8c48425ef4a7,iNaturalist research-grade observations,28eb1a3f-1c15-4a95-931a-4af90ecb574d,6451778597
pongamia pinnata,Pongamia pinnata,2965911.0,2965911,18.509485,73.83847,2.273274360835828,50c9509d-22c7-4a22-a47d-8c48425ef4a7,iNaturalist research-grade observations,28eb1a3f-1c15-4a95-931a-4af90ecb574d,6451779390
ficus benghalensis,Ficus benghalensis,5361919.0,5361919,18.510785,73.839563,2.0995234267482843,50c9509d-22c7-4a22-a47d-8c48425ef4a7,iNaturalist research-grade observations,28eb1a3f-1c15-4a95-931a-4af90ecb574d,6451783516
samanea saman,Samanea saman,2972960.0,2972960,18.51108,73.840177,2.0271066344411923,50c9509d-22c7-4a22-a47d-8c48425ef4a7,iNaturalist research-grade observations,28eb1a3f-1c15-4a95-931a-4af90ecb574d,6451786003
cordia sebestena,Cordia sebestena,5341289.0,5341289,18.486097,73.811854,6.075467934152676,50c9509d-22c7-4a22-a47d-8c48425ef4a7,iNaturalist research-grade observations,28eb1a3f-1c15-4a95-931a-4af90ecb574d,6451797983
pithecellobium dulce,Pithecellobium dulce,2962831.0,2962831,18.508185,73.837374,2.4489190261677716,50c9509d-22c7-4a22-a47d-8c48425ef4a7,iNaturalist research-grade observations,28eb1a3f-1c15-4a95-931a-4af90ecb574d,6451798861
pithecellobium dulce,Pithecellobium dulce,2962831.0,2962831,18.51158,73.839935,2.021525711431654,50c9509d-22c7-4a22-a47d-8c48425ef4a7,iNaturalist research-grade observations,28eb1a3f-1c15-4a95-931a-4af90ecb574d,6451800831
lantana camara,Lantana camara,2925303.0,2925303,18.554031,73.790458,7.921848304541266,50c9509d-22c7-4a22-a47d-8c48425ef4a7,iNaturalist research-grade observations,28eb1a3f-1c15-4a95-931a-4af90ecb574d,6451809742
holoptelea integrifolia,Holoptelea integrifolia,4160169.0,4160169,18.509422,73.838562,2.268839710572136,50c9509d-22c7-4a22-a47d-8c48425ef4a7,iNaturalist research-grade observations,28eb1a3f-1c15-4a95-931a-4af90ecb574d,6451810100
campanula dimorphantha,Campanula dimorphantha,5410893.0,5410893,18.366014,73.75785,20.085529879526533,50c9509d-22c7-4a22-a47d-8c48425ef4a7,iNaturalist research-grade observations,28eb1a3f-1c15-4a95-931a-4af90ecb574d,5938028595
mussaenda erythrophylla,Mussaenda erythrophylla,2892634.0,2892634,18.554031,73.790458,7.921848304541266,50c9509d-22c7-4a22-a47d-8c48425ef4a7,iNaturalist research-grade observations,28eb1a3f-1c15-4a95-931a-4af90ecb574d,5938147585
cullen corylifolium,Cullen corylifolium,2948930.0,2948930,18.481384,73.811531,6.442650815469846,50c9509d-22c7-4a22-a47d-8c48425ef4a7,iNaturalist research-grade observations,28eb1a3f-1c15-4a95-931a-4af90ecb574d,5938436310
mangifera indica,Mangifera indica,3190638.0,3190638,18.545303,73.784448,8.105130854278887,50c9509d-22c7-4a22-a47d-8c48425ef4a7,iNaturalist research-grade observations,28eb1a3f-1c15-4a95-931a-4af90ecb574d,5938486155
evolvulus alsinoides,Evolvulus alsinoides,2928673.0,2928673,18.432046,73.788844,12.154608632405086,50c9509d-22c7-4a22-a47d-8c48425ef4a7,iNaturalist research-grade observations,28eb1a3f-1c15-4a95-931a-4af90ecb574d,5938538539
senna uniflora,Senna uniflora,2957498.0,2957498,18.434464,73.787646,12.014462934863998,50c9509d-22c7-4a22-a47d-8c48425ef4a7,iNaturalist research-grade observations,28eb1a3f-1c15-4a95-931a-4af90ecb574d,5938569826
striga gesnerioides,Striga gesnerioides,3171158.0,3171158,18.364963,73.760286,20.053993267255855,50c9509d-22c7-4a22-a47d-8c48425ef4a7,iNaturalist research-grade observations,28eb1a3f-1c15-4a95-931a-4af90ecb574d,5938599676
amaranthus spinosus,Amaranthus spinosus,5384401.0,5384401,18.48147,73.811333,6.451680593912348,50c9509d-22c7-4a22-a47d-8c48425ef4a7,iNaturalist research-grade observations,28eb1a3f-1c15-4a95-931a-4af90ecb574d,5938628126
indigofera linifolia,Indigofera linifolia,2971525.0,2971525,18.431687,73.788864,12.185663635465556,50c9509d-22c7-4a22-a47d-8c48425ef4a7,iNaturalist research-grade observations,28eb1a3f-1c15-4a95-931a-4af90ecb574d,5938643961
ipomoea triloba,Ipomoea triloba,2928547.0,2928547,18.481304,73.811554,6.44685402215644,50c9509d-22c7-4a22-a47d-8c48425ef4a7,iNaturalist research-grade observations,28eb1a3f-1c15-4a95-931a-4af90ecb574d,5938695179
plumbago zeylanica,Plumbago zeylanica,3082282.0,3082282,18.364865,73.760148,20.07077012179627,50c9509d-22c7-4a22-a47d-8c48425ef4a7,iNaturalist research-grade observations,28eb1a3f-1c15-4a95-931a-4af90ecb574d,5938716376
tridax procumbens,Tridax procumbens,3149462.0,3149462,18.649778,73.76936,17.079244119001142,50c9509d-22c7-4a22-a47d-8c48425ef4a7,iNaturalist research-grade observations,28eb1a3f-1c15-4a95-931a-4af90ecb574d,6129838793
alstonia scholaris,Alstonia scholaris,5414410.0,5414410,18.533693,73.729305,13.512629385609582,50c9509d-22c7-4a22-a47d-8c48425ef4a7,iNaturalist research-grade observations,28eb1a3f-1c15-4a95-931a-4af90ecb574d,6129882130
calotropis gigantea,Calotropis gigantea,3579089.0,3579089,18.535236,73.728003,13.668670588985105,50c9509d-22c7-4a22-a47d-8c48425ef4a7,iNaturalist research-grade observations,28eb1a3f-1c15-4a95-931a-4af90ecb574d,6129902312
peltophorum pterocarpum,Peltophorum pterocarpum,2952775.0,2952775,18.491797,73.813492,5.5563908794591566,50c9509d-22c7-4a22-a47d-8c48425ef4a7,iNaturalist research-grade observations,28eb1a3f-1c15-4a95-931a-4af90ecb574d,6129908104
foeniculum vulgare,Foeniculum vulgare,3034922.0,3034922,18.525003,73.82414,3.4709070712963768,50c9509d-22c7-4a22-a47d-8c48425ef4a7,iNaturalist research-grade observations,28eb1a3f-1c15-4a95-931a-4af90ecb574d,6129913832
calotropis gigantea,Calotropis gigantea,3579089.0,3579089,18.537157,73.716341,14.915061734921,50c9509d-22c7-4a22-a47d-8c48425ef4a7,iNaturalist research-grade observations,28eb1a3f-1c15-4a95-931a-4af90ecb574d,6129948914
ipomoea aquatica,Ipomoea aquatica,2928525.0,2928525,18.530073,73.817494,4.271266228786539,50c9509d-22c7-4a22-a47d-8c48425ef4a7,iNaturalist research-grade observations,28eb1a3f-1c15-4a95-931a-4af90ecb574d,6129983503
ipomoea carnea,Ipomoea carnea,2928590.0,3682029,18.532022,73.816268,4.454438271409289,50c9509d-22c7-4a22-a47d-8c48425ef4a7,iNaturalist research-grade observations,28eb1a3f-1c15-4a95-931a-4af90ecb574d,6129987965
eleusine indica,Eleusine indica,2705953.0,2705953,18.483832,73.825676,5.218806084140524,50c9509d-22c7-4a22-a47d-8c48425ef4a7,iNaturalist research-grade observations,28eb1a3f-1c15-4a95-931a-4af90ecb574d,6129997373
calotropis gigantea,Calotropis gigantea,3579089.0,3579089,18.535211,73.728036,13.664882451397087,50c9509d-22c7-4a22-a47d-8c48425ef4a7,iNaturalist research-grade observations,28eb1a3f-1c15-4a95-931a-4af90ecb574d,6130013925
calotropis gigantea,Calotropis gigantea,3579089.0,3579089,18.535244,73.728045,13.664381944429412,50c9509d-22c7-4a22-a47d-8c48425ef4a7,iNaturalist research-grade observations,28eb1a3f-1c15-4a95-931a-4af90ecb574d,6130029268
vachellia farnesiana,Vachellia farnesiana,2979265.0,2979265,18.556125,73.953014,10.903335517838155,50c9509d-22c7-4a22-a47d-8c48425ef4a7,iNaturalist research-grade observations,28eb1a3f-1c15-4a95-931a-4af90ecb574d,6130042624
lantana camara,Lantana camara,2925303.0,2925303,18.525906,73.655154,21.258750522948844,50c9509d-22c7-4a22-a47d-8c48425ef4a7,iNaturalist research-grade observations,28eb1a3f-1c15-4a95-931a-4af90ecb574d,6130057191
bougainvillea spectabilis,Bougainvillea spectabilis,7167078.0,7167078,18.535767,73.722345,14.267953567281696,50c9509d-22c7-4a22-a47d-8c48425ef4a7,iNaturalist research-grade observations,28eb1a3f-1c15-4a95-931a-4af90ecb574d,6130110735
thunbergia fragrans,Thunbergia fragrans,5415458.0,5415458,18.544623,73.785759,7.949447532515832,50c9509d-22c7-4a22-a47d-8c48425ef4a7,iNaturalist research-grade observations,28eb1a3f-1c15-4a95-931a-4af90ecb574d,6130268919
calotropis gigantea,Calotropis gigantea,3579089.0,3579089,18.535231,73.728011,13.667766403348072,50c9509d-22c7-4a22-a47d-8c48425ef4a7,iNaturalist research-grade observations,28eb1a3f-1c15-4a95-931a-4af90ecb574d,6130273056
tridax procumbens,Tridax procumbens,3149462.0,3149462,18.554607,73.787065,8.268181210721952,50c9509d-22c7-4a22-a47d-8c48425ef4a7,iNaturalist research-grade observations,28eb1a3f-1c15-4a95-931a-4af90ecb574d,6130308146
calotropis gigantea,Calotropis gigantea,3579089.0,3579089,18.536832,73.723474,14.164530375550566,50c9509d-22c7-4a22-a47d-8c48425ef4a7,iNaturalist research-grade observations,28eb1a3f-1c15-4a95-931a-4af90ecb574d,6130377537
calotropis gigantea,Calotropis gigantea,3579089.0,3579089,18.535182,73.728152,13.652354123414074,50c9509d-22c7-4a22-a47d-8c48425ef4a7,iNaturalist research-grade observations,28eb1a3f-1c15-4a95-931a-4af90ecb574d,6130390270
blumea axillaris,Blumea axillaris,5395843.0,5395843,18.591349,73.780365,11.268999526059085,50c9509d-22c7-4a22-a47d-8c48425ef4a7,iNaturalist research-grade observations,28eb1a3f-1c15-4a95-931a-4af90ecb574d,6130394989
ricinus communis,Ricinus communis,5380041.0,5380041,18.572192,73.739511,13.630489813254199,50c9509d-22c7-4a22-a47d-8c48425ef4a7,iNaturalist research-grade observations,28eb1a3f-1c15-4a95-931a-4af90ecb574d,6130414530
ficus hispida,Ficus hispida,7879404.0,7879404,18.496613,73.828172,4.00557876420171,50c9509d-22c7-4a22-a47d-8c48425ef4a7,iNaturalist research-grade observations,28eb1a3f-1c15-4a95-931a-4af90ecb574d,6130420252
cocos nucifera,Cocos nucifera,2735117.0,2735117,18.567553,73.826177,6.15183917048378,50c9509d-22c7-4a22-a47d-8c48425ef4a7,iNaturalist research-grade observations,28eb1a3f-1c15-4a95-931a-4af90ecb574d,6130431321
lantana montevidensis,Lantana montevidensis,2925314.0,2925314,18.672693,73.745713,20.581163439729696,50c9509d-22c7-4a22-a47d-8c48425ef4a7,iNaturalist research-grade observations,28eb1a3f-1c15-4a95-931a-4af90ecb574d,6130447200
thunbergia erecta,Thunbergia erecta,5415461.0,5415461,18.512319,73.782092,7.917734918648372,50c9509d-22c7-4a22-a47d-8c48425ef4a7,iNaturalist research-grade observations,28eb1a3f-1c15-4a95-931a-4af90ecb574d,6130473152
calotropis gigantea,Calotropis gigantea,3579089.0,3579089,18.535185,73.728115,13.656266768756206,50c9509d-22c7-4a22-a47d-8c48425ef4a7,iNaturalist research-grade observations,28eb1a3f-1c15-4a95-931a-4af90ecb574d,6130524481
achyranthes aspera,Achyranthes aspera,3085168.0,3085168,18.563289,73.794732,8.08839047449541,50c9509d-22c7-4a22-a47d-8c48425ef4a7,iNaturalist research-grade observations,28eb1a3f-1c15-4a95-931a-4af90ecb574d,6130528491
alstonia scholaris,Alstonia scholaris,5414410.0,5414410,18.533747,73.729288,13.515066924630826,50c9509d-22c7-4a22-a47d-8c48425ef4a7,iNaturalist research-grade observations,28eb1a3f-1c15-4a95-931a-4af90ecb574d,6130556664
rungia elegans,Rungia elegans,3780489.0,3780489,18.527992,73.816017,4.371655801213105,50c9509d-22c7-4a22-a47d-8c48425ef4a7,iNaturalist research-grade observations,28eb1a3f-1c15-4a95-931a-4af90ecb574d,6130592514
gliricidia sepium,Gliricidia sepium,8082978.0,8082978,18.524448,73.831565,2.688065583046758,50c9509d-22c7-4a22-a47d-8c48425ef4a7,iNaturalist research-grade observations,28eb1a3f-1c15-4a95-931a-4af90ecb574d,6130652703
calotropis gigantea,Calotropis gigantea,3579089.0,3579089,18.535415,73.728168,13.65381419568075,50c9509d-22c7-4a22-a47d-8c48425ef4a7,iNaturalist research-grade observations,28eb1a3f-1c15-4a95-931a-4af90ecb574d,6130654511
tectona grandis,Tectona grandis,2925649.0,2925649,18.37569,73.766837,18.67537638756722,50c9509d-22c7-4a22-a47d-8c48425ef4a7,iNaturalist research-grade observations,28eb1a3f-1c15-4a95-931a-4af90ecb574d,6130681089
alstonia scholaris,Alstonia scholaris,5414410.0,5414410,18.533729,73.729426,13.500386184888425,50c9509d-22c7-4a22-a47d-8c48425ef4a7,iNaturalist research-grade observations,28eb1a3f-1c15-4a95-931a-4af90ecb574d,6130686765
calotropis gigantea,Calotropis gigantea,3579089.0,3579089,18.535249,73.727996,13.669577234249834,50c9509d-22c7-4a22-a47d-8c48425ef4a7,iNaturalist research-grade observations,28eb1a3f-1c15-4a95-931a-4af90ecb574d,6130757814
woodfordia fruticosa,Woodfordia fruticosa,5635525.0,5635525,18.528219,73.816425,4.334446057361226,50c9509d-22c7-4a22-a47d-8c48425ef4a7,iNaturalist research-grade observations,28eb1a3f-1c15-4a95-931a-4af90ecb574d,6130757980
phoenix sylvestris,Phoenix sylvestris,5293177.0,5293177,18.567601,73.824268,6.263927162521233,50c9509d-22c7-4a22-a47d-8c48425ef4a7,iNaturalist research-grade observations,28eb1a3f-1c15-4a95-931a-4af90ecb574d,6130784949
operculina turpethum,Operculina turpethum,5341747.0,5341747,18.643611,73.816378,14.344473388070675,50c9509d-22c7-4a22-a47d-8c48425ef4a7,iNaturalist research-grade observations,28eb1a3f-1c15-4a95-931a-4af90ecb574d,6130813314
bougainvillea spectabilis,Bougainvillea spectabilis,7167078.0,7167078,18.535234,73.728004,13.668539167723436,50c9509d-22c7-4a22-a47d-8c48425ef4a7,iNaturalist research-grade observations,28eb1a3f-1c15-4a95-931a-4af90ecb574d,6130814969
calotropis gigantea,Calotropis gigantea,3579089.0,3579089,18.535245,73.728047,13.664186017943427,50c9509d-22c7-4a22-a47d-8c48425ef4a7,iNaturalist research-grade observations,28eb1a3f-1c15-4a95-931a-4af90ecb574d,6130832502
calotropis gigantea,Calotropis gigantea,3579089.0,3579089,18.538765,73.727638,13.759477479361228,50c9509d-22c7-4a22-a47d-8c48425ef4a7,iNaturalist research-grade observations,28eb1a3f-1c15-4a95-931a-4af90ecb574d,6130851481
catharanthus roseus,Catharanthus roseus,3169830.0,3169830,18.522379,73.829853,2.83917418681814,50c9509d-22c7-4a22-a47d-8c48425ef4a7,iNaturalist research-grade observations,28eb1a3f-1c15-4a95-931a-4af90ecb574d,6130864795
alternanthera sessilis,Alternanthera sessilis,3084939.0,3084939,18.380279,73.767643,18.193447122768358,50c9509d-22c7-4a22-a47d-8c48425ef4a7,iNaturalist research-grade observations,28eb1a3f-1c15-4a95-931a-4af90ecb574d,6130879277
dichrostachys cinerea,Dichrostachys cinerea,2975891.0,2975891,18.555388,73.788681,8.158329514343189,50c9509d-22c7-4a22-a47d-8c48425ef4a7,iNaturalist research-grade observations,28eb1a3f-1c15-4a95-931a-4af90ecb574d,6130898267
bougainvillea spectabilis,Bougainvillea spectabilis,7167078.0,7167078,18.492513,73.814095,5.458750550605367,50c9509d-22c7-4a22-a47d-8c48425ef4a7,iNaturalist research-grade observations,28eb1a3f-1c15-4a95-931a-4af90ecb574d,6130924663
muntingia calabura,Muntingia calabura,3152036.0,3152036,18.682886,73.746315,21.488776782969207,50c9509d-22c7-4a22-a47d-8c48425ef4a7,iNaturalist research-grade observations,28eb1a3f-1c15-4a95-931a-4af90ecb574d,6130944317
nymphoides hydrophylla,Nymphoides hydrophylla,5592249.0,5592249,18.530063,73.817572,4.263027666527978,50c9509d-22c7-4a22-a47d-8c48425ef4a7,iNaturalist research-grade observations,28eb1a3f-1c15-4a95-931a-4af90ecb574d,6130966752
syzygium cumini,Syzygium cumini,3183840.0,3183840,18.56739,73.824247,6.24549506995473,50c9509d-22c7-4a22-a47d-8c48425ef4a7,iNaturalist research-grade observations,28eb1a3f-1c15-4a95-931a-4af90ecb574d,6131061183
alstonia scholaris,Alstonia scholaris,5414410.0,5414410,18.536192,73.732991,13.160499873371506,50c9509d-22c7-4a22-a47d-8c48425ef4a7,iNaturalist research-grade observations,28eb1a3f-1c15-4a95-931a-4af90ecb574d,6131074208
calotropis gigantea,Calotropis gigantea,3579089.0,3579089,18.53522,73.728002,13.668561271689809,50c9509d-22c7-4a22-a47d-8c48425ef4a7,iNaturalist research-grade observations,28eb1a3f-1c15-4a95-931a-4af90ecb574d,6131111998
broussonetia papyrifera,Broussonetia papyrifera,5361944.0,5361944,18.556854,73.78892,8.215359751153027,50c9509d-22c7-4a22-a47d-8c48425ef4a7,iNaturalist research-grade observations,28eb1a3f-1c15-4a95-931a-4af90ecb574d,6131119438
chromolaena odorata,Chromolaena odorata,3087725.0,3087725,18.55518,73.788341,8.17889605634213,50c9509d-22c7-4a22-a47d-8c48425ef4a7,iNaturalist research-grade observations,28eb1a3f-1c15-4a95-931a-4af90ecb574d,6131153819
pterospermum acerifolium,Pterospermum acerifolium,3669210.0,3669210,18.551555,73.785476,8.269525588923406,50c9509d-22c7-4a22-a47d-8c48425ef4a7,iNaturalist research-grade observations,28eb1a3f-1c15-4a95-931a-4af90ecb574d,6131182033
polyalthia longifolia,Polyalthia longifolia,3156422.0,3156422,18.568168,73.82578,6.2320116773263265,50c9509d-22c7-4a22-a47d-8c48425ef4a7,iNaturalist research-grade observations,28eb1a3f-1c15-4a95-931a-4af90ecb574d,6131189641
tridax procumbens,Tridax procumbens,3149462.0,3149462,18.535558,73.728203,13.652100172973245,50c9509d-22c7-4a22-a47d-8c48425ef4a7,iNaturalist research-grade observations,28eb1a3f-1c15-4a95-931a-4af90ecb574d,6131209244
crassocephalum crepidioides,Crassocephalum crepidioides,3115443.0,3115443,18.41851,73.799806,12.820573333334616,50c9509d-22c7-4a22-a47d-8c48425ef4a7,iNaturalist research-grade observations,28eb1a3f-1c15-4a95-931a-4af90ecb574d,6131210475
solanum lycopersicum,Solanum lycopersicum,2930137.0,2930137,18.565486,73.795858,8.140910956823287,50c9509d-22c7-4a22-a47d-8c48425ef4a7,iNaturalist research-grade observations,28eb1a3f-1c15-4a95-931a-4af90ecb574d,6131242890
argemone mexicana,Argemone mexicana,2888485.0,2888485,18.565617,73.79591,8.145573782838644,50c9509d-22c7-4a22-a47d-8c48425ef4a7,iNaturalist research-grade observations,28eb1a3f-1c15-4a95-931a-4af90ecb574d,6131268712
helicteres isora,Helicteres isora,5546922.0,5546922,18.37481,73.769793,18.60416506835523,50c9509d-22c7-4a22-a47d-8c48425ef4a7,iNaturalist research-grade observations,28eb1a3f-1c15-4a95-931a-4af90ecb574d,6131272639
asclepias curassavica,Asclepias curassavica,3170241.0,3170241,18.564322,73.795436,8.097307482495362,50c9509d-22c7-4a22-a47d-8c48425ef4a7,iNaturalist research-grade observations,28eb1a3f-1c15-4a95-931a-4af90ecb574d,6131290972
cocos nucifera,Cocos nucifera,2735117.0,2735117,18.566528,73.825241,6.108008272499607,50c9509d-22c7-4a22-a47d-8c48425ef4a7,iNaturalist research-grade observations,28eb1a3f-1c15-4a95-931a-4af90ecb574d,6131317641
calotropis gigantea,Calotropis gigantea,3579089.0,3579089,18.557673,73.789735,8.186447820841735,50c9509d-22c7-4a22-a47d-8c48425ef4a7,iNaturalist research-grade observations,28eb1a3f-1c15-4a95-931a-4af90ecb574d,6131385506
samanea saman,Samanea saman,2972960.0,2972960,18.514242,73.838478,2.039668035328577,50c9509d-22c7-4a22-a47d-8c48425ef4a7,iNaturalist research-grade observations,28eb1a3f-1c15-4a95-931a-4af90ecb574d,6131403571
chromolaena odorata,Chromolaena odorata,3087725.0,3087725,18.536527,73.725536,13.944585942029194,50c9509d-22c7-4a22-a47d-8c48425ef4a7,iNaturalist research-grade observations,28eb1a3f-1c15-4a95-931a-4af90ecb574d,6131420391
calotropis gigantea,Calotropis gigantea,3579089.0,3579089,18.535128,73.727995,13.66806803092603,50c9509d-22c7-4a22-a47d-8c48425ef4a7,iNaturalist research-grade observations,28eb1a3f-1c15-4a95-931a-4af90ecb574d,6131464399
mangifera indica,Mangifera indica,3190638.0,3190638,18.567454,73.827478,6.071734662259856,50c9509d-22c7-4a22-a47d-8c48425ef4a7,iNaturalist research-grade observations,28eb1a3f-1c15-4a95-931a-4af90ecb574d,6131483835
solanum hovei,Solanum hovei,2931972.0,2931972,18.380279,73.767643,18.193447122768358,50c9509d-22c7-4a22-a47d-8c48425ef4a7,iNaturalist research-grade observations,28eb1a3f-1c15-4a95-931a-4af90ecb574d,6131493692
gliricidia sepium,Gliricidia sepium,8082978.0,8082978,18.537972,73.727486,13.762561492964377,50c9509d-22c7-4a22-a47d-8c48425ef4a7,iNaturalist research-grade observations,28eb1a3f-1c15-4a95-931a-4af90ecb574d,6131642401
calotropis gigantea,Calotropis gigantea,3579089.0,3579089,18.536527,73.725536,13.944585942029194,50c9509d-22c7-4a22-a47d-8c48425ef4a7,iNaturalist research-grade observations,28eb1a3f-1c15-4a95-931a-4af90ecb574d,6131685290
celosia argentea,Celosia argentea,3085191.0,3085191,18.527992,73.816017,4.371655801213105,50c9509d-22c7-4a22-a47d-8c48425ef4a7,iNaturalist research-grade observations,28eb1a3f-1c15-4a95-931a-4af90ecb574d,6131700127
asclepias curassavica,Asclepias curassavica,3170241.0,3170241,18.715373,73.784091,22.990556146300758,50c9509d-22c7-4a22-a47d-8c48425ef4a7,iNaturalist research-grade observations,28eb1a3f-1c15-4a95-931a-4af90ecb574d,6133074198
phyllanthus emblica,Phyllanthus emblica,5381660.0,5381660,18.522235,73.731826,13.167769599785865,50c9509d-22c7-4a22-a47d-8c48425ef4a7,iNaturalist research-grade observations,28eb1a3f-1c15-4a95-931a-4af90ecb574d,6133094044
delonix regia,Delonix regia,2956176.0,2956176,18.533725,73.729378,13.50536770628831,50c9509d-22c7-4a22-a47d-8c48425ef4a7,iNaturalist research-grade observations,28eb1a3f-1c15-4a95-931a-4af90ecb574d,6133127414
solanum torvum,Solanum torvum,2932389.0,2932389,18.48192,73.812141,6.354957445620521,50c9509d-22c7-4a22-a47d-8c48425ef4a7,iNaturalist research-grade observations,28eb1a3f-1c15-4a95-931a-4af90ecb574d,6133133586
butea monosperma,Butea monosperma,8234570.0,8234570,18.523308,73.731738,13.179392978396217,50c9509d-22c7-4a22-a47d-8c48425ef4a7,iNaturalist research-grade observations,28eb1a3f-1c15-4a95-931a-4af90ecb574d,6133146691
crotalaria pallida,Crotalaria pallida,8260433.0,8260433,18.481342,73.811417,6.4546848668005365,50c9509d-22c7-4a22-a47d-8c48425ef4a7,iNaturalist research-grade observations,28eb1a3f-1c15-4a95-931a-4af90ecb574d,6133167604
ficus benghalensis,Ficus benghalensis,5361919.0,5361919,18.631083,73.782639,14.574252015852773,50c9509d-22c7-4a22-a47d-8c48425ef4a7,iNaturalist research-grade observations,28eb1a3f-1c15-4a95-931a-4af90ecb574d,6133176345
tabebuia rosea,Tabebuia rosea,3172537.0,3172537,18.459872,73.856425,6.730478294179315,50c9509d-22c7-4a22-a47d-8c48425ef4a7,iNaturalist research-grade observations,28eb1a3f-1c15-4a95-931a-4af90ecb574d,6133183446
celosia argentea,Celosia argentea,3085191.0,3085191,18.534778,73.731871,13.257712620816708,50c9509d-22c7-4a22-a47d-8c48425ef4a7,iNaturalist research-grade observations,28eb1a3f-1c15-4a95-931a-4af90ecb574d,6133223324
alternanthera bettzickiana,Alternanthera bettzickiana,8189919.0,8189919,18.483422,73.825764,5.248634865522525,50c9509d-22c7-4a22-a47d-8c48425ef4a7,iNaturalist research-grade observations,28eb1a3f-1c15-4a95-931a-4af90ecb574d,6133276697
mangifera indica,Mangifera indica,3190638.0,3190638,18.459762,73.857222,6.742871977693079,50c9509d-22c7-4a22-a47d-8c48425ef4a7,iNaturalist research-grade observations,28eb1a3f-1c15-4a95-931a-4af90ecb574d,6133395836
cosmos sulphureus,Cosmos sulphureus,3098951.0,3098951,18.48793,73.800787,6.913498409702522,50c9509d-22c7-4a22-a47d-8c48425ef4a7,iNaturalist research-grade observations,28eb1a3f-1c15-4a95-931a-4af90ecb574d,6133397521
spathodea campanulata,Spathodea campanulata,3172574.0,3172574,18.460062,73.857317,6.709604242465484,50c9509d-22c7-4a22-a47d-8c48425ef4a7,iNaturalist research-grade observations,28eb1a3f-1c15-4a95-931a-4af90ecb574d,6133418317
kigelia africana,Kigelia africana,3172561.0,3172561,18.49603,73.831307,3.809507304887128,50c9509d-22c7-4a22-a47d-8c48425ef4a7,iNaturalist research-grade observations,28eb1a3f-1c15-4a95-931a-4af90ecb574d,6133446217
ocimum kilimandscharicum,Ocimum kilimandscharicum,8344835.0,8344835,18.649759,73.769339,17.07865801491829,50c9509d-22c7-4a22-a47d-8c48425ef4a7,iNaturalist research-grade observations,28eb1a3f-1c15-4a95-931a-4af90ecb574d,6133466058
ficus racemosa,Ficus racemosa,5361904.0,5361904,18.565667,73.795373,8.19360189615099,50c9509d-22c7-4a22-a47d-8c48425ef4a7,iNaturalist research-grade observations,28eb1a3f-1c15-4a95-931a-4af90ecb574d,6133502506
senna auriculata,Senna auriculata,2956966.0,2956966,18.498498,73.788417,7.600706256105007,50c9509d-22c7-4a22-a47d-8c48425ef4a7,iNaturalist research-grade observations,28eb1a3f-1c15-4a95-931a-4af90ecb574d,6133515327
sterculia foetida,Sterculia foetida,5406675.0,5406675,18.458361,73.854403,6.902683119291665,50c9509d-22c7-4a22-a47d-8c48425ef4a7,iNaturalist research-grade observations,28eb1a3f-1c15-4a95-931a-4af90ecb574d,6133550567
mangifera indica,Mangifera indica,3190638.0,3190638,18.524609,73.878624,2.358462256844788,50c9509d-22c7-4a22-a47d-8c48425ef4a7,iNaturalist research-grade observations,28eb1a3f-1c15-4a95-931a-4af90ecb574d,6133552047
ipomoea cairica,Ipomoea cairica,2928531.0,2928531,18.555094,73.781021,8.862236105897377,50c9509d-22c7-4a22-a47d-8c48425ef4a7,iNaturalist research-grade observations,28eb1a3f-1c15-4a95-931a-4af90ecb574d,6133586502
ipomoea carnea,Ipomoea carnea,2928590.0,2928590,18.716429,73.785741,23.044307706422014,50c9509d-22c7-4a22-a47d-8c48425ef4a7,iNaturalist research-grade observations,28eb1a3f-1c15-4a95-931a-4af90ecb574d,6147226739
calotropis gigantea,Calotropis gigantea,3579089.0,3579089,18.534836,73.731638,13.282874938865888,50c9509d-22c7-4a22-a47d-8c48425ef4a7,iNaturalist research-grade observations,28eb1a3f-1c15-4a95-931a-4af90ecb574d,6147455072
abutilon indicum,Abutilon indicum,3152634.0,3152634,18.487769,73.824969,4.935637268212666,50c9509d-22c7-4a22-a47d-8c48425ef4a7,iNaturalist research-grade observations,28eb1a3f-1c15-4a95-931a-4af90ecb574d,6147533989
calotropis procera,Calotropis procera,5414566.0,5414566,18.55347,73.789894,7.94526342547413,50c9509d-22c7-4a22-a47d-8c48425ef4a7,iNaturalist research-grade observations,28eb1a3f-1c15-4a95-931a-4af90ecb574d,6147548440
mesosphaerum suaveolens,Mesosphaerum suaveolens,3889017.0,3889017,18.516222,73.824022,3.476670605995508,50c9509d-22c7-4a22-a47d-8c48425ef4a7,iNaturalist research-grade observations,28eb1a3f-1c15-4a95-931a-4af90ecb574d,6147628748
gliricidia sepium,Gliricidia sepium,8082978.0,8082978,18.51635,73.824228,3.453260250550695,50c9509d-22c7-4a22-a47d-8c48425ef4a7,iNaturalist research-grade observations,28eb1a3f-1c15-4a95-931a-4af90ecb574d,6147682337
morinda coreia,Morinda coreia,5339862.0,5339862,18.514559,73.797022,6.325769401540263,50c9509d-22c7-4a22-a47d-8c48425ef4a7,iNaturalist research-grade observations,28eb1a3f-1c15-4a95-931a-4af90ecb574d,6159318556
boswellia serrata,Boswellia serrata,5421354.0,5421354,18.516775,73.823253,3.5495283023970843,50c9509d-22c7-4a22-a47d-8c48425ef4a7,iNaturalist research-grade observations,28eb1a3f-1c15-4a95-931a-4af90ecb574d,6159323204
cullen corylifolium,Cullen corylifolium,2948930.0,2948930,18.481843,73.810617,6.480342888957777,50c9509d-22c7-4a22-a47d-8c48425ef4a7,iNaturalist research-grade observations,28eb1a3f-1c15-4a95-931a-4af90ecb574d,6159416925
argemone mexicana,Argemone mexicana,2888485.0,2888485,18.537409,73.727375,13.765427143564375,50c9509d-22c7-4a22-a47d-8c48425ef4a7,iNaturalist research-grade observations,28eb1a3f-1c15-4a95-931a-4af90ecb574d,6159532752
lantana strigocamara,Lantana strigocamara,4084229.0,4084229,18.534876,73.731589,13.288539757033767,50c9509d-22c7-4a22-a47d-8c48425ef4a7,iNaturalist research-grade observations,28eb1a3f-1c15-4a95-931a-4af90ecb574d,6162786108
tridax procumbens,Tridax procumbens,3149462.0,3149462,18.535673,73.728267,13.646985091549968,50c9509d-22c7-4a22-a47d-8c48425ef4a7,iNaturalist research-grade observations,28eb1a3f-1c15-4a95-931a-4af90ecb574d,6163109357
blumea axillaris,Blumea axillaris,5395843.0,5395843,18.535583,73.728174,13.655476729231788,50c9509d-22c7-4a22-a47d-8c48425ef4a7,iNaturalist research-grade observations,28eb1a3f-1c15-4a95-931a-4af90ecb574d,6163152693
heliotropium indicum,Heliotropium indicum,2925788.0,2925788,18.657906,73.911714,16.35243772262351,50c9509d-22c7-4a22-a47d-8c48425ef4a7,iNaturalist research-grade observations,28eb1a3f-1c15-4a95-931a-4af90ecb574d,6163315791
gliricidia sepium,Gliricidia sepium,8082978.0,8082978,18.537409,73.727375,13.765427143564375,50c9509d-22c7-4a22-a47d-8c48425ef4a7,iNaturalist research-grade observations,28eb1a3f-1c15-4a95-931a-4af90ecb574d,6163361283
melinis repens,Melinis repens,2702504.0,2702504,18.533878,73.727531,13.700786720165315,50c9509d-22c7-4a22-a47d-8c48425ef4a7,iNaturalist research-grade observations,28eb1a3f-1c15-4a95-931a-4af90ecb574d,6171006551
acmella uliginosa,Acmella uliginosa,5386720.0,5386720,18.380279,73.767643,18.193447122768358,50c9509d-22c7-4a22-a47d-8c48425ef4a7,iNaturalist research-grade observations,28eb1a3f-1c15-4a95-931a-4af90ecb574d,6171068088
blumea axillaris,Blumea axillaris,5395843.0,5395843,18.535695,73.728211,13.653147033989697,50c9509d-22c7-4a22-a47d-8c48425ef4a7,iNaturalist research-grade observations,28eb1a3f-1c15-4a95-931a-4af90ecb574d,6171097071
solanum lycopersicum,Solanum lycopersicum,2930137.0,2930137,18.416705,73.758769,15.479978618340713,50c9509d-22c7-4a22-a47d-8c48425ef4a7,iNaturalist research-grade observations,28eb1a3f-1c15-4a95-931a-4af90ecb574d,6171124249
melinis repens,Melinis repens,2702504.0,2702504,18.53549,73.733211,13.127333612192107,50c9509d-22c7-4a22-a47d-8c48425ef4a7,iNaturalist research-grade observations,28eb1a3f-1c15-4a95-931a-4af90ecb574d,6171125166
sphaeranthus indicus,Sphaeranthus indicus,8302135.0,8302135,18.380279,73.767643,18.193447122768358,50c9509d-22c7-4a22-a47d-8c48425ef4a7,iNaturalist research-grade observations,28eb1a3f-1c15-4a95-931a-4af90ecb574d,6171187845
calotropis gigantea,Calotropis gigantea,3579089.0,3579089,18.530091,73.736179,12.752544619015184,50c9509d-22c7-4a22-a47d-8c48425ef4a7,iNaturalist research-grade observations,28eb1a3f-1c15-4a95-931a-4af90ecb574d,6178363504
blumea axillaris,Blumea axillaris,5395843.0,5395843,18.535685,73.728243,13.649661397609824,50c9509d-22c7-4a22-a47d-8c48425ef4a7,iNaturalist research-grade observations,28eb1a3f-1c15-4a95-931a-4af90ecb574d,6178414332
delonix regia,Delonix regia,2956176.0,2956176,18.533623,73.728499,13.596259820952342,50c9509d-22c7-4a22-a47d-8c48425ef4a7,iNaturalist research-grade observations,28eb1a3f-1c15-4a95-931a-4af90ecb574d,6178654078
calotropis gigantea,Calotropis gigantea,3579089.0,3579089,18.523479,73.718364,14.589529798076121,50c9509d-22c7-4a22-a47d-8c48425ef4a7,iNaturalist research-grade observations,28eb1a3f-1c15-4a95-931a-4af90ecb574d,6178728093
tridax procumbens,Tridax procumbens,3149462.0,3149462,18.535255,73.728058,13.663168753161848,50c9509d-22c7-4a22-a47d-8c48425ef4a7,iNaturalist research-grade observations,28eb1a3f-1c15-4a95-931a-4af90ecb574d,6179130481
calotropis gigantea,Calotropis gigantea,3579089.0,3579089,18.53518,73.728035,13.664573324587101,50c9509d-22c7-4a22-a47d-8c48425ef4a7,iNaturalist research-grade observations,28eb1a3f-1c15-4a95-931a-4af90ecb574d,6179178145
broussonetia papyrifera,Broussonetia papyrifera,5361944.0,5361944,18.564897,73.822907,6.096961143536482,50c9509d-22c7-4a22-a47d-8c48425ef4a7,iNaturalist research-grade observations,28eb1a3f-1c15-4a95-931a-4af90ecb574d,6179192979
calotropis gigantea,Calotropis gigantea,3579089.0,3579089,18.535232,73.727984,13.670605643023446,50c9509d-22c7-4a22-a47d-8c48425ef4a7,iNaturalist research-grade observations,28eb1a3f-1c15-4a95-931a-4af90ecb574d,6179201623
delonix regia,Delonix regia,2956176.0,2956176,18.533568,73.729443,13.4966570351991,50c9509d-22c7-4a22-a47d-8c48425ef4a7,iNaturalist research-grade observations,28eb1a3f-1c15-4a95-931a-4af90ecb574d,6179356882
tridax procumbens,Tridax procumbens,3149462.0,3149462,18.535636,73.728216,13.651810600627522,50c9509d-22c7-4a22-a47d-8c48425ef4a7,iNaturalist research-grade observations,28eb1a3f-1c15-4a95-931a-4af90ecb574d,6185666938
eclipta prostrata,Eclipta prostrata,5384950.0,5384950,18.564672,73.794964,8.160465400095772,50c9509d-22c7-4a22-a47d-8c48425ef4a7,iNaturalist research-grade observations,28eb1a3f-1c15-4a95-931a-4af90ecb574d,6185812314
mangifera indica,Mangifera indica,3190638.0,3190638,18.474331,73.815344,6.727550447335761,50c9509d-22c7-4a22-a47d-8c48425ef4a7,iNaturalist research-grade observations,28eb1a3f-1c15-4a95-931a-4af90ecb574d,6188669488
cardiospermum halicacabum,Cardiospermum halicacabum,3189939.0,3189939,18.56362,73.794353,8.142360120110038,50c9509d-22c7-4a22-a47d-8c48425ef4a7,iNaturalist research-grade observations,28eb1a3f-1c15-4a95-931a-4af90ecb574d,6195676434
chromolaena odorata,Chromolaena odorata,3087725.0,3087725,18.562477,73.794195,8.081590531718081,50c9509d-22c7-4a22-a47d-8c48425ef4a7,iNaturalist research-grade observations,28eb1a3f-1c15-4a95-931a-4af90ecb574d,6234554494
lannea coromandelica,Lannea coromandelica,3661151.0,3661151,18.530621,73.818188,4.216502218042899,50c9509d-22c7-4a22-a47d-8c48425ef4a7,iNaturalist research-grade observations,28eb1a3f-1c15-4a95-931a-4af90ecb574d,6234727391
nicotiana plumbaginifolia,Nicotiana plumbaginifolia,2928768.0,2928768,18.56479,73.794815,8.180906855879249,50c9509d-22c7-4a22-a47d-8c48425ef4a7,iNaturalist research-grade observations,28eb1a3f-1c15-4a95-931a-4af90ecb574d,6235878858
spermacoce remota,Spermacoce remota,2918667.0,2918667,18.59263,73.781044,11.318606135010462,50c9509d-22c7-4a22-a47d-8c48425ef4a7,iNaturalist research-grade observations,28eb1a3f-1c15-4a95-931a-4af90ecb574d,6252746308
melinis repens,Melinis repens,2702504.0,2702504,18.533725,73.72738,13.714769213876032,50c9509d-22c7-4a22-a47d-8c48425ef4a7,iNaturalist research-grade observations,28eb1a3f-1c15-4a95-931a-4af90ecb574d,6352840907
melinis repens,Melinis repens,2702504.0,2702504,18.527299,73.735349,12.817526188531966,50c9509d-22c7-4a22-a47d-8c48425ef4a7,iNaturalist research-grade observations,28eb1a3f-1c15-4a95-931a-4af90ecb574d,6352901983
sabdariffa kostel.,Sabdariffa Kostel.,,3152542,18.513407,73.790722,6.9999451520335665,50c9509d-22c7-4a22-a47d-8c48425ef4a7,iNaturalist research-grade observations,28eb1a3f-1c15-4a95-931a-4af90ecb574d,6352952777
sabdariffa kostel.,Sabdariffa Kostel.,,3152542,18.511694,73.800922,5.960319739712095,50c9509d-22c7-4a22-a47d-8c48425ef4a7,iNaturalist research-grade observations,28eb1a3f-1c15-4a95-931a-4af90ecb574d,6352969912
ipomoea aquatica,Ipomoea aquatica,2928525.0,2928525,18.71695,73.787304,23.046321421197536,50c9509d-22c7-4a22-a47d-8c48425ef4a7,iNaturalist research-grade observations,28eb1a3f-1c15-4a95-931a-4af90ecb574d,6413828950
pterospermum acerifolium,Pterospermum acerifolium,3669210.0,3669210,18.513675,73.855545,0.757638419904288,50c9509d-22c7-4a22-a47d-8c48425ef4a7,iNaturalist research-grade observations,28eb1a3f-1c15-4a95-931a-4af90ecb574d,6499988546
pontederia crassipes,Pontederia crassipes,2765942.0,2765942,18.534397,73.785292,7.687884169113,50c9509d-22c7-4a22-a47d-8c48425ef4a7,iNaturalist research-grade observations,28eb1a3f-1c15-4a95-931a-4af90ecb574d,6518842935
heterophragma quadriloculare,Heterophragma quadriloculare,4091635.0,4091635,18.494817,73.795655,7.037420900854485,50c9509d-22c7-4a22-a47d-8c48425ef4a7,iNaturalist research-grade observations,28eb1a3f-1c15-4a95-931a-4af90ecb574d,6133064552
senna auriculata,Senna auriculata,2956966.0,2956966,18.492763,73.798125,6.898714477753161,50c9509d-22c7-4a22-a47d-8c48425ef4a7,iNaturalist research-grade observations,28eb1a3f-1c15-4a95-931a-4af90ecb574d,6133086858
senna auriculata,Senna auriculata,2956966.0,2956966,18.491778,73.800553,6.721651465382156,50c9509d-22c7-4a22-a47d-8c48425ef4a7,iNaturalist research-grade observations,28eb1a3f-1c15-4a95-931a-4af90ecb574d,6133121607
mesosphaerum suaveolens,Mesosphaerum suaveolens,3889017.0,3889017,18.49255,73.798737,6.8516745995850385,50c9509d-22c7-4a22-a47d-8c48425ef4a7,iNaturalist research-grade observations,28eb1a3f-1c15-4a95-931a-4af90ecb574d,6133174838
gliricidia sepium,Gliricidia sepium,8082978.0,8082978,18.464299,73.970655,13.539649326316054,50c9509d-22c7-4a22-a47d-8c48425ef4a7,iNaturalist research-grade observations,28eb1a3f-1c15-4a95-931a-4af90ecb574d,6133233044
leonotis nepetifolia,Leonotis nepetifolia,4924659.0,4924659,18.4921,73.800042,6.752394013514389,50c9509d-22c7-4a22-a47d-8c48425ef4a7,iNaturalist research-grade observations,28eb1a3f-1c15-4a95-931a-4af90ecb574d,6133258901
woodfordia fruticosa,Woodfordia fruticosa,5635525.0,5635525,18.402997,73.857309,13.05479402586192,50c9509d-22c7-4a22-a47d-8c48425ef4a7,iNaturalist research-grade observations,28eb1a3f-1c15-4a95-931a-4af90ecb574d,6133282012
butea monosperma,Butea monosperma,8234570.0,8234570,18.495213,73.794727,7.109564282673181,50c9509d-22c7-4a22-a47d-8c48425ef4a7,iNaturalist research-grade observations,28eb1a3f-1c15-4a95-931a-4af90ecb574d,6133338030
cochlospermum religiosum,Cochlospermum religiosum,2874867.0,2874867,18.46371,73.807038,8.195282460150688,50c9509d-22c7-4a22-a47d-8c48425ef4a7,iNaturalist research-grade observations,28eb1a3f-1c15-4a95-931a-4af90ecb574d,6133339739
capparis grandis,Capparis grandis,7552967.0,7552967,18.530432,73.816955,4.336379831683544,50c9509d-22c7-4a22-a47d-8c48425ef4a7,iNaturalist research-grade observations,28eb1a3f-1c15-4a95-931a-4af90ecb574d,6133427241
vachellia leucophloea,Vachellia leucophloea,7769517.0,7769517,18.493742,73.796813,6.975879075532621,50c9509d-22c7-4a22-a47d-8c48425ef4a7,iNaturalist research-grade observations,28eb1a3f-1c15-4a95-931a-4af90ecb574d,6133438776
phoenix sylvestris,Phoenix sylvestris,5293177.0,5293177,18.492963,73.797822,6.9174936191406475,50c9509d-22c7-4a22-a47d-8c48425ef4a7,iNaturalist research-grade observations,28eb1a3f-1c15-4a95-931a-4af90ecb574d,6133486146
erythrina variegata,Erythrina variegata,5349581.0,5349581,18.402997,73.857309,13.05479402586192,50c9509d-22c7-4a22-a47d-8c48425ef4a7,iNaturalist research-grade observations,28eb1a3f-1c15-4a95-931a-4af90ecb574d,6133550726
azadirachta indica,Azadirachta indica,3190474.0,3190474,18.494753,73.795715,7.034517771877232,50c9509d-22c7-4a22-a47d-8c48425ef4a7,iNaturalist research-grade observations,28eb1a3f-1c15-4a95-931a-4af90ecb574d,6147298030
couroupita guianensis,Couroupita guianensis,3082562.0,3082562,18.565415,73.821858,6.208572831623742,50c9509d-22c7-4a22-a47d-8c48425ef4a7,iNaturalist research-grade observations,28eb1a3f-1c15-4a95-931a-4af90ecb574d,6147319346
butea monosperma,Butea monosperma,8234570.0,8234570,18.498687,73.797037,6.738435646882851,50c9509d-22c7-4a22-a47d-8c48425ef4a7,iNaturalist research-grade observations,28eb1a3f-1c15-4a95-931a-4af90ecb574d,6147352328
colocasia esculenta,Colocasia esculenta,5330776.0,5330776,18.536214,73.788196,7.4334579602730875,50c9509d-22c7-4a22-a47d-8c48425ef4a7,iNaturalist research-grade observations,28eb1a3f-1c15-4a95-931a-4af90ecb574d,6147357038
calotropis gigantea,Calotropis gigantea,3579089.0,3579089,18.557818,73.789431,8.222246673433931,50c9509d-22c7-4a22-a47d-8c48425ef4a7,iNaturalist research-grade observations,28eb1a3f-1c15-4a95-931a-4af90ecb574d,6147363499
ricinus communis,Ricinus communis,5380041.0,5380041,18.536654,73.788808,7.38259719572481,50c9509d-22c7-4a22-a47d-8c48425ef4a7,iNaturalist research-grade observations,28eb1a3f-1c15-4a95-931a-4af90ecb574d,6147393176
samanea saman,Samanea saman,2972960.0,2972960,18.565438,73.823081,6.135262179024744,50c9509d-22c7-4a22-a47d-8c48425ef4a7,iNaturalist research-grade observations,28eb1a3f-1c15-4a95-931a-4af90ecb574d,6147396179
azadirachta indica,Azadirachta indica,3190474.0,3190474,18.494759,73.795726,7.033186900554463,50c9509d-22c7-4a22-a47d-8c48425ef4a7,iNaturalist research-grade observations,28eb1a3f-1c15-4a95-931a-4af90ecb574d,6147441314
abutilon indicum,Abutilon indicum,3152634.0,3152634,18.640872,73.807161,14.37750504064108,50c9509d-22c7-4a22-a47d-8c48425ef4a7,iNaturalist research-grade observations,28eb1a3f-1c15-4a95-931a-4af90ecb574d,6147447681
carissa carandas,Carissa carandas,5414419.0,5414419,18.494797,73.795708,7.033209896983983,50c9509d-22c7-4a22-a47d-8c48425ef4a7,iNaturalist research-grade observations,28eb1a3f-1c15-4a95-931a-4af90ecb574d,6147477211
lantana montevidensis,Lantana montevidensis,2925314.0,2925314,18.67934,73.752465,20.809089157143852,50c9509d-22c7-4a22-a47d-8c48425ef4a7,iNaturalist research-grade observations,28eb1a3f-1c15-4a95-931a-4af90ecb574d,6147501791
heterophragma quadriloculare,Heterophragma quadriloculare,4091635.0,4091635,18.494858,73.795598,7.041077822426519,50c9509d-22c7-4a22-a47d-8c48425ef4a7,iNaturalist research-grade observations,28eb1a3f-1c15-4a95-931a-4af90ecb574d,6147521217
senna auriculata,Senna auriculata,2956966.0,2956966,18.495148,73.793104,7.269964504027556,50c9509d-22c7-4a22-a47d-8c48425ef4a7,iNaturalist research-grade observations,28eb1a3f-1c15-4a95-931a-4af90ecb574d,6147526154
broussonetia papyrifera,Broussonetia papyrifera,5361944.0,5361944,18.565872,73.823044,6.176954144821539,50c9509d-22c7-4a22-a47d-8c48425ef4a7,iNaturalist research-grade observations,28eb1a3f-1c15-4a95-931a-4af90ecb574d,6147537653
gliricidia sepium,Gliricidia sepium,8082978.0,8082978,18.494709,73.796263,6.983735681124264,50c9509d-22c7-4a22-a47d-8c48425ef4a7,iNaturalist research-grade observations,28eb1a3f-1c15-4a95-931a-4af90ecb574d,6147540792
blumea eriantha,Blumea eriantha,5395738.0,5395738,18.562684,73.794433,8.074523357604566,50c9509d-22c7-4a22-a47d-8c48425ef4a7,iNaturalist research-grade observations,28eb1a3f-1c15-4a95-931a-4af90ecb574d,6147541751
vachellia farnesiana,Vachellia farnesiana,2979265.0,2979265,18.492422,73.801078,6.639077757710356,50c9509d-22c7-4a22-a47d-8c48425ef4a7,iNaturalist research-grade observations,28eb1a3f-1c15-4a95-931a-4af90ecb574d,6147554511
senna auriculata,Senna auriculata,2956966.0,2956966,18.493413,73.797342,6.941168470299198,50c9509d-22c7-4a22-a47d-8c48425ef4a7,iNaturalist research-grade observations,28eb1a3f-1c15-4a95-931a-4af90ecb574d,6147579567
urena lobata,Urena lobata,3152253.0,3152253,18.4941,73.80165,6.4997721935256605,50c9509d-22c7-4a22-a47d-8c48425ef4a7,iNaturalist research-grade observations,28eb1a3f-1c15-4a95-931a-4af90ecb574d,6147584254
azadirachta indica,Azadirachta indica,3190474.0,3190474,18.565609,73.822913,6.16101411112601,50c9509d-22c7-4a22-a47d-8c48425ef4a7,iNaturalist research-grade observations,28eb1a3f-1c15-4a95-931a-4af90ecb574d,6147585732
ipomoea cairica,Ipomoea cairica,2928531.0,2928531,18.535608,73.788533,7.38322870772355,50c9509d-22c7-4a22-a47d-8c48425ef4a7,iNaturalist research-grade observations,28eb1a3f-1c15-4a95-931a-4af90ecb574d,6147598743
gliricidia sepium,Gliricidia sepium,8082978.0,8082978,18.535841,73.788332,7.4098144134245825,50c9509d-22c7-4a22-a47d-8c48425ef4a7,iNaturalist research-grade observations,28eb1a3f-1c15-4a95-931a-4af90ecb574d,6147711454
gliricidia sepium,Gliricidia sepium,8082978.0,8082978,18.52549,73.815385,4.392653595370013,50c9509d-22c7-4a22-a47d-8c48425ef4a7,iNaturalist research-grade observations,28eb1a3f-1c15-4a95-931a-4af90ecb574d,6159136683
mangifera indica,Mangifera indica,3190638.0,3190638,18.565257,73.822833,6.13402668178909,50c9509d-22c7-4a22-a47d-8c48425ef4a7,iNaturalist research-grade observations,28eb1a3f-1c15-4a95-931a-4af90ecb574d,6159175059
tabebuia rosea,Tabebuia rosea,3172537.0,3172537,18.486495,73.802674,6.831378750605977,50c9509d-22c7-4a22-a47d-8c48425ef4a7,iNaturalist research-grade observations,28eb1a3f-1c15-4a95-931a-4af90ecb574d,6159202898
mirabilis jalapa,Mirabilis jalapa,3086240.0,3086240,18.53114,73.843819,1.8084764845320602,50c9509d-22c7-4a22-a47d-8c48425ef4a7,iNaturalist research-grade observations,28eb1a3f-1c15-4a95-931a-4af90ecb574d,6159210247
muntingia calabura,Muntingia calabura,3152036.0,3152036,18.527334,73.82976,2.943185697049505,50c9509d-22c7-4a22-a47d-8c48425ef4a7,iNaturalist research-grade observations,28eb1a3f-1c15-4a95-931a-4af90ecb574d,6159223719
mesosphaerum suaveolens,Mesosphaerum suaveolens,3889017.0,3889017,18.536461,73.806801,5.5557852687222615,50c9509d-22c7-4a22-a47d-8c48425ef4a7,iNaturalist research-grade observations,28eb1a3f-1c15-4a95-931a-4af90ecb574d,6159255147
polyalthia longifolia,Polyalthia longifolia,3156422.0,3156422,18.531387,73.913753,6.138077101672456,50c9509d-22c7-4a22-a47d-8c48425ef4a7,iNaturalist research-grade observations,28eb1a3f-1c15-4a95-931a-4af90ecb574d,6159281317
butea monosperma,Butea monosperma,8234570.0,8234570,18.494408,73.793804,7.234428730216437,50c9509d-22c7-4a22-a47d-8c48425ef4a7,iNaturalist research-grade observations,28eb1a3f-1c15-4a95-931a-4af90ecb574d,6159321147
calotropis procera,Calotropis procera,5414566.0,5414566,18.562506,73.7944,8.065849560893126,50c9509d-22c7-4a22-a47d-8c48425ef4a7,iNaturalist research-grade observations,28eb1a3f-1c15-4a95-931a-4af90ecb574d,6159349955
terminalia arjuna,Terminalia arjuna,3699548.0,3699548,18.547571,73.778522,8.778448083106673,50c9509d-22c7-4a22-a47d-8c48425ef4a7,iNaturalist research-grade observations,28eb1a3f-1c15-4a95-931a-4af90ecb574d,6159353461
acmella radicans,Acmella radicans,5386729.0,5386729,18.483787,73.825615,5.226737423833456,50c9509d-22c7-4a22-a47d-8c48425ef4a7,iNaturalist research-grade observations,28eb1a3f-1c15-4a95-931a-4af90ecb574d,6159414283
woodfordia fruticosa,Woodfordia fruticosa,5635525.0,5635525,18.319723,73.880653,22.456924551147235,50c9509d-22c7-4a22-a47d-8c48425ef4a7,iNaturalist research-grade observations,28eb1a3f-1c15-4a95-931a-4af90ecb574d,6159441765
gliricidia sepium,Gliricidia sepium,8082978.0,8082978,18.480869,73.908946,7.047960847199568,50c9509d-22c7-4a22-a47d-8c48425ef4a7,iNaturalist research-grade observations,28eb1a3f-1c15-4a95-931a-4af90ecb574d,6159449506
woodfordia fruticosa,Woodfordia fruticosa,5635525.0,5635525,18.509714,73.763556,9.892690174881968,50c9509d-22c7-4a22-a47d-8c48425ef4a7,iNaturalist research-grade observations,28eb1a3f-1c15-4a95-931a-4af90ecb574d,6159487937
calotropis gigantea,Calotropis gigantea,3579089.0,3579089,18.527212,73.823017,3.6312225602362767,50c9509d-22c7-4a22-a47d-8c48425ef4a7,iNaturalist research-grade observations,28eb1a3f-1c15-4a95-931a-4af90ecb574d,6159493051
azadirachta indica,Azadirachta indica,3190474.0,3190474,18.564835,73.822762,6.100320922687011,50c9509d-22c7-4a22-a47d-8c48425ef4a7,iNaturalist research-grade observations,28eb1a3f-1c15-4a95-931a-4af90ecb574d,6159533249
verbascum coromandelianum,Verbascum coromandelianum,7333197.0,7333197,18.537848,73.797974,6.488395209948046,50c9509d-22c7-4a22-a47d-8c48425ef4a7,iNaturalist research-grade observations,28eb1a3f-1c15-4a95-931a-4af90ecb574d,6159533652
millingtonia hortensis,Millingtonia hortensis,7629955.0,7629955,18.563127,73.827995,5.632941098534995,50c9509d-22c7-4a22-a47d-8c48425ef4a7,iNaturalist research-grade observations,28eb1a3f-1c15-4a95-931a-4af90ecb574d,6159543566
blumea axillaris,Blumea axillaris,5395843.0,5395843,18.649847,73.769231,17.093035350415434,50c9509d-22c7-4a22-a47d-8c48425ef4a7,iNaturalist research-grade observations,28eb1a3f-1c15-4a95-931a-4af90ecb574d,6159550624
azadirachta indica,Azadirachta indica,3190474.0,3190474,18.564525,73.82264,6.080023968308353,50c9509d-22c7-4a22-a47d-8c48425ef4a7,iNaturalist research-grade observations,28eb1a3f-1c15-4a95-931a-4af90ecb574d,6159557818
gliricidia sepium,Gliricidia sepium,8082978.0,8082978,18.521059,73.821641,3.6972123156324552,50c9509d-22c7-4a22-a47d-8c48425ef4a7,iNaturalist research-grade observations,28eb1a3f-1c15-4a95-931a-4af90ecb574d,6159572209
senna auriculata,Senna auriculata,2956966.0,2956966,18.495929,73.79314,7.233334645012819,50c9509d-22c7-4a22-a47d-8c48425ef4a7,iNaturalist research-grade observations,28eb1a3f-1c15-4a95-931a-4af90ecb574d,6159675744
erythrina suberosa,Erythrina suberosa,5349546.0,5349546,18.548058,73.78189,8.465455579465614,50c9509d-22c7-4a22-a47d-8c48425ef4a7,iNaturalist research-grade observations,28eb1a3f-1c15-4a95-931a-4af90ecb574d,6159708005
argemone mexicana,Argemone mexicana,2888485.0,2888485,18.565487,73.795738,8.150950366567981,50c9509d-22c7-4a22-a47d-8c48425ef4a7,iNaturalist research-grade observations,28eb1a3f-1c15-4a95-931a-4af90ecb574d,6162770939
artocarpus heterophyllus,Artocarpus heterophyllus,2984565.0,2984565,18.56308,73.822403,5.96623458802615,50c9509d-22c7-4a22-a47d-8c48425ef4a7,iNaturalist research-grade observations,28eb1a3f-1c15-4a95-931a-4af90ecb574d,6162775805
gliricidia sepium,Gliricidia sepium,8082978.0,8082978,18.522101,73.813771,4.530205025209557,50c9509d-22c7-4a22-a47d-8c48425ef4a7,iNaturalist research-grade observations,28eb1a3f-1c15-4a95-931a-4af90ecb574d,6162795481
bauhinia variegata,Bauhinia variegata,2953251.0,2953251,18.558558,73.820444,5.710750570445941,50c9509d-22c7-4a22-a47d-8c48425ef4a7,iNaturalist research-grade observations,28eb1a3f-1c15-4a95-931a-4af90ecb574d,6162813544
sterculia foetida,Sterculia foetida,5406675.0,5406675,18.480938,73.814383,6.258288587145536,50c9509d-22c7-4a22-a47d-8c48425ef4a7,iNaturalist research-grade observations,28eb1a3f-1c15-4a95-931a-4af90ecb574d,6162816131
caryota urens,Caryota urens,2738914.0,2738914,18.563883,73.822978,6.001390700237908,50c9509d-22c7-4a22-a47d-8c48425ef4a7,iNaturalist research-grade observations,28eb1a3f-1c15-4a95-931a-4af90ecb574d,6162830103
plumbago zeylanica,Plumbago zeylanica,3082282.0,3082282,18.489597,73.824235,4.842579531085314,50c9509d-22c7-4a22-a47d-8c48425ef4a7,iNaturalist research-grade observations,28eb1a3f-1c15-4a95-931a-4af90ecb574d,6162834645
caryota urens,Caryota urens,2738914.0,2738914,18.563847,73.822996,5.997041797726119,50c9509d-22c7-4a22-a47d-8c48425ef4a7,iNaturalist research-grade observations,28eb1a3f-1c15-4a95-931a-4af90ecb574d,6162835610
butea monosperma,Butea monosperma,8234570.0,8234570,18.494411,73.793352,7.278013325106295,50c9509d-22c7-4a22-a47d-8c48425ef4a7,iNaturalist research-grade observations,28eb1a3f-1c15-4a95-931a-4af90ecb574d,6162848017
cocos nucifera,Cocos nucifera,2735117.0,2735117,18.563858,73.822692,6.01706778997511,50c9509d-22c7-4a22-a47d-8c48425ef4a7,iNaturalist research-grade observations,28eb1a3f-1c15-4a95-931a-4af90ecb574d,6162850408
bauhinia variegata,Bauhinia variegata,2953251.0,2953251,18.56437,73.822887,6.050747879030505,50c9509d-22c7-4a22-a47d-8c48425ef4a7,iNaturalist research-grade observations,28eb1a3f-1c15-4a95-931a-4af90ecb574d,6162857894
cocos nucifera,Cocos nucifera,2735117.0,2735117,18.563633,73.822615,6.001851535016575,50c9509d-22c7-4a22-a47d-8c48425ef4a7,iNaturalist research-grade observations,28eb1a3f-1c15-4a95-931a-4af90ecb574d,6162863910
pongamia pinnata,Pongamia pinnata,2965911.0,2965911,18.564195,73.823048,6.0250263041922905,50c9509d-22c7-4a22-a47d-8c48425ef4a7,iNaturalist research-grade observations,28eb1a3f-1c15-4a95-931a-4af90ecb574d,6162871493
pongamia pinnata,Pongamia pinnata,2965911.0,2965911,18.563869,73.823014,5.997888770574442,50c9509d-22c7-4a22-a47d-8c48425ef4a7,iNaturalist research-grade observations,28eb1a3f-1c15-4a95-931a-4af90ecb574d,6162900482
solanum lycopersicum,Solanum lycopersicum,2930137.0,2930137,18.527186,73.829399,2.975720485927203,50c9509d-22c7-4a22-a47d-8c48425ef4a7,iNaturalist research-grade observations,28eb1a3f-1c15-4a95-931a-4af90ecb574d,6162906273
bauhinia variegata,Bauhinia variegata,2953251.0,2953251,18.564317,73.823015,6.038040968630412,50c9509d-22c7-4a22-a47d-8c48425ef4a7,iNaturalist research-grade observations,28eb1a3f-1c15-4a95-931a-4af90ecb574d,6162928138
artocarpus heterophyllus,Artocarpus heterophyllus,2984565.0,2984565,18.58075,73.821017,7.693000364390835,50c9509d-22c7-4a22-a47d-8c48425ef4a7,iNaturalist research-grade observations,28eb1a3f-1c15-4a95-931a-4af90ecb574d,6162937993
gliricidia sepium,Gliricidia sepium,8082978.0,8082978,18.531251,73.818301,4.224495446777886,50c9509d-22c7-4a22-a47d-8c48425ef4a7,iNaturalist research-grade observations,28eb1a3f-1c15-4a95-931a-4af90ecb574d,6162941005
heliotropium indicum,Heliotropium indicum,2925788.0,2925788,18.483015,73.824812,5.346721856969325,50c9509d-22c7-4a22-a47d-8c48425ef4a7,iNaturalist research-grade observations,28eb1a3f-1c15-4a95-931a-4af90ecb574d,6162960801
crotalaria pallida,Crotalaria pallida,8260433.0,8260433,18.503588,73.705863,16.013972910384254,50c9509d-22c7-4a22-a47d-8c48425ef4a7,iNaturalist research-grade observations,28eb1a3f-1c15-4a95-931a-4af90ecb574d,6162962265
holoptelea integrifolia,Holoptelea integrifolia,4160169.0,4160169,18.496521,73.793389,7.184415657830383,50c9509d-22c7-4a22-a47d-8c48425ef4a7,iNaturalist research-grade observations,28eb1a3f-1c15-4a95-931a-4af90ecb574d,6162968894
gliricidia sepium,Gliricidia sepium,8082978.0,8082978,18.516796,73.814337,4.484588848198472,50c9509d-22c7-4a22-a47d-8c48425ef4a7,iNaturalist research-grade observations,28eb1a3f-1c15-4a95-931a-4af90ecb574d,6162971187
caryota urens,Caryota urens,2738914.0,2738914,18.564282,73.823092,6.030120927865663,50c9509d-22c7-4a22-a47d-8c48425ef4a7,iNaturalist research-grade observations,28eb1a3f-1c15-4a95-931a-4af90ecb574d,6162975516
mesosphaerum suaveolens,Mesosphaerum suaveolens,3889017.0,3889017,18.493537,73.797222,6.946638327117112,50c9509d-22c7-4a22-a47d-8c48425ef4a7,iNaturalist research-grade observations,28eb1a3f-1c15-4a95-931a-4af90ecb574d,6163005582
bombax ceiba,Bombax ceiba,3152226.0,3152226,18.536273,73.788377,7.416475210366114,50c9509d-22c7-4a22-a47d-8c48425ef4a7,iNaturalist research-grade observations,28eb1a3f-1c15-4a95-931a-4af90ecb574d,6163007105
caryota urens,Caryota urens,2738914.0,2738914,18.563886,73.822986,6.001159903841482,50c9509d-22c7-4a22-a47d-8c48425ef4a7,iNaturalist research-grade observations,28eb1a3f-1c15-4a95-931a-4af90ecb574d,6163031228
bauhinia variegata,Bauhinia variegata,2953251.0,2953251,18.517721,73.812293,4.691615698261151,50c9509d-22c7-4a22-a47d-8c48425ef4a7,iNaturalist research-grade observations,28eb1a3f-1c15-4a95-931a-4af90ecb574d,6163033103
polyalthia longifolia,Polyalthia longifolia,3156422.0,3156422,18.514312,73.852841,0.7898261070283847,50c9509d-22c7-4a22-a47d-8c48425ef4a7,iNaturalist research-grade observations,28eb1a3f-1c15-4a95-931a-4af90ecb574d,6163080592
bauhinia variegata,Bauhinia variegata,2953251.0,2953251,18.56429,73.823074,6.031955737860927,50c9509d-22c7-4a22-a47d-8c48425ef4a7,iNaturalist research-grade observations,28eb1a3f-1c15-4a95-931a-4af90ecb574d,6163090741
bauhinia variegata,Bauhinia variegata,2953251.0,2953251,18.56431,73.823146,6.029298675612749,50c9509d-22c7-4a22-a47d-8c48425ef4a7,iNaturalist research-grade observations,28eb1a3f-1c15-4a95-931a-4af90ecb574d,6163099895
woodfordia fruticosa,Woodfordia fruticosa,5635525.0,5635525,18.376126,73.768627,18.53828029629272,50c9509d-22c7-4a22-a47d-8c48425ef4a7,iNaturalist research-grade observations,28eb1a3f-1c15-4a95-931a-4af90ecb574d,6163121657
ipomoea cairica,Ipomoea cairica,2928531.0,2928531,18.536873,73.7879,7.481372885477472,50c9509d-22c7-4a22-a47d-8c48425ef4a7,iNaturalist research-grade observations,28eb1a3f-1c15-4a95-931a-4af90ecb574d,6163151963
holmskioldia sanguinea,Holmskioldia sanguinea,2925665.0,2925665,18.552796,73.827227,4.7572341798674405,50c9509d-22c7-4a22-a47d-8c48425ef4a7,iNaturalist research-grade observations,28eb1a3f-1c15-4a95-931a-4af90ecb574d,6163165767
ipomoea carnea,Ipomoea carnea,2928590.0,3682029,18.62559,73.649762,24.75029016284241,50c9509d-22c7-4a22-a47d-8c48425ef4a7,iNaturalist research-grade observations,28eb1a3f-1c15-4a95-931a-4af90ecb574d,6163178028
cascabela thevetia,Cascabela thevetia,3169652.0,3169652,18.557926,73.789076,8.260606494638596,50c9509d-22c7-4a22-a47d-8c48425ef4a7,iNaturalist research-grade observations,28eb1a3f-1c15-4a95-931a-4af90ecb574d,6163186145
caryota urens,Caryota urens,2738914.0,2738914,18.564268,73.823032,6.032580877908031,50c9509d-22c7-4a22-a47d-8c48425ef4a7,iNaturalist research-grade observations,28eb1a3f-1c15-4a95-931a-4af90ecb574d,6163208121
cocos nucifera,Cocos nucifera,2735117.0,2735117,18.563725,73.822673,6.006394133857653,50c9509d-22c7-4a22-a47d-8c48425ef4a7,iNaturalist research-grade observations,28eb1a3f-1c15-4a95-931a-4af90ecb574d,6163218726
alternanthera ficoidea,Alternanthera ficoidea,8160803.0,8160803,18.522101,73.813771,4.530205025209557,50c9509d-22c7-4a22-a47d-8c48425ef4a7,iNaturalist research-grade observations,28eb1a3f-1c15-4a95-931a-4af90ecb574d,6163252538
cocos nucifera,Cocos nucifera,2735117.0,2735117,18.563697,73.82255,6.011653969748829,50c9509d-22c7-4a22-a47d-8c48425ef4a7,iNaturalist research-grade observations,28eb1a3f-1c15-4a95-931a-4af90ecb574d,6163281522
polyalthia longifolia,Polyalthia longifolia,3156422.0,3156422,18.456732,73.929495,10.442772330034783,50c9509d-22c7-4a22-a47d-8c48425ef4a7,iNaturalist research-grade observations,28eb1a3f-1c15-4a95-931a-4af90ecb574d,6163301994
bougainvillea spectabilis,Bougainvillea spectabilis,7167078.0,7167078,18.522101,73.813771,4.530205025209557,50c9509d-22c7-4a22-a47d-8c48425ef4a7,iNaturalist research-grade observations,28eb1a3f-1c15-4a95-931a-4af90ecb574d,6163312467
ipomoea cairica,Ipomoea cairica,2928531.0,2928531,18.642972,73.818922,14.19911695839302,50c9509d-22c7-4a22-a47d-8c48425ef4a7,iNaturalist research-grade observations,28eb1a3f-1c15-4a95-931a-4af90ecb574d,6163331537
butea monosperma,Butea monosperma,8234570.0,8234570,18.520842,73.812442,4.666655016118777,50c9509d-22c7-4a22-a47d-8c48425ef4a7,iNaturalist research-grade observations,28eb1a3f-1c15-4a95-931a-4af90ecb574d,6163351233
ficus racemosa,Ficus racemosa,5361904.0,5361904,18.564328,73.823044,6.037232908098599,50c9509d-22c7-4a22-a47d-8c48425ef4a7,iNaturalist research-grade observations,28eb1a3f-1c15-4a95-931a-4af90ecb574d,6163355689
cocos nucifera,Cocos nucifera,2735117.0,2735117,18.56364,73.822548,6.006706045245692,50c9509d-22c7-4a22-a47d-8c48425ef4a7,iNaturalist research-grade observations,28eb1a3f-1c15-4a95-931a-4af90ecb574d,6163367985
cocculus hirsutus,Cocculus hirsutus,3829491.0,3829491,18.49268,73.798447,6.87246842332682,50c9509d-22c7-4a22-a47d-8c48425ef4a7,iNaturalist research-grade observations,28eb1a3f-1c15-4a95-931a-4af90ecb574d,6163400582
caryota urens,Caryota urens,2738914.0,2738914,18.558558,73.821583,5.631087315510064,50c9509d-22c7-4a22-a47d-8c48425ef4a7,iNaturalist research-grade observations,28eb1a3f-1c15-4a95-931a-4af90ecb574d,6170812285
samanea saman,Samanea saman,2972960.0,2972960,18.562165,73.821679,5.932827519062309,50c9509d-22c7-4a22-a47d-8c48425ef4a7,iNaturalist research-grade observations,28eb1a3f-1c15-4a95-931a-4af90ecb574d,6170825347
mangifera indica,Mangifera indica,3190638.0,3190638,18.564007,73.823088,6.005654609039823,50c9509d-22c7-4a22-a47d-8c48425ef4a7,iNaturalist research-grade observations,28eb1a3f-1c15-4a95-931a-4af90ecb574d,6170825354
ficus benghalensis,Ficus benghalensis,5361919.0,5361919,18.534175,73.733483,13.081014823823248,50c9509d-22c7-4a22-a47d-8c48425ef4a7,iNaturalist research-grade observations,28eb1a3f-1c15-4a95-931a-4af90ecb574d,6170828598
mirabilis jalapa,Mirabilis jalapa,3086240.0,3086240,18.500414,73.853597,2.2463011381284397,50c9509d-22c7-4a22-a47d-8c48425ef4a7,iNaturalist research-grade observations,28eb1a3f-1c15-4a95-931a-4af90ecb574d,6170851315
cryptolepis buchananii,Cryptolepis buchananii,5525050.0,5525050,18.567347,73.798511,8.054939918956917,50c9509d-22c7-4a22-a47d-8c48425ef4a7,iNaturalist research-grade observations,28eb1a3f-1c15-4a95-931a-4af90ecb574d,6170856178
gliricidia sepium,Gliricidia sepium,8082978.0,8082978,18.531254,73.818334,4.221256535982729,50c9509d-22c7-4a22-a47d-8c48425ef4a7,iNaturalist research-grade observations,28eb1a3f-1c15-4a95-931a-4af90ecb574d,6170863193
cascabela thevetia,Cascabela thevetia,3169652.0,3169652,18.532195,73.731832,13.230340945149303,50c9509d-22c7-4a22-a47d-8c48425ef4a7,iNaturalist research-grade observations,28eb1a3f-1c15-4a95-931a-4af90ecb574d,6170883921
chromolaena odorata,Chromolaena odorata,3087725.0,3087725,18.520533,73.814619,4.436890206039726,50c9509d-22c7-4a22-a47d-8c48425ef4a7,iNaturalist research-grade observations,28eb1a3f-1c15-4a95-931a-4af90ecb574d,6170887191
catharanthus roseus,Catharanthus roseus,3169830.0,3169830,18.522465,73.829841,2.841191748479687,50c9509d-22c7-4a22-a47d-8c48425ef4a7,iNaturalist research-grade observations,28eb1a3f-1c15-4a95-931a-4af90ecb574d,6170894610
mangifera indica,Mangifera indica,3190638.0,3190638,18.563109,73.823343,5.909295675191022,50c9509d-22c7-4a22-a47d-8c48425ef4a7,iNaturalist research-grade observations,28eb1a3f-1c15-4a95-931a-4af90ecb574d,6170915258
impatiens walleriana,Impatiens walleriana,2891772.0,2891772,18.521918,73.847635,0.9705667633712621,50c9509d-22c7-4a22-a47d-8c48425ef4a7,iNaturalist research-grade observations,28eb1a3f-1c15-4a95-931a-4af90ecb574d,6170921256
polyalthia longifolia,Polyalthia longifolia,3156422.0,3156422,18.566231,73.908198,7.446171570819351,50c9509d-22c7-4a22-a47d-8c48425ef4a7,iNaturalist research-grade observations,28eb1a3f-1c15-4a95-931a-4af90ecb574d,6170962509
delonix regia,Delonix regia,2956176.0,2956176,18.563044,73.822614,5.949589585145138,50c9509d-22c7-4a22-a47d-8c48425ef4a7,iNaturalist research-grade observations,28eb1a3f-1c15-4a95-931a-4af90ecb574d,6170965660
polyalthia longifolia,Polyalthia longifolia,3156422.0,3156422,18.581331,73.996091,16.18100494988277,50c9509d-22c7-4a22-a47d-8c48425ef4a7,iNaturalist research-grade observations,28eb1a3f-1c15-4a95-931a-4af90ecb574d,6171005101
gliricidia sepium,Gliricidia sepium,8082978.0,8082978,18.524014,73.830833,2.7567408228406958,50c9509d-22c7-4a22-a47d-8c48425ef4a7,iNaturalist research-grade observations,28eb1a3f-1c15-4a95-931a-4af90ecb574d,6171011493
caesalpinia pulcherrima,Caesalpinia pulcherrima,2958715.0,2958715,18.527005,73.831134,2.7937984590517546,50c9509d-22c7-4a22-a47d-8c48425ef4a7,iNaturalist research-grade observations,28eb1a3f-1c15-4a95-931a-4af90ecb574d,6171020789
impatiens walleriana,Impatiens walleriana,2891772.0,2891772,18.521778,73.847691,0.9621516784482264,50c9509d-22c7-4a22-a47d-8c48425ef4a7,iNaturalist research-grade observations,28eb1a3f-1c15-4a95-931a-4af90ecb574d,6171025802
butea monosperma,Butea monosperma,8234570.0,8234570,18.539856,73.833268,3.283815370525954,50c9509d-22c7-4a22-a47d-8c48425ef4a7,iNaturalist research-grade observations,28eb1a3f-1c15-4a95-931a-4af90ecb574d,6171046038
delonix regia,Delonix regia,2956176.0,2956176,18.562955,73.822709,5.935654099840568,50c9509d-22c7-4a22-a47d-8c48425ef4a7,iNaturalist research-grade observations,28eb1a3f-1c15-4a95-931a-4af90ecb574d,6171057553
bauhinia purpurea,Bauhinia purpurea,2953871.0,2953871,18.563105,73.822725,5.947942492462876,50c9509d-22c7-4a22-a47d-8c48425ef4a7,iNaturalist research-grade observations,28eb1a3f-1c15-4a95-931a-4af90ecb574d,6171088566
cullen corylifolium,Cullen corylifolium,2948930.0,2948930,18.462137,73.784312,10.012190730437487,50c9509d-22c7-4a22-a47d-8c48425ef4a7,iNaturalist research-grade observations,28eb1a3f-1c15-4a95-931a-4af90ecb574d,6171118728
bougainvillea spectabilis,Bougainvillea spectabilis,7167078.0,7167078,18.52376,73.828638,2.9822219543186197,50c9509d-22c7-4a22-a47d-8c48425ef4a7,iNaturalist research-grade observations,28eb1a3f-1c15-4a95-931a-4af90ecb574d,6171119245
dichrostachys cinerea,Dichrostachys cinerea,2975891.0,2975891,18.556146,73.790529,8.028999639108298,50c9509d-22c7-4a22-a47d-8c48425ef4a7,iNaturalist research-grade observations,28eb1a3f-1c15-4a95-931a-4af90ecb574d,6171162603
tridax procumbens,Tridax procumbens,3149462.0,3149462,18.534416,73.731439,13.298164273076239,50c9509d-22c7-4a22-a47d-8c48425ef4a7,iNaturalist research-grade observations,28eb1a3f-1c15-4a95-931a-4af90ecb574d,6171189952
cosmos sulphureus,Cosmos sulphureus,3098951.0,3098951,18.531607,73.669648,19.760766322192392,50c9509d-22c7-4a22-a47d-8c48425ef4a7,iNaturalist research-grade observations,28eb1a3f-1c15-4a95-931a-4af90ecb574d,6171233999
leonotis nepetifolia,Leonotis nepetifolia,4924659.0,4924659,18.492176,73.800043,6.748365291502254,50c9509d-22c7-4a22-a47d-8c48425ef4a7,iNaturalist research-grade observations,28eb1a3f-1c15-4a95-931a-4af90ecb574d,6171238977
tradescantia pallida,Tradescantia pallida,2765221.0,2765221,18.533485,73.733425,13.078356035298524,50c9509d-22c7-4a22-a47d-8c48425ef4a7,iNaturalist research-grade observations,28eb1a3f-1c15-4a95-931a-4af90ecb574d,6171254445
mimusops elengi,Mimusops elengi,2883768.0,2883768,18.571418,73.779037,9.96061956878593,50c9509d-22c7-4a22-a47d-8c48425ef4a7,iNaturalist research-grade observations,28eb1a3f-1c15-4a95-931a-4af90ecb574d,6171256525
thunbergia laurifolia,Thunbergia laurifolia,5415460.0,5415460,18.525654,73.829777,2.8981152330717577,50c9509d-22c7-4a22-a47d-8c48425ef4a7,iNaturalist research-grade observations,28eb1a3f-1c15-4a95-931a-4af90ecb574d,6171286322
dalbergia sissoo,Dalbergia sissoo,2968532.0,2968532,18.49178,73.800392,6.73650422003864,50c9509d-22c7-4a22-a47d-8c48425ef4a7,iNaturalist research-grade observations,28eb1a3f-1c15-4a95-931a-4af90ecb574d,6171289351
calotropis procera,Calotropis procera,5414566.0,5414566,18.521059,73.821641,3.6972123156324552,50c9509d-22c7-4a22-a47d-8c48425ef4a7,iNaturalist research-grade observations,28eb1a3f-1c15-4a95-931a-4af90ecb574d,6171304579
mangifera indica,Mangifera indica,3190638.0,3190638,18.563109,73.823343,5.909295675191022,50c9509d-22c7-4a22-a47d-8c48425ef4a7,iNaturalist research-grade observations,28eb1a3f-1c15-4a95-931a-4af90ecb574d,6171327559
alternanthera ficoidea,Alternanthera ficoidea,8160803.0,8160803,18.522101,73.813771,4.530205025209557,50c9509d-22c7-4a22-a47d-8c48425ef4a7,iNaturalist research-grade observations,28eb1a3f-1c15-4a95-931a-4af90ecb574d,6171398655
mangifera indica,Mangifera indica,3190638.0,3190638,18.56311,73.822786,5.944516313979673,50c9509d-22c7-4a22-a47d-8c48425ef4a7,iNaturalist research-grade observations,28eb1a3f-1c15-4a95-931a-4af90ecb574d,6171430234
basella alba,Basella alba,3083504.0,3083504,18.488589,73.825432,4.835574178518814,50c9509d-22c7-4a22-a47d-8c48425ef4a7,iNaturalist research-grade observations,28eb1a3f-1c15-4a95-931a-4af90ecb574d,6178377261
bombax ceiba,Bombax ceiba,3152226.0,3152226,18.402997,73.857309,13.05479402586192,50c9509d-22c7-4a22-a47d-8c48425ef4a7,iNaturalist research-grade observations,28eb1a3f-1c15-4a95-931a-4af90ecb574d,6178397096
mesosphaerum suaveolens,Mesosphaerum suaveolens,3889017.0,3889017,18.492575,73.798763,6.847972316911552,50c9509d-22c7-4a22-a47d-8c48425ef4a7,iNaturalist research-grade observations,28eb1a3f-1c15-4a95-931a-4af90ecb574d,6178481925
tabebuia rosea,Tabebuia rosea,3172537.0,3172537,18.538063,73.786501,7.657309345673133,50c9509d-22c7-4a22-a47d-8c48425ef4a7,iNaturalist research-grade observations,28eb1a3f-1c15-4a95-931a-4af90ecb574d,6178497629
leucaena leucocephala,Leucaena leucocephala,2970418.0,2970418,18.563109,73.823343,5.909295675191022,50c9509d-22c7-4a22-a47d-8c48425ef4a7,iNaturalist research-grade observations,28eb1a3f-1c15-4a95-931a-4af90ecb574d,6178621584
ageratum conyzoides,Ageratum conyzoides,5401673.0,5401673,18.483405,73.825525,5.265812129545018,50c9509d-22c7-4a22-a47d-8c48425ef4a7,iNaturalist research-grade observations,28eb1a3f-1c15-4a95-931a-4af90ecb574d,6178789501
butea monosperma,Butea monosperma,8234570.0,8234570,18.483328,73.841975,4.404959194279933,50c9509d-22c7-4a22-a47d-8c48425ef4a7,iNaturalist research-grade observations,28eb1a3f-1c15-4a95-931a-4af90ecb574d,6178838181
pterocarpus marsupium,Pterocarpus marsupium,5349309.0,5349309,18.452074,73.831061,8.064297137000603,50c9509d-22c7-4a22-a47d-8c48425ef4a7,iNaturalist research-grade observations,28eb1a3f-1c15-4a95-931a-4af90ecb574d,6178879420
gmelina arborea,Gmelina arborea,8247889.0,8247889,18.630631,73.966078,16.82701330764615,50c9509d-22c7-4a22-a47d-8c48425ef4a7,iNaturalist research-grade observations,28eb1a3f-1c15-4a95-931a-4af90ecb574d,6179030388
combretum albidum,Combretum albidum,7327060.0,7327060,18.631603,73.96745,17.004826118535238,50c9509d-22c7-4a22-a47d-8c48425ef4a7,iNaturalist research-grade observations,28eb1a3f-1c15-4a95-931a-4af90ecb574d,6179071735
synedrella nodiflora,Synedrella nodiflora,5404991.0,5404991,18.483504,73.825543,5.256029667335829,50c9509d-22c7-4a22-a47d-8c48425ef4a7,iNaturalist research-grade observations,28eb1a3f-1c15-4a95-931a-4af90ecb574d,6179145771
broussonetia papyrifera,Broussonetia papyrifera,5361944.0,5361944,18.527265,73.830457,2.870279562937617,50c9509d-22c7-4a22-a47d-8c48425ef4a7,iNaturalist research-grade observations,28eb1a3f-1c15-4a95-931a-4af90ecb574d,6179303223
cochlospermum religiosum,Cochlospermum religiosum,2874867.0,2874867,18.402997,73.857309,13.05479402586192,50c9509d-22c7-4a22-a47d-8c48425ef4a7,iNaturalist research-grade observations,28eb1a3f-1c15-4a95-931a-4af90ecb574d,6184753989
sterculia urens,Sterculia urens,5406674.0,5406674,18.402997,73.857309,13.05479402586192,50c9509d-22c7-4a22-a47d-8c48425ef4a7,iNaturalist research-grade observations,28eb1a3f-1c15-4a95-931a-4af90ecb574d,6184802959
woodfordia fruticosa,Woodfordia fruticosa,5635525.0,5635525,18.50362,73.705842,16.015755639457343,50c9509d-22c7-4a22-a47d-8c48425ef4a7,iNaturalist research-grade observations,28eb1a3f-1c15-4a95-931a-4af90ecb574d,6184895469
ipomoea carnea,Ipomoea carnea,2928590.0,2928590,18.626143,73.650828,24.680530396556428,50c9509d-22c7-4a22-a47d-8c48425ef4a7,iNaturalist research-grade observations,28eb1a3f-1c15-4a95-931a-4af90ecb574d,6185000427
antigonon leptopus,Antigonon leptopus,2889355.0,2889355,18.553391,73.826178,4.879731672761669,50c9509d-22c7-4a22-a47d-8c48425ef4a7,iNaturalist research-grade observations,28eb1a3f-1c15-4a95-931a-4af90ecb574d,6185130663
ipomoea carnea,Ipomoea carnea,2928590.0,3682029,18.62657,73.650468,24.73650032765213,50c9509d-22c7-4a22-a47d-8c48425ef4a7,iNaturalist research-grade observations,28eb1a3f-1c15-4a95-931a-4af90ecb574d,6185355560
ipomoea carnea,Ipomoea carnea,2928590.0,3682029,18.62642,73.650783,24.699371638292714,50c9509d-22c7-4a22-a47d-8c48425ef4a7,iNaturalist research-grade observations,28eb1a3f-1c15-4a95-931a-4af90ecb574d,6186103996
delonix regia,Delonix regia,2956176.0,2956176,18.47777,73.727714,14.403851128846036,50c9509d-22c7-4a22-a47d-8c48425ef4a7,iNaturalist research-grade observations,28eb1a3f-1c15-4a95-931a-4af90ecb574d,6187947272
sauromatum venosum,Sauromatum venosum,2869597.0,2869597,18.477528,73.845525,4.910641013836703,50c9509d-22c7-4a22-a47d-8c48425ef4a7,iNaturalist research-grade observations,28eb1a3f-1c15-4a95-931a-4af90ecb574d,6234524601
cordia dichotoma,Cordia dichotoma,5341270.0,5341270,18.563408,73.822768,5.972156985879395,50c9509d-22c7-4a22-a47d-8c48425ef4a7,iNaturalist research-grade observations,28eb1a3f-1c15-4a95-931a-4af90ecb574d,6234750488
caryota urens,Caryota urens,2738914.0,2738914,18.563045,73.822827,5.9361428419026385,50c9509d-22c7-4a22-a47d-8c48425ef4a7,iNaturalist research-grade observations,28eb1a3f-1c15-4a95-931a-4af90ecb574d,6234759311
mecardonia procumbens,Mecardonia procumbens,3172014.0,3172014,18.483438,73.825607,5.257549297271404,50c9509d-22c7-4a22-a47d-8c48425ef4a7,iNaturalist research-grade observations,28eb1a3f-1c15-4a95-931a-4af90ecb574d,6234850003
mangifera indica,Mangifera indica,3190638.0,3190638,18.558558,73.821814,5.615106207509402,50c9509d-22c7-4a22-a47d-8c48425ef4a7,iNaturalist research-grade observations,28eb1a3f-1c15-4a95-931a-4af90ecb574d,6234980711
broussonetia papyrifera,Broussonetia papyrifera,5361944.0,5361944,18.56299,73.822855,5.929482221687078,50c9509d-22c7-4a22-a47d-8c48425ef4a7,iNaturalist research-grade observations,28eb1a3f-1c15-4a95-931a-4af90ecb574d,6235082699
oxalis debilis,Oxalis debilis,2891707.0,2891707,18.645467,73.811639,14.69544706390855,50c9509d-22c7-4a22-a47d-8c48425ef4a7,iNaturalist research-grade observations,28eb1a3f-1c15-4a95-931a-4af90ecb574d,6235478776
pongamia pinnata,Pongamia pinnata,2965911.0,2965911,18.563895,73.82291,6.006714315813938,50c9509d-22c7-4a22-a47d-8c48425ef4a7,iNaturalist research-grade observations,28eb1a3f-1c15-4a95-931a-4af90ecb574d,6235637938
lannea coromandelica,Lannea coromandelica,3661151.0,3661151,18.519628,73.812702,4.639793417543066,50c9509d-22c7-4a22-a47d-8c48425ef4a7,iNaturalist research-grade observations,28eb1a3f-1c15-4a95-931a-4af90ecb574d,6235688013
caryota urens,Caryota urens,2738914.0,2738914,18.563109,73.823343,5.909295675191022,50c9509d-22c7-4a22-a47d-8c48425ef4a7,iNaturalist research-grade observations,28eb1a3f-1c15-4a95-931a-4af90ecb574d,6235772083
caryota urens,Caryota urens,2738914.0,2738914,18.563206,73.82269,5.959131139057444,50c9509d-22c7-4a22-a47d-8c48425ef4a7,iNaturalist research-grade observations,28eb1a3f-1c15-4a95-931a-4af90ecb574d,6236059233
plumbago auriculata,Plumbago auriculata,3082283.0,3082283,18.533486,73.733454,13.075329819114431,50c9509d-22c7-4a22-a47d-8c48425ef4a7,iNaturalist research-grade observations,28eb1a3f-1c15-4a95-931a-4af90ecb574d,6236122068
delonix regia,Delonix regia,2956176.0,2956176,18.563039,73.822663,5.9460276876934355,50c9509d-22c7-4a22-a47d-8c48425ef4a7,iNaturalist research-grade observations,28eb1a3f-1c15-4a95-931a-4af90ecb574d,6236174834
caryota urens,Caryota urens,2738914.0,2738914,18.56319,73.822633,5.961328587316129,50c9509d-22c7-4a22-a47d-8c48425ef4a7,iNaturalist research-grade observations,28eb1a3f-1c15-4a95-931a-4af90ecb574d,6236352537
verbascum coromandelianum,Verbascum coromandelianum,7333197.0,7333197,18.531655,73.827307,3.342152826238678,50c9509d-22c7-4a22-a47d-8c48425ef4a7,iNaturalist research-grade observations,28eb1a3f-1c15-4a95-931a-4af90ecb574d,6252399483
erigeron bonariensis,Erigeron bonariensis,3146717.0,3146717,18.549808,73.781762,8.550504098659026,50c9509d-22c7-4a22-a47d-8c48425ef4a7,iNaturalist research-grade observations,28eb1a3f-1c15-4a95-931a-4af90ecb574d,6253228613
mangifera indica,Mangifera indica,3190638.0,3190638,18.563148,73.823272,5.9172358903810105,50c9509d-22c7-4a22-a47d-8c48425ef4a7,iNaturalist research-grade observations,28eb1a3f-1c15-4a95-931a-4af90ecb574d,6273173770
broussonetia papyrifera,Broussonetia papyrifera,5361944.0,5361944,18.563668,73.823018,5.979642793408586,50c9509d-22c7-4a22-a47d-8c48425ef4a7,iNaturalist research-grade observations,28eb1a3f-1c15-4a95-931a-4af90ecb574d,6273245475
mangifera indica,Mangifera indica,3190638.0,3190638,18.563606,73.822879,5.982819096173339,50c9509d-22c7-4a22-a47d-8c48425ef4a7,iNaturalist research-grade observations,28eb1a3f-1c15-4a95-931a-4af90ecb574d,6273286208
bauhinia purpurea,Bauhinia purpurea,2953871.0,2953871,18.564099,73.823072,6.014910613604194,50c9509d-22c7-4a22-a47d-8c48425ef4a7,iNaturalist research-grade observations,28eb1a3f-1c15-4a95-931a-4af90ecb574d,6273315846
broussonetia papyrifera,Broussonetia papyrifera,5361944.0,5361944,18.563127,73.823167,5.921961686733857,50c9509d-22c7-4a22-a47d-8c48425ef4a7,iNaturalist research-grade observations,28eb1a3f-1c15-4a95-931a-4af90ecb574d,6273668599
bauhinia purpurea,Bauhinia purpurea,2953871.0,2953871,18.558558,73.822072,5.597328495541076,50c9509d-22c7-4a22-a47d-8c48425ef4a7,iNaturalist research-grade observations,28eb1a3f-1c15-4a95-931a-4af90ecb574d,6273812481
bauhinia purpurea,Bauhinia purpurea,2953871.0,2953871,18.563109,73.823343,5.909295675191022,50c9509d-22c7-4a22-a47d-8c48425ef4a7,iNaturalist research-grade observations,28eb1a3f-1c15-4a95-931a-4af90ecb574d,6273819111
pongamia pinnata,Pongamia pinnata,2965911.0,2965911,18.563991,73.823153,6.000176816724972,50c9509d-22c7-4a22-a47d-8c48425ef4a7,iNaturalist research-grade observations,28eb1a3f-1c15-4a95-931a-4af90ecb574d,6273822916
broussonetia papyrifera,Broussonetia papyrifera,5361944.0,5361944,18.562987,73.822996,5.920282540693136,50c9509d-22c7-4a22-a47d-8c48425ef4a7,iNaturalist research-grade observations,28eb1a3f-1c15-4a95-931a-4af90ecb574d,6273875901
veronica peregrina,Veronica peregrina,3172104.0,3172104,18.483321,73.825487,5.275611544643923,50c9509d-22c7-4a22-a47d-8c48425ef4a7,iNaturalist research-grade observations,28eb1a3f-1c15-4a95-931a-4af90ecb574d,6273971802
leucaena leucocephala,Leucaena leucocephala,2970418.0,2970418,18.563109,73.823343,5.909295675191022,50c9509d-22c7-4a22-a47d-8c48425ef4a7,iNaturalist research-grade observations,28eb1a3f-1c15-4a95-931a-4af90ecb574d,6274106790
broussonetia papyrifera,Broussonetia papyrifera,5361944.0,5361944,18.562991,73.822841,5.9304592632934865,50c9509d-22c7-4a22-a47d-8c48425ef4a7,iNaturalist research-grade observations,28eb1a3f-1c15-4a95-931a-4af90ecb574d,6274136107
broussonetia papyrifera,Broussonetia papyrifera,5361944.0,5361944,18.563075,73.823146,5.9186470519012815,50c9509d-22c7-4a22-a47d-8c48425ef4a7,iNaturalist research-grade observations,28eb1a3f-1c15-4a95-931a-4af90ecb574d,6274192881
clerodendrum thomsoniae,Clerodendrum thomsoniae,3889087.0,3889087,18.569156,73.738754,13.564541273522316,50c9509d-22c7-4a22-a47d-8c48425ef4a7,iNaturalist research-grade observations,28eb1a3f-1c15-4a95-931a-4af90ecb574d,6334361551
caryota urens,Caryota urens,2738914.0,2738914,18.563828,73.822926,5.999716607140826,50c9509d-22c7-4a22-a47d-8c48425ef4a7,iNaturalist research-grade observations,28eb1a3f-1c15-4a95-931a-4af90ecb574d,6399612558
polyalthia longifolia,Polyalthia longifolia,3156422.0,3156422,18.5637,73.827301,5.7260492008640735,50c9509d-22c7-4a22-a47d-8c48425ef4a7,iNaturalist research-grade observations,28eb1a3f-1c15-4a95-931a-4af90ecb574d,6441179117
polyalthia longifolia,Polyalthia longifolia,3156422.0,3156422,18.563877,73.826423,5.793087585030917,50c9509d-22c7-4a22-a47d-8c48425ef4a7,iNaturalist research-grade observations,28eb1a3f-1c15-4a95-931a-4af90ecb574d,6441446067
hemidesmus indicus,Hemidesmus indicus,8125676.0,8125676,18.492789,73.798828,6.831127276480733,50c9509d-22c7-4a22-a47d-8c48425ef4a7,iNaturalist research-grade observations,28eb1a3f-1c15-4a95-931a-4af90ecb574d,6441766306
broussonetia papyrifera,Broussonetia papyrifera,5361944.0,5361944,18.562614,73.825916,5.7066490048933165,50c9509d-22c7-4a22-a47d-8c48425ef4a7,iNaturalist research-grade observations,28eb1a3f-1c15-4a95-931a-4af90ecb574d,6441842977
artabotrys hexapetalus,Artabotrys hexapetalus,3154909.0,3154909,18.542752,73.806254,5.8705843198024965,50c9509d-22c7-4a22-a47d-8c48425ef4a7,iNaturalist research-grade observations,28eb1a3f-1c15-4a95-931a-4af90ecb574d,6452202600
woodfordia fruticosa,Woodfordia fruticosa,5635525.0,5635525,18.503585,73.705854,16.014954477405723,50c9509d-22c7-4a22-a47d-8c48425ef4a7,iNaturalist research-grade observations,28eb1a3f-1c15-4a95-931a-4af90ecb574d,6470768425
salvia coccinea,Salvia coccinea,9278365.0,9278365,18.454117,73.78566,10.509365183532392,50c9509d-22c7-4a22-a47d-8c48425ef4a7,iNaturalist research-grade observations,28eb1a3f-1c15-4a95-931a-4af90ecb574d,6480092389
helicteres isora,Helicteres isora,5546922.0,5546922,18.374814,73.769792,18.60382995636404,50c9509d-22c7-4a22-a47d-8c48425ef4a7,iNaturalist research-grade observations,28eb1a3f-1c15-4a95-931a-4af90ecb574d,6170854764
bambusa vulgaris,Bambusa vulgaris,7661971.0,7661971,18.545814,73.639636,23.05855279451351,50c9509d-22c7-4a22-a47d-8c48425ef4a7,iNaturalist research-grade observations,28eb1a3f-1c15-4a95-931a-4af90ecb574d,6170874461
trema orientale,Trema orientale,2984508.0,2984508,18.37512,73.769539,18.587410921258357,50c9509d-22c7-4a22-a47d-8c48425ef4a7,iNaturalist research-grade observations,28eb1a3f-1c15-4a95-931a-4af90ecb574d,6170972325
ficus racemosa,Ficus racemosa,5361904.0,5361904,18.520534,73.849941,0.7127998014681984,50c9509d-22c7-4a22-a47d-8c48425ef4a7,iNaturalist research-grade observations,28eb1a3f-1c15-4a95-931a-4af90ecb574d,6171246937
trema orientale,Trema orientale,2984508.0,2984508,18.375661,73.768973,18.56483114119557,50c9509d-22c7-4a22-a47d-8c48425ef4a7,iNaturalist research-grade observations,28eb1a3f-1c15-4a95-931a-4af90ecb574d,6171305056
calotropis gigantea,Calotropis gigantea,3579089.0,3579089,18.562574,73.794304,8.078478640671758,50c9509d-22c7-4a22-a47d-8c48425ef4a7,iNaturalist research-grade observations,28eb1a3f-1c15-4a95-931a-4af90ecb574d,6171371272
heliconia rostrata,Heliconia rostrata,2760967.0,2760967,18.574641,73.757952,12.030984220957086,50c9509d-22c7-4a22-a47d-8c48425ef4a7,iNaturalist research-grade observations,28eb1a3f-1c15-4a95-931a-4af90ecb574d,6171386182
lannea coromandelica,Lannea coromandelica,3661151.0,3661151,18.529444,73.817303,4.273769143645818,50c9509d-22c7-4a22-a47d-8c48425ef4a7,iNaturalist research-grade observations,28eb1a3f-1c15-4a95-931a-4af90ecb574d,6178298110
hibiscus rosa-sinensis,Hibiscus rosa-sinensis,3152559.0,3152559,18.543405,73.832176,3.6371193969284046,50c9509d-22c7-4a22-a47d-8c48425ef4a7,iNaturalist research-grade observations,28eb1a3f-1c15-4a95-931a-4af90ecb574d,6178298324
ipomoea obscura,Ipomoea obscura,2928565.0,2928565,18.481422,73.811066,6.476155988583182,50c9509d-22c7-4a22-a47d-8c48425ef4a7,iNaturalist research-grade observations,28eb1a3f-1c15-4a95-931a-4af90ecb574d,6178314693
nymphoides hydrophylla,Nymphoides hydrophylla,5592249.0,5592249,18.530147,73.817436,4.279260337152896,50c9509d-22c7-4a22-a47d-8c48425ef4a7,iNaturalist research-grade observations,28eb1a3f-1c15-4a95-931a-4af90ecb574d,6178341080
dolichandrone falcata,Dolichandrone falcata,4091174.0,4091174,18.529444,73.817303,4.273769143645818,50c9509d-22c7-4a22-a47d-8c48425ef4a7,iNaturalist research-grade observations,28eb1a3f-1c15-4a95-931a-4af90ecb574d,6178358230
canna hybrida,Canna hybrida,7529533.0,7529533,18.570547,74.07658,23.84119607649233,50c9509d-22c7-4a22-a47d-8c48425ef4a7,iNaturalist research-grade observations,28eb1a3f-1c15-4a95-931a-4af90ecb574d,6178388150
samanea saman,Samanea saman,2972960.0,2972960,18.498032,73.904518,5.6221743484301685,50c9509d-22c7-4a22-a47d-8c48425ef4a7,iNaturalist research-grade observations,28eb1a3f-1c15-4a95-931a-4af90ecb574d,6178390449
syzygium cumini,Syzygium cumini,3183840.0,3183840,18.672677,73.745363,20.600687225944867,50c9509d-22c7-4a22-a47d-8c48425ef4a7,iNaturalist research-grade observations,28eb1a3f-1c15-4a95-931a-4af90ecb574d,6178455987
muntingia calabura,Muntingia calabura,3152036.0,3152036,18.424131,73.797563,12.389057151792201,50c9509d-22c7-4a22-a47d-8c48425ef4a7,iNaturalist research-grade observations,28eb1a3f-1c15-4a95-931a-4af90ecb574d,6178462088
ipomoea carnea,Ipomoea carnea,2928590.0,3682029,18.496029,73.732761,13.346618825696837,50c9509d-22c7-4a22-a47d-8c48425ef4a7,iNaturalist research-grade observations,28eb1a3f-1c15-4a95-931a-4af90ecb574d,6178476350
bauhinia racemosa,Bauhinia racemosa,2953160.0,2953160,18.529444,73.817303,4.273769143645818,50c9509d-22c7-4a22-a47d-8c48425ef4a7,iNaturalist research-grade observations,28eb1a3f-1c15-4a95-931a-4af90ecb574d,6178531401
boswellia serrata,Boswellia serrata,5421354.0,5421354,18.529444,73.817303,4.273769143645818,50c9509d-22c7-4a22-a47d-8c48425ef4a7,iNaturalist research-grade observations,28eb1a3f-1c15-4a95-931a-4af90ecb574d,6178550798
syzygium cumini,Syzygium cumini,3183840.0,3183840,18.562936,73.823286,5.897435515132348,50c9509d-22c7-4a22-a47d-8c48425ef4a7,iNaturalist research-grade observations,28eb1a3f-1c15-4a95-931a-4af90ecb574d,6178633367
argemone mexicana,Argemone mexicana,2888485.0,2888485,18.626124,73.648967,24.852172629670076,50c9509d-22c7-4a22-a47d-8c48425ef4a7,iNaturalist research-grade observations,28eb1a3f-1c15-4a95-931a-4af90ecb574d,6178642360
pongamia pinnata,Pongamia pinnata,2965911.0,2965911,18.533068,73.812716,4.846559476340946,50c9509d-22c7-4a22-a47d-8c48425ef4a7,iNaturalist research-grade observations,28eb1a3f-1c15-4a95-931a-4af90ecb574d,6178664153
dendrophthoe falcata,Dendrophthoe falcata,7595217.0,7595217,18.375863,73.769165,18.53526260352141,50c9509d-22c7-4a22-a47d-8c48425ef4a7,iNaturalist research-grade observations,28eb1a3f-1c15-4a95-931a-4af90ecb574d,6178708788
tamarindus indica,Tamarindus indica,2975768.0,2975768,18.56442,73.82282,6.059401762598393,50c9509d-22c7-4a22-a47d-8c48425ef4a7,iNaturalist research-grade observations,28eb1a3f-1c15-4a95-931a-4af90ecb574d,6178765599
nerium oleander,Nerium oleander,3169756.0,3169756,18.520468,73.835554,2.2295695595853777,50c9509d-22c7-4a22-a47d-8c48425ef4a7,iNaturalist research-grade observations,28eb1a3f-1c15-4a95-931a-4af90ecb574d,6178821506
gliricidia sepium,Gliricidia sepium,8082978.0,8082978,18.458256,73.786186,10.151107717473383,50c9509d-22c7-4a22-a47d-8c48425ef4a7,iNaturalist research-grade observations,28eb1a3f-1c15-4a95-931a-4af90ecb574d,6178837230
erythrina variegata,Erythrina variegata,5349581.0,5349581,18.530945,73.815733,4.475605093890228,50c9509d-22c7-4a22-a47d-8c48425ef4a7,iNaturalist research-grade observations,28eb1a3f-1c15-4a95-931a-4af90ecb574d,6178851387
erythrina suberosa,Erythrina suberosa,5349546.0,5349546,18.54743,73.807974,5.951747559623581,50c9509d-22c7-4a22-a47d-8c48425ef4a7,iNaturalist research-grade observations,28eb1a3f-1c15-4a95-931a-4af90ecb574d,6178878882
ipomoea parasitica,Ipomoea parasitica,4927124.0,4927124,18.565721,73.795395,8.195462034081116,50c9509d-22c7-4a22-a47d-8c48425ef4a7,iNaturalist research-grade observations,28eb1a3f-1c15-4a95-931a-4af90ecb574d,6178896992
capparis divaricata,Capparis divaricata,5602501.0,5602501,18.60663,73.962343,14.69498350631761,50c9509d-22c7-4a22-a47d-8c48425ef4a7,iNaturalist research-grade observations,28eb1a3f-1c15-4a95-931a-4af90ecb574d,6178907645
careya arborea,Careya arborea,3083448.0,3083448,18.545897,73.804808,6.16187635782467,50c9509d-22c7-4a22-a47d-8c48425ef4a7,iNaturalist research-grade observations,28eb1a3f-1c15-4a95-931a-4af90ecb574d,6178923811
tridax procumbens,Tridax procumbens,3149462.0,3149462,18.544169,73.806433,5.922093913900653,50c9509d-22c7-4a22-a47d-8c48425ef4a7,iNaturalist research-grade observations,28eb1a3f-1c15-4a95-931a-4af90ecb574d,6178967787
erythrina suberosa,Erythrina suberosa,5349546.0,5349546,18.527323,73.815669,4.394029188015461,50c9509d-22c7-4a22-a47d-8c48425ef4a7,iNaturalist research-grade observations,28eb1a3f-1c15-4a95-931a-4af90ecb574d,6178973433
cocos nucifera,Cocos nucifera,2735117.0,2735117,18.563068,73.824167,5.854321342477355,50c9509d-22c7-4a22-a47d-8c48425ef4a7,iNaturalist research-grade observations,28eb1a3f-1c15-4a95-931a-4af90ecb574d,6178999368
ipomoea carnea,Ipomoea carnea,2928590.0,3682029,18.412419,73.842644,12.098129574555653,50c9509d-22c7-4a22-a47d-8c48425ef4a7,iNaturalist research-grade observations,28eb1a3f-1c15-4a95-931a-4af90ecb574d,6179097804
woodfordia fruticosa,Woodfordia fruticosa,5635525.0,5635525,18.375863,73.769165,18.53526260352141,50c9509d-22c7-4a22-a47d-8c48425ef4a7,iNaturalist research-grade observations,28eb1a3f-1c15-4a95-931a-4af90ecb574d,6179131538
kalanchoe pinnata,Kalanchoe pinnata,2985930.0,2985930,18.52805,73.819799,3.982526328039405,50c9509d-22c7-4a22-a47d-8c48425ef4a7,iNaturalist research-grade observations,28eb1a3f-1c15-4a95-931a-4af90ecb574d,6179134141
catharanthus roseus,Catharanthus roseus,3169830.0,3169830,18.538187,73.726405,13.878765475752974,50c9509d-22c7-4a22-a47d-8c48425ef4a7,iNaturalist research-grade observations,28eb1a3f-1c15-4a95-931a-4af90ecb574d,6179178990
tecoma stans,Tecoma stans,3172492.0,3172492,18.519397,73.837087,2.0709346390630827,50c9509d-22c7-4a22-a47d-8c48425ef4a7,iNaturalist research-grade observations,28eb1a3f-1c15-4a95-931a-4af90ecb574d,6179182201
capparis grandis,Capparis grandis,7552967.0,7552967,18.531186,73.815839,4.471930036203076,50c9509d-22c7-4a22-a47d-8c48425ef4a7,iNaturalist research-grade observations,28eb1a3f-1c15-4a95-931a-4af90ecb574d,6179242491
azadirachta indica,Azadirachta indica,3190474.0,3190474,18.543907,73.805903,5.959317880118252,50c9509d-22c7-4a22-a47d-8c48425ef4a7,iNaturalist research-grade observations,28eb1a3f-1c15-4a95-931a-4af90ecb574d,6179280215
capparis grandis,Capparis grandis,7552967.0,7552967,18.531027,73.816649,4.3849220998641565,50c9509d-22c7-4a22-a47d-8c48425ef4a7,iNaturalist research-grade observations,28eb1a3f-1c15-4a95-931a-4af90ecb574d,6179321002
thunbergia alata,Thunbergia alata,5415463.0,5415463,18.563533,73.794682,8.10866317111353,50c9509d-22c7-4a22-a47d-8c48425ef4a7,iNaturalist research-grade observations,28eb1a3f-1c15-4a95-931a-4af90ecb574d,6179379713
cassia fistula,Cassia fistula,5357108.0,5357108,18.545237,73.806371,5.981821958116557,50c9509d-22c7-4a22-a47d-8c48425ef4a7,iNaturalist research-grade observations,28eb1a3f-1c15-4a95-931a-4af90ecb574d,6179420764
kalanchoe pinnata,Kalanchoe pinnata,2985930.0,2985930,18.53308,73.812668,4.851789433750647,50c9509d-22c7-4a22-a47d-8c48425ef4a7,iNaturalist research-grade observations,28eb1a3f-1c15-4a95-931a-4af90ecb574d,6179437833
kigelia africana,Kigelia africana,3172561.0,3172561,18.546881,73.805152,6.181053821602226,50c9509d-22c7-4a22-a47d-8c48425ef4a7,iNaturalist research-grade observations,28eb1a3f-1c15-4a95-931a-4af90ecb574d,6179486609
pithecellobium dulce,Pithecellobium dulce,2962831.0,2962831,18.532051,73.817503,4.330956923342738,50c9509d-22c7-4a22-a47d-8c48425ef4a7,iNaturalist research-grade observations,28eb1a3f-1c15-4a95-931a-4af90ecb574d,6179508595
crotalaria pallida,Crotalaria pallida,8260433.0,8260433,18.418688,73.871116,11.411613896418432,50c9509d-22c7-4a22-a47d-8c48425ef4a7,iNaturalist research-grade observations,28eb1a3f-1c15-4a95-931a-4af90ecb574d,6179509887
helicteres isora,Helicteres isora,5546922.0,5546922,18.375863,73.769165,18.53526260352141,50c9509d-22c7-4a22-a47d-8c48425ef4a7,iNaturalist research-grade observations,28eb1a3f-1c15-4a95-931a-4af90ecb574d,6179517896
ficus racemosa,Ficus racemosa,5361904.0,5361904,18.564335,73.822965,6.042760526303727,50c9509d-22c7-4a22-a47d-8c48425ef4a7,iNaturalist research-grade observations,28eb1a3f-1c15-4a95-931a-4af90ecb574d,6179523075
mangifera indica,Mangifera indica,3190638.0,3190638,18.563258,73.822818,5.9556472697119816,50c9509d-22c7-4a22-a47d-8c48425ef4a7,iNaturalist research-grade observations,28eb1a3f-1c15-4a95-931a-4af90ecb574d,6184723923
pongamia pinnata,Pongamia pinnata,2965911.0,2965911,18.562989,73.823394,5.895374448078317,50c9509d-22c7-4a22-a47d-8c48425ef4a7,iNaturalist research-grade observations,28eb1a3f-1c15-4a95-931a-4af90ecb574d,6184723931
pistia stratiotes,Pistia stratiotes,2870583.0,2870583,18.567114,73.790991,8.658356646977342,50c9509d-22c7-4a22-a47d-8c48425ef4a7,iNaturalist research-grade observations,28eb1a3f-1c15-4a95-931a-4af90ecb574d,6184731680
cordia dichotoma,Cordia dichotoma,5341270.0,5341270,18.563063,73.79445,8.097677120197227,50c9509d-22c7-4a22-a47d-8c48425ef4a7,iNaturalist research-grade observations,28eb1a3f-1c15-4a95-931a-4af90ecb574d,6184737905
broussonetia papyrifera,Broussonetia papyrifera,5361944.0,5361944,18.562958,73.823249,5.901727474636605,50c9509d-22c7-4a22-a47d-8c48425ef4a7,iNaturalist research-grade observations,28eb1a3f-1c15-4a95-931a-4af90ecb574d,6184741240
cassia fistula,Cassia fistula,5357108.0,5357108,18.562594,73.794603,8.05412759037587,50c9509d-22c7-4a22-a47d-8c48425ef4a7,iNaturalist research-grade observations,28eb1a3f-1c15-4a95-931a-4af90ecb574d,6184742728
azadirachta indica,Azadirachta indica,3190474.0,3190474,18.583226,73.779032,10.762850613721504,50c9509d-22c7-4a22-a47d-8c48425ef4a7,iNaturalist research-grade observations,28eb1a3f-1c15-4a95-931a-4af90ecb574d,6184747077
flacourtia indica,Flacourtia indica,5331162.0,5331162,18.534277,73.814787,4.6806359669165385,50c9509d-22c7-4a22-a47d-8c48425ef4a7,iNaturalist research-grade observations,28eb1a3f-1c15-4a95-931a-4af90ecb574d,6184748759
combretum albidum,Combretum albidum,7327060.0,7327060,18.562688,73.793862,8.123794836917206,50c9509d-22c7-4a22-a47d-8c48425ef4a7,iNaturalist research-grade observations,28eb1a3f-1c15-4a95-931a-4af90ecb574d,6184749926
ficus racemosa,Ficus racemosa,5361904.0,5361904,18.563713,73.795578,8.044657814213405,50c9509d-22c7-4a22-a47d-8c48425ef4a7,iNaturalist research-grade observations,28eb1a3f-1c15-4a95-931a-4af90ecb574d,6184765551
boswellia serrata,Boswellia serrata,5421354.0,5421354,18.553281,73.788451,8.070887563829766,50c9509d-22c7-4a22-a47d-8c48425ef4a7,iNaturalist research-grade observations,28eb1a3f-1c15-4a95-931a-4af90ecb574d,6184765805
leucaena leucocephala,Leucaena leucocephala,2970418.0,2970418,18.581808,73.779488,10.624335909913226,50c9509d-22c7-4a22-a47d-8c48425ef4a7,iNaturalist research-grade observations,28eb1a3f-1c15-4a95-931a-4af90ecb574d,6184775533
ficus heterophylla,Ficus heterophylla,8418037.0,8418037,18.565358,73.79563,8.151127309745172,50c9509d-22c7-4a22-a47d-8c48425ef4a7,iNaturalist research-grade observations,28eb1a3f-1c15-4a95-931a-4af90ecb574d,6184784386
pithecellobium dulce,Pithecellobium dulce,2962831.0,2962831,18.581957,73.77945,10.638055267316224,50c9509d-22c7-4a22-a47d-8c48425ef4a7,iNaturalist research-grade observations,28eb1a3f-1c15-4a95-931a-4af90ecb574d,6184792380
ficus benjamina,Ficus benjamina,5361932.0,5361932,18.54372,73.733206,13.275579007772127,50c9509d-22c7-4a22-a47d-8c48425ef4a7,iNaturalist research-grade observations,28eb1a3f-1c15-4a95-931a-4af90ecb574d,6184795334
cycas revoluta,Cycas revoluta,2683217.0,2683217,18.460229,73.808488,8.403256412603252,50c9509d-22c7-4a22-a47d-8c48425ef4a7,iNaturalist research-grade observations,28eb1a3f-1c15-4a95-931a-4af90ecb574d,6184802300
mangifera indica,Mangifera indica,3190638.0,3190638,18.563385,73.822992,5.955989711721123,50c9509d-22c7-4a22-a47d-8c48425ef4a7,iNaturalist research-grade observations,28eb1a3f-1c15-4a95-931a-4af90ecb574d,6184804503
pithecellobium dulce,Pithecellobium dulce,2962831.0,2962831,18.581645,73.779435,10.616984851370093,50c9509d-22c7-4a22-a47d-8c48425ef4a7,iNaturalist research-grade observations,28eb1a3f-1c15-4a95-931a-4af90ecb574d,6184815511
ziziphus mauritiana,Ziziphus mauritiana,3039424.0,3039424,18.582784,73.779215,10.716311142271381,50c9509d-22c7-4a22-a47d-8c48425ef4a7,iNaturalist research-grade observations,28eb1a3f-1c15-4a95-931a-4af90ecb574d,6184815865
azadirachta indica,Azadirachta indica,3190474.0,3190474,18.583118,73.779091,10.750327576988397,50c9509d-22c7-4a22-a47d-8c48425ef4a7,iNaturalist research-grade observations,28eb1a3f-1c15-4a95-931a-4af90ecb574d,6184818561
rumex dentatus,Rumex dentatus,2889038.0,2889038,18.563579,73.793636,8.200829751773203,50c9509d-22c7-4a22-a47d-8c48425ef4a7,iNaturalist research-grade observations,28eb1a3f-1c15-4a95-931a-4af90ecb574d,6184825006
azadirachta indica,Azadirachta indica,3190474.0,3190474,18.583213,73.779056,10.759987968038716,50c9509d-22c7-4a22-a47d-8c48425ef4a7,iNaturalist research-grade observations,28eb1a3f-1c15-4a95-931a-4af90ecb574d,6184832620
couroupita guianensis,Couroupita guianensis,3082562.0,3082562,18.514649,73.932247,7.991162235479811,50c9509d-22c7-4a22-a47d-8c48425ef4a7,iNaturalist research-grade observations,28eb1a3f-1c15-4a95-931a-4af90ecb574d,6184833745
pongamia pinnata,Pongamia pinnata,2965911.0,2965911,18.5629,73.794487,8.083909798662988,50c9509d-22c7-4a22-a47d-8c48425ef4a7,iNaturalist research-grade observations,28eb1a3f-1c15-4a95-931a-4af90ecb574d,6184842453
azadirachta indica,Azadirachta indica,3190474.0,3190474,18.5833,73.779094,10.763223335937543,50c9509d-22c7-4a22-a47d-8c48425ef4a7,iNaturalist research-grade observations,28eb1a3f-1c15-4a95-931a-4af90ecb574d,6184854614
pithecellobium dulce,Pithecellobium dulce,2962831.0,2962831,18.582552,73.779287,10.693841366610425,50c9509d-22c7-4a22-a47d-8c48425ef4a7,iNaturalist research-grade observations,28eb1a3f-1c15-4a95-931a-4af90ecb574d,6184854621
mangifera indica,Mangifera indica,3190638.0,3190638,18.588441,73.779334,11.124519363435132,50c9509d-22c7-4a22-a47d-8c48425ef4a7,iNaturalist research-grade observations,28eb1a3f-1c15-4a95-931a-4af90ecb574d,6184856721
tabebuia rosea,Tabebuia rosea,3172537.0,3172537,18.445413,73.780145,11.606286444680295,50c9509d-22c7-4a22-a47d-8c48425ef4a7,iNaturalist research-grade observations,28eb1a3f-1c15-4a95-931a-4af90ecb574d,6184857460
mangifera indica,Mangifera indica,3190638.0,3190638,18.584046,73.778757,10.844189512031834,50c9509d-22c7-4a22-a47d-8c48425ef4a7,iNaturalist research-grade observations,28eb1a3f-1c15-4a95-931a-4af90ecb574d,6184871226
albizia lebbeck,Albizia lebbeck,2973215.0,2973215,18.565563,73.795853,8.146600322780314,50c9509d-22c7-4a22-a47d-8c48425ef4a7,iNaturalist research-grade observations,28eb1a3f-1c15-4a95-931a-4af90ecb574d,6184873234
broussonetia papyrifera,Broussonetia papyrifera,5361944.0,5361944,18.563177,73.823617,5.898247089711861,50c9509d-22c7-4a22-a47d-8c48425ef4a7,iNaturalist research-grade observations,28eb1a3f-1c15-4a95-931a-4af90ecb574d,6184873398
stephanotis volubilis,Stephanotis volubilis,12202584.0,12202584,18.553943,73.788266,8.121808158217496,50c9509d-22c7-4a22-a47d-8c48425ef4a7,iNaturalist research-grade observations,28eb1a3f-1c15-4a95-931a-4af90ecb574d,6184874763
pithecellobium dulce,Pithecellobium dulce,2962831.0,2962831,18.583061,73.779133,10.74284767518087,50c9509d-22c7-4a22-a47d-8c48425ef4a7,iNaturalist research-grade observations,28eb1a3f-1c15-4a95-931a-4af90ecb574d,6184877663
nicotiana plumbaginifolia,Nicotiana plumbaginifolia,2928768.0,2928768,18.564061,73.794609,8.14969951593008,50c9509d-22c7-4a22-a47d-8c48425ef4a7,iNaturalist research-grade observations,28eb1a3f-1c15-4a95-931a-4af90ecb574d,6184886233
kigelia africana,Kigelia africana,3172561.0,3172561,18.533034,73.839008,2.335156761901044,50c9509d-22c7-4a22-a47d-8c48425ef4a7,iNaturalist research-grade observations,28eb1a3f-1c15-4a95-931a-4af90ecb574d,6184887241
pongamia pinnata,Pongamia pinnata,2965911.0,2965911,18.58323,73.779069,10.760172484391886,50c9509d-22c7-4a22-a47d-8c48425ef4a7,iNaturalist research-grade observations,28eb1a3f-1c15-4a95-931a-4af90ecb574d,6184895597
millingtonia hortensis,Millingtonia hortensis,7629955.0,7629955,18.562947,73.823525,5.883403702423632,50c9509d-22c7-4a22-a47d-8c48425ef4a7,iNaturalist research-grade observations,28eb1a3f-1c15-4a95-931a-4af90ecb574d,6184906166
salvia plebeia,Salvia plebeia,3891879.0,3891879,18.563586,73.793395,8.221895055078129,50c9509d-22c7-4a22-a47d-8c48425ef4a7,iNaturalist research-grade observations,28eb1a3f-1c15-4a95-931a-4af90ecb574d,6184906410
pithecellobium dulce,Pithecellobium dulce,2962831.0,2962831,18.582309,73.779386,10.668428504919998,50c9509d-22c7-4a22-a47d-8c48425ef4a7,iNaturalist research-grade observations,28eb1a3f-1c15-4a95-931a-4af90ecb574d,6184906425
argemone mexicana,Argemone mexicana,2888485.0,2888485,18.565435,73.795105,8.200137872277372,50c9509d-22c7-4a22-a47d-8c48425ef4a7,iNaturalist research-grade observations,28eb1a3f-1c15-4a95-931a-4af90ecb574d,6184922727
pithecellobium dulce,Pithecellobium dulce,2962831.0,2962831,18.58299,73.779115,10.739175250762317,50c9509d-22c7-4a22-a47d-8c48425ef4a7,iNaturalist research-grade observations,28eb1a3f-1c15-4a95-931a-4af90ecb574d,6184939804
mangifera indica,Mangifera indica,3190638.0,3190638,18.563507,73.822898,5.972788195526052,50c9509d-22c7-4a22-a47d-8c48425ef4a7,iNaturalist research-grade observations,28eb1a3f-1c15-4a95-931a-4af90ecb574d,6184946977
azadirachta indica,Azadirachta indica,3190474.0,3190474,18.583126,73.779123,10.74833767555003,50c9509d-22c7-4a22-a47d-8c48425ef4a7,iNaturalist research-grade observations,28eb1a3f-1c15-4a95-931a-4af90ecb574d,6184955332
mangifera indica,Mangifera indica,3190638.0,3190638,18.584068,73.778703,10.850098897713268,50c9509d-22c7-4a22-a47d-8c48425ef4a7,iNaturalist research-grade observations,28eb1a3f-1c15-4a95-931a-4af90ecb574d,6184975417
chromolaena odorata,Chromolaena odorata,3087725.0,3087725,18.56909,73.771033,10.529655824057519,50c9509d-22c7-4a22-a47d-8c48425ef4a7,iNaturalist research-grade observations,28eb1a3f-1c15-4a95-931a-4af90ecb574d,6184980085
syzygium cumini,Syzygium cumini,3183840.0,3183840,18.418185,73.768655,14.676842159889379,50c9509d-22c7-4a22-a47d-8c48425ef4a7,iNaturalist research-grade observations,28eb1a3f-1c15-4a95-931a-4af90ecb574d,6184994176
parthenium hysterophorus,Parthenium hysterophorus,3086784.0,3086784,18.439525,73.845332,9.07246438073025,50c9509d-22c7-4a22-a47d-8c48425ef4a7,iNaturalist research-grade observations,28eb1a3f-1c15-4a95-931a-4af90ecb574d,6184995347
ficus racemosa,Ficus racemosa,5361904.0,5361904,18.583551,73.778925,10.794900847696704,50c9509d-22c7-4a22-a47d-8c48425ef4a7,iNaturalist research-grade observations,28eb1a3f-1c15-4a95-931a-4af90ecb574d,6185007687
cascabela thevetia,Cascabela thevetia,3169652.0,3169652,18.58307,73.779166,10.74084915765795,50c9509d-22c7-4a22-a47d-8c48425ef4a7,iNaturalist research-grade observations,28eb1a3f-1c15-4a95-931a-4af90ecb574d,6185009998
flacourtia indica,Flacourtia indica,5331162.0,5331162,18.529444,73.817303,4.273769143645818,50c9509d-22c7-4a22-a47d-8c48425ef4a7,iNaturalist research-grade observations,28eb1a3f-1c15-4a95-931a-4af90ecb574d,6185011932
polyalthia longifolia,Polyalthia longifolia,3156422.0,3156422,18.563109,73.823343,5.909295675191022,50c9509d-22c7-4a22-a47d-8c48425ef4a7,iNaturalist research-grade observations,28eb1a3f-1c15-4a95-931a-4af90ecb574d,6185019745
azadirachta indica,Azadirachta indica,3190474.0,3190474,18.583218,73.779091,10.757542508906475,50c9509d-22c7-4a22-a47d-8c48425ef4a7,iNaturalist research-grade observations,28eb1a3f-1c15-4a95-931a-4af90ecb574d,6185022353
bauhinia racemosa,Bauhinia racemosa,2953160.0,2953160,18.556524,73.789906,8.106868687718865,50c9509d-22c7-4a22-a47d-8c48425ef4a7,iNaturalist research-grade observations,28eb1a3f-1c15-4a95-931a-4af90ecb574d,6185026640
nerium oleander,Nerium oleander,3169756.0,3169756,18.514031,73.896042,4.208174623442298,50c9509d-22c7-4a22-a47d-8c48425ef4a7,iNaturalist research-grade observations,28eb1a3f-1c15-4a95-931a-4af90ecb574d,6185029610
solanum torvum,Solanum torvum,2932389.0,2932389,18.567384,73.799845,7.951063135585213,50c9509d-22c7-4a22-a47d-8c48425ef4a7,iNaturalist research-grade observations,28eb1a3f-1c15-4a95-931a-4af90ecb574d,6185029883
mangifera indica,Mangifera indica,3190638.0,3190638,18.584073,73.778673,10.852858236474363,50c9509d-22c7-4a22-a47d-8c48425ef4a7,iNaturalist research-grade observations,28eb1a3f-1c15-4a95-931a-4af90ecb574d,6185034982
prosopis juliflora,Prosopis juliflora,5358460.0,5358460,18.514856,73.892675,3.8429022971998292,50c9509d-22c7-4a22-a47d-8c48425ef4a7,iNaturalist research-grade observations,28eb1a3f-1c15-4a95-931a-4af90ecb574d,6185046619
psidium guajava,Psidium guajava,5420380.0,5420380,18.520374,73.873354,1.7559395845583896,50c9509d-22c7-4a22-a47d-8c48425ef4a7,iNaturalist research-grade observations,28eb1a3f-1c15-4a95-931a-4af90ecb574d,6185047308
cocos nucifera,Cocos nucifera,2735117.0,2735117,18.56303,73.82418,5.850094453617542,50c9509d-22c7-4a22-a47d-8c48425ef4a7,iNaturalist research-grade observations,28eb1a3f-1c15-4a95-931a-4af90ecb574d,6185052254
mangifera indica,Mangifera indica,3190638.0,3190638,18.584123,73.778723,10.852492311332155,50c9509d-22c7-4a22-a47d-8c48425ef4a7,iNaturalist research-grade observations,28eb1a3f-1c15-4a95-931a-4af90ecb574d,6185052696
pithecellobium dulce,Pithecellobium dulce,2962831.0,2962831,18.582979,73.779206,10.731078237935936,50c9509d-22c7-4a22-a47d-8c48425ef4a7,iNaturalist research-grade observations,28eb1a3f-1c15-4a95-931a-4af90ecb574d,6185062024
broussonetia papyrifera,Broussonetia papyrifera,5361944.0,5361944,18.56488,73.822983,6.090747992817021,50c9509d-22c7-4a22-a47d-8c48425ef4a7,iNaturalist research-grade observations,28eb1a3f-1c15-4a95-931a-4af90ecb574d,6185073032
pithecellobium dulce,Pithecellobium dulce,2962831.0,2962831,18.58249,73.779343,10.684882260972117,50c9509d-22c7-4a22-a47d-8c48425ef4a7,iNaturalist research-grade observations,28eb1a3f-1c15-4a95-931a-4af90ecb574d,6185079068
samanea saman,Samanea saman,2972960.0,2972960,18.562945,73.824165,5.843367182065332,50c9509d-22c7-4a22-a47d-8c48425ef4a7,iNaturalist research-grade observations,28eb1a3f-1c15-4a95-931a-4af90ecb574d,6185081962
pongamia pinnata,Pongamia pinnata,2965911.0,2965911,18.56524,73.795356,8.165945559027147,50c9509d-22c7-4a22-a47d-8c48425ef4a7,iNaturalist research-grade observations,28eb1a3f-1c15-4a95-931a-4af90ecb574d,6185088444
alternanthera ficoidea,Alternanthera ficoidea,8160803.0,8160803,18.563148,73.794518,8.097411780404686,50c9509d-22c7-4a22-a47d-8c48425ef4a7,iNaturalist research-grade observations,28eb1a3f-1c15-4a95-931a-4af90ecb574d,6185113429
bauhinia racemosa,Bauhinia racemosa,2953160.0,2953160,18.583454,73.779003,10.7816416976531,50c9509d-22c7-4a22-a47d-8c48425ef4a7,iNaturalist research-grade observations,28eb1a3f-1c15-4a95-931a-4af90ecb574d,6185114085
pithecellobium dulce,Pithecellobium dulce,2962831.0,2962831,18.582539,73.781235,10.537021081923314,50c9509d-22c7-4a22-a47d-8c48425ef4a7,iNaturalist research-grade observations,28eb1a3f-1c15-4a95-931a-4af90ecb574d,6185115210
salix tetrasperma,Salix tetrasperma,5582578.0,5582578,18.582099,73.779361,10.655396028805457,50c9509d-22c7-4a22-a47d-8c48425ef4a7,iNaturalist research-grade observations,28eb1a3f-1c15-4a95-931a-4af90ecb574d,6185115675
mangifera indica,Mangifera indica,3190638.0,3190638,18.584073,73.778642,10.855335191119927,50c9509d-22c7-4a22-a47d-8c48425ef4a7,iNaturalist research-grade observations,28eb1a3f-1c15-4a95-931a-4af90ecb574d,6185119229
mangifera indica,Mangifera indica,3190638.0,3190638,18.584023,73.778773,10.841242934969712,50c9509d-22c7-4a22-a47d-8c48425ef4a7,iNaturalist research-grade observations,28eb1a3f-1c15-4a95-931a-4af90ecb574d,6185131432
sphaeranthus indicus,Sphaeranthus indicus,8302135.0,8302135,18.563705,73.793715,8.202294692217711,50c9509d-22c7-4a22-a47d-8c48425ef4a7,iNaturalist research-grade observations,28eb1a3f-1c15-4a95-931a-4af90ecb574d,6185131816
ficus heterophylla,Ficus heterophylla,8418037.0,8418037,18.565375,73.795666,8.149289650133056,50c9509d-22c7-4a22-a47d-8c48425ef4a7,iNaturalist research-grade observations,28eb1a3f-1c15-4a95-931a-4af90ecb574d,6185133414
pithecellobium dulce,Pithecellobium dulce,2962831.0,2962831,18.582758,73.779413,10.698536550701537,50c9509d-22c7-4a22-a47d-8c48425ef4a7,iNaturalist research-grade observations,28eb1a3f-1c15-4a95-931a-4af90ecb574d,6185134529
calotropis gigantea,Calotropis gigantea,3579089.0,3579089,18.416433,73.817489,12.278046549634219,50c9509d-22c7-4a22-a47d-8c48425ef4a7,iNaturalist research-grade observations,28eb1a3f-1c15-4a95-931a-4af90ecb574d,6185140339
plumbago zeylanica,Plumbago zeylanica,3082282.0,3082282,18.563325,73.794412,8.118014780607805,50c9509d-22c7-4a22-a47d-8c48425ef4a7,iNaturalist research-grade observations,28eb1a3f-1c15-4a95-931a-4af90ecb574d,6185168241
grevillea robusta,Grevillea robusta,2891791.0,2891791,18.58166,73.776944,10.820801728644238,50c9509d-22c7-4a22-a47d-8c48425ef4a7,iNaturalist research-grade observations,28eb1a3f-1c15-4a95-931a-4af90ecb574d,6185191360
kigelia africana,Kigelia africana,3172561.0,3172561,18.532933,73.838906,2.337042112463669,50c9509d-22c7-4a22-a47d-8c48425ef4a7,iNaturalist research-grade observations,28eb1a3f-1c15-4a95-931a-4af90ecb574d,6185195080
solanum lycopersicum,Solanum lycopersicum,2930137.0,2930137,18.59523,73.790215,10.878979233417285,50c9509d-22c7-4a22-a47d-8c48425ef4a7,iNaturalist research-grade observations,28eb1a3f-1c15-4a95-931a-4af90ecb574d,6185197184
kigelia africana,Kigelia africana,3172561.0,3172561,18.528942,73.812507,4.755258678086163,50c9509d-22c7-4a22-a47d-8c48425ef4a7,iNaturalist research-grade observations,28eb1a3f-1c15-4a95-931a-4af90ecb574d,6185208788
mangifera indica,Mangifera indica,3190638.0,3190638,18.58516,73.780068,10.821862496373932,50c9509d-22c7-4a22-a47d-8c48425ef4a7,iNaturalist research-grade observations,28eb1a3f-1c15-4a95-931a-4af90ecb574d,6185210475
grevillea robusta,Grevillea robusta,2891791.0,2891791,18.583211,73.779053,10.760084222024288,50c9509d-22c7-4a22-a47d-8c48425ef4a7,iNaturalist research-grade observations,28eb1a3f-1c15-4a95-931a-4af90ecb574d,6185215226
asclepias curassavica,Asclepias curassavica,3170241.0,3170241,18.564937,73.7952,8.158485335675026,50c9509d-22c7-4a22-a47d-8c48425ef4a7,iNaturalist research-grade observations,28eb1a3f-1c15-4a95-931a-4af90ecb574d,6185216575
syzygium aqueum,Syzygium aqueum,3183335.0,3183335,18.569079,73.803812,7.770815622137092,50c9509d-22c7-4a22-a47d-8c48425ef4a7,iNaturalist research-grade observations,28eb1a3f-1c15-4a95-931a-4af90ecb574d,6185218828
pongamia pinnata,Pongamia pinnata,2965911.0,2965911,18.583213,73.779119,10.754936897328065,50c9509d-22c7-4a22-a47d-8c48425ef4a7,iNaturalist research-grade observations,28eb1a3f-1c15-4a95-931a-4af90ecb574d,6185221454
erythrina suberosa,Erythrina suberosa,5349546.0,5349546,18.445413,73.780145,11.606286444680295,50c9509d-22c7-4a22-a47d-8c48425ef4a7,iNaturalist research-grade observations,28eb1a3f-1c15-4a95-931a-4af90ecb574d,6185224765
grevillea robusta,Grevillea robusta,2891791.0,2891791,18.509109,73.852659,1.3258339291097907,50c9509d-22c7-4a22-a47d-8c48425ef4a7,iNaturalist research-grade observations,28eb1a3f-1c15-4a95-931a-4af90ecb574d,6185238163
pithecellobium dulce,Pithecellobium dulce,2962831.0,2962831,18.582994,73.779116,10.739383148798407,50c9509d-22c7-4a22-a47d-8c48425ef4a7,iNaturalist research-grade observations,28eb1a3f-1c15-4a95-931a-4af90ecb574d,6185242681
tamarindus indica,Tamarindus indica,2975768.0,2975768,18.551812,73.80958,6.072738994548311,50c9509d-22c7-4a22-a47d-8c48425ef4a7,iNaturalist research-grade observations,28eb1a3f-1c15-4a95-931a-4af90ecb574d,6185257126
phyllanthus reticulatus,Phyllanthus reticulatus,5382478.0,5382478,18.583173,73.779181,10.747079113167946,50c9509d-22c7-4a22-a47d-8c48425ef4a7,iNaturalist research-grade observations,28eb1a3f-1c15-4a95-931a-4af90ecb574d,6185264480
cuscuta campestris,Cuscuta campestris,3610757.0,3610757,18.483972,73.826004,5.185023897556413,50c9509d-22c7-4a22-a47d-8c48425ef4a7,iNaturalist research-grade observations,28eb1a3f-1c15-4a95-931a-4af90ecb574d,6185277435
mangifera indica,Mangifera indica,3190638.0,3190638,18.584063,73.778508,10.865322526444944,50c9509d-22c7-4a22-a47d-8c48425ef4a7,iNaturalist research-grade observations,28eb1a3f-1c15-4a95-931a-4af90ecb574d,6185282189
pongamia pinnata,Pongamia pinnata,2965911.0,2965911,18.583016,73.779131,10.739764346412262,50c9509d-22c7-4a22-a47d-8c48425ef4a7,iNaturalist research-grade observations,28eb1a3f-1c15-4a95-931a-4af90ecb574d,6185282489
calotropis procera,Calotropis procera,5414566.0,5414566,18.413361,73.820203,12.509189151074025,50c9509d-22c7-4a22-a47d-8c48425ef4a7,iNaturalist research-grade observations,28eb1a3f-1c15-4a95-931a-4af90ecb574d,6185291232
prosopis juliflora,Prosopis juliflora,5358460.0,5358460,18.567668,73.808984,7.275244495701628,50c9509d-22c7-4a22-a47d-8c48425ef4a7,iNaturalist research-grade observations,28eb1a3f-1c15-4a95-931a-4af90ecb574d,6185295550
mimusops elengi,Mimusops elengi,2883768.0,2883768,18.445413,73.780145,11.606286444680295,50c9509d-22c7-4a22-a47d-8c48425ef4a7,iNaturalist research-grade observations,28eb1a3f-1c15-4a95-931a-4af90ecb574d,6185296607
mangifera indica,Mangifera indica,3190638.0,3190638,18.584032,73.778702,10.847567955783227,50c9509d-22c7-4a22-a47d-8c48425ef4a7,iNaturalist research-grade observations,28eb1a3f-1c15-4a95-931a-4af90ecb574d,6185298521
millingtonia hortensis,Millingtonia hortensis,7629955.0,7629955,18.583144,73.779089,10.752363242377522,50c9509d-22c7-4a22-a47d-8c48425ef4a7,iNaturalist research-grade observations,28eb1a3f-1c15-4a95-931a-4af90ecb574d,6185333543
gliricidia sepium,Gliricidia sepium,8082978.0,8082978,18.563065,73.824232,5.850038952352381,50c9509d-22c7-4a22-a47d-8c48425ef4a7,iNaturalist research-grade observations,28eb1a3f-1c15-4a95-931a-4af90ecb574d,6185343769
leucaena leucocephala,Leucaena leucocephala,2970418.0,2970418,18.563571,73.82301,5.971470120856882,50c9509d-22c7-4a22-a47d-8c48425ef4a7,iNaturalist research-grade observations,28eb1a3f-1c15-4a95-931a-4af90ecb574d,6185349207
albizia lebbeck,Albizia lebbeck,2973215.0,2973215,18.445413,73.780145,11.606286444680295,50c9509d-22c7-4a22-a47d-8c48425ef4a7,iNaturalist research-grade observations,28eb1a3f-1c15-4a95-931a-4af90ecb574d,6185356615
pithecellobium dulce,Pithecellobium dulce,2962831.0,2962831,18.582497,73.779238,10.693834859691831,50c9509d-22c7-4a22-a47d-8c48425ef4a7,iNaturalist research-grade observations,28eb1a3f-1c15-4a95-931a-4af90ecb574d,6185359340
broussonetia papyrifera,Broussonetia papyrifera,5361944.0,5361944,18.563018,73.823458,5.893950676143074,50c9509d-22c7-4a22-a47d-8c48425ef4a7,iNaturalist research-grade observations,28eb1a3f-1c15-4a95-931a-4af90ecb574d,6185364000
lannea coromandelica,Lannea coromandelica,3661151.0,3661151,18.445413,73.780145,11.606286444680295,50c9509d-22c7-4a22-a47d-8c48425ef4a7,iNaturalist research-grade observations,28eb1a3f-1c15-4a95-931a-4af90ecb574d,6185364274
leucaena leucocephala,Leucaena leucocephala,2970418.0,2970418,18.528942,73.812507,4.755258678086163,50c9509d-22c7-4a22-a47d-8c48425ef4a7,iNaturalist research-grade observations,28eb1a3f-1c15-4a95-931a-4af90ecb574d,6185373243
cocos nucifera,Cocos nucifera,2735117.0,2735117,18.562961,73.823993,5.855466947045041,50c9509d-22c7-4a22-a47d-8c48425ef4a7,iNaturalist research-grade observations,28eb1a3f-1c15-4a95-931a-4af90ecb574d,6185387114
chrozophora rottleri,Chrozophora rottleri,3054492.0,3054492,18.563691,73.793704,8.202320018535715,50c9509d-22c7-4a22-a47d-8c48425ef4a7,iNaturalist research-grade observations,28eb1a3f-1c15-4a95-931a-4af90ecb574d,6185387611
bauhinia purpurea,Bauhinia purpurea,2953871.0,2953871,18.519803,73.838019,1.970778345426064,50c9509d-22c7-4a22-a47d-8c48425ef4a7,iNaturalist research-grade observations,28eb1a3f-1c15-4a95-931a-4af90ecb574d,6185387666
mangifera indica,Mangifera indica,3190638.0,3190638,18.584023,73.77862,10.853469391905938,50c9509d-22c7-4a22-a47d-8c48425ef4a7,iNaturalist research-grade observations,28eb1a3f-1c15-4a95-931a-4af90ecb574d,6185389888
mangifera indica,Mangifera indica,3190638.0,3190638,18.584022,73.778423,10.869154590710616,50c9509d-22c7-4a22-a47d-8c48425ef4a7,iNaturalist research-grade observations,28eb1a3f-1c15-4a95-931a-4af90ecb574d,6185403663
samanea saman,Samanea saman,2972960.0,2972960,18.562687,73.793838,8.125793871027698,50c9509d-22c7-4a22-a47d-8c48425ef4a7,iNaturalist research-grade observations,28eb1a3f-1c15-4a95-931a-4af90ecb574d,6185418420
vachellia leucophloea,Vachellia leucophloea,7769517.0,7769517,18.557252,73.789174,8.214059823370366,50c9509d-22c7-4a22-a47d-8c48425ef4a7,iNaturalist research-grade observations,28eb1a3f-1c15-4a95-931a-4af90ecb574d,6185424142
cordia dichotoma,Cordia dichotoma,5341270.0,5341270,18.565465,73.795192,8.194915812575925,50c9509d-22c7-4a22-a47d-8c48425ef4a7,iNaturalist research-grade observations,28eb1a3f-1c15-4a95-931a-4af90ecb574d,6185426605
ficus benghalensis,Ficus benghalensis,5361919.0,5361919,18.528942,73.812507,4.755258678086163,50c9509d-22c7-4a22-a47d-8c48425ef4a7,iNaturalist research-grade observations,28eb1a3f-1c15-4a95-931a-4af90ecb574d,6185427437
azadirachta indica,Azadirachta indica,3190474.0,3190474,18.583206,73.779061,10.759081900758986,50c9509d-22c7-4a22-a47d-8c48425ef4a7,iNaturalist research-grade observations,28eb1a3f-1c15-4a95-931a-4af90ecb574d,6185447602
dalbergia lanceolaria,Dalbergia lanceolaria,2940397.0,2940397,18.549668,73.785723,8.1599950517723,50c9509d-22c7-4a22-a47d-8c48425ef4a7,iNaturalist research-grade observations,28eb1a3f-1c15-4a95-931a-4af90ecb574d,6185454742
madhuca longifolia,Madhuca longifolia,2883346.0,2883346,18.567347,73.798511,8.054939918956917,50c9509d-22c7-4a22-a47d-8c48425ef4a7,iNaturalist research-grade observations,28eb1a3f-1c15-4a95-931a-4af90ecb574d,6185457413
bambusa vulgaris,Bambusa vulgaris,7661971.0,7661971,18.528942,73.812507,4.755258678086163,50c9509d-22c7-4a22-a47d-8c48425ef4a7,iNaturalist research-grade observations,28eb1a3f-1c15-4a95-931a-4af90ecb574d,6185459937
samanea saman,Samanea saman,2972960.0,2972960,18.583868,73.778922,10.818097250256203,50c9509d-22c7-4a22-a47d-8c48425ef4a7,iNaturalist research-grade observations,28eb1a3f-1c15-4a95-931a-4af90ecb574d,6185480626
mangifera indica,Mangifera indica,3190638.0,3190638,18.583948,73.778757,10.837082782522621,50c9509d-22c7-4a22-a47d-8c48425ef4a7,iNaturalist research-grade observations,28eb1a3f-1c15-4a95-931a-4af90ecb574d,6185487693
phoenix sylvestris,Phoenix sylvestris,5293177.0,5293177,18.564405,73.822957,6.0495505301286405,50c9509d-22c7-4a22-a47d-8c48425ef4a7,iNaturalist research-grade observations,28eb1a3f-1c15-4a95-931a-4af90ecb574d,6185519044
broussonetia papyrifera,Broussonetia papyrifera,5361944.0,5361944,18.562942,73.823625,5.876695372469654,50c9509d-22c7-4a22-a47d-8c48425ef4a7,iNaturalist research-grade observations,28eb1a3f-1c15-4a95-931a-4af90ecb574d,6185519045
mangifera indica,Mangifera indica,3190638.0,3190638,18.584265,73.779156,10.828305979136072,50c9509d-22c7-4a22-a47d-8c48425ef4a7,iNaturalist research-grade observations,28eb1a3f-1c15-4a95-931a-4af90ecb574d,6185522373
heliotropium indicum,Heliotropium indicum,2925788.0,2925788,18.562532,73.795616,7.963510643454924,50c9509d-22c7-4a22-a47d-8c48425ef4a7,iNaturalist research-grade observations,28eb1a3f-1c15-4a95-931a-4af90ecb574d,6185536439
pongamia pinnata,Pongamia pinnata,2965911.0,2965911,18.565618,73.795359,8.191421724944556,50c9509d-22c7-4a22-a47d-8c48425ef4a7,iNaturalist research-grade observations,28eb1a3f-1c15-4a95-931a-4af90ecb574d,6185572790
bombax ceiba,Bombax ceiba,3152226.0,3152226,18.58327,73.779423,10.73471333232536,50c9509d-22c7-4a22-a47d-8c48425ef4a7,iNaturalist research-grade observations,28eb1a3f-1c15-4a95-931a-4af90ecb574d,6185581499
bauhinia racemosa,Bauhinia racemosa,2953160.0,2953160,18.583678,73.779063,10.793054690111633,50c9509d-22c7-4a22-a47d-8c48425ef4a7,iNaturalist research-grade observations,28eb1a3f-1c15-4a95-931a-4af90ecb574d,6185582519
ficus benghalensis,Ficus benghalensis,5361919.0,5361919,18.528942,73.812507,4.755258678086163,50c9509d-22c7-4a22-a47d-8c48425ef4a7,iNaturalist research-grade observations,28eb1a3f-1c15-4a95-931a-4af90ecb574d,6185589561
cassia fistula,Cassia fistula,5357108.0,5357108,18.487898,73.825493,4.8877318398525,50c9509d-22c7-4a22-a47d-8c48425ef4a7,iNaturalist research-grade observations,28eb1a3f-1c15-4a95-931a-4af90ecb574d,6185598828
mangifera indica,Mangifera indica,3190638.0,3190638,18.584068,73.778396,10.87464397333582,50c9509d-22c7-4a22-a47d-8c48425ef4a7,iNaturalist research-grade observations,28eb1a3f-1c15-4a95-931a-4af90ecb574d,6185600876
ficus benghalensis,Ficus benghalensis,5361919.0,5361919,18.559724,73.789671,8.309938945778196,50c9509d-22c7-4a22-a47d-8c48425ef4a7,iNaturalist research-grade observations,28eb1a3f-1c15-4a95-931a-4af90ecb574d,6185609483
azadirachta indica,Azadirachta indica,3190474.0,3190474,18.582008,73.77951,10.636864661833538,50c9509d-22c7-4a22-a47d-8c48425ef4a7,iNaturalist research-grade observations,28eb1a3f-1c15-4a95-931a-4af90ecb574d,6185613706
pithecellobium dulce,Pithecellobium dulce,2962831.0,2962831,18.582775,73.77926,10.712047932486524,50c9509d-22c7-4a22-a47d-8c48425ef4a7,iNaturalist research-grade observations,28eb1a3f-1c15-4a95-931a-4af90ecb574d,6185613708
polyalthia longifolia,Polyalthia longifolia,3156422.0,3156422,18.562872,73.824037,5.8447377716156375,50c9509d-22c7-4a22-a47d-8c48425ef4a7,iNaturalist research-grade observations,28eb1a3f-1c15-4a95-931a-4af90ecb574d,6185624653
broussonetia papyrifera,Broussonetia papyrifera,5361944.0,5361944,18.563043,73.823329,5.904279091149359,50c9509d-22c7-4a22-a47d-8c48425ef4a7,iNaturalist research-grade observations,28eb1a3f-1c15-4a95-931a-4af90ecb574d,6185635808
limonia acidissima,Limonia acidissima,5421342.0,5421342,18.564361,73.795134,8.125332345386308,50c9509d-22c7-4a22-a47d-8c48425ef4a7,iNaturalist research-grade observations,28eb1a3f-1c15-4a95-931a-4af90ecb574d,6185639391
phyllanthus reticulatus,Phyllanthus reticulatus,5382478.0,5382478,18.563464,73.793392,8.214238116386095,50c9509d-22c7-4a22-a47d-8c48425ef4a7,iNaturalist research-grade observations,28eb1a3f-1c15-4a95-931a-4af90ecb574d,6185640291
ficus religiosa,Ficus religiosa,5361935.0,5361935,18.593185,73.79921,10.11081687964686,50c9509d-22c7-4a22-a47d-8c48425ef4a7,iNaturalist research-grade observations,28eb1a3f-1c15-4a95-931a-4af90ecb574d,6185674464
glycosmis pentaphylla,Glycosmis pentaphylla,8241662.0,8241662,18.565455,73.79583,8.141115620597871,50c9509d-22c7-4a22-a47d-8c48425ef4a7,iNaturalist research-grade observations,28eb1a3f-1c15-4a95-931a-4af90ecb574d,6185685466
pongamia pinnata,Pongamia pinnata,2965911.0,2965911,18.582117,73.779577,10.639274379027793,50c9509d-22c7-4a22-a47d-8c48425ef4a7,iNaturalist research-grade observations,28eb1a3f-1c15-4a95-931a-4af90ecb574d,6185697628
anacardium occidentale,Anacardium occidentale,5421368.0,5421368,18.420089,73.76415,14.821965364897729,50c9509d-22c7-4a22-a47d-8c48425ef4a7,iNaturalist research-grade observations,28eb1a3f-1c15-4a95-931a-4af90ecb574d,6185699622
broussonetia papyrifera,Broussonetia papyrifera,5361944.0,5361944,18.563055,73.823568,5.8903749822935625,50c9509d-22c7-4a22-a47d-8c48425ef4a7,iNaturalist research-grade observations,28eb1a3f-1c15-4a95-931a-4af90ecb574d,6185713222
bauhinia purpurea,Bauhinia purpurea,2953871.0,2953871,18.564472,73.822997,6.053101431511274,50c9509d-22c7-4a22-a47d-8c48425ef4a7,iNaturalist research-grade observations,28eb1a3f-1c15-4a95-931a-4af90ecb574d,6185717580
ficus heterophylla,Ficus heterophylla,8418037.0,8418037,18.565416,73.795628,8.155249875091968,50c9509d-22c7-4a22-a47d-8c48425ef4a7,iNaturalist research-grade observations,28eb1a3f-1c15-4a95-931a-4af90ecb574d,6185728737
phyllanthus lawii,Phyllanthus lawii,5382438.0,5382438,18.563515,73.793404,8.216517052192007,50c9509d-22c7-4a22-a47d-8c48425ef4a7,iNaturalist research-grade observations,28eb1a3f-1c15-4a95-931a-4af90ecb574d,6185730911
pongamia pinnata,Pongamia pinnata,2965911.0,2965911,18.581882,73.779489,10.629544126904042,50c9509d-22c7-4a22-a47d-8c48425ef4a7,iNaturalist research-grade observations,28eb1a3f-1c15-4a95-931a-4af90ecb574d,6185746985
syzygium cumini,Syzygium cumini,3183840.0,3183840,18.582447,73.779263,10.688233791826248,50c9509d-22c7-4a22-a47d-8c48425ef4a7,iNaturalist research-grade observations,28eb1a3f-1c15-4a95-931a-4af90ecb574d,6185770419
asclepias curassavica,Asclepias curassavica,3170241.0,3170241,18.563336,73.793975,8.156041080764558,50c9509d-22c7-4a22-a47d-8c48425ef4a7,iNaturalist research-grade observations,28eb1a3f-1c15-4a95-931a-4af90ecb574d,6185771460
dolichandrone falcata,Dolichandrone falcata,4091174.0,4091174,18.529444,73.817303,4.273769143645818,50c9509d-22c7-4a22-a47d-8c48425ef4a7,iNaturalist research-grade observations,28eb1a3f-1c15-4a95-931a-4af90ecb574d,6185786034
tectona grandis,Tectona grandis,2925649.0,2925649,18.557718,73.788835,8.270919883448068,50c9509d-22c7-4a22-a47d-8c48425ef4a7,iNaturalist research-grade observations,28eb1a3f-1c15-4a95-931a-4af90ecb574d,6185791635
ficus heterophylla,Ficus heterophylla,8418037.0,8418037,18.565652,73.79542,8.188667994123582,50c9509d-22c7-4a22-a47d-8c48425ef4a7,iNaturalist research-grade observations,28eb1a3f-1c15-4a95-931a-4af90ecb574d,6185799488
dalbergia lanceolaria,Dalbergia lanceolaria,2940397.0,2940397,18.556812,73.790239,8.092363071274471,50c9509d-22c7-4a22-a47d-8c48425ef4a7,iNaturalist research-grade observations,28eb1a3f-1c15-4a95-931a-4af90ecb574d,6185802795
broussonetia papyrifera,Broussonetia papyrifera,5361944.0,5361944,18.564941,73.822856,6.104073125057555,50c9509d-22c7-4a22-a47d-8c48425ef4a7,iNaturalist research-grade observations,28eb1a3f-1c15-4a95-931a-4af90ecb574d,6185804148
bougainvillea spectabilis,Bougainvillea spectabilis,7167078.0,7167078,18.543694,73.806157,5.92487450324237,50c9509d-22c7-4a22-a47d-8c48425ef4a7,iNaturalist research-grade observations,28eb1a3f-1c15-4a95-931a-4af90ecb574d,6185805511
crinum bulbispermum,Crinum bulbispermum,2853668.0,2853668,18.563665,73.793672,8.203356338320143,50c9509d-22c7-4a22-a47d-8c48425ef4a7,iNaturalist research-grade observations,28eb1a3f-1c15-4a95-931a-4af90ecb574d,6185815499
pilea microphylla,Pilea microphylla,5361841.0,5361841,18.467281,73.828348,6.620155768929155,50c9509d-22c7-4a22-a47d-8c48425ef4a7,iNaturalist research-grade observations,28eb1a3f-1c15-4a95-931a-4af90ecb574d,6185825571
pithecellobium dulce,Pithecellobium dulce,2962831.0,2962831,18.582328,73.779448,10.66479988246699,50c9509d-22c7-4a22-a47d-8c48425ef4a7,iNaturalist research-grade observations,28eb1a3f-1c15-4a95-931a-4af90ecb574d,6185832797
nymphaea pubescens,Nymphaea pubescens,3697240.0,3697240,18.646603,73.813794,14.743794647865073,50c9509d-22c7-4a22-a47d-8c48425ef4a7,iNaturalist research-grade observations,28eb1a3f-1c15-4a95-931a-4af90ecb574d,6185833492
phoenix sylvestris,Phoenix sylvestris,5293177.0,5293177,18.582934,73.779236,10.725427036745103,50c9509d-22c7-4a22-a47d-8c48425ef4a7,iNaturalist research-grade observations,28eb1a3f-1c15-4a95-931a-4af90ecb574d,6185840452
broussonetia papyrifera,Broussonetia papyrifera,5361944.0,5361944,18.563157,73.82353,5.9018836136113775,50c9509d-22c7-4a22-a47d-8c48425ef4a7,iNaturalist research-grade observations,28eb1a3f-1c15-4a95-931a-4af90ecb574d,6185845398
broussonetia papyrifera,Broussonetia papyrifera,5361944.0,5361944,18.563028,73.823368,5.900490283589283,50c9509d-22c7-4a22-a47d-8c48425ef4a7,iNaturalist research-grade observations,28eb1a3f-1c15-4a95-931a-4af90ecb574d,6185847997
phoenix sylvestris,Phoenix sylvestris,5293177.0,5293177,18.56897,73.801028,7.97580253860132,50c9509d-22c7-4a22-a47d-8c48425ef4a7,iNaturalist research-grade observations,28eb1a3f-1c15-4a95-931a-4af90ecb574d,6185848430
pongamia pinnata,Pongamia pinnata,2965911.0,2965911,18.582009,73.779518,10.636291124374704,50c9509d-22c7-4a22-a47d-8c48425ef4a7,iNaturalist research-grade observations,28eb1a3f-1c15-4a95-931a-4af90ecb574d,6185853243
azadirachta indica,Azadirachta indica,3190474.0,3190474,18.583259,73.779091,10.760502554003308,50c9509d-22c7-4a22-a47d-8c48425ef4a7,iNaturalist research-grade observations,28eb1a3f-1c15-4a95-931a-4af90ecb574d,6185853619
leucaena leucocephala,Leucaena leucocephala,2970418.0,2970418,18.582407,73.779396,10.674656714943003,50c9509d-22c7-4a22-a47d-8c48425ef4a7,iNaturalist research-grade observations,28eb1a3f-1c15-4a95-931a-4af90ecb574d,6185856048
phyllanthus reticulatus,Phyllanthus reticulatus,5382478.0,5382478,18.562597,73.794406,8.07121128730391,50c9509d-22c7-4a22-a47d-8c48425ef4a7,iNaturalist research-grade observations,28eb1a3f-1c15-4a95-931a-4af90ecb574d,6185856820
pithecellobium dulce,Pithecellobium dulce,2962831.0,2962831,18.58212,73.779732,10.627008859895772,50c9509d-22c7-4a22-a47d-8c48425ef4a7,iNaturalist research-grade observations,28eb1a3f-1c15-4a95-931a-4af90ecb574d,6185858405
broussonetia papyrifera,Broussonetia papyrifera,5361944.0,5361944,18.56295,73.823035,5.91452437482729,50c9509d-22c7-4a22-a47d-8c48425ef4a7,iNaturalist research-grade observations,28eb1a3f-1c15-4a95-931a-4af90ecb574d,6185878528
ficus drupacea,Ficus drupacea,5361914.0,5361914,18.5564,73.790009,8.090609642916752,50c9509d-22c7-4a22-a47d-8c48425ef4a7,iNaturalist research-grade observations,28eb1a3f-1c15-4a95-931a-4af90ecb574d,6185885053
kalanchoe pinnata,Kalanchoe pinnata,2985930.0,2985930,18.532847,73.812942,4.816649472136982,50c9509d-22c7-4a22-a47d-8c48425ef4a7,iNaturalist research-grade observations,28eb1a3f-1c15-4a95-931a-4af90ecb574d,6185889353
persicaria glabra,Persicaria glabra,6391450.0,6391450,18.56379,73.793975,8.185687101928654,50c9509d-22c7-4a22-a47d-8c48425ef4a7,iNaturalist research-grade observations,28eb1a3f-1c15-4a95-931a-4af90ecb574d,6185902118
ficus heterophylla,Ficus heterophylla,8418037.0,8418037,18.565377,73.795602,8.154754253070625,50c9509d-22c7-4a22-a47d-8c48425ef4a7,iNaturalist research-grade observations,28eb1a3f-1c15-4a95-931a-4af90ecb574d,6185904390
ficus racemosa,Ficus racemosa,5361904.0,5361904,18.565171,73.794795,8.208208018141029,50c9509d-22c7-4a22-a47d-8c48425ef4a7,iNaturalist research-grade observations,28eb1a3f-1c15-4a95-931a-4af90ecb574d,6185909079
pongamia pinnata,Pongamia pinnata,2965911.0,2965911,18.563005,73.823753,5.874346497173666,50c9509d-22c7-4a22-a47d-8c48425ef4a7,iNaturalist research-grade observations,28eb1a3f-1c15-4a95-931a-4af90ecb574d,6185910605
vachellia leucophloea,Vachellia leucophloea,7769517.0,7769517,18.534267,73.814909,4.668126954888673,50c9509d-22c7-4a22-a47d-8c48425ef4a7,iNaturalist research-grade observations,28eb1a3f-1c15-4a95-931a-4af90ecb574d,6185921974
pithecellobium dulce,Pithecellobium dulce,2962831.0,2962831,18.582568,73.779254,10.69764559409252,50c9509d-22c7-4a22-a47d-8c48425ef4a7,iNaturalist research-grade observations,28eb1a3f-1c15-4a95-931a-4af90ecb574d,6185924122
couroupita guianensis,Couroupita guianensis,3082562.0,3082562,18.516964,73.834172,2.405825561154197,50c9509d-22c7-4a22-a47d-8c48425ef4a7,iNaturalist research-grade observations,28eb1a3f-1c15-4a95-931a-4af90ecb574d,6185925191
phyllanthus reticulatus,Phyllanthus reticulatus,5382478.0,5382478,18.564905,73.794735,8.195347760375803,50c9509d-22c7-4a22-a47d-8c48425ef4a7,iNaturalist research-grade observations,28eb1a3f-1c15-4a95-931a-4af90ecb574d,6185927794
sterculia urens,Sterculia urens,5406674.0,5406674,18.551812,73.787112,8.125471612391129,50c9509d-22c7-4a22-a47d-8c48425ef4a7,iNaturalist research-grade observations,28eb1a3f-1c15-4a95-931a-4af90ecb574d,6185940065
cardiospermum halicacabum,Cardiospermum halicacabum,3189939.0,3189939,18.563756,73.793591,8.21620634108162,50c9509d-22c7-4a22-a47d-8c48425ef4a7,iNaturalist research-grade observations,28eb1a3f-1c15-4a95-931a-4af90ecb574d,6185940765
pithecellobium dulce,Pithecellobium dulce,2962831.0,2962831,18.582378,73.77935,10.67627780630701,50c9509d-22c7-4a22-a47d-8c48425ef4a7,iNaturalist research-grade observations,28eb1a3f-1c15-4a95-931a-4af90ecb574d,6185948655
pongamia pinnata,Pongamia pinnata,2965911.0,2965911,18.552675,73.821848,5.13617291027973,50c9509d-22c7-4a22-a47d-8c48425ef4a7,iNaturalist research-grade observations,28eb1a3f-1c15-4a95-931a-4af90ecb574d,6185949515
albizia lebbeck,Albizia lebbeck,2973215.0,2973215,18.557998,73.789478,8.228121704140918,50c9509d-22c7-4a22-a47d-8c48425ef4a7,iNaturalist research-grade observations,28eb1a3f-1c15-4a95-931a-4af90ecb574d,6185953433
broussonetia papyrifera,Broussonetia papyrifera,5361944.0,5361944,18.563034,73.823386,5.899896412482745,50c9509d-22c7-4a22-a47d-8c48425ef4a7,iNaturalist research-grade observations,28eb1a3f-1c15-4a95-931a-4af90ecb574d,6185960006
azadirachta indica,Azadirachta indica,3190474.0,3190474,18.583215,73.779071,10.758929513733387,50c9509d-22c7-4a22-a47d-8c48425ef4a7,iNaturalist research-grade observations,28eb1a3f-1c15-4a95-931a-4af90ecb574d,6185960612
ziziphus mauritiana,Ziziphus mauritiana,3039424.0,3039424,18.583093,73.77918,10.741385352294714,50c9509d-22c7-4a22-a47d-8c48425ef4a7,iNaturalist research-grade observations,28eb1a3f-1c15-4a95-931a-4af90ecb574d,6185969235
leucaena leucocephala,Leucaena leucocephala,2970418.0,2970418,18.583382,73.779005,10.776278158881594,50c9509d-22c7-4a22-a47d-8c48425ef4a7,iNaturalist research-grade observations,28eb1a3f-1c15-4a95-931a-4af90ecb574d,6185971130
pongamia pinnata,Pongamia pinnata,2965911.0,2965911,18.583027,73.779189,10.73590297769806,50c9509d-22c7-4a22-a47d-8c48425ef4a7,iNaturalist research-grade observations,28eb1a3f-1c15-4a95-931a-4af90ecb574d,6185971998
pithecellobium dulce,Pithecellobium dulce,2962831.0,2962831,18.584351,73.780624,10.71830325949097,50c9509d-22c7-4a22-a47d-8c48425ef4a7,iNaturalist research-grade observations,28eb1a3f-1c15-4a95-931a-4af90ecb574d,6185984495
pithecellobium dulce,Pithecellobium dulce,2962831.0,2962831,18.582633,73.779214,10.705533323845462,50c9509d-22c7-4a22-a47d-8c48425ef4a7,iNaturalist research-grade observations,28eb1a3f-1c15-4a95-931a-4af90ecb574d,6185989800
phyllanthus reticulatus,Phyllanthus reticulatus,5382478.0,5382478,18.583115,73.779105,10.74898809683432,50c9509d-22c7-4a22-a47d-8c48425ef4a7,iNaturalist research-grade observations,28eb1a3f-1c15-4a95-931a-4af90ecb574d,6186010725
carica papaya,Carica papaya,2874484.0,2874484,18.528942,73.812507,4.755258678086163,50c9509d-22c7-4a22-a47d-8c48425ef4a7,iNaturalist research-grade observations,28eb1a3f-1c15-4a95-931a-4af90ecb574d,6186014293
pontederia crassipes,Pontederia crassipes,2765942.0,2765942,18.483986,73.825836,5.194887728041656,50c9509d-22c7-4a22-a47d-8c48425ef4a7,iNaturalist research-grade observations,28eb1a3f-1c15-4a95-931a-4af90ecb574d,6186015333
pithecellobium dulce,Pithecellobium dulce,2962831.0,2962831,18.58199,73.779507,10.635818021286763,50c9509d-22c7-4a22-a47d-8c48425ef4a7,iNaturalist research-grade observations,28eb1a3f-1c15-4a95-931a-4af90ecb574d,6186016383
pithecellobium dulce,Pithecellobium dulce,2962831.0,2962831,18.584353,73.780628,10.718135277599167,50c9509d-22c7-4a22-a47d-8c48425ef4a7,iNaturalist research-grade observations,28eb1a3f-1c15-4a95-931a-4af90ecb574d,6186020133
bauhinia racemosa,Bauhinia racemosa,2953160.0,2953160,18.531325,73.781061,8.066840665754901,50c9509d-22c7-4a22-a47d-8c48425ef4a7,iNaturalist research-grade observations,28eb1a3f-1c15-4a95-931a-4af90ecb574d,6186020176
phoenix sylvestris,Phoenix sylvestris,5293177.0,5293177,18.583548,73.778944,10.793162725338686,50c9509d-22c7-4a22-a47d-8c48425ef4a7,iNaturalist research-grade observations,28eb1a3f-1c15-4a95-931a-4af90ecb574d,6186021889
gmelina arborea,Gmelina arborea,8247889.0,8247889,18.547891,73.784354,8.217049164436638,50c9509d-22c7-4a22-a47d-8c48425ef4a7,iNaturalist research-grade observations,28eb1a3f-1c15-4a95-931a-4af90ecb574d,6186037751
bauhinia racemosa,Bauhinia racemosa,2953160.0,2953160,18.557905,73.788667,8.296674719190198,50c9509d-22c7-4a22-a47d-8c48425ef4a7,iNaturalist research-grade observations,28eb1a3f-1c15-4a95-931a-4af90ecb574d,6186043178
ficus heterophylla,Ficus heterophylla,8418037.0,8418037,18.563502,73.793557,8.20257856054581,50c9509d-22c7-4a22-a47d-8c48425ef4a7,iNaturalist research-grade observations,28eb1a3f-1c15-4a95-931a-4af90ecb574d,6186043553
pithecellobium dulce,Pithecellobium dulce,2962831.0,2962831,18.584624,73.780596,10.740666817087687,50c9509d-22c7-4a22-a47d-8c48425ef4a7,iNaturalist research-grade observations,28eb1a3f-1c15-4a95-931a-4af90ecb574d,6186043563
capparis grandis,Capparis grandis,7552967.0,7552967,18.531088,73.816663,4.3853332834187535,50c9509d-22c7-4a22-a47d-8c48425ef4a7,iNaturalist research-grade observations,28eb1a3f-1c15-4a95-931a-4af90ecb574d,6186045789
azadirachta indica,Azadirachta indica,3190474.0,3190474,18.583082,73.779135,10.74420148383088,50c9509d-22c7-4a22-a47d-8c48425ef4a7,iNaturalist research-grade observations,28eb1a3f-1c15-4a95-931a-4af90ecb574d,6186048454
mangifera indica,Mangifera indica,3190638.0,3190638,18.584062,73.778407,10.873329549421443,50c9509d-22c7-4a22-a47d-8c48425ef4a7,iNaturalist research-grade observations,28eb1a3f-1c15-4a95-931a-4af90ecb574d,6186066106
croton bonplandianus,Croton bonplandianus,3058543.0,3058543,18.563696,73.793697,8.203243738352258,50c9509d-22c7-4a22-a47d-8c48425ef4a7,iNaturalist research-grade observations,28eb1a3f-1c15-4a95-931a-4af90ecb574d,6186069617
erythrina variegata,Erythrina variegata,5349581.0,5349581,18.532478,73.816262,4.4700100140730035,50c9509d-22c7-4a22-a47d-8c48425ef4a7,iNaturalist research-grade observations,28eb1a3f-1c15-4a95-931a-4af90ecb574d,6186072403
phyllanthus reticulatus,Phyllanthus reticulatus,5382478.0,5382478,18.582487,73.779362,10.683138174000918,50c9509d-22c7-4a22-a47d-8c48425ef4a7,iNaturalist research-grade observations,28eb1a3f-1c15-4a95-931a-4af90ecb574d,6186076637
salix tetrasperma,Salix tetrasperma,5582578.0,5582578,18.565476,73.796003,8.128186994573394,50c9509d-22c7-4a22-a47d-8c48425ef4a7,iNaturalist research-grade observations,28eb1a3f-1c15-4a95-931a-4af90ecb574d,6186083115
syzygium cumini,Syzygium cumini,3183840.0,3183840,18.564607,73.822875,6.072803506609891,50c9509d-22c7-4a22-a47d-8c48425ef4a7,iNaturalist research-grade observations,28eb1a3f-1c15-4a95-931a-4af90ecb574d,6186084484
mangifera indica,Mangifera indica,3190638.0,3190638,18.584064,73.778743,10.846613641024234,50c9509d-22c7-4a22-a47d-8c48425ef4a7,iNaturalist research-grade observations,28eb1a3f-1c15-4a95-931a-4af90ecb574d,6186087615
spathodea campanulata,Spathodea campanulata,3172574.0,3172574,18.531842,73.837914,2.3540923402024507,50c9509d-22c7-4a22-a47d-8c48425ef4a7,iNaturalist research-grade observations,28eb1a3f-1c15-4a95-931a-4af90ecb574d,6186150351
pongamia pinnata,Pongamia pinnata,2965911.0,2965911,18.564419,73.822912,6.053599901746892,50c9509d-22c7-4a22-a47d-8c48425ef4a7,iNaturalist research-grade observations,28eb1a3f-1c15-4a95-931a-4af90ecb574d,6186157457
glycosmis pentaphylla,Glycosmis pentaphylla,8241662.0,8241662,18.562513,73.794496,8.058062840412834,50c9509d-22c7-4a22-a47d-8c48425ef4a7,iNaturalist research-grade observations,28eb1a3f-1c15-4a95-931a-4af90ecb574d,6186165360
ficus hispida,Ficus hispida,7879404.0,7879404,18.582434,73.779366,10.679009728006328,50c9509d-22c7-4a22-a47d-8c48425ef4a7,iNaturalist research-grade observations,28eb1a3f-1c15-4a95-931a-4af90ecb574d,6186166673
salix tetrasperma,Salix tetrasperma,5582578.0,5582578,18.582814,73.779281,10.713169044328145,50c9509d-22c7-4a22-a47d-8c48425ef4a7,iNaturalist research-grade observations,28eb1a3f-1c15-4a95-931a-4af90ecb574d,6187998411
khaya senegalensis,Khaya senegalensis,3190508.0,3190508,18.464013,73.807504,8.137977522707757,50c9509d-22c7-4a22-a47d-8c48425ef4a7,iNaturalist research-grade observations,28eb1a3f-1c15-4a95-931a-4af90ecb574d,6188072447
ficus hispida,Ficus hispida,7879404.0,7879404,18.583,73.779052,10.744954128035948,50c9509d-22c7-4a22-a47d-8c48425ef4a7,iNaturalist research-grade observations,28eb1a3f-1c15-4a95-931a-4af90ecb574d,6188078012
pithecellobium dulce,Pithecellobium dulce,2962831.0,2962831,18.581976,73.77949,10.636187275974821,50c9509d-22c7-4a22-a47d-8c48425ef4a7,iNaturalist research-grade observations,28eb1a3f-1c15-4a95-931a-4af90ecb574d,6188136454
pithecellobium dulce,Pithecellobium dulce,2962831.0,2962831,18.582354,73.779401,10.670449537486776,50c9509d-22c7-4a22-a47d-8c48425ef4a7,iNaturalist research-grade observations,28eb1a3f-1c15-4a95-931a-4af90ecb574d,6188152295
pithecellobium dulce,Pithecellobium dulce,2962831.0,2962831,18.582227,73.779401,10.661340109535162,50c9509d-22c7-4a22-a47d-8c48425ef4a7,iNaturalist research-grade observations,28eb1a3f-1c15-4a95-931a-4af90ecb574d,6188182099
pithecellobium dulce,Pithecellobium dulce,2962831.0,2962831,18.582548,73.779298,10.692669101104567,50c9509d-22c7-4a22-a47d-8c48425ef4a7,iNaturalist research-grade observations,28eb1a3f-1c15-4a95-931a-4af90ecb574d,6188188936
pithecellobium dulce,Pithecellobium dulce,2962831.0,2962831,18.581987,73.779502,10.636006568835699,50c9509d-22c7-4a22-a47d-8c48425ef4a7,iNaturalist research-grade observations,28eb1a3f-1c15-4a95-931a-4af90ecb574d,6188191975
cardiospermum halicacabum,Cardiospermum halicacabum,3189939.0,3189939,18.563703,73.793674,8.205663715446926,50c9509d-22c7-4a22-a47d-8c48425ef4a7,iNaturalist research-grade observations,28eb1a3f-1c15-4a95-931a-4af90ecb574d,6188222454
delonix regia,Delonix regia,2956176.0,2956176,18.47777,73.727714,14.403851128846036,50c9509d-22c7-4a22-a47d-8c48425ef4a7,iNaturalist research-grade observations,28eb1a3f-1c15-4a95-931a-4af90ecb574d,6188250463
azadirachta indica,Azadirachta indica,3190474.0,3190474,18.497698,73.847409,2.707786547968935,50c9509d-22c7-4a22-a47d-8c48425ef4a7,iNaturalist research-grade observations,28eb1a3f-1c15-4a95-931a-4af90ecb574d,6188256018
azadirachta indica,Azadirachta indica,3190474.0,3190474,18.583343,73.778978,10.775625084099664,50c9509d-22c7-4a22-a47d-8c48425ef4a7,iNaturalist research-grade observations,28eb1a3f-1c15-4a95-931a-4af90ecb574d,6188260172
phyllanthus reticulatus,Phyllanthus reticulatus,5382478.0,5382478,18.582728,73.779326,10.703362748202075,50c9509d-22c7-4a22-a47d-8c48425ef4a7,iNaturalist research-grade observations,28eb1a3f-1c15-4a95-931a-4af90ecb574d,6188318416
bauhinia racemosa,Bauhinia racemosa,2953160.0,2953160,18.531325,73.781061,8.066840665754901,50c9509d-22c7-4a22-a47d-8c48425ef4a7,iNaturalist research-grade observations,28eb1a3f-1c15-4a95-931a-4af90ecb574d,6188329506
solanum torvum,Solanum torvum,2932389.0,2932389,18.567335,73.799261,7.994018567665011,50c9509d-22c7-4a22-a47d-8c48425ef4a7,iNaturalist research-grade observations,28eb1a3f-1c15-4a95-931a-4af90ecb574d,6188339559
ficus racemosa,Ficus racemosa,5361904.0,5361904,18.585172,73.778384,10.955891685372514,50c9509d-22c7-4a22-a47d-8c48425ef4a7,iNaturalist research-grade observations,28eb1a3f-1c15-4a95-931a-4af90ecb574d,6188356812
ziziphus mauritiana,Ziziphus mauritiana,3039424.0,3039424,18.583609,73.778906,10.800616896335876,50c9509d-22c7-4a22-a47d-8c48425ef4a7,iNaturalist research-grade observations,28eb1a3f-1c15-4a95-931a-4af90ecb574d,6188366955
salix tetrasperma,Salix tetrasperma,5582578.0,5582578,18.582849,73.779248,10.718339726916629,50c9509d-22c7-4a22-a47d-8c48425ef4a7,iNaturalist research-grade observations,28eb1a3f-1c15-4a95-931a-4af90ecb574d,6188421767
vachellia leucophloea,Vachellia leucophloea,7769517.0,7769517,18.478023,73.840436,5.014513193253862,50c9509d-22c7-4a22-a47d-8c48425ef4a7,iNaturalist research-grade observations,28eb1a3f-1c15-4a95-931a-4af90ecb574d,6188450907
ficus benghalensis,Ficus benghalensis,5361919.0,5361919,18.559724,73.789671,8.309938945778196,50c9509d-22c7-4a22-a47d-8c48425ef4a7,iNaturalist research-grade observations,28eb1a3f-1c15-4a95-931a-4af90ecb574d,6188638722
cardiospermum halicacabum,Cardiospermum halicacabum,3189939.0,3189939,18.564062,73.793905,8.209495742559954,50c9509d-22c7-4a22-a47d-8c48425ef4a7,iNaturalist research-grade observations,28eb1a3f-1c15-4a95-931a-4af90ecb574d,6195265390
syzygium cumini,Syzygium cumini,3183840.0,3183840,18.477617,73.856867,4.75729171135396,50c9509d-22c7-4a22-a47d-8c48425ef4a7,iNaturalist research-grade observations,28eb1a3f-1c15-4a95-931a-4af90ecb574d,6195452041
alstonia scholaris,Alstonia scholaris,5414410.0,5414410,18.562316,73.794211,8.069864797898276,50c9509d-22c7-4a22-a47d-8c48425ef4a7,iNaturalist research-grade observations,28eb1a3f-1c15-4a95-931a-4af90ecb574d,6195500887
azadirachta indica,Azadirachta indica,3190474.0,3190474,18.583032,73.779081,10.744930803290728,50c9509d-22c7-4a22-a47d-8c48425ef4a7,iNaturalist research-grade observations,28eb1a3f-1c15-4a95-931a-4af90ecb574d,6195623352
sterculia urens,Sterculia urens,5406674.0,5406674,18.555183,73.791206,7.9142030085005555,50c9509d-22c7-4a22-a47d-8c48425ef4a7,iNaturalist research-grade observations,28eb1a3f-1c15-4a95-931a-4af90ecb574d,6195646017
aegle marmelos,Aegle marmelos,5421195.0,5421195,18.529542,73.837589,2.2568449567360376,50c9509d-22c7-4a22-a47d-8c48425ef4a7,iNaturalist research-grade observations,28eb1a3f-1c15-4a95-931a-4af90ecb574d,6195801204
dolichandrone falcata,Dolichandrone falcata,4091174.0,4091174,18.516094,73.833267,2.5166880166794843,50c9509d-22c7-4a22-a47d-8c48425ef4a7,iNaturalist research-grade observations,28eb1a3f-1c15-4a95-931a-4af90ecb574d,6195966450
leucaena leucocephala,Leucaena leucocephala,2970418.0,2970418,18.564611,73.823061,6.061670878588644,50c9509d-22c7-4a22-a47d-8c48425ef4a7,iNaturalist research-grade observations,28eb1a3f-1c15-4a95-931a-4af90ecb574d,6234340208
commelina forskaolii,Commelina forskaolii,4270425.0,4270425,18.465464,73.80615,8.107472986959754,50c9509d-22c7-4a22-a47d-8c48425ef4a7,iNaturalist research-grade observations,28eb1a3f-1c15-4a95-931a-4af90ecb574d,6234494962
mangifera indica,Mangifera indica,3190638.0,3190638,18.546722,73.82052,4.807931725871513,50c9509d-22c7-4a22-a47d-8c48425ef4a7,iNaturalist research-grade observations,28eb1a3f-1c15-4a95-931a-4af90ecb574d,6234551364
caryota urens,Caryota urens,2738914.0,2738914,18.520225,73.855112,0.1685600008973145,50c9509d-22c7-4a22-a47d-8c48425ef4a7,iNaturalist research-grade observations,28eb1a3f-1c15-4a95-931a-4af90ecb574d,6234618583
cordia dichotoma,Cordia dichotoma,5341270.0,5341270,18.564653,73.822835,6.0794196784922585,50c9509d-22c7-4a22-a47d-8c48425ef4a7,iNaturalist research-grade observations,28eb1a3f-1c15-4a95-931a-4af90ecb574d,6234694838
jacaranda mimosifolia,Jacaranda mimosifolia,3172499.0,3172499,18.47777,73.727714,14.403851128846036,50c9509d-22c7-4a22-a47d-8c48425ef4a7,iNaturalist research-grade observations,28eb1a3f-1c15-4a95-931a-4af90ecb574d,6234937968
luffa aegyptiaca,Luffa aegyptiaca,2874599.0,2874599,18.564228,73.793945,8.217027136283315,50c9509d-22c7-4a22-a47d-8c48425ef4a7,iNaturalist research-grade observations,28eb1a3f-1c15-4a95-931a-4af90ecb574d,6235308125
urena lobata,Urena lobata,3152253.0,3152253,18.563673,73.793764,8.19602441639367,50c9509d-22c7-4a22-a47d-8c48425ef4a7,iNaturalist research-grade observations,28eb1a3f-1c15-4a95-931a-4af90ecb574d,6236147907
syzygium aqueum,Syzygium aqueum,3183335.0,3183335,18.564808,73.78003,9.471762780436084,50c9509d-22c7-4a22-a47d-8c48425ef4a7,iNaturalist research-grade observations,28eb1a3f-1c15-4a95-931a-4af90ecb574d,6236288015
tabebuia rosea,Tabebuia rosea,3172537.0,3172537,18.47777,73.727714,14.403851128846036,50c9509d-22c7-4a22-a47d-8c48425ef4a7,iNaturalist research-grade observations,28eb1a3f-1c15-4a95-931a-4af90ecb574d,6236339821
cadaba fruticosa,Cadaba fruticosa,3872643.0,3872643,18.530603,73.818464,4.18794456056236,50c9509d-22c7-4a22-a47d-8c48425ef4a7,iNaturalist research-grade observations,28eb1a3f-1c15-4a95-931a-4af90ecb574d,6236451614
lannea coromandelica,Lannea coromandelica,3661151.0,3661151,18.525814,73.813934,4.549030218166116,50c9509d-22c7-4a22-a47d-8c48425ef4a7,iNaturalist research-grade observations,28eb1a3f-1c15-4a95-931a-4af90ecb574d,6236519550
combretum indicum,Combretum indicum,12203608.0,12203608,18.510817,73.779205,8.240207565385274,50c9509d-22c7-4a22-a47d-8c48425ef4a7,iNaturalist research-grade observations,28eb1a3f-1c15-4a95-931a-4af90ecb574d,6251929862
caryota urens,Caryota urens,2738914.0,2738914,18.583752,73.778867,10.814087556656734,50c9509d-22c7-4a22-a47d-8c48425ef4a7,iNaturalist research-grade observations,28eb1a3f-1c15-4a95-931a-4af90ecb574d,6273157463
bauhinia purpurea,Bauhinia purpurea,2953871.0,2953871,18.564383,73.823063,6.0410057187416975,50c9509d-22c7-4a22-a47d-8c48425ef4a7,iNaturalist research-grade observations,28eb1a3f-1c15-4a95-931a-4af90ecb574d,6273182905
azadirachta indica,Azadirachta indica,3190474.0,3190474,18.583247,73.779069,10.761399618847264,50c9509d-22c7-4a22-a47d-8c48425ef4a7,iNaturalist research-grade observations,28eb1a3f-1c15-4a95-931a-4af90ecb574d,6273217546
mangifera indica,Mangifera indica,3190638.0,3190638,18.564089,73.823053,6.0151934002569805,50c9509d-22c7-4a22-a47d-8c48425ef4a7,iNaturalist research-grade observations,28eb1a3f-1c15-4a95-931a-4af90ecb574d,6273333006
bauhinia purpurea,Bauhinia purpurea,2953871.0,2953871,18.564351,73.822972,6.043764685096776,50c9509d-22c7-4a22-a47d-8c48425ef4a7,iNaturalist research-grade observations,28eb1a3f-1c15-4a95-931a-4af90ecb574d,6273422556
ziziphus mauritiana,Ziziphus mauritiana,3039424.0,3039424,18.583765,73.778827,10.818228374979588,50c9509d-22c7-4a22-a47d-8c48425ef4a7,iNaturalist research-grade observations,28eb1a3f-1c15-4a95-931a-4af90ecb574d,6273431791
ziziphus mauritiana,Ziziphus mauritiana,3039424.0,3039424,18.58374,73.778782,10.820019228283709,50c9509d-22c7-4a22-a47d-8c48425ef4a7,iNaturalist research-grade observations,28eb1a3f-1c15-4a95-931a-4af90ecb574d,6273465611
bauhinia purpurea,Bauhinia purpurea,2953871.0,2953871,18.564313,73.823067,6.034458579255849,50c9509d-22c7-4a22-a47d-8c48425ef4a7,iNaturalist research-grade observations,28eb1a3f-1c15-4a95-931a-4af90ecb574d,6273470662
bauhinia purpurea,Bauhinia purpurea,2953871.0,2953871,18.564359,73.82305,6.0396504290051976,50c9509d-22c7-4a22-a47d-8c48425ef4a7,iNaturalist research-grade observations,28eb1a3f-1c15-4a95-931a-4af90ecb574d,6273572954
salix tetrasperma,Salix tetrasperma,5582578.0,5582578,18.583727,73.778817,10.816277699225184,50c9509d-22c7-4a22-a47d-8c48425ef4a7,iNaturalist research-grade observations,28eb1a3f-1c15-4a95-931a-4af90ecb574d,6273697326
ziziphus mauritiana,Ziziphus mauritiana,3039424.0,3039424,18.583393,73.779071,10.771786267561737,50c9509d-22c7-4a22-a47d-8c48425ef4a7,iNaturalist research-grade observations,28eb1a3f-1c15-4a95-931a-4af90ecb574d,6273915360
azadirachta indica,Azadirachta indica,3190474.0,3190474,18.583235,73.779068,10.760613558503975,50c9509d-22c7-4a22-a47d-8c48425ef4a7,iNaturalist research-grade observations,28eb1a3f-1c15-4a95-931a-4af90ecb574d,6273921459
azadirachta indica,Azadirachta indica,3190474.0,3190474,18.583223,73.779071,10.75950689365631,50c9509d-22c7-4a22-a47d-8c48425ef4a7,iNaturalist research-grade observations,28eb1a3f-1c15-4a95-931a-4af90ecb574d,6274023801
tamarindus indica,Tamarindus indica,2975768.0,2975768,18.58375,73.77894,10.808105107203392,50c9509d-22c7-4a22-a47d-8c48425ef4a7,iNaturalist research-grade observations,28eb1a3f-1c15-4a95-931a-4af90ecb574d,6274050996
putranjiva roxburghii,Putranjiva roxburghii,3076079.0,3076079,18.564448,73.822888,6.057695827492902,50c9509d-22c7-4a22-a47d-8c48425ef4a7,iNaturalist research-grade observations,28eb1a3f-1c15-4a95-931a-4af90ecb574d,6274142863
gardenia jasminoides,Gardenia jasminoides,5335125.0,5335125,18.524609,73.878624,2.358462256844788,50c9509d-22c7-4a22-a47d-8c48425ef4a7,iNaturalist research-grade observations,28eb1a3f-1c15-4a95-931a-4af90ecb574d,6274209103
pongamia pinnata,Pongamia pinnata,2965911.0,2965911,18.56262,73.821873,5.959889722117464,50c9509d-22c7-4a22-a47d-8c48425ef4a7,iNaturalist research-grade observations,28eb1a3f-1c15-4a95-931a-4af90ecb574d,6274233377
pongamia pinnata,Pongamia pinnata,2965911.0,2965911,18.558558,73.821569,5.6320577944771335,50c9509d-22c7-4a22-a47d-8c48425ef4a7,iNaturalist research-grade observations,28eb1a3f-1c15-4a95-931a-4af90ecb574d,6274247017
phoenix sylvestris,Phoenix sylvestris,5293177.0,5293177,18.583847,73.77884,10.823128313680893,50c9509d-22c7-4a22-a47d-8c48425ef4a7,iNaturalist research-grade observations,28eb1a3f-1c15-4a95-931a-4af90ecb574d,6320181870
pyrostegia venusta,Pyrostegia venusta,3172569.0,3172569,18.460897,73.880923,7.0924181469686935,50c9509d-22c7-4a22-a47d-8c48425ef4a7,iNaturalist research-grade observations,28eb1a3f-1c15-4a95-931a-4af90ecb574d,6352902463
polyscias paniculata,Polyscias paniculata,8364104.0,8364104,18.485683,73.871745,4.173631821556166,50c9509d-22c7-4a22-a47d-8c48425ef4a7,iNaturalist research-grade observations,28eb1a3f-1c15-4a95-931a-4af90ecb574d,6414093434
nerium oleander,Nerium oleander,3169756.0,3169756,18.399958,73.768562,16.302766667756686,50c9509d-22c7-4a22-a47d-8c48425ef4a7,iNaturalist research-grade observations,28eb1a3f-1c15-4a95-931a-4af90ecb574d,6422121413
broussonetia papyrifera,Broussonetia papyrifera,5361944.0,5361944,18.561853,73.79211,8.222710502155255,50c9509d-22c7-4a22-a47d-8c48425ef4a7,iNaturalist research-grade observations,28eb1a3f-1c15-4a95-931a-4af90ecb574d,6441357941
broussonetia papyrifera,Broussonetia papyrifera,5361944.0,5361944,18.532689,73.839558,2.265762893315059,50c9509d-22c7-4a22-a47d-8c48425ef4a7,iNaturalist research-grade observations,28eb1a3f-1c15-4a95-931a-4af90ecb574d,6441544143
ipomoea aquatica,Ipomoea aquatica,2928525.0,2928525,18.585822,73.853046,7.284795333620931,50c9509d-22c7-4a22-a47d-8c48425ef4a7,iNaturalist research-grade observations,28eb1a3f-1c15-4a95-931a-4af90ecb574d,6441890443
cucumis sativus,Cucumis sativus,2874569.0,2874569,18.501098,73.853539,2.1720130615189315,50c9509d-22c7-4a22-a47d-8c48425ef4a7,iNaturalist research-grade observations,28eb1a3f-1c15-4a95-931a-4af90ecb574d,6470718695
millingtonia hortensis,Millingtonia hortensis,7629955.0,7629955,18.563138,73.823607,5.895374474611983,50c9509d-22c7-4a22-a47d-8c48425ef4a7,iNaturalist research-grade observations,28eb1a3f-1c15-4a95-931a-4af90ecb574d,6479343372
limonia acidissima,Limonia acidissima,5421342.0,5421342,18.560613,73.809235,6.710715085791731,50c9509d-22c7-4a22-a47d-8c48425ef4a7,iNaturalist research-grade observations,28eb1a3f-1c15-4a95-931a-4af90ecb574d,6500083454
erythrina stricta,Erythrina stricta,5349642.0,5349642,18.404848,73.746351,17.33642910431877,50c9509d-22c7-4a22-a47d-8c48425ef4a7,iNaturalist research-grade observations,28eb1a3f-1c15-4a95-931a-4af90ecb574d,6187988653
caesalpinia pulcherrima,Caesalpinia pulcherrima,2958715.0,2958715,18.643683,73.807786,14.645840153097966,50c9509d-22c7-4a22-a47d-8c48425ef4a7,iNaturalist research-grade observations,28eb1a3f-1c15-4a95-931a-4af90ecb574d,6187990826
mimosa pudica,Mimosa pudica,2969284.0,2969284,18.4834,73.825653,5.25783168588861,50c9509d-22c7-4a22-a47d-8c48425ef4a7,iNaturalist research-grade observations,28eb1a3f-1c15-4a95-931a-4af90ecb574d,6187991477
erythrina stricta,Erythrina stricta,5349642.0,5349642,18.404848,73.746351,17.33642910431877,50c9509d-22c7-4a22-a47d-8c48425ef4a7,iNaturalist research-grade observations,28eb1a3f-1c15-4a95-931a-4af90ecb574d,6188073741
dalbergia sissoo,Dalbergia sissoo,2968532.0,2968532,18.533768,73.780932,8.125510292767656,50c9509d-22c7-4a22-a47d-8c48425ef4a7,iNaturalist research-grade observations,28eb1a3f-1c15-4a95-931a-4af90ecb574d,6188103856
saraca indica,Saraca indica,5359538.0,5359538,18.567349,73.779461,9.672478163536493,50c9509d-22c7-4a22-a47d-8c48425ef4a7,iNaturalist research-grade observations,28eb1a3f-1c15-4a95-931a-4af90ecb574d,6188134697
lagerstroemia speciosa,Lagerstroemia speciosa,3188724.0,3188724,18.514097,73.930811,7.845505470501785,50c9509d-22c7-4a22-a47d-8c48425ef4a7,iNaturalist research-grade observations,28eb1a3f-1c15-4a95-931a-4af90ecb574d,6188139666
ficus racemosa,Ficus racemosa,5361904.0,5361904,18.564332,73.78168,9.29585151376506,50c9509d-22c7-4a22-a47d-8c48425ef4a7,iNaturalist research-grade observations,28eb1a3f-1c15-4a95-931a-4af90ecb574d,6188144093
pterospermum acerifolium,Pterospermum acerifolium,3669210.0,3669210,18.557021,73.807811,6.568622954999713,50c9509d-22c7-4a22-a47d-8c48425ef4a7,iNaturalist research-grade observations,28eb1a3f-1c15-4a95-931a-4af90ecb574d,6188161969
cassia fistula,Cassia fistula,5357108.0,5357108,18.404848,73.746351,17.33642910431877,50c9509d-22c7-4a22-a47d-8c48425ef4a7,iNaturalist research-grade observations,28eb1a3f-1c15-4a95-931a-4af90ecb574d,6188162032
dalbergia sissoo,Dalbergia sissoo,2968532.0,2968532,18.404848,73.746351,17.33642910431877,50c9509d-22c7-4a22-a47d-8c48425ef4a7,iNaturalist research-grade observations,28eb1a3f-1c15-4a95-931a-4af90ecb574d,6188182829
kigelia africana,Kigelia africana,3172561.0,3172561,18.510687,73.925971,7.383310765644472,50c9509d-22c7-4a22-a47d-8c48425ef4a7,iNaturalist research-grade observations,28eb1a3f-1c15-4a95-931a-4af90ecb574d,6188197483
polyalthia longifolia,Polyalthia longifolia,3156422.0,3156422,18.502234,73.852608,2.065537011801145,50c9509d-22c7-4a22-a47d-8c48425ef4a7,iNaturalist research-grade observations,28eb1a3f-1c15-4a95-931a-4af90ecb574d,6188204461
azadirachta indica,Azadirachta indica,3190474.0,3190474,18.477548,73.847822,4.85602801297208,50c9509d-22c7-4a22-a47d-8c48425ef4a7,iNaturalist research-grade observations,28eb1a3f-1c15-4a95-931a-4af90ecb574d,6188218413
erythrina suberosa,Erythrina suberosa,5349546.0,5349546,18.404848,73.746351,17.33642910431877,50c9509d-22c7-4a22-a47d-8c48425ef4a7,iNaturalist research-grade observations,28eb1a3f-1c15-4a95-931a-4af90ecb574d,6188303615
plumeria rubra,Plumeria rubra,3169674.0,3169674,18.404848,73.746351,17.33642910431877,50c9509d-22c7-4a22-a47d-8c48425ef4a7,iNaturalist research-grade observations,28eb1a3f-1c15-4a95-931a-4af90ecb574d,6188320612
calotropis gigantea,Calotropis gigantea,3579089.0,3579089,18.521059,73.821641,3.6972123156324552,50c9509d-22c7-4a22-a47d-8c48425ef4a7,iNaturalist research-grade observations,28eb1a3f-1c15-4a95-931a-4af90ecb574d,6188365207
heptapleurum arboricola,Heptapleurum arboricola,3038724.0,3038724,18.583679,73.785024,10.324760310775213,50c9509d-22c7-4a22-a47d-8c48425ef4a7,iNaturalist research-grade observations,28eb1a3f-1c15-4a95-931a-4af90ecb574d,6188410942
plumeria obtusa,Plumeria obtusa,3169677.0,3169677,18.404848,73.746351,17.33642910431877,50c9509d-22c7-4a22-a47d-8c48425ef4a7,iNaturalist research-grade observations,28eb1a3f-1c15-4a95-931a-4af90ecb574d,6188481707
mikania micrantha,Mikania micrantha,5398421.0,5398421,18.639336,73.801653,14.441801831608322,50c9509d-22c7-4a22-a47d-8c48425ef4a7,iNaturalist research-grade observations,28eb1a3f-1c15-4a95-931a-4af90ecb574d,6188505430
cocos nucifera,Cocos nucifera,2735117.0,2735117,18.655339,73.809294,15.814550694165465,50c9509d-22c7-4a22-a47d-8c48425ef4a7,iNaturalist research-grade observations,28eb1a3f-1c15-4a95-931a-4af90ecb574d,6188506932
holoptelea integrifolia,Holoptelea integrifolia,4160169.0,4160169,18.53391,73.780842,8.137735999401848,50c9509d-22c7-4a22-a47d-8c48425ef4a7,iNaturalist research-grade observations,28eb1a3f-1c15-4a95-931a-4af90ecb574d,6188518603
gliricidia sepium,Gliricidia sepium,8082978.0,8082978,18.521059,73.821641,3.6972123156324552,50c9509d-22c7-4a22-a47d-8c48425ef4a7,iNaturalist research-grade observations,28eb1a3f-1c15-4a95-931a-4af90ecb574d,6188542081
combretum albidum,Combretum albidum,7327060.0,7327060,18.404848,73.746351,17.33642910431877,50c9509d-22c7-4a22-a47d-8c48425ef4a7,iNaturalist research-grade observations,28eb1a3f-1c15-4a95-931a-4af90ecb574d,6188578868
crossandra infundibuliformis,Crossandra infundibuliformis,6359825.0,6359825,18.583667,73.785093,10.31852884373792,50c9509d-22c7-4a22-a47d-8c48425ef4a7,iNaturalist research-grade observations,28eb1a3f-1c15-4a95-931a-4af90ecb574d,6188618126
cassia javanica,Cassia javanica,5357125.0,5357125,18.546675,73.824811,4.454110182704094,50c9509d-22c7-4a22-a47d-8c48425ef4a7,iNaturalist research-grade observations,28eb1a3f-1c15-4a95-931a-4af90ecb574d,6195231192
tamarindus indica,Tamarindus indica,2975768.0,2975768,18.458063,73.669016,20.97099151704539,50c9509d-22c7-4a22-a47d-8c48425ef4a7,iNaturalist research-grade observations,28eb1a3f-1c15-4a95-931a-4af90ecb574d,6195243721
leucaena leucocephala,Leucaena leucocephala,2970418.0,2970418,18.581208,73.779603,10.572268923185451,50c9509d-22c7-4a22-a47d-8c48425ef4a7,iNaturalist research-grade observations,28eb1a3f-1c15-4a95-931a-4af90ecb574d,6195248195
bauhinia racemosa,Bauhinia racemosa,2953160.0,2953160,18.581717,73.779685,10.601925580284112,50c9509d-22c7-4a22-a47d-8c48425ef4a7,iNaturalist research-grade observations,28eb1a3f-1c15-4a95-931a-4af90ecb574d,6195264722
vachellia leucophloea,Vachellia leucophloea,7769517.0,7769517,18.581814,73.779526,10.621696079323907,50c9509d-22c7-4a22-a47d-8c48425ef4a7,iNaturalist research-grade observations,28eb1a3f-1c15-4a95-931a-4af90ecb574d,6195283783
heptapleurum actinophyllum,Heptapleurum actinophyllum,11008739.0,11008739,18.557161,73.807914,6.569778806437117,50c9509d-22c7-4a22-a47d-8c48425ef4a7,iNaturalist research-grade observations,28eb1a3f-1c15-4a95-931a-4af90ecb574d,6195311714
ricinus communis,Ricinus communis,5380041.0,5380041,18.562473,73.794149,8.085287832755379,50c9509d-22c7-4a22-a47d-8c48425ef4a7,iNaturalist research-grade observations,28eb1a3f-1c15-4a95-931a-4af90ecb574d,6195322409
cyathocline purpurea,Cyathocline purpurea,3142265.0,3142265,18.716151,73.785195,23.03382906772501,50c9509d-22c7-4a22-a47d-8c48425ef4a7,iNaturalist research-grade observations,28eb1a3f-1c15-4a95-931a-4af90ecb574d,6195414812
mangifera indica,Mangifera indica,3190638.0,3190638,18.582264,73.779098,10.688420092202946,50c9509d-22c7-4a22-a47d-8c48425ef4a7,iNaturalist research-grade observations,28eb1a3f-1c15-4a95-931a-4af90ecb574d,6195431873
bauhinia racemosa,Bauhinia racemosa,2953160.0,2953160,18.581659,73.779601,10.604565400763319,50c9509d-22c7-4a22-a47d-8c48425ef4a7,iNaturalist research-grade observations,28eb1a3f-1c15-4a95-931a-4af90ecb574d,6195434439
samanea saman,Samanea saman,2972960.0,2972960,18.581177,73.797101,9.227422779047803,50c9509d-22c7-4a22-a47d-8c48425ef4a7,iNaturalist research-grade observations,28eb1a3f-1c15-4a95-931a-4af90ecb574d,6195469101
argemone mexicana,Argemone mexicana,2888485.0,2888485,18.564967,73.794937,8.182555841361053,50c9509d-22c7-4a22-a47d-8c48425ef4a7,iNaturalist research-grade observations,28eb1a3f-1c15-4a95-931a-4af90ecb574d,6195520072
bauhinia racemosa,Bauhinia racemosa,2953160.0,2953160,18.581714,73.779633,10.605909550023535,50c9509d-22c7-4a22-a47d-8c48425ef4a7,iNaturalist research-grade observations,28eb1a3f-1c15-4a95-931a-4af90ecb574d,6195521002
leucaena leucocephala,Leucaena leucocephala,2970418.0,2970418,18.581228,73.779604,10.573609975133378,50c9509d-22c7-4a22-a47d-8c48425ef4a7,iNaturalist research-grade observations,28eb1a3f-1c15-4a95-931a-4af90ecb574d,6195540330
vachellia leucophloea,Vachellia leucophloea,7769517.0,7769517,18.581184,73.779561,10.573967369721686,50c9509d-22c7-4a22-a47d-8c48425ef4a7,iNaturalist research-grade observations,28eb1a3f-1c15-4a95-931a-4af90ecb574d,6195548055
stephanotis volubilis,Stephanotis volubilis,12202584.0,12202584,18.716225,73.784687,23.059165175619356,50c9509d-22c7-4a22-a47d-8c48425ef4a7,iNaturalist research-grade observations,28eb1a3f-1c15-4a95-931a-4af90ecb574d,6195567932
cassia fistula,Cassia fistula,5357108.0,5357108,18.484496,73.821138,5.477294140538996,50c9509d-22c7-4a22-a47d-8c48425ef4a7,iNaturalist research-grade observations,28eb1a3f-1c15-4a95-931a-4af90ecb574d,6195620677
leucaena leucocephala,Leucaena leucocephala,2970418.0,2970418,18.581823,73.778122,10.736116616341326,50c9509d-22c7-4a22-a47d-8c48425ef4a7,iNaturalist research-grade observations,28eb1a3f-1c15-4a95-931a-4af90ecb574d,6195638328
cocculus hirsutus,Cocculus hirsutus,3829491.0,3829491,18.499864,73.799687,6.430688990490475,50c9509d-22c7-4a22-a47d-8c48425ef4a7,iNaturalist research-grade observations,28eb1a3f-1c15-4a95-931a-4af90ecb574d,6195641947
pongamia pinnata,Pongamia pinnata,2965911.0,2965911,18.58122,73.779856,10.552634651263283,50c9509d-22c7-4a22-a47d-8c48425ef4a7,iNaturalist research-grade observations,28eb1a3f-1c15-4a95-931a-4af90ecb574d,6195664530
kigelia africana,Kigelia africana,3172561.0,3172561,18.500625,73.840534,2.782209034949169,50c9509d-22c7-4a22-a47d-8c48425ef4a7,iNaturalist research-grade observations,28eb1a3f-1c15-4a95-931a-4af90ecb574d,6195665663
phoenix sylvestris,Phoenix sylvestris,5293177.0,5293177,18.581759,73.779564,10.614697136635014,50c9509d-22c7-4a22-a47d-8c48425ef4a7,iNaturalist research-grade observations,28eb1a3f-1c15-4a95-931a-4af90ecb574d,6195692732
cocos nucifera,Cocos nucifera,2735117.0,2735117,18.49866,73.796936,6.749454573173549,50c9509d-22c7-4a22-a47d-8c48425ef4a7,iNaturalist research-grade observations,28eb1a3f-1c15-4a95-931a-4af90ecb574d,6195697631
pongamia pinnata,Pongamia pinnata,2965911.0,2965911,18.581088,73.779775,10.549798599993203,50c9509d-22c7-4a22-a47d-8c48425ef4a7,iNaturalist research-grade observations,28eb1a3f-1c15-4a95-931a-4af90ecb574d,6195705148
pongamia pinnata,Pongamia pinnata,2965911.0,2965911,18.58125,73.779613,10.574445468666184,50c9509d-22c7-4a22-a47d-8c48425ef4a7,iNaturalist research-grade observations,28eb1a3f-1c15-4a95-931a-4af90ecb574d,6195716590
ficus religiosa,Ficus religiosa,5361935.0,5361935,18.584997,73.794042,9.7581776803568,50c9509d-22c7-4a22-a47d-8c48425ef4a7,iNaturalist research-grade observations,28eb1a3f-1c15-4a95-931a-4af90ecb574d,6195762504
mangifera indica,Mangifera indica,3190638.0,3190638,18.582702,73.778923,10.733906770857358,50c9509d-22c7-4a22-a47d-8c48425ef4a7,iNaturalist research-grade observations,28eb1a3f-1c15-4a95-931a-4af90ecb574d,6195792329
vachellia nilotica,Vachellia nilotica,3974744.0,3974744,18.578807,73.782773,10.144672073820194,50c9509d-22c7-4a22-a47d-8c48425ef4a7,iNaturalist research-grade observations,28eb1a3f-1c15-4a95-931a-4af90ecb574d,6195805685
ficus racemosa,Ficus racemosa,5361904.0,5361904,18.581237,73.779608,10.57392591768231,50c9509d-22c7-4a22-a47d-8c48425ef4a7,iNaturalist research-grade observations,28eb1a3f-1c15-4a95-931a-4af90ecb574d,6195928740
delonix regia,Delonix regia,2956176.0,2956176,18.521059,73.821641,3.6972123156324552,50c9509d-22c7-4a22-a47d-8c48425ef4a7,iNaturalist research-grade observations,28eb1a3f-1c15-4a95-931a-4af90ecb574d,6195935573
leucaena leucocephala,Leucaena leucocephala,2970418.0,2970418,18.581041,73.779754,10.548159571087917,50c9509d-22c7-4a22-a47d-8c48425ef4a7,iNaturalist research-grade observations,28eb1a3f-1c15-4a95-931a-4af90ecb574d,6195941230
mimusops elengi,Mimusops elengi,2883768.0,2883768,18.481957,73.811992,6.363818371177471,50c9509d-22c7-4a22-a47d-8c48425ef4a7,iNaturalist research-grade observations,28eb1a3f-1c15-4a95-931a-4af90ecb574d,6195968923
mangifera indica,Mangifera indica,3190638.0,3190638,18.58165,73.779556,10.607559173894563,50c9509d-22c7-4a22-a47d-8c48425ef4a7,iNaturalist research-grade observations,28eb1a3f-1c15-4a95-931a-4af90ecb574d,6195986940
leucaena leucocephala,Leucaena leucocephala,2970418.0,2970418,18.58137,73.779515,10.59092106243062,50c9509d-22c7-4a22-a47d-8c48425ef4a7,iNaturalist research-grade observations,28eb1a3f-1c15-4a95-931a-4af90ecb574d,6196036329
broussonetia papyrifera,Broussonetia papyrifera,5361944.0,5361944,18.53543,73.837281,2.642891602644081,50c9509d-22c7-4a22-a47d-8c48425ef4a7,iNaturalist research-grade observations,28eb1a3f-1c15-4a95-931a-4af90ecb574d,6234165529
mitragyna parvifolia,Mitragyna parvifolia,2900484.0,2900484,18.655256,73.809306,15.805395114384034,50c9509d-22c7-4a22-a47d-8c48425ef4a7,iNaturalist research-grade observations,28eb1a3f-1c15-4a95-931a-4af90ecb574d,6234171972
tridax procumbens,Tridax procumbens,3149462.0,3149462,18.52549,73.815385,4.392653595370013,50c9509d-22c7-4a22-a47d-8c48425ef4a7,iNaturalist research-grade observations,28eb1a3f-1c15-4a95-931a-4af90ecb574d,6234176504
vachellia nilotica,Vachellia nilotica,3974744.0,3974744,18.568144,73.758454,11.638603305030603,50c9509d-22c7-4a22-a47d-8c48425ef4a7,iNaturalist research-grade observations,28eb1a3f-1c15-4a95-931a-4af90ecb574d,6234177391
chromolaena odorata,Chromolaena odorata,3087725.0,3087725,18.675306,73.745981,20.804981392810674,50c9509d-22c7-4a22-a47d-8c48425ef4a7,iNaturalist research-grade observations,28eb1a3f-1c15-4a95-931a-4af90ecb574d,6234185047
cassia fistula,Cassia fistula,5357108.0,5357108,18.60023,73.718647,17.046063774641727,50c9509d-22c7-4a22-a47d-8c48425ef4a7,iNaturalist research-grade observations,28eb1a3f-1c15-4a95-931a-4af90ecb574d,6234195344
cosmos sulphureus,Cosmos sulphureus,3098951.0,3098951,18.52549,73.815385,4.392653595370013,50c9509d-22c7-4a22-a47d-8c48425ef4a7,iNaturalist research-grade observations,28eb1a3f-1c15-4a95-931a-4af90ecb574d,6234195986
azadirachta indica,Azadirachta indica,3190474.0,3190474,18.599759,73.719476,16.94420517688048,50c9509d-22c7-4a22-a47d-8c48425ef4a7,iNaturalist research-grade observations,28eb1a3f-1c15-4a95-931a-4af90ecb574d,6234204325
terminalia catappa,Terminalia catappa,3189394.0,3189394,18.530684,73.846154,1.594985681631597,50c9509d-22c7-4a22-a47d-8c48425ef4a7,iNaturalist research-grade observations,28eb1a3f-1c15-4a95-931a-4af90ecb574d,6234207561
terminalia catappa,Terminalia catappa,3189394.0,3189394,18.598587,73.719818,16.845856016516016,50c9509d-22c7-4a22-a47d-8c48425ef4a7,iNaturalist research-grade observations,28eb1a3f-1c15-4a95-931a-4af90ecb574d,6234211727
ficus microcarpa,Ficus microcarpa,7467639.0,7467639,18.535257,73.8381,2.56414318566766,50c9509d-22c7-4a22-a47d-8c48425ef4a7,iNaturalist research-grade observations,28eb1a3f-1c15-4a95-931a-4af90ecb574d,6234213495
sterculia foetida,Sterculia foetida,5406675.0,5406675,18.56385,73.824116,5.928119571084169,50c9509d-22c7-4a22-a47d-8c48425ef4a7,iNaturalist research-grade observations,28eb1a3f-1c15-4a95-931a-4af90ecb574d,6234215416
dolichandrone falcata,Dolichandrone falcata,4091174.0,4091174,18.52728,73.818052,4.146014440329458,50c9509d-22c7-4a22-a47d-8c48425ef4a7,iNaturalist research-grade observations,28eb1a3f-1c15-4a95-931a-4af90ecb574d,6234217905
pongamia pinnata,Pongamia pinnata,2965911.0,2965911,18.562489,73.795044,8.009558323318196,50c9509d-22c7-4a22-a47d-8c48425ef4a7,iNaturalist research-grade observations,28eb1a3f-1c15-4a95-931a-4af90ecb574d,6234224784
jatropha integerrima,Jatropha integerrima,3073017.0,3073017,18.406272,73.752449,16.791343249378436,50c9509d-22c7-4a22-a47d-8c48425ef4a7,iNaturalist research-grade observations,28eb1a3f-1c15-4a95-931a-4af90ecb574d,6234233122
acalypha indica,Acalypha indica,3056259.0,3056259,18.523548,73.843735,1.4110761293327123,50c9509d-22c7-4a22-a47d-8c48425ef4a7,iNaturalist research-grade observations,28eb1a3f-1c15-4a95-931a-4af90ecb574d,6234237536
calyptocarpus vialis,Calyptocarpus vialis,3091480.0,3091480,18.672648,73.746507,20.529596183426204,50c9509d-22c7-4a22-a47d-8c48425ef4a7,iNaturalist research-grade observations,28eb1a3f-1c15-4a95-931a-4af90ecb574d,6234238000
azadirachta indica,Azadirachta indica,3190474.0,3190474,18.623993,73.654277,24.24715154478919,50c9509d-22c7-4a22-a47d-8c48425ef4a7,iNaturalist research-grade observations,28eb1a3f-1c15-4a95-931a-4af90ecb574d,6234246128
polyalthia longifolia,Polyalthia longifolia,3156422.0,3156422,18.534292,73.839457,2.3856160238051305,50c9509d-22c7-4a22-a47d-8c48425ef4a7,iNaturalist research-grade observations,28eb1a3f-1c15-4a95-931a-4af90ecb574d,6234251606
portulaca oleracea,Portulaca oleracea,3084719.0,3084719,18.623993,73.654277,24.24715154478919,50c9509d-22c7-4a22-a47d-8c48425ef4a7,iNaturalist research-grade observations,28eb1a3f-1c15-4a95-931a-4af90ecb574d,6234252333
pontederia crassipes,Pontederia crassipes,2765942.0,2765942,18.624331,73.768936,14.803067515895055,50c9509d-22c7-4a22-a47d-8c48425ef4a7,iNaturalist research-grade observations,28eb1a3f-1c15-4a95-931a-4af90ecb574d,6234253893
ficus elastica,Ficus elastica,7835333.0,7835333,18.530215,73.850951,1.248403295328738,50c9509d-22c7-4a22-a47d-8c48425ef4a7,iNaturalist research-grade observations,28eb1a3f-1c15-4a95-931a-4af90ecb574d,6234265529
jatropha nana,Jatropha nana,3072834.0,3072834,18.580396,73.805829,8.559461448666651,50c9509d-22c7-4a22-a47d-8c48425ef4a7,iNaturalist research-grade observations,28eb1a3f-1c15-4a95-931a-4af90ecb574d,6234267468
albizia lebbeck,Albizia lebbeck,2973215.0,2973215,18.531967,73.813049,4.778594813501082,50c9509d-22c7-4a22-a47d-8c48425ef4a7,iNaturalist research-grade observations,28eb1a3f-1c15-4a95-931a-4af90ecb574d,6234270383
plumeria obtusa,Plumeria obtusa,3169677.0,3169677,18.598881,73.717849,17.04067974858454,50c9509d-22c7-4a22-a47d-8c48425ef4a7,iNaturalist research-grade observations,28eb1a3f-1c15-4a95-931a-4af90ecb574d,6234284443
parthenium hysterophorus,Parthenium hysterophorus,3086784.0,3086784,18.562369,73.794617,8.0383808096097,50c9509d-22c7-4a22-a47d-8c48425ef4a7,iNaturalist research-grade observations,28eb1a3f-1c15-4a95-931a-4af90ecb574d,6234299837
peltophorum pterocarpum,Peltophorum pterocarpum,2952775.0,2952775,18.531121,73.847807,1.5166673785720364,50c9509d-22c7-4a22-a47d-8c48425ef4a7,iNaturalist research-grade observations,28eb1a3f-1c15-4a95-931a-4af90ecb574d,6234300325
cassia fistula,Cassia fistula,5357108.0,5357108,18.600479,73.718422,17.080724660238214,50c9509d-22c7-4a22-a47d-8c48425ef4a7,iNaturalist research-grade observations,28eb1a3f-1c15-4a95-931a-4af90ecb574d,6234305259
calotropis gigantea,Calotropis gigantea,3579089.0,3579089,18.5625,73.794322,8.07215999251653,50c9509d-22c7-4a22-a47d-8c48425ef4a7,iNaturalist research-grade observations,28eb1a3f-1c15-4a95-931a-4af90ecb574d,6234305869
cocos nucifera,Cocos nucifera,2735117.0,2735117,18.533887,73.839885,2.322075458239849,50c9509d-22c7-4a22-a47d-8c48425ef4a7,iNaturalist research-grade observations,28eb1a3f-1c15-4a95-931a-4af90ecb574d,6234309480
cassia fistula,Cassia fistula,5357108.0,5357108,18.410512,73.773423,15.048234273396737,50c9509d-22c7-4a22-a47d-8c48425ef4a7,iNaturalist research-grade observations,28eb1a3f-1c15-4a95-931a-4af90ecb574d,6234317009
cocos nucifera,Cocos nucifera,2735117.0,2735117,18.532934,73.841834,2.097395667046543,50c9509d-22c7-4a22-a47d-8c48425ef4a7,iNaturalist research-grade observations,28eb1a3f-1c15-4a95-931a-4af90ecb574d,6234317802
syzygium cumini,Syzygium cumini,3183840.0,3183840,18.599701,73.717957,17.0777727175286,50c9509d-22c7-4a22-a47d-8c48425ef4a7,iNaturalist research-grade observations,28eb1a3f-1c15-4a95-931a-4af90ecb574d,6234322867
dolichandrone falcata,Dolichandrone falcata,4091174.0,4091174,18.626814,73.650031,24.789912469014087,50c9509d-22c7-4a22-a47d-8c48425ef4a7,iNaturalist research-grade observations,28eb1a3f-1c15-4a95-931a-4af90ecb574d,6234324106
broussonetia papyrifera,Broussonetia papyrifera,5361944.0,5361944,18.546675,73.824811,4.454110182704094,50c9509d-22c7-4a22-a47d-8c48425ef4a7,iNaturalist research-grade observations,28eb1a3f-1c15-4a95-931a-4af90ecb574d,6234335420
ficus religiosa,Ficus religiosa,5361935.0,5361935,18.535612,73.83794,2.6025471100576847,50c9509d-22c7-4a22-a47d-8c48425ef4a7,iNaturalist research-grade observations,28eb1a3f-1c15-4a95-931a-4af90ecb574d,6234343254
peltophorum pterocarpum,Peltophorum pterocarpum,2952775.0,2952775,18.53033,73.847908,1.4416856769439734,50c9509d-22c7-4a22-a47d-8c48425ef4a7,iNaturalist research-grade observations,28eb1a3f-1c15-4a95-931a-4af90ecb574d,6234355909
ficus benghalensis,Ficus benghalensis,5361919.0,5361919,18.536617,73.836193,2.8153696436842566,50c9509d-22c7-4a22-a47d-8c48425ef4a7,iNaturalist research-grade observations,28eb1a3f-1c15-4a95-931a-4af90ecb574d,6234361461
ecbolium ligustrinum,Ecbolium ligustrinum,5576253.0,5576253,18.530767,73.831456,2.90047023383779,50c9509d-22c7-4a22-a47d-8c48425ef4a7,iNaturalist research-grade observations,28eb1a3f-1c15-4a95-931a-4af90ecb574d,6234366930
diospyros melanoxylon,Diospyros melanoxylon,7715874.0,7715874,18.673633,73.746593,20.614886045221542,50c9509d-22c7-4a22-a47d-8c48425ef4a7,iNaturalist research-grade observations,28eb1a3f-1c15-4a95-931a-4af90ecb574d,6234369275
soymida febrifuga,Soymida febrifuga,3850622.0,3850622,18.408077,73.749708,16.83256175500066,50c9509d-22c7-4a22-a47d-8c48425ef4a7,iNaturalist research-grade observations,28eb1a3f-1c15-4a95-931a-4af90ecb574d,6234370901
cassia fistula,Cassia fistula,5357108.0,5357108,18.60054,73.718588,17.069332479401464,50c9509d-22c7-4a22-a47d-8c48425ef4a7,iNaturalist research-grade observations,28eb1a3f-1c15-4a95-931a-4af90ecb574d,6234384306
nerium oleander,Nerium oleander,3169756.0,3169756,18.568075,73.758813,11.601430421488681,50c9509d-22c7-4a22-a47d-8c48425ef4a7,iNaturalist research-grade observations,28eb1a3f-1c15-4a95-931a-4af90ecb574d,6234388309
combretum albidum,Combretum albidum,7327060.0,7327060,18.568552,73.824899,6.317236469586828,50c9509d-22c7-4a22-a47d-8c48425ef4a7,iNaturalist research-grade observations,28eb1a3f-1c15-4a95-931a-4af90ecb574d,6234390261
alternanthera ficoidea,Alternanthera ficoidea,8160803.0,8160803,18.481915,73.810608,6.475760420534803,50c9509d-22c7-4a22-a47d-8c48425ef4a7,iNaturalist research-grade observations,28eb1a3f-1c15-4a95-931a-4af90ecb574d,6234393364
ficus religiosa,Ficus religiosa,5361935.0,5361935,18.535171,73.838588,2.518765962162181,50c9509d-22c7-4a22-a47d-8c48425ef4a7,iNaturalist research-grade observations,28eb1a3f-1c15-4a95-931a-4af90ecb574d,6234400769
ricinus communis,Ricinus communis,5380041.0,5380041,18.535863,73.884003,3.353013471389553,50c9509d-22c7-4a22-a47d-8c48425ef4a7,iNaturalist research-grade observations,28eb1a3f-1c15-4a95-931a-4af90ecb574d,6234410925
syzygium cumini,Syzygium cumini,3183840.0,3183840,18.59949,73.719578,16.91947029678413,50c9509d-22c7-4a22-a47d-8c48425ef4a7,iNaturalist research-grade observations,28eb1a3f-1c15-4a95-931a-4af90ecb574d,6234411409
delonix regia,Delonix regia,2956176.0,2956176,18.534876,73.838268,2.523390654482964,50c9509d-22c7-4a22-a47d-8c48425ef4a7,iNaturalist research-grade observations,28eb1a3f-1c15-4a95-931a-4af90ecb574d,6234415380
mangifera indica,Mangifera indica,3190638.0,3190638,18.56684,73.824882,6.157703175599564,50c9509d-22c7-4a22-a47d-8c48425ef4a7,iNaturalist research-grade observations,28eb1a3f-1c15-4a95-931a-4af90ecb574d,6234419028
wrightia tinctoria,Wrightia tinctoria,5536686.0,5536686,18.511485,73.775992,8.56732302906703,50c9509d-22c7-4a22-a47d-8c48425ef4a7,iNaturalist research-grade observations,28eb1a3f-1c15-4a95-931a-4af90ecb574d,6234419399
solanum torvum,Solanum torvum,2932389.0,2932389,18.562578,73.794369,8.07315819680142,50c9509d-22c7-4a22-a47d-8c48425ef4a7,iNaturalist research-grade observations,28eb1a3f-1c15-4a95-931a-4af90ecb574d,6234423860
pongamia pinnata,Pongamia pinnata,2965911.0,2965911,18.536125,73.78251,8.015018045765135,50c9509d-22c7-4a22-a47d-8c48425ef4a7,iNaturalist research-grade observations,28eb1a3f-1c15-4a95-931a-4af90ecb574d,6234424606
plumbago zeylanica,Plumbago zeylanica,3082282.0,3082282,18.562873,73.79368,8.151347011163532,50c9509d-22c7-4a22-a47d-8c48425ef4a7,iNaturalist research-grade observations,28eb1a3f-1c15-4a95-931a-4af90ecb574d,6234425103
acalypha wilkesiana,Acalypha wilkesiana,3057221.0,3057221,18.59983,73.719703,16.927897616019543,50c9509d-22c7-4a22-a47d-8c48425ef4a7,iNaturalist research-grade observations,28eb1a3f-1c15-4a95-931a-4af90ecb574d,6234436837
canna indica,Canna indica,8034409.0,8034409,18.598458,73.717586,17.040507681821488,50c9509d-22c7-4a22-a47d-8c48425ef4a7,iNaturalist research-grade observations,28eb1a3f-1c15-4a95-931a-4af90ecb574d,6234439473
carica papaya,Carica papaya,2874484.0,2874484,18.595505,73.790413,10.888975989101596,50c9509d-22c7-4a22-a47d-8c48425ef4a7,iNaturalist research-grade observations,28eb1a3f-1c15-4a95-931a-4af90ecb574d,6234440520
hamelia patens,Hamelia patens,2902066.0,2902066,18.599465,73.717288,17.124725740699052,50c9509d-22c7-4a22-a47d-8c48425ef4a7,iNaturalist research-grade observations,28eb1a3f-1c15-4a95-931a-4af90ecb574d,6234449615
pithecellobium dulce,Pithecellobium dulce,2962831.0,2962831,18.531153,73.845224,1.701067403147858,50c9509d-22c7-4a22-a47d-8c48425ef4a7,iNaturalist research-grade observations,28eb1a3f-1c15-4a95-931a-4af90ecb574d,6234454664
ficus religiosa,Ficus religiosa,5361935.0,5361935,18.600576,73.718979,17.036285726217514,50c9509d-22c7-4a22-a47d-8c48425ef4a7,iNaturalist research-grade observations,28eb1a3f-1c15-4a95-931a-4af90ecb574d,6234460330
delonix regia,Delonix regia,2956176.0,2956176,18.521059,73.821641,3.6972123156324552,50c9509d-22c7-4a22-a47d-8c48425ef4a7,iNaturalist research-grade observations,28eb1a3f-1c15-4a95-931a-4af90ecb574d,6234467710
ricinus communis,Ricinus communis,5380041.0,5380041,18.555828,73.907167,6.6201811848277945,50c9509d-22c7-4a22-a47d-8c48425ef4a7,iNaturalist research-grade observations,28eb1a3f-1c15-4a95-931a-4af90ecb574d,6234467892
delonix regia,Delonix regia,2956176.0,2956176,18.598924,73.718184,17.012810145776136,50c9509d-22c7-4a22-a47d-8c48425ef4a7,iNaturalist research-grade observations,28eb1a3f-1c15-4a95-931a-4af90ecb574d,6234474515
grevillea robusta,Grevillea robusta,2891791.0,2891791,18.531521,73.845235,1.7292629740563927,50c9509d-22c7-4a22-a47d-8c48425ef4a7,iNaturalist research-grade observations,28eb1a3f-1c15-4a95-931a-4af90ecb574d,6234475923
crotalaria pallida,Crotalaria pallida,8260433.0,8260433,18.626812,73.650034,24.789528566758698,50c9509d-22c7-4a22-a47d-8c48425ef4a7,iNaturalist research-grade observations,28eb1a3f-1c15-4a95-931a-4af90ecb574d,6234480619
broussonetia papyrifera,Broussonetia papyrifera,5361944.0,5361944,18.556979,73.807811,6.565729290265247,50c9509d-22c7-4a22-a47d-8c48425ef4a7,iNaturalist research-grade observations,28eb1a3f-1c15-4a95-931a-4af90ecb574d,6234518439
muntingia calabura,Muntingia calabura,3152036.0,3152036,18.530438,73.82866,3.1600390279444803,50c9509d-22c7-4a22-a47d-8c48425ef4a7,iNaturalist research-grade observations,28eb1a3f-1c15-4a95-931a-4af90ecb574d,6234528329
ficus religiosa,Ficus religiosa,5361935.0,5361935,18.576908,73.781655,10.102858907925956,50c9509d-22c7-4a22-a47d-8c48425ef4a7,iNaturalist research-grade observations,28eb1a3f-1c15-4a95-931a-4af90ecb574d,6234529524
ficus benghalensis,Ficus benghalensis,5361919.0,5361919,18.493334,73.83295,3.9152655768929128,50c9509d-22c7-4a22-a47d-8c48425ef4a7,iNaturalist research-grade observations,28eb1a3f-1c15-4a95-931a-4af90ecb574d,6234535903
delonix regia,Delonix regia,2956176.0,2956176,18.53485,73.882842,3.190352472396389,50c9509d-22c7-4a22-a47d-8c48425ef4a7,iNaturalist research-grade observations,28eb1a3f-1c15-4a95-931a-4af90ecb574d,6234564526
ficus benghalensis,Ficus benghalensis,5361919.0,5361919,18.463974,73.868416,6.394779921945276,50c9509d-22c7-4a22-a47d-8c48425ef4a7,iNaturalist research-grade observations,28eb1a3f-1c15-4a95-931a-4af90ecb574d,6234565313
phyla nodiflora,Phyla nodiflora,5341112.0,5341112,18.620089,73.655093,23.967881400381035,50c9509d-22c7-4a22-a47d-8c48425ef4a7,iNaturalist research-grade observations,28eb1a3f-1c15-4a95-931a-4af90ecb574d,6234568638
azadirachta indica,Azadirachta indica,3190474.0,3190474,18.600303,73.718807,17.0358968302221,50c9509d-22c7-4a22-a47d-8c48425ef4a7,iNaturalist research-grade observations,28eb1a3f-1c15-4a95-931a-4af90ecb574d,6234568927
verbascum coromandelianum,Verbascum coromandelianum,7333197.0,7333197,18.531559,73.827396,3.329461687465111,50c9509d-22c7-4a22-a47d-8c48425ef4a7,iNaturalist research-grade observations,28eb1a3f-1c15-4a95-931a-4af90ecb574d,6234574496
capparis grandis,Capparis grandis,7552967.0,7552967,18.52549,73.815385,4.392653595370013,50c9509d-22c7-4a22-a47d-8c48425ef4a7,iNaturalist research-grade observations,28eb1a3f-1c15-4a95-931a-4af90ecb574d,6234580097
gmelina arborea,Gmelina arborea,8247889.0,8247889,18.554642,73.789114,8.078823292646844,50c9509d-22c7-4a22-a47d-8c48425ef4a7,iNaturalist research-grade observations,28eb1a3f-1c15-4a95-931a-4af90ecb574d,6234584047
capparis grandis,Capparis grandis,7552967.0,7552967,18.52549,73.815385,4.392653595370013,50c9509d-22c7-4a22-a47d-8c48425ef4a7,iNaturalist research-grade observations,28eb1a3f-1c15-4a95-931a-4af90ecb574d,6234585610
pongamia pinnata,Pongamia pinnata,2965911.0,2965911,18.563406,73.793925,8.164870597239744,50c9509d-22c7-4a22-a47d-8c48425ef4a7,iNaturalist research-grade observations,28eb1a3f-1c15-4a95-931a-4af90ecb574d,6234595377
passiflora foetida,Passiflora foetida,2874211.0,2874211,18.56329,73.793938,8.156212735105706,50c9509d-22c7-4a22-a47d-8c48425ef4a7,iNaturalist research-grade observations,28eb1a3f-1c15-4a95-931a-4af90ecb574d,6234603839
cassia fistula,Cassia fistula,5357108.0,5357108,18.495619,73.801206,6.467849309536243,50c9509d-22c7-4a22-a47d-8c48425ef4a7,iNaturalist research-grade observations,28eb1a3f-1c15-4a95-931a-4af90ecb574d,6234607562
dolichandrone falcata,Dolichandrone falcata,4091174.0,4091174,18.623993,73.654277,24.24715154478919,50c9509d-22c7-4a22-a47d-8c48425ef4a7,iNaturalist research-grade observations,28eb1a3f-1c15-4a95-931a-4af90ecb574d,6234609649
polyalthia longifolia,Polyalthia longifolia,3156422.0,3156422,18.534428,73.839191,2.4167883534391,50c9509d-22c7-4a22-a47d-8c48425ef4a7,iNaturalist research-grade observations,28eb1a3f-1c15-4a95-931a-4af90ecb574d,6234610342
ipomoea cairica,Ipomoea cairica,2928531.0,2928531,18.527343,73.829416,2.9784627218778637,50c9509d-22c7-4a22-a47d-8c48425ef4a7,iNaturalist research-grade observations,28eb1a3f-1c15-4a95-931a-4af90ecb574d,6234611074
asparagus racemosus,Asparagus racemosus,2768632.0,2768632,18.59918,73.71947,16.91132719168579,50c9509d-22c7-4a22-a47d-8c48425ef4a7,iNaturalist research-grade observations,28eb1a3f-1c15-4a95-931a-4af90ecb574d,6234619827
butea monosperma,Butea monosperma,8234570.0,8234570,18.530674,73.814339,4.6100494355546635,50c9509d-22c7-4a22-a47d-8c48425ef4a7,iNaturalist research-grade observations,28eb1a3f-1c15-4a95-931a-4af90ecb574d,6234621060
holoptelea integrifolia,Holoptelea integrifolia,4160169.0,4160169,18.535299,73.83797,2.5776395864543966,50c9509d-22c7-4a22-a47d-8c48425ef4a7,iNaturalist research-grade observations,28eb1a3f-1c15-4a95-931a-4af90ecb574d,6234622541
lannea coromandelica,Lannea coromandelica,3661151.0,3661151,18.529347,73.816667,4.3364847208365775,50c9509d-22c7-4a22-a47d-8c48425ef4a7,iNaturalist research-grade observations,28eb1a3f-1c15-4a95-931a-4af90ecb574d,6234624762
capparis grandis,Capparis grandis,7552967.0,7552967,18.52964,73.815642,4.4491479650185495,50c9509d-22c7-4a22-a47d-8c48425ef4a7,iNaturalist research-grade observations,28eb1a3f-1c15-4a95-931a-4af90ecb574d,6234637350
ficus religiosa,Ficus religiosa,5361935.0,5361935,18.593277,73.800713,10.024921947146616,50c9509d-22c7-4a22-a47d-8c48425ef4a7,iNaturalist research-grade observations,28eb1a3f-1c15-4a95-931a-4af90ecb574d,6234644615
senegalia catechu,Senegalia catechu,3796190.0,3796190,18.635251,73.665978,23.815879194347477,50c9509d-22c7-4a22-a47d-8c48425ef4a7,iNaturalist research-grade observations,28eb1a3f-1c15-4a95-931a-4af90ecb574d,6234648647
prosopis juliflora,Prosopis juliflora,5358460.0,5358460,18.562873,73.79368,8.151347011163532,50c9509d-22c7-4a22-a47d-8c48425ef4a7,iNaturalist research-grade observations,28eb1a3f-1c15-4a95-931a-4af90ecb574d,6234650075
dypsis lutescens,Dypsis lutescens,2735935.0,2735935,18.538008,73.88562,3.6235678407570684,50c9509d-22c7-4a22-a47d-8c48425ef4a7,iNaturalist research-grade observations,28eb1a3f-1c15-4a95-931a-4af90ecb574d,6234653190
plumbago auriculata,Plumbago auriculata,3082283.0,3082283,18.53611,73.782495,8.016198131895035,50c9509d-22c7-4a22-a47d-8c48425ef4a7,iNaturalist research-grade observations,28eb1a3f-1c15-4a95-931a-4af90ecb574d,6234665262
ipomoea carnea,Ipomoea carnea,2928590.0,2928590,18.623993,73.654277,24.24715154478919,50c9509d-22c7-4a22-a47d-8c48425ef4a7,iNaturalist research-grade observations,28eb1a3f-1c15-4a95-931a-4af90ecb574d,6234667744
caryota urens,Caryota urens,2738914.0,2738914,18.596828,73.71938,16.78561430328248,50c9509d-22c7-4a22-a47d-8c48425ef4a7,iNaturalist research-grade observations,28eb1a3f-1c15-4a95-931a-4af90ecb574d,6234670954
argemone mexicana,Argemone mexicana,2888485.0,2888485,18.565158,73.795503,8.148106828238914,50c9509d-22c7-4a22-a47d-8c48425ef4a7,iNaturalist research-grade observations,28eb1a3f-1c15-4a95-931a-4af90ecb574d,6234675670
ehretia laevis,Ehretia laevis,4066496.0,4066496,18.675309,73.745927,20.808449800893392,50c9509d-22c7-4a22-a47d-8c48425ef4a7,iNaturalist research-grade observations,28eb1a3f-1c15-4a95-931a-4af90ecb574d,6234679881
mitragyna parvifolia,Mitragyna parvifolia,2900484.0,2900484,18.564372,73.795883,8.063139741150113,50c9509d-22c7-4a22-a47d-8c48425ef4a7,iNaturalist research-grade observations,28eb1a3f-1c15-4a95-931a-4af90ecb574d,6234683277
azadirachta indica,Azadirachta indica,3190474.0,3190474,18.563172,73.913995,7.687921447450224,50c9509d-22c7-4a22-a47d-8c48425ef4a7,iNaturalist research-grade observations,28eb1a3f-1c15-4a95-931a-4af90ecb574d,6234696536
polyalthia longifolia,Polyalthia longifolia,3156422.0,3156422,18.535213,73.837873,2.579366091763255,50c9509d-22c7-4a22-a47d-8c48425ef4a7,iNaturalist research-grade observations,28eb1a3f-1c15-4a95-931a-4af90ecb574d,6234701052
chromolaena odorata,Chromolaena odorata,3087725.0,3087725,18.593338,73.800743,10.028544610517814,50c9509d-22c7-4a22-a47d-8c48425ef4a7,iNaturalist research-grade observations,28eb1a3f-1c15-4a95-931a-4af90ecb574d,6234704886
broussonetia papyrifera,Broussonetia papyrifera,5361944.0,5361944,18.529995,73.851951,1.1785648681748757,50c9509d-22c7-4a22-a47d-8c48425ef4a7,iNaturalist research-grade observations,28eb1a3f-1c15-4a95-931a-4af90ecb574d,6234705322
peltophorum pterocarpum,Peltophorum pterocarpum,2952775.0,2952775,18.534922,73.882758,3.1867533025039303,50c9509d-22c7-4a22-a47d-8c48425ef4a7,iNaturalist research-grade observations,28eb1a3f-1c15-4a95-931a-4af90ecb574d,6234706357
lagerstroemia speciosa,Lagerstroemia speciosa,3188724.0,3188724,18.548899,73.829893,4.246130409684501,50c9509d-22c7-4a22-a47d-8c48425ef4a7,iNaturalist research-grade observations,28eb1a3f-1c15-4a95-931a-4af90ecb574d,6234711059
flueggea leucopyrus,Flueggea leucopyrus,5382877.0,5382877,18.64703,73.811583,14.86190494718139,50c9509d-22c7-4a22-a47d-8c48425ef4a7,iNaturalist research-grade observations,28eb1a3f-1c15-4a95-931a-4af90ecb574d,6234713799
syzygium cumini,Syzygium cumini,3183840.0,3183840,18.601053,73.719412,17.025270152454254,50c9509d-22c7-4a22-a47d-8c48425ef4a7,iNaturalist research-grade observations,28eb1a3f-1c15-4a95-931a-4af90ecb574d,6234722323
grevillea robusta,Grevillea robusta,2891791.0,2891791,18.52994,73.851513,1.1934739422364187,50c9509d-22c7-4a22-a47d-8c48425ef4a7,iNaturalist research-grade observations,28eb1a3f-1c15-4a95-931a-4af90ecb574d,6234723343
mangifera indica,Mangifera indica,3190638.0,3190638,18.530581,73.850863,1.2885389384911212,50c9509d-22c7-4a22-a47d-8c48425ef4a7,iNaturalist research-grade observations,28eb1a3f-1c15-4a95-931a-4af90ecb574d,6234723926
euphorbia hirta,Euphorbia hirta,3068937.0,3068937,18.578465,73.781573,10.218107061136859,50c9509d-22c7-4a22-a47d-8c48425ef4a7,iNaturalist research-grade observations,28eb1a3f-1c15-4a95-931a-4af90ecb574d,6234743060
ficus religiosa,Ficus religiosa,5361935.0,5361935,18.533957,73.839626,2.347979401775263,50c9509d-22c7-4a22-a47d-8c48425ef4a7,iNaturalist research-grade observations,28eb1a3f-1c15-4a95-931a-4af90ecb574d,6234748877
delonix regia,Delonix regia,2956176.0,2956176,18.501954,73.816634,4.696234545266059,50c9509d-22c7-4a22-a47d-8c48425ef4a7,iNaturalist research-grade observations,28eb1a3f-1c15-4a95-931a-4af90ecb574d,6234754385
crossandra infundibuliformis,Crossandra infundibuliformis,6359825.0,6359825,18.59846,73.719517,16.865773539160024,50c9509d-22c7-4a22-a47d-8c48425ef4a7,iNaturalist research-grade observations,28eb1a3f-1c15-4a95-931a-4af90ecb574d,6234763628
phyllanthus reticulatus,Phyllanthus reticulatus,5382478.0,5382478,18.481915,73.810608,6.475760420534803,50c9509d-22c7-4a22-a47d-8c48425ef4a7,iNaturalist research-grade observations,28eb1a3f-1c15-4a95-931a-4af90ecb574d,6234768291
tecoma stans,Tecoma stans,3172492.0,3172492,18.568675,73.757675,11.738613562429837,50c9509d-22c7-4a22-a47d-8c48425ef4a7,iNaturalist research-grade observations,28eb1a3f-1c15-4a95-931a-4af90ecb574d,6234780850
saraca asoca,Saraca asoca,7458904.0,7458904,18.430385,73.69855,19.451948133409648,50c9509d-22c7-4a22-a47d-8c48425ef4a7,iNaturalist research-grade observations,28eb1a3f-1c15-4a95-931a-4af90ecb574d,6234780864
delonix regia,Delonix regia,2956176.0,2956176,18.559842,73.914672,7.522442291326682,50c9509d-22c7-4a22-a47d-8c48425ef4a7,iNaturalist research-grade observations,28eb1a3f-1c15-4a95-931a-4af90ecb574d,6234781831
oxalis corniculata,Oxalis corniculata,8427624.0,8427624,18.523533,73.843697,1.4145461477270074,50c9509d-22c7-4a22-a47d-8c48425ef4a7,iNaturalist research-grade observations,28eb1a3f-1c15-4a95-931a-4af90ecb574d,6234787200
artocarpus heterophyllus,Artocarpus heterophyllus,2984565.0,2984565,18.60077,73.717768,17.15641488604034,50c9509d-22c7-4a22-a47d-8c48425ef4a7,iNaturalist research-grade observations,28eb1a3f-1c15-4a95-931a-4af90ecb574d,6234790907
lannea coromandelica,Lannea coromandelica,3661151.0,3661151,18.675083,73.746085,20.77830965679013,50c9509d-22c7-4a22-a47d-8c48425ef4a7,iNaturalist research-grade observations,28eb1a3f-1c15-4a95-931a-4af90ecb574d,6234799675
borassus flabellifer,Borassus flabellifer,2733934.0,2733934,18.623993,73.654277,24.24715154478919,50c9509d-22c7-4a22-a47d-8c48425ef4a7,iNaturalist research-grade observations,28eb1a3f-1c15-4a95-931a-4af90ecb574d,6234803910
ficus benjamina,Ficus benjamina,5361932.0,5361932,18.535467,73.838018,2.585827935944897,50c9509d-22c7-4a22-a47d-8c48425ef4a7,iNaturalist research-grade observations,28eb1a3f-1c15-4a95-931a-4af90ecb574d,6234808170
ficus racemosa,Ficus racemosa,5361904.0,5361904,18.530532,73.849908,1.3349512003081405,50c9509d-22c7-4a22-a47d-8c48425ef4a7,iNaturalist research-grade observations,28eb1a3f-1c15-4a95-931a-4af90ecb574d,6234809473
alstonia scholaris,Alstonia scholaris,5414410.0,5414410,18.543203,73.825242,4.174802993436313,50c9509d-22c7-4a22-a47d-8c48425ef4a7,iNaturalist research-grade observations,28eb1a3f-1c15-4a95-931a-4af90ecb574d,6234811076
cascabela thevetia,Cascabela thevetia,3169652.0,3169652,18.598439,73.718764,16.932683537959313,50c9509d-22c7-4a22-a47d-8c48425ef4a7,iNaturalist research-grade observations,28eb1a3f-1c15-4a95-931a-4af90ecb574d,6234818440
mangifera indica,Mangifera indica,3190638.0,3190638,18.598305,73.719012,16.90260409783072,50c9509d-22c7-4a22-a47d-8c48425ef4a7,iNaturalist research-grade observations,28eb1a3f-1c15-4a95-931a-4af90ecb574d,6234823125
muntingia calabura,Muntingia calabura,3152036.0,3152036,18.397418,73.983967,19.162270593983536,50c9509d-22c7-4a22-a47d-8c48425ef4a7,iNaturalist research-grade observations,28eb1a3f-1c15-4a95-931a-4af90ecb574d,6234840567
cyperus alternifolius,Cyperus alternifolius,2714156.0,2714156,18.564356,73.827193,5.793620825613562,50c9509d-22c7-4a22-a47d-8c48425ef4a7,iNaturalist research-grade observations,28eb1a3f-1c15-4a95-931a-4af90ecb574d,6234841402
bauhinia racemosa,Bauhinia racemosa,2953160.0,2953160,18.600337,73.717298,17.173772437209095,50c9509d-22c7-4a22-a47d-8c48425ef4a7,iNaturalist research-grade observations,28eb1a3f-1c15-4a95-931a-4af90ecb574d,6234843364
lagerstroemia speciosa,Lagerstroemia speciosa,3188724.0,3188724,18.518788,73.823776,3.4760275663090736,50c9509d-22c7-4a22-a47d-8c48425ef4a7,iNaturalist research-grade observations,28eb1a3f-1c15-4a95-931a-4af90ecb574d,6234843575
solanum lycopersicum,Solanum lycopersicum,2930137.0,2930137,18.536176,73.782706,7.996093545494867,50c9509d-22c7-4a22-a47d-8c48425ef4a7,iNaturalist research-grade observations,28eb1a3f-1c15-4a95-931a-4af90ecb574d,6234856624
croton bonplandianus,Croton bonplandianus,3058543.0,3058543,18.563829,73.793359,8.240776927382914,50c9509d-22c7-4a22-a47d-8c48425ef4a7,iNaturalist research-grade observations,28eb1a3f-1c15-4a95-931a-4af90ecb574d,6234857395
asparagus racemosus,Asparagus racemosus,2768632.0,2768632,18.599231,73.719493,16.912190095197083,50c9509d-22c7-4a22-a47d-8c48425ef4a7,iNaturalist research-grade observations,28eb1a3f-1c15-4a95-931a-4af90ecb574d,6234865546
azadirachta indica,Azadirachta indica,3190474.0,3190474,18.527741,73.816959,4.268827671520606,50c9509d-22c7-4a22-a47d-8c48425ef4a7,iNaturalist research-grade observations,28eb1a3f-1c15-4a95-931a-4af90ecb574d,6234866484
peltophorum pterocarpum,Peltophorum pterocarpum,2952775.0,2952775,18.513811,73.739792,12.348345435283704,50c9509d-22c7-4a22-a47d-8c48425ef4a7,iNaturalist research-grade observations,28eb1a3f-1c15-4a95-931a-4af90ecb574d,6234876715
calotropis procera,Calotropis procera,5414566.0,5414566,18.526601,73.81651,4.293143944949071,50c9509d-22c7-4a22-a47d-8c48425ef4a7,iNaturalist research-grade observations,28eb1a3f-1c15-4a95-931a-4af90ecb574d,6234883628
bauhinia racemosa,Bauhinia racemosa,2953160.0,2953160,18.675745,73.745889,20.85083423566248,50c9509d-22c7-4a22-a47d-8c48425ef4a7,iNaturalist research-grade observations,28eb1a3f-1c15-4a95-931a-4af90ecb574d,6234885981
polyalthia longifolia,Polyalthia longifolia,3156422.0,3156422,18.59895,73.717467,17.07919860168625,50c9509d-22c7-4a22-a47d-8c48425ef4a7,iNaturalist research-grade observations,28eb1a3f-1c15-4a95-931a-4af90ecb574d,6234887759
oxalis corniculata,Oxalis corniculata,8427624.0,8427624,18.535433,73.883278,3.2628755163700847,50c9509d-22c7-4a22-a47d-8c48425ef4a7,iNaturalist research-grade observations,28eb1a3f-1c15-4a95-931a-4af90ecb574d,6234888102
broussonetia papyrifera,Broussonetia papyrifera,5361944.0,5361944,18.530042,73.851735,1.1931129204930142,50c9509d-22c7-4a22-a47d-8c48425ef4a7,iNaturalist research-grade observations,28eb1a3f-1c15-4a95-931a-4af90ecb574d,6234891432
bougainvillea glabra,Bougainvillea glabra,5384862.0,5384862,18.54335,73.82512,4.194950931750525,50c9509d-22c7-4a22-a47d-8c48425ef4a7,iNaturalist research-grade observations,28eb1a3f-1c15-4a95-931a-4af90ecb574d,6234895615
cassia javanica,Cassia javanica,5357125.0,5357125,18.598439,73.718764,16.932683537959313,50c9509d-22c7-4a22-a47d-8c48425ef4a7,iNaturalist research-grade observations,28eb1a3f-1c15-4a95-931a-4af90ecb574d,6234897807
cassia fistula,Cassia fistula,5357108.0,5357108,18.600218,73.718669,17.04338955293073,50c9509d-22c7-4a22-a47d-8c48425ef4a7,iNaturalist research-grade observations,28eb1a3f-1c15-4a95-931a-4af90ecb574d,6234900790
dendrophthoe falcata,Dendrophthoe falcata,7595217.0,7595217,18.52549,73.815385,4.392653595370013,50c9509d-22c7-4a22-a47d-8c48425ef4a7,iNaturalist research-grade observations,28eb1a3f-1c15-4a95-931a-4af90ecb574d,6234903824
millingtonia hortensis,Millingtonia hortensis,7629955.0,7629955,18.535432,73.837848,2.597000054429499,50c9509d-22c7-4a22-a47d-8c48425ef4a7,iNaturalist research-grade observations,28eb1a3f-1c15-4a95-931a-4af90ecb574d,6234905531
celastrus paniculatus,Celastrus paniculatus,7265565.0,7265565,18.52549,73.815385,4.392653595370013,50c9509d-22c7-4a22-a47d-8c48425ef4a7,iNaturalist research-grade observations,28eb1a3f-1c15-4a95-931a-4af90ecb574d,6234906403
magnolia champaca,Magnolia champaca,3153099.0,3153099,18.509671,73.780757,8.095789019894436,50c9509d-22c7-4a22-a47d-8c48425ef4a7,iNaturalist research-grade observations,28eb1a3f-1c15-4a95-931a-4af90ecb574d,6234910000
duranta erecta,Duranta erecta,2925655.0,2925655,18.597678,73.719223,16.84786644000756,50c9509d-22c7-4a22-a47d-8c48425ef4a7,iNaturalist research-grade observations,28eb1a3f-1c15-4a95-931a-4af90ecb574d,6234910311
pistia stratiotes,Pistia stratiotes,2870583.0,2870583,18.624338,73.768936,14.803675067783116,50c9509d-22c7-4a22-a47d-8c48425ef4a7,iNaturalist research-grade observations,28eb1a3f-1c15-4a95-931a-4af90ecb574d,6234931079
mitragyna parvifolia,Mitragyna parvifolia,2900484.0,2900484,18.599897,73.718292,17.05881708676736,50c9509d-22c7-4a22-a47d-8c48425ef4a7,iNaturalist research-grade observations,28eb1a3f-1c15-4a95-931a-4af90ecb574d,6234934535
portulaca grandiflora,Portulaca grandiflora,3084700.0,3084700,18.524609,73.878624,2.358462256844788,50c9509d-22c7-4a22-a47d-8c48425ef4a7,iNaturalist research-grade observations,28eb1a3f-1c15-4a95-931a-4af90ecb574d,6234939005
tridax procumbens,Tridax procumbens,3149462.0,3149462,18.593353,73.800743,10.029893401547465,50c9509d-22c7-4a22-a47d-8c48425ef4a7,iNaturalist research-grade observations,28eb1a3f-1c15-4a95-931a-4af90ecb574d,6234967893
tridax procumbens,Tridax procumbens,3149462.0,3149462,18.593294,73.80072,10.026015531679167,50c9509d-22c7-4a22-a47d-8c48425ef4a7,iNaturalist research-grade observations,28eb1a3f-1c15-4a95-931a-4af90ecb574d,6234969024
persicaria glabra,Persicaria glabra,6391450.0,6391450,18.622692,73.655093,24.102968152983465,50c9509d-22c7-4a22-a47d-8c48425ef4a7,iNaturalist research-grade observations,28eb1a3f-1c15-4a95-931a-4af90ecb574d,6234971511
alstonia scholaris,Alstonia scholaris,5414410.0,5414410,18.530747,73.84992,1.354519719551332,50c9509d-22c7-4a22-a47d-8c48425ef4a7,iNaturalist research-grade observations,28eb1a3f-1c15-4a95-931a-4af90ecb574d,6234975945
combretum indicum,Combretum indicum,12203608.0,12203608,18.597958,73.71863,16.91750456731955,50c9509d-22c7-4a22-a47d-8c48425ef4a7,iNaturalist research-grade observations,28eb1a3f-1c15-4a95-931a-4af90ecb574d,6234985679
samanea saman,Samanea saman,2972960.0,2972960,18.535436,73.837916,2.5918040173126724,50c9509d-22c7-4a22-a47d-8c48425ef4a7,iNaturalist research-grade observations,28eb1a3f-1c15-4a95-931a-4af90ecb574d,6234995306
ficus racemosa,Ficus racemosa,5361904.0,5361904,18.530018,73.851542,1.1998005407450867,50c9509d-22c7-4a22-a47d-8c48425ef4a7,iNaturalist research-grade observations,28eb1a3f-1c15-4a95-931a-4af90ecb574d,6235000074
ficus benghalensis,Ficus benghalensis,5361919.0,5361919,18.530776,73.846489,1.5780312447592983,50c9509d-22c7-4a22-a47d-8c48425ef4a7,iNaturalist research-grade observations,28eb1a3f-1c15-4a95-931a-4af90ecb574d,6235000893
synedrella nodiflora,Synedrella nodiflora,5404991.0,5404991,18.527185,73.829529,2.962435745276577,50c9509d-22c7-4a22-a47d-8c48425ef4a7,iNaturalist research-grade observations,28eb1a3f-1c15-4a95-931a-4af90ecb574d,6235003779
vachellia leucophloea,Vachellia leucophloea,7769517.0,7769517,18.635304,73.664114,23.985078815617108,50c9509d-22c7-4a22-a47d-8c48425ef4a7,iNaturalist research-grade observations,28eb1a3f-1c15-4a95-931a-4af90ecb574d,6235016723
broussonetia papyrifera,Broussonetia papyrifera,5361944.0,5361944,18.530198,73.847089,1.4878857930299116,50c9509d-22c7-4a22-a47d-8c48425ef4a7,iNaturalist research-grade observations,28eb1a3f-1c15-4a95-931a-4af90ecb574d,6235028862
lantana camara,Lantana camara,2925303.0,2925303,18.599812,73.719568,16.938996480522665,50c9509d-22c7-4a22-a47d-8c48425ef4a7,iNaturalist research-grade observations,28eb1a3f-1c15-4a95-931a-4af90ecb574d,6235037453
portulaca oleracea,Portulaca oleracea,3084719.0,3084719,18.622692,73.655093,24.102968152983465,50c9509d-22c7-4a22-a47d-8c48425ef4a7,iNaturalist research-grade observations,28eb1a3f-1c15-4a95-931a-4af90ecb574d,6235041987
asclepias curassavica,Asclepias curassavica,3170241.0,3170241,18.563406,73.793925,8.164870597239744,50c9509d-22c7-4a22-a47d-8c48425ef4a7,iNaturalist research-grade observations,28eb1a3f-1c15-4a95-931a-4af90ecb574d,6235047784
ipomoea triloba,Ipomoea triloba,2928547.0,2928547,18.536155,73.782553,8.011321887809023,50c9509d-22c7-4a22-a47d-8c48425ef4a7,iNaturalist research-grade observations,28eb1a3f-1c15-4a95-931a-4af90ecb574d,6235048562
bougainvillea spectabilis,Bougainvillea spectabilis,7167078.0,7167078,18.534304,73.839473,2.385195396703369,50c9509d-22c7-4a22-a47d-8c48425ef4a7,iNaturalist research-grade observations,28eb1a3f-1c15-4a95-931a-4af90ecb574d,6235063388
solanum torvum,Solanum torvum,2932389.0,2932389,18.562637,73.794312,8.08185984647823,50c9509d-22c7-4a22-a47d-8c48425ef4a7,iNaturalist research-grade observations,28eb1a3f-1c15-4a95-931a-4af90ecb574d,6235064497
bridelia retusa,Bridelia retusa,3076196.0,3076196,18.635189,73.66388,23.999157906621903,50c9509d-22c7-4a22-a47d-8c48425ef4a7,iNaturalist research-grade observations,28eb1a3f-1c15-4a95-931a-4af90ecb574d,6235070924
plumbago auriculata,Plumbago auriculata,3082283.0,3082283,18.583686,73.785089,10.320277489862791,50c9509d-22c7-4a22-a47d-8c48425ef4a7,iNaturalist research-grade observations,28eb1a3f-1c15-4a95-931a-4af90ecb574d,6235093031
cardiospermum halicacabum,Cardiospermum halicacabum,3189939.0,3189939,18.567144,73.824917,6.184076736912403,50c9509d-22c7-4a22-a47d-8c48425ef4a7,iNaturalist research-grade observations,28eb1a3f-1c15-4a95-931a-4af90ecb574d,6235098972
ficus benghalensis,Ficus benghalensis,5361919.0,5361919,18.530385,73.848436,1.4113443281350961,50c9509d-22c7-4a22-a47d-8c48425ef4a7,iNaturalist research-grade observations,28eb1a3f-1c15-4a95-931a-4af90ecb574d,6235101816
wrightia tinctoria,Wrightia tinctoria,5536686.0,5536686,18.598439,73.718764,16.932683537959313,50c9509d-22c7-4a22-a47d-8c48425ef4a7,iNaturalist research-grade observations,28eb1a3f-1c15-4a95-931a-4af90ecb574d,6235110037
grewia tiliifolia,Grewia tiliifolia,4259991.0,4259991,18.52549,73.815385,4.392653595370013,50c9509d-22c7-4a22-a47d-8c48425ef4a7,iNaturalist research-grade observations,28eb1a3f-1c15-4a95-931a-4af90ecb574d,6235112682
ficus auriculata,Ficus auriculata,5571773.0,5571773,18.599358,73.72072,16.809079326813105,50c9509d-22c7-4a22-a47d-8c48425ef4a7,iNaturalist research-grade observations,28eb1a3f-1c15-4a95-931a-4af90ecb574d,6235113656
ipomoea obscura,Ipomoea obscura,2928565.0,2928565,18.564115,73.82932,5.6533208363652525,50c9509d-22c7-4a22-a47d-8c48425ef4a7,iNaturalist research-grade observations,28eb1a3f-1c15-4a95-931a-4af90ecb574d,6235114772
argemone mexicana,Argemone mexicana,2888485.0,2888485,18.622692,73.655093,24.102968152983465,50c9509d-22c7-4a22-a47d-8c48425ef4a7,iNaturalist research-grade observations,28eb1a3f-1c15-4a95-931a-4af90ecb574d,6235120952
euphorbia hypericifolia,Euphorbia hypericifolia,3066321.0,3066321,18.548564,73.806061,6.189491455737482,50c9509d-22c7-4a22-a47d-8c48425ef4a7,iNaturalist research-grade observations,28eb1a3f-1c15-4a95-931a-4af90ecb574d,6235125186
chromolaena odorata,Chromolaena odorata,3087725.0,3087725,18.595558,73.79044,10.891670430581389,50c9509d-22c7-4a22-a47d-8c48425ef4a7,iNaturalist research-grade observations,28eb1a3f-1c15-4a95-931a-4af90ecb574d,6235140194
ricinus communis,Ricinus communis,5380041.0,5380041,18.482578,73.816116,6.0001148601276055,50c9509d-22c7-4a22-a47d-8c48425ef4a7,iNaturalist research-grade observations,28eb1a3f-1c15-4a95-931a-4af90ecb574d,6235142085
plumbago zeylanica,Plumbago zeylanica,3082282.0,3082282,18.562644,73.794092,8.101197196288648,50c9509d-22c7-4a22-a47d-8c48425ef4a7,iNaturalist research-grade observations,28eb1a3f-1c15-4a95-931a-4af90ecb574d,6235151844
broussonetia papyrifera,Broussonetia papyrifera,5361944.0,5361944,18.531179,73.845146,1.708953007784598,50c9509d-22c7-4a22-a47d-8c48425ef4a7,iNaturalist research-grade observations,28eb1a3f-1c15-4a95-931a-4af90ecb574d,6235155962
polyalthia longifolia,Polyalthia longifolia,3156422.0,3156422,18.534401,73.839239,2.4109854057437095,50c9509d-22c7-4a22-a47d-8c48425ef4a7,iNaturalist research-grade observations,28eb1a3f-1c15-4a95-931a-4af90ecb574d,6235158765
ipomoea hederifolia,Ipomoea hederifolia,2928624.0,2928624,18.599178,73.718295,17.01728096266035,50c9509d-22c7-4a22-a47d-8c48425ef4a7,iNaturalist research-grade observations,28eb1a3f-1c15-4a95-931a-4af90ecb574d,6235159411
oxalis corniculata,Oxalis corniculata,8427624.0,8427624,18.593288,73.80072,10.02547623169379,50c9509d-22c7-4a22-a47d-8c48425ef4a7,iNaturalist research-grade observations,28eb1a3f-1c15-4a95-931a-4af90ecb574d,6235163778
cascabela thevetia,Cascabela thevetia,3169652.0,3169652,18.6003,73.718512,17.062263356785998,50c9509d-22c7-4a22-a47d-8c48425ef4a7,iNaturalist research-grade observations,28eb1a3f-1c15-4a95-931a-4af90ecb574d,6235164556
tabebuia heterophylla,Tabebuia heterophylla,3172526.0,3172526,18.529722,73.849176,1.305279019215801,50c9509d-22c7-4a22-a47d-8c48425ef4a7,iNaturalist research-grade observations,28eb1a3f-1c15-4a95-931a-4af90ecb574d,6235173916
pongamia pinnata,Pongamia pinnata,2965911.0,2965911,18.562873,73.79368,8.151347011163532,50c9509d-22c7-4a22-a47d-8c48425ef4a7,iNaturalist research-grade observations,28eb1a3f-1c15-4a95-931a-4af90ecb574d,6235190748
diospyros melanoxylon,Diospyros melanoxylon,7715874.0,7715874,18.673633,73.746593,20.614886045221542,50c9509d-22c7-4a22-a47d-8c48425ef4a7,iNaturalist research-grade observations,28eb1a3f-1c15-4a95-931a-4af90ecb574d,6235194488
cassia fistula,Cassia fistula,5357108.0,5357108,18.473044,73.75489,11.957800987024575,50c9509d-22c7-4a22-a47d-8c48425ef4a7,iNaturalist research-grade observations,28eb1a3f-1c15-4a95-931a-4af90ecb574d,6235195687
syzygium cumini,Syzygium cumini,3183840.0,3183840,18.533713,73.840186,2.285358743359658,50c9509d-22c7-4a22-a47d-8c48425ef4a7,iNaturalist research-grade observations,28eb1a3f-1c15-4a95-931a-4af90ecb574d,6235201012
samanea saman,Samanea saman,2972960.0,2972960,18.531158,73.846793,1.5880852955702254,50c9509d-22c7-4a22-a47d-8c48425ef4a7,iNaturalist research-grade observations,28eb1a3f-1c15-4a95-931a-4af90ecb574d,6235206925
tamarindus indica,Tamarindus indica,2975768.0,2975768,18.563168,73.795464,8.018205339477708,50c9509d-22c7-4a22-a47d-8c48425ef4a7,iNaturalist research-grade observations,28eb1a3f-1c15-4a95-931a-4af90ecb574d,6235209240
passiflora l.,Passiflora L.,,2874172,18.406183,73.752456,16.798342545115744,50c9509d-22c7-4a22-a47d-8c48425ef4a7,iNaturalist research-grade observations,28eb1a3f-1c15-4a95-931a-4af90ecb574d,6235212602
asclepias curassavica,Asclepias curassavica,3170241.0,3170241,18.563404,73.796387,7.955813031125678,50c9509d-22c7-4a22-a47d-8c48425ef4a7,iNaturalist research-grade observations,28eb1a3f-1c15-4a95-931a-4af90ecb574d,6235213056
erythrina suberosa,Erythrina suberosa,5349546.0,5349546,18.675003,73.746081,20.77118473735363,50c9509d-22c7-4a22-a47d-8c48425ef4a7,iNaturalist research-grade observations,28eb1a3f-1c15-4a95-931a-4af90ecb574d,6235213347
combretum indicum,Combretum indicum,12203608.0,12203608,18.630141,73.650903,24.88827954720004,50c9509d-22c7-4a22-a47d-8c48425ef4a7,iNaturalist research-grade observations,28eb1a3f-1c15-4a95-931a-4af90ecb574d,6235217276
portulaca oleracea,Portulaca oleracea,3084719.0,3084719,18.62603,73.649608,24.787717473323816,50c9509d-22c7-4a22-a47d-8c48425ef4a7,iNaturalist research-grade observations,28eb1a3f-1c15-4a95-931a-4af90ecb574d,6235219038
terminalia catappa,Terminalia catappa,3189394.0,3189394,18.600201,73.718422,17.064640275855467,50c9509d-22c7-4a22-a47d-8c48425ef4a7,iNaturalist research-grade observations,28eb1a3f-1c15-4a95-931a-4af90ecb574d,6235220980
ficus benghalensis,Ficus benghalensis,5361919.0,5361919,18.600203,73.717077,17.18601646764038,50c9509d-22c7-4a22-a47d-8c48425ef4a7,iNaturalist research-grade observations,28eb1a3f-1c15-4a95-931a-4af90ecb574d,6235224785
ipomoea cairica,Ipomoea cairica,2928531.0,2928531,18.565082,73.826983,5.873660334037039,50c9509d-22c7-4a22-a47d-8c48425ef4a7,iNaturalist research-grade observations,28eb1a3f-1c15-4a95-931a-4af90ecb574d,6235225319
euphorbia hirta,Euphorbia hirta,3068937.0,3068937,18.593262,73.800705,10.024070451942748,50c9509d-22c7-4a22-a47d-8c48425ef4a7,iNaturalist research-grade observations,28eb1a3f-1c15-4a95-931a-4af90ecb574d,6235227711
tabernaemontana divaricata,Tabernaemontana divaricata,3169625.0,3169625,18.597946,73.718448,16.93333341544539,50c9509d-22c7-4a22-a47d-8c48425ef4a7,iNaturalist research-grade observations,28eb1a3f-1c15-4a95-931a-4af90ecb574d,6235230399
calotropis procera,Calotropis procera,5414566.0,5414566,18.521059,73.821641,3.6972123156324552,50c9509d-22c7-4a22-a47d-8c48425ef4a7,iNaturalist research-grade observations,28eb1a3f-1c15-4a95-931a-4af90ecb574d,6235243692
lantana camara,Lantana camara,2925303.0,2925303,18.528908,73.813358,4.666609615318683,50c9509d-22c7-4a22-a47d-8c48425ef4a7,iNaturalist research-grade observations,28eb1a3f-1c15-4a95-931a-4af90ecb574d,6235258372
peltophorum pterocarpum,Peltophorum pterocarpum,2952775.0,2952775,18.530078,73.847789,1.4285594023792783,50c9509d-22c7-4a22-a47d-8c48425ef4a7,iNaturalist research-grade observations,28eb1a3f-1c15-4a95-931a-4af90ecb574d,6235259285
grewia tiliifolia,Grewia tiliifolia,4259991.0,4259991,18.499989,73.658905,20.979155219905294,50c9509d-22c7-4a22-a47d-8c48425ef4a7,iNaturalist research-grade observations,28eb1a3f-1c15-4a95-931a-4af90ecb574d,6235261340
cissus woodrowii,Cissus woodrowii,4053505.0,4053505,18.548201,73.813416,5.511840446148306,50c9509d-22c7-4a22-a47d-8c48425ef4a7,iNaturalist research-grade observations,28eb1a3f-1c15-4a95-931a-4af90ecb574d,6235262278
ficus religiosa,Ficus religiosa,5361935.0,5361935,18.534289,73.839396,2.3903051514260674,50c9509d-22c7-4a22-a47d-8c48425ef4a7,iNaturalist research-grade observations,28eb1a3f-1c15-4a95-931a-4af90ecb574d,6235268120
mangifera indica,Mangifera indica,3190638.0,3190638,18.530162,73.850042,1.2926909441129253,50c9509d-22c7-4a22-a47d-8c48425ef4a7,iNaturalist research-grade observations,28eb1a3f-1c15-4a95-931a-4af90ecb574d,6235272167
ficus racemosa,Ficus racemosa,5361904.0,5361904,18.535933,73.883858,3.3439113690914293,50c9509d-22c7-4a22-a47d-8c48425ef4a7,iNaturalist research-grade observations,28eb1a3f-1c15-4a95-931a-4af90ecb574d,6235276128
pongamia pinnata,Pongamia pinnata,2965911.0,2965911,18.563406,73.793925,8.164870597239744,50c9509d-22c7-4a22-a47d-8c48425ef4a7,iNaturalist research-grade observations,28eb1a3f-1c15-4a95-931a-4af90ecb574d,6235289962
butea monosperma,Butea monosperma,8234570.0,8234570,18.600203,73.717077,17.18601646764038,50c9509d-22c7-4a22-a47d-8c48425ef4a7,iNaturalist research-grade observations,28eb1a3f-1c15-4a95-931a-4af90ecb574d,6235294048
cassia fistula,Cassia fistula,5357108.0,5357108,18.598439,73.718764,16.932683537959313,50c9509d-22c7-4a22-a47d-8c48425ef4a7,iNaturalist research-grade observations,28eb1a3f-1c15-4a95-931a-4af90ecb574d,6235306163
mangifera indica,Mangifera indica,3190638.0,3190638,18.535383,73.837545,2.6180598206422525,50c9509d-22c7-4a22-a47d-8c48425ef4a7,iNaturalist research-grade observations,28eb1a3f-1c15-4a95-931a-4af90ecb574d,6235307022
glycosmis pentaphylla,Glycosmis pentaphylla,8241662.0,8241662,18.563433,73.796303,7.964828704118073,50c9509d-22c7-4a22-a47d-8c48425ef4a7,iNaturalist research-grade observations,28eb1a3f-1c15-4a95-931a-4af90ecb574d,6235309783
cosmos sulphureus,Cosmos sulphureus,3098951.0,3098951,18.52964,73.815642,4.4491479650185495,50c9509d-22c7-4a22-a47d-8c48425ef4a7,iNaturalist research-grade observations,28eb1a3f-1c15-4a95-931a-4af90ecb574d,6235310321
azadirachta indica,Azadirachta indica,3190474.0,3190474,18.529705,73.852218,1.1374747037350443,50c9509d-22c7-4a22-a47d-8c48425ef4a7,iNaturalist research-grade observations,28eb1a3f-1c15-4a95-931a-4af90ecb574d,6235311871
bombax ceiba,Bombax ceiba,3152226.0,3152226,18.476705,73.727263,14.48809132703317,50c9509d-22c7-4a22-a47d-8c48425ef4a7,iNaturalist research-grade observations,28eb1a3f-1c15-4a95-931a-4af90ecb574d,6235315223
euphorbia hirta,Euphorbia hirta,3068937.0,3068937,18.593256,73.800728,10.022103726843879,50c9509d-22c7-4a22-a47d-8c48425ef4a7,iNaturalist research-grade observations,28eb1a3f-1c15-4a95-931a-4af90ecb574d,6235327233
erythrina suberosa,Erythrina suberosa,5349546.0,5349546,18.366277,73.755878,20.169440911772238,50c9509d-22c7-4a22-a47d-8c48425ef4a7,iNaturalist research-grade observations,28eb1a3f-1c15-4a95-931a-4af90ecb574d,6235327423
dolichandrone falcata,Dolichandrone falcata,4091174.0,4091174,18.71684,73.78587,23.083139062907083,50c9509d-22c7-4a22-a47d-8c48425ef4a7,iNaturalist research-grade observations,28eb1a3f-1c15-4a95-931a-4af90ecb574d,6235337432
portulaca oleracea,Portulaca oleracea,3084719.0,3084719,18.515536,73.927217,7.454806739326102,50c9509d-22c7-4a22-a47d-8c48425ef4a7,iNaturalist research-grade observations,28eb1a3f-1c15-4a95-931a-4af90ecb574d,6235339304
calotropis gigantea,Calotropis gigantea,3579089.0,3579089,18.562705,73.794638,8.058325909474451,50c9509d-22c7-4a22-a47d-8c48425ef4a7,iNaturalist research-grade observations,28eb1a3f-1c15-4a95-931a-4af90ecb574d,6235354280
verbascum coromandelianum,Verbascum coromandelianum,7333197.0,7333197,18.52549,73.815385,4.392653595370013,50c9509d-22c7-4a22-a47d-8c48425ef4a7,iNaturalist research-grade observations,28eb1a3f-1c15-4a95-931a-4af90ecb574d,6235356902
broussonetia papyrifera,Broussonetia papyrifera,5361944.0,5361944,18.529756,73.849079,1.3145096578850013,50c9509d-22c7-4a22-a47d-8c48425ef4a7,iNaturalist research-grade observations,28eb1a3f-1c15-4a95-931a-4af90ecb574d,6235361950
ruellia tuberosa,Ruellia tuberosa,5415418.0,5415418,18.555588,73.821908,5.363155418657803,50c9509d-22c7-4a22-a47d-8c48425ef4a7,iNaturalist research-grade observations,28eb1a3f-1c15-4a95-931a-4af90ecb574d,6235371718
ficus benghalensis,Ficus benghalensis,5361919.0,5361919,18.564401,73.827229,5.795807221605164,50c9509d-22c7-4a22-a47d-8c48425ef4a7,iNaturalist research-grade observations,28eb1a3f-1c15-4a95-931a-4af90ecb574d,6235385897
mangifera indica,Mangifera indica,3190638.0,3190638,18.566857,73.824828,6.162390519731038,50c9509d-22c7-4a22-a47d-8c48425ef4a7,iNaturalist research-grade observations,28eb1a3f-1c15-4a95-931a-4af90ecb574d,6235385975
annona reticulata,Annona reticulata,5407123.0,5407123,18.563869,73.7966,7.9691259924263855,50c9509d-22c7-4a22-a47d-8c48425ef4a7,iNaturalist research-grade observations,28eb1a3f-1c15-4a95-931a-4af90ecb574d,6235405029
ixora coccinea,Ixora coccinea,8793122.0,8793122,18.599885,73.719337,16.964006120884854,50c9509d-22c7-4a22-a47d-8c48425ef4a7,iNaturalist research-grade observations,28eb1a3f-1c15-4a95-931a-4af90ecb574d,6235410640
tridax procumbens,Tridax procumbens,3149462.0,3149462,18.593342,73.800735,10.02940030709908,50c9509d-22c7-4a22-a47d-8c48425ef4a7,iNaturalist research-grade observations,28eb1a3f-1c15-4a95-931a-4af90ecb574d,6235413629
mangifera indica,Mangifera indica,3190638.0,3190638,18.529729,73.8492,1.3043616455843854,50c9509d-22c7-4a22-a47d-8c48425ef4a7,iNaturalist research-grade observations,28eb1a3f-1c15-4a95-931a-4af90ecb574d,6235417433
terminalia catappa,Terminalia catappa,3189394.0,3189394,18.529725,73.849158,1.3066979628134614,50c9509d-22c7-4a22-a47d-8c48425ef4a7,iNaturalist research-grade observations,28eb1a3f-1c15-4a95-931a-4af90ecb574d,6235430748
eragrostis tenella,Eragrostis tenella,2705426.0,2705426,18.515296,73.925936,7.322128599812501,50c9509d-22c7-4a22-a47d-8c48425ef4a7,iNaturalist research-grade observations,28eb1a3f-1c15-4a95-931a-4af90ecb574d,6235434510
mangifera indica,Mangifera indica,3190638.0,3190638,18.598251,73.719185,16.8838699825976,50c9509d-22c7-4a22-a47d-8c48425ef4a7,iNaturalist research-grade observations,28eb1a3f-1c15-4a95-931a-4af90ecb574d,6235440550
calotropis gigantea,Calotropis gigantea,3579089.0,3579089,18.562725,73.794425,8.07786370197145,50c9509d-22c7-4a22-a47d-8c48425ef4a7,iNaturalist research-grade observations,28eb1a3f-1c15-4a95-931a-4af90ecb574d,6235441668
withania somnifera,Withania somnifera,2928840.0,2928840,18.483099,73.81752,5.854243233876021,50c9509d-22c7-4a22-a47d-8c48425ef4a7,iNaturalist research-grade observations,28eb1a3f-1c15-4a95-931a-4af90ecb574d,6235444000
cascabela thevetia,Cascabela thevetia,3169652.0,3169652,18.552034,73.787303,8.117956569073582,50c9509d-22c7-4a22-a47d-8c48425ef4a7,iNaturalist research-grade observations,28eb1a3f-1c15-4a95-931a-4af90ecb574d,6235453918
ficus religiosa,Ficus religiosa,5361935.0,5361935,18.52549,73.815385,4.392653595370013,50c9509d-22c7-4a22-a47d-8c48425ef4a7,iNaturalist research-grade observations,28eb1a3f-1c15-4a95-931a-4af90ecb574d,6235454796
terminalia arjuna,Terminalia arjuna,3699548.0,3699548,18.548908,73.83003,4.237279146459922,50c9509d-22c7-4a22-a47d-8c48425ef4a7,iNaturalist research-grade observations,28eb1a3f-1c15-4a95-931a-4af90ecb574d,6235461359
grewia tiliifolia,Grewia tiliifolia,4259991.0,4259991,18.635247,73.665924,23.820445281690112,50c9509d-22c7-4a22-a47d-8c48425ef4a7,iNaturalist research-grade observations,28eb1a3f-1c15-4a95-931a-4af90ecb574d,6235461830
butea monosperma,Butea monosperma,8234570.0,8234570,18.528914,73.815792,4.415762073466564,50c9509d-22c7-4a22-a47d-8c48425ef4a7,iNaturalist research-grade observations,28eb1a3f-1c15-4a95-931a-4af90ecb574d,6235467384
holoptelea integrifolia,Holoptelea integrifolia,4160169.0,4160169,18.535446,73.837757,2.605349634665108,50c9509d-22c7-4a22-a47d-8c48425ef4a7,iNaturalist research-grade observations,28eb1a3f-1c15-4a95-931a-4af90ecb574d,6235474501
tridax procumbens,Tridax procumbens,3149462.0,3149462,18.650791,73.750469,18.31868139114172,50c9509d-22c7-4a22-a47d-8c48425ef4a7,iNaturalist research-grade observations,28eb1a3f-1c15-4a95-931a-4af90ecb574d,6235489657
lannea coromandelica,Lannea coromandelica,3661151.0,3661151,18.529212,73.816483,4.3519666008241895,50c9509d-22c7-4a22-a47d-8c48425ef4a7,iNaturalist research-grade observations,28eb1a3f-1c15-4a95-931a-4af90ecb574d,6235494332
jacaranda mimosifolia,Jacaranda mimosifolia,3172499.0,3172499,18.599298,73.720227,16.84994443775915,50c9509d-22c7-4a22-a47d-8c48425ef4a7,iNaturalist research-grade observations,28eb1a3f-1c15-4a95-931a-4af90ecb574d,6235501413
pterospermum acerifolium,Pterospermum acerifolium,3669210.0,3669210,18.528908,73.813358,4.666609615318683,50c9509d-22c7-4a22-a47d-8c48425ef4a7,iNaturalist research-grade observations,28eb1a3f-1c15-4a95-931a-4af90ecb574d,6235512367
annona squamosa,Annona squamosa,5407099.0,5407099,18.535754,73.837784,2.625308906447713,50c9509d-22c7-4a22-a47d-8c48425ef4a7,iNaturalist research-grade observations,28eb1a3f-1c15-4a95-931a-4af90ecb574d,6235515553
broussonetia papyrifera,Broussonetia papyrifera,5361944.0,5361944,18.529725,73.849154,1.3069546480532497,50c9509d-22c7-4a22-a47d-8c48425ef4a7,iNaturalist research-grade observations,28eb1a3f-1c15-4a95-931a-4af90ecb574d,6235517447
ficus racemosa,Ficus racemosa,5361904.0,5361904,18.533952,73.839775,2.3355983653409136,50c9509d-22c7-4a22-a47d-8c48425ef4a7,iNaturalist research-grade observations,28eb1a3f-1c15-4a95-931a-4af90ecb574d,6235523675
broussonetia papyrifera,Broussonetia papyrifera,5361944.0,5361944,18.529753,73.849002,1.3192247559817996,50c9509d-22c7-4a22-a47d-8c48425ef4a7,iNaturalist research-grade observations,28eb1a3f-1c15-4a95-931a-4af90ecb574d,6235530815
combretum albidum,Combretum albidum,7327060.0,7327060,18.564647,73.794969,8.158368631787363,50c9509d-22c7-4a22-a47d-8c48425ef4a7,iNaturalist research-grade observations,28eb1a3f-1c15-4a95-931a-4af90ecb574d,6235530846
ricinus communis,Ricinus communis,5380041.0,5380041,18.562473,73.794166,8.08382618819571,50c9509d-22c7-4a22-a47d-8c48425ef4a7,iNaturalist research-grade observations,28eb1a3f-1c15-4a95-931a-4af90ecb574d,6235541650
tectona grandis,Tectona grandis,2925649.0,2925649,18.506069,73.817383,4.441337800053019,50c9509d-22c7-4a22-a47d-8c48425ef4a7,iNaturalist research-grade observations,28eb1a3f-1c15-4a95-931a-4af90ecb574d,6235581571
ficus benghalensis,Ficus benghalensis,5361919.0,5361919,18.533984,73.839768,2.3384589369299724,50c9509d-22c7-4a22-a47d-8c48425ef4a7,iNaturalist research-grade observations,28eb1a3f-1c15-4a95-931a-4af90ecb574d,6235583567
nerium oleander,Nerium oleander,3169756.0,3169756,18.553268,73.787897,8.122349689399082,50c9509d-22c7-4a22-a47d-8c48425ef4a7,iNaturalist research-grade observations,28eb1a3f-1c15-4a95-931a-4af90ecb574d,6235586306
tridax procumbens,Tridax procumbens,3149462.0,3149462,18.53299,73.827228,3.408107806610718,50c9509d-22c7-4a22-a47d-8c48425ef4a7,iNaturalist research-grade observations,28eb1a3f-1c15-4a95-931a-4af90ecb574d,6235595723
ficus benghalensis,Ficus benghalensis,5361919.0,5361919,18.545012,73.885545,4.091204519350638,50c9509d-22c7-4a22-a47d-8c48425ef4a7,iNaturalist research-grade observations,28eb1a3f-1c15-4a95-931a-4af90ecb574d,6235599673
chromolaena odorata,Chromolaena odorata,3087725.0,3087725,18.593304,73.800728,10.026418114730944,50c9509d-22c7-4a22-a47d-8c48425ef4a7,iNaturalist research-grade observations,28eb1a3f-1c15-4a95-931a-4af90ecb574d,6235608930
terminalia catappa,Terminalia catappa,3189394.0,3189394,18.533775,73.840134,2.294001623284539,50c9509d-22c7-4a22-a47d-8c48425ef4a7,iNaturalist research-grade observations,28eb1a3f-1c15-4a95-931a-4af90ecb574d,6235609730
alternanthera ficoidea,Alternanthera ficoidea,8160803.0,8160803,18.563406,73.793925,8.164870597239744,50c9509d-22c7-4a22-a47d-8c48425ef4a7,iNaturalist research-grade observations,28eb1a3f-1c15-4a95-931a-4af90ecb574d,6235612086
artocarpus heterophyllus,Artocarpus heterophyllus,2984565.0,2984565,18.567568,73.825003,6.218877400637711,50c9509d-22c7-4a22-a47d-8c48425ef4a7,iNaturalist research-grade observations,28eb1a3f-1c15-4a95-931a-4af90ecb574d,6235624593
chromolaena odorata,Chromolaena odorata,3087725.0,3087725,18.562369,73.794617,8.0383808096097,50c9509d-22c7-4a22-a47d-8c48425ef4a7,iNaturalist research-grade observations,28eb1a3f-1c15-4a95-931a-4af90ecb574d,6235625352
vachellia nilotica,Vachellia nilotica,3974744.0,3974744,18.595544,73.790302,10.899811712889615,50c9509d-22c7-4a22-a47d-8c48425ef4a7,iNaturalist research-grade observations,28eb1a3f-1c15-4a95-931a-4af90ecb574d,6235630670
punica granatum,Punica granatum,5420901.0,5420901,18.598862,73.71811,17.015971847568537,50c9509d-22c7-4a22-a47d-8c48425ef4a7,iNaturalist research-grade observations,28eb1a3f-1c15-4a95-931a-4af90ecb574d,6235631537
muntingia calabura,Muntingia calabura,3152036.0,3152036,18.601142,73.718473,17.11467136800819,50c9509d-22c7-4a22-a47d-8c48425ef4a7,iNaturalist research-grade observations,28eb1a3f-1c15-4a95-931a-4af90ecb574d,6235633055
cassia fistula,Cassia fistula,5357108.0,5357108,18.600236,73.718577,17.052710672912387,50c9509d-22c7-4a22-a47d-8c48425ef4a7,iNaturalist research-grade observations,28eb1a3f-1c15-4a95-931a-4af90ecb574d,6235637086
mangifera indica,Mangifera indica,3190638.0,3190638,18.597879,73.719283,16.853833082204407,50c9509d-22c7-4a22-a47d-8c48425ef4a7,iNaturalist research-grade observations,28eb1a3f-1c15-4a95-931a-4af90ecb574d,6235640016
azadirachta indica,Azadirachta indica,3190474.0,3190474,18.600144,73.718818,17.025698677456955,50c9509d-22c7-4a22-a47d-8c48425ef4a7,iNaturalist research-grade observations,28eb1a3f-1c15-4a95-931a-4af90ecb574d,6235644990
malvastrum coromandelianum,Malvastrum coromandelianum,3152268.0,3152268,18.562622,73.794414,8.072141180443051,50c9509d-22c7-4a22-a47d-8c48425ef4a7,iNaturalist research-grade observations,28eb1a3f-1c15-4a95-931a-4af90ecb574d,6235647767
senegalia catechu,Senegalia catechu,3796190.0,3796190,18.52549,73.815385,4.392653595370013,50c9509d-22c7-4a22-a47d-8c48425ef4a7,iNaturalist research-grade observations,28eb1a3f-1c15-4a95-931a-4af90ecb574d,6235651752
malvastrum coromandelianum,Malvastrum coromandelianum,3152268.0,3152268,18.562873,73.79368,8.151347011163532,50c9509d-22c7-4a22-a47d-8c48425ef4a7,iNaturalist research-grade observations,28eb1a3f-1c15-4a95-931a-4af90ecb574d,6235666165
abutilon theophrasti,Abutilon theophrasti,3152614.0,3152614,18.622692,73.655093,24.102968152983465,50c9509d-22c7-4a22-a47d-8c48425ef4a7,iNaturalist research-grade observations,28eb1a3f-1c15-4a95-931a-4af90ecb574d,6235682086
cassia fistula,Cassia fistula,5357108.0,5357108,18.495611,73.801224,6.466511491185,50c9509d-22c7-4a22-a47d-8c48425ef4a7,iNaturalist research-grade observations,28eb1a3f-1c15-4a95-931a-4af90ecb574d,6235685579
mangifera indica,Mangifera indica,3190638.0,3190638,18.529704,73.849191,1.30272843012061,50c9509d-22c7-4a22-a47d-8c48425ef4a7,iNaturalist research-grade observations,28eb1a3f-1c15-4a95-931a-4af90ecb574d,6235695863
azadirachta indica,Azadirachta indica,3190474.0,3190474,18.599462,73.717665,17.09046304251598,50c9509d-22c7-4a22-a47d-8c48425ef4a7,iNaturalist research-grade observations,28eb1a3f-1c15-4a95-931a-4af90ecb574d,6235696590
aegle marmelos,Aegle marmelos,5421195.0,5421195,18.568771,73.758477,11.66840172304284,50c9509d-22c7-4a22-a47d-8c48425ef4a7,iNaturalist research-grade observations,28eb1a3f-1c15-4a95-931a-4af90ecb574d,6235699657
ficus benghalensis,Ficus benghalensis,5361919.0,5361919,18.477499,73.847818,4.861455744777196,50c9509d-22c7-4a22-a47d-8c48425ef4a7,iNaturalist research-grade observations,28eb1a3f-1c15-4a95-931a-4af90ecb574d,6235704320
mangifera indica,Mangifera indica,3190638.0,3190638,18.533114,73.841726,2.119217131217744,50c9509d-22c7-4a22-a47d-8c48425ef4a7,iNaturalist research-grade observations,28eb1a3f-1c15-4a95-931a-4af90ecb574d,6235711385
ipomoea carnea,Ipomoea carnea,2928590.0,2928590,18.62616,73.649679,24.787974909499404,50c9509d-22c7-4a22-a47d-8c48425ef4a7,iNaturalist research-grade observations,28eb1a3f-1c15-4a95-931a-4af90ecb574d,6235711817
parthenium hysterophorus,Parthenium hysterophorus,3086784.0,3086784,18.650773,73.750399,18.32160820761396,50c9509d-22c7-4a22-a47d-8c48425ef4a7,iNaturalist research-grade observations,28eb1a3f-1c15-4a95-931a-4af90ecb574d,6235713027
heliotropium indicum,Heliotropium indicum,2925788.0,2925788,18.563993,73.796003,8.027572228551978,50c9509d-22c7-4a22-a47d-8c48425ef4a7,iNaturalist research-grade observations,28eb1a3f-1c15-4a95-931a-4af90ecb574d,6235717444
euphorbia hypericifolia,Euphorbia hypericifolia,3066321.0,3066321,18.481843,73.810617,6.480342888957777,50c9509d-22c7-4a22-a47d-8c48425ef4a7,iNaturalist research-grade observations,28eb1a3f-1c15-4a95-931a-4af90ecb574d,6235732304
plumeria obtusa,Plumeria obtusa,3169677.0,3169677,18.554435,73.788453,8.129614383964814,50c9509d-22c7-4a22-a47d-8c48425ef4a7,iNaturalist research-grade observations,28eb1a3f-1c15-4a95-931a-4af90ecb574d,6235733457
caryota urens,Caryota urens,2738914.0,2738914,18.582892,73.780403,10.629008041997958,50c9509d-22c7-4a22-a47d-8c48425ef4a7,iNaturalist research-grade observations,28eb1a3f-1c15-4a95-931a-4af90ecb574d,6235736628
alternanthera ficoidea,Alternanthera ficoidea,8160803.0,8160803,18.529717,73.814939,4.523249084068973,50c9509d-22c7-4a22-a47d-8c48425ef4a7,iNaturalist research-grade observations,28eb1a3f-1c15-4a95-931a-4af90ecb574d,6235743337
putranjiva roxburghii,Putranjiva roxburghii,3076079.0,3076079,18.529939,73.851647,1.1869671188696649,50c9509d-22c7-4a22-a47d-8c48425ef4a7,iNaturalist research-grade observations,28eb1a3f-1c15-4a95-931a-4af90ecb574d,6235748450
grevillea robusta,Grevillea robusta,2891791.0,2891791,18.531547,73.846676,1.628892723876628,50c9509d-22c7-4a22-a47d-8c48425ef4a7,iNaturalist research-grade observations,28eb1a3f-1c15-4a95-931a-4af90ecb574d,6235752994
crotalaria pallida,Crotalaria pallida,8260433.0,8260433,18.623993,73.654277,24.24715154478919,50c9509d-22c7-4a22-a47d-8c48425ef4a7,iNaturalist research-grade observations,28eb1a3f-1c15-4a95-931a-4af90ecb574d,6235756521
polyalthia longifolia,Polyalthia longifolia,3156422.0,3156422,18.535108,73.838036,2.558686496845746,50c9509d-22c7-4a22-a47d-8c48425ef4a7,iNaturalist research-grade observations,28eb1a3f-1c15-4a95-931a-4af90ecb574d,6235774804
lantana camara,Lantana camara,2925303.0,2925303,18.527294,73.81625,4.333161313001549,50c9509d-22c7-4a22-a47d-8c48425ef4a7,iNaturalist research-grade observations,28eb1a3f-1c15-4a95-931a-4af90ecb574d,6235775051
peltophorum pterocarpum,Peltophorum pterocarpum,2952775.0,2952775,18.534751,73.838731,2.4770155998724,50c9509d-22c7-4a22-a47d-8c48425ef4a7,iNaturalist research-grade observations,28eb1a3f-1c15-4a95-931a-4af90ecb574d,6235779626
cyanthillium cinereum,Cyanthillium cinereum,6445734.0,6445734,18.523516,73.843658,1.4180688468223959,50c9509d-22c7-4a22-a47d-8c48425ef4a7,iNaturalist research-grade observations,28eb1a3f-1c15-4a95-931a-4af90ecb574d,6235780329
tridax procumbens,Tridax procumbens,3149462.0,3149462,18.54888,73.829917,4.24286967244881,50c9509d-22c7-4a22-a47d-8c48425ef4a7,iNaturalist research-grade observations,28eb1a3f-1c15-4a95-931a-4af90ecb574d,6235781069
catharanthus roseus,Catharanthus roseus,3169830.0,3169830,18.597518,73.719237,16.83753511219986,50c9509d-22c7-4a22-a47d-8c48425ef4a7,iNaturalist research-grade observations,28eb1a3f-1c15-4a95-931a-4af90ecb574d,6235786349
peltophorum pterocarpum,Peltophorum pterocarpum,2952775.0,2952775,18.537845,73.88562,3.61380787453623,50c9509d-22c7-4a22-a47d-8c48425ef4a7,iNaturalist research-grade observations,28eb1a3f-1c15-4a95-931a-4af90ecb574d,6235801780
calotropis procera,Calotropis procera,5414566.0,5414566,18.521059,73.821641,3.6972123156324552,50c9509d-22c7-4a22-a47d-8c48425ef4a7,iNaturalist research-grade observations,28eb1a3f-1c15-4a95-931a-4af90ecb574d,6235804532
bambusa vulgaris,Bambusa vulgaris,7661971.0,7661971,18.597997,73.718392,16.941299814252364,50c9509d-22c7-4a22-a47d-8c48425ef4a7,iNaturalist research-grade observations,28eb1a3f-1c15-4a95-931a-4af90ecb574d,6235806695
cassia fistula,Cassia fistula,5357108.0,5357108,18.600014,73.718778,17.02178062038164,50c9509d-22c7-4a22-a47d-8c48425ef4a7,iNaturalist research-grade observations,28eb1a3f-1c15-4a95-931a-4af90ecb574d,6235813491
morinda coreia,Morinda coreia,5339862.0,5339862,18.529722,73.814758,4.541954141634957,50c9509d-22c7-4a22-a47d-8c48425ef4a7,iNaturalist research-grade observations,28eb1a3f-1c15-4a95-931a-4af90ecb574d,6235813736
calotropis gigantea,Calotropis gigantea,3579089.0,3579089,18.568034,73.758631,11.616421887354361,50c9509d-22c7-4a22-a47d-8c48425ef4a7,iNaturalist research-grade observations,28eb1a3f-1c15-4a95-931a-4af90ecb574d,6235817334
calotropis gigantea,Calotropis gigantea,3579089.0,3579089,18.562712,73.794525,8.06845501808861,50c9509d-22c7-4a22-a47d-8c48425ef4a7,iNaturalist research-grade observations,28eb1a3f-1c15-4a95-931a-4af90ecb574d,6235820002
tridax procumbens,Tridax procumbens,3149462.0,3149462,18.593264,73.800705,10.024250177954908,50c9509d-22c7-4a22-a47d-8c48425ef4a7,iNaturalist research-grade observations,28eb1a3f-1c15-4a95-931a-4af90ecb574d,6235837100
calotropis gigantea,Calotropis gigantea,3579089.0,3579089,18.562705,73.794638,8.058325909474451,50c9509d-22c7-4a22-a47d-8c48425ef4a7,iNaturalist research-grade observations,28eb1a3f-1c15-4a95-931a-4af90ecb574d,6235848842
tridax procumbens,Tridax procumbens,3149462.0,3149462,18.600561,73.719071,17.027149835364614,50c9509d-22c7-4a22-a47d-8c48425ef4a7,iNaturalist research-grade observations,28eb1a3f-1c15-4a95-931a-4af90ecb574d,6235875678
lantana camara,Lantana camara,2925303.0,2925303,18.532328,73.813049,4.789550529611061,50c9509d-22c7-4a22-a47d-8c48425ef4a7,iNaturalist research-grade observations,28eb1a3f-1c15-4a95-931a-4af90ecb574d,6235877792
saraca asoca,Saraca asoca,7458904.0,7458904,18.466628,73.901147,7.597315299982245,50c9509d-22c7-4a22-a47d-8c48425ef4a7,iNaturalist research-grade observations,28eb1a3f-1c15-4a95-931a-4af90ecb574d,6235885452
ficus religiosa,Ficus religiosa,5361935.0,5361935,18.595356,73.78907,10.96776525791571,50c9509d-22c7-4a22-a47d-8c48425ef4a7,iNaturalist research-grade observations,28eb1a3f-1c15-4a95-931a-4af90ecb574d,6235913494
erigeron bonariensis,Erigeron bonariensis,3146717.0,3146717,18.481915,73.810608,6.475760420534803,50c9509d-22c7-4a22-a47d-8c48425ef4a7,iNaturalist research-grade observations,28eb1a3f-1c15-4a95-931a-4af90ecb574d,6235921611
chromolaena odorata,Chromolaena odorata,3087725.0,3087725,18.593298,73.80072,10.026375073550971,50c9509d-22c7-4a22-a47d-8c48425ef4a7,iNaturalist research-grade observations,28eb1a3f-1c15-4a95-931a-4af90ecb574d,6235936324
ficus religiosa,Ficus religiosa,5361935.0,5361935,18.589754,73.797112,9.946307823365373,50c9509d-22c7-4a22-a47d-8c48425ef4a7,iNaturalist research-grade observations,28eb1a3f-1c15-4a95-931a-4af90ecb574d,6235939860
ficus religiosa,Ficus religiosa,5361935.0,5361935,18.530241,73.847912,1.4338479034908556,50c9509d-22c7-4a22-a47d-8c48425ef4a7,iNaturalist research-grade observations,28eb1a3f-1c15-4a95-931a-4af90ecb574d,6235958974
ficus racemosa,Ficus racemosa,5361904.0,5361904,18.530988,73.82876,3.1723579962513644,50c9509d-22c7-4a22-a47d-8c48425ef4a7,iNaturalist research-grade observations,28eb1a3f-1c15-4a95-931a-4af90ecb574d,6235973814
euphorbia hirta,Euphorbia hirta,3068937.0,3068937,18.623705,73.76873,14.762428594685346,50c9509d-22c7-4a22-a47d-8c48425ef4a7,iNaturalist research-grade observations,28eb1a3f-1c15-4a95-931a-4af90ecb574d,6235979642
ficus religiosa,Ficus religiosa,5361935.0,5361935,18.60029,73.716383,17.253683116162993,50c9509d-22c7-4a22-a47d-8c48425ef4a7,iNaturalist research-grade observations,28eb1a3f-1c15-4a95-931a-4af90ecb574d,6235982524
magnolia champaca,Magnolia champaca,3153099.0,3153099,18.546878,73.82035,4.832710127373901,50c9509d-22c7-4a22-a47d-8c48425ef4a7,iNaturalist research-grade observations,28eb1a3f-1c15-4a95-931a-4af90ecb574d,6235983709
delonix regia,Delonix regia,2956176.0,2956176,18.450442,73.789618,10.514689961075478,50c9509d-22c7-4a22-a47d-8c48425ef4a7,iNaturalist research-grade observations,28eb1a3f-1c15-4a95-931a-4af90ecb574d,6235988607
peltophorum pterocarpum,Peltophorum pterocarpum,2952775.0,2952775,18.530455,73.848133,1.43733342675811,50c9509d-22c7-4a22-a47d-8c48425ef4a7,iNaturalist research-grade observations,28eb1a3f-1c15-4a95-931a-4af90ecb574d,6235988854
butea monosperma,Butea monosperma,8234570.0,8234570,18.549075,73.830103,4.246101799098087,50c9509d-22c7-4a22-a47d-8c48425ef4a7,iNaturalist research-grade observations,28eb1a3f-1c15-4a95-931a-4af90ecb574d,6235992357
annona squamosa,Annona squamosa,5407099.0,5407099,18.535595,73.837956,2.6000365901430387,50c9509d-22c7-4a22-a47d-8c48425ef4a7,iNaturalist research-grade observations,28eb1a3f-1c15-4a95-931a-4af90ecb574d,6236001345
plumeria obtusa,Plumeria obtusa,3169677.0,3169677,18.598439,73.718764,16.932683537959313,50c9509d-22c7-4a22-a47d-8c48425ef4a7,iNaturalist research-grade observations,28eb1a3f-1c15-4a95-931a-4af90ecb574d,6236016937
polyalthia longifolia,Polyalthia longifolia,3156422.0,3156422,18.535245,73.837728,2.593412341155426,50c9509d-22c7-4a22-a47d-8c48425ef4a7,iNaturalist research-grade observations,28eb1a3f-1c15-4a95-931a-4af90ecb574d,6236023945
tridax procumbens,Tridax procumbens,3149462.0,3149462,18.52964,73.815642,4.4491479650185495,50c9509d-22c7-4a22-a47d-8c48425ef4a7,iNaturalist research-grade observations,28eb1a3f-1c15-4a95-931a-4af90ecb574d,6236031422
persicaria glabra,Persicaria glabra,6391450.0,6391450,18.620089,73.655093,23.967881400381035,50c9509d-22c7-4a22-a47d-8c48425ef4a7,iNaturalist research-grade observations,28eb1a3f-1c15-4a95-931a-4af90ecb574d,6236037451
cascabela thevetia,Cascabela thevetia,3169652.0,3169652,18.599141,73.718614,16.9863408885996,50c9509d-22c7-4a22-a47d-8c48425ef4a7,iNaturalist research-grade observations,28eb1a3f-1c15-4a95-931a-4af90ecb574d,6236045188
delonix regia,Delonix regia,2956176.0,2956176,18.418149,73.741583,16.633693715149718,50c9509d-22c7-4a22-a47d-8c48425ef4a7,iNaturalist research-grade observations,28eb1a3f-1c15-4a95-931a-4af90ecb574d,6236047640
jacaranda mimosifolia,Jacaranda mimosifolia,3172499.0,3172499,18.488662,73.830247,4.498352950708911,50c9509d-22c7-4a22-a47d-8c48425ef4a7,iNaturalist research-grade observations,28eb1a3f-1c15-4a95-931a-4af90ecb574d,6236056765
jatropha gossypiifolia,Jatropha gossypiifolia,3072900.0,3072900,18.524347,73.817775,4.127463282844481,50c9509d-22c7-4a22-a47d-8c48425ef4a7,iNaturalist research-grade observations,28eb1a3f-1c15-4a95-931a-4af90ecb574d,6236065781
portulaca grandiflora,Portulaca grandiflora,3084700.0,3084700,18.524609,73.878624,2.358462256844788,50c9509d-22c7-4a22-a47d-8c48425ef4a7,iNaturalist research-grade observations,28eb1a3f-1c15-4a95-931a-4af90ecb574d,6236073810
caryota urens,Caryota urens,2738914.0,2738914,18.598439,73.718764,16.932683537959313,50c9509d-22c7-4a22-a47d-8c48425ef4a7,iNaturalist research-grade observations,28eb1a3f-1c15-4a95-931a-4af90ecb574d,6236081371
butea monosperma,Butea monosperma,8234570.0,8234570,18.528914,73.815792,4.415762073466564,50c9509d-22c7-4a22-a47d-8c48425ef4a7,iNaturalist research-grade observations,28eb1a3f-1c15-4a95-931a-4af90ecb574d,6236088946
plumbago zeylanica,Plumbago zeylanica,3082282.0,3082282,18.562548,73.794141,8.090802458306856,50c9509d-22c7-4a22-a47d-8c48425ef4a7,iNaturalist research-grade observations,28eb1a3f-1c15-4a95-931a-4af90ecb574d,6236093175
grevillea robusta,Grevillea robusta,2891791.0,2891791,18.531545,73.845254,1.7297741466092837,50c9509d-22c7-4a22-a47d-8c48425ef4a7,iNaturalist research-grade observations,28eb1a3f-1c15-4a95-931a-4af90ecb574d,6236095531
bougainvillea spectabilis,Bougainvillea spectabilis,7167078.0,7167078,18.598849,73.718118,17.014507163275123,50c9509d-22c7-4a22-a47d-8c48425ef4a7,iNaturalist research-grade observations,28eb1a3f-1c15-4a95-931a-4af90ecb574d,6236108381
chromolaena odorata,Chromolaena odorata,3087725.0,3087725,18.593327,73.800735,10.028051653231936,50c9509d-22c7-4a22-a47d-8c48425ef4a7,iNaturalist research-grade observations,28eb1a3f-1c15-4a95-931a-4af90ecb574d,6236108476
ficus benghalensis,Ficus benghalensis,5361919.0,5361919,18.599508,73.719517,16.926003326379103,50c9509d-22c7-4a22-a47d-8c48425ef4a7,iNaturalist research-grade observations,28eb1a3f-1c15-4a95-931a-4af90ecb574d,6236124462
stephanotis volubilis,Stephanotis volubilis,12202584.0,12202584,18.598242,73.719188,16.883085713282853,50c9509d-22c7-4a22-a47d-8c48425ef4a7,iNaturalist research-grade observations,28eb1a3f-1c15-4a95-931a-4af90ecb574d,6236127436
bombax ceiba,Bombax ceiba,3152226.0,3152226,18.525772,73.818906,4.029322332159707,50c9509d-22c7-4a22-a47d-8c48425ef4a7,iNaturalist research-grade observations,28eb1a3f-1c15-4a95-931a-4af90ecb574d,6236135737
mimusops elengi,Mimusops elengi,2883768.0,2883768,18.52994,73.851877,1.1763828465623063,50c9509d-22c7-4a22-a47d-8c48425ef4a7,iNaturalist research-grade observations,28eb1a3f-1c15-4a95-931a-4af90ecb574d,6236149336
argemone mexicana,Argemone mexicana,2888485.0,2888485,18.56329,73.793938,8.156212735105706,50c9509d-22c7-4a22-a47d-8c48425ef4a7,iNaturalist research-grade observations,28eb1a3f-1c15-4a95-931a-4af90ecb574d,6236150411
mangifera indica,Mangifera indica,3190638.0,3190638,18.530718,73.846332,1.5846948880921654,50c9509d-22c7-4a22-a47d-8c48425ef4a7,iNaturalist research-grade observations,28eb1a3f-1c15-4a95-931a-4af90ecb574d,6236153802
delonix regia,Delonix regia,2956176.0,2956176,18.598439,73.718764,16.932683537959313,50c9509d-22c7-4a22-a47d-8c48425ef4a7,iNaturalist research-grade observations,28eb1a3f-1c15-4a95-931a-4af90ecb574d,6236162001
chromolaena odorata,Chromolaena odorata,3087725.0,3087725,18.527592,73.816689,4.293658113449048,50c9509d-22c7-4a22-a47d-8c48425ef4a7,iNaturalist research-grade observations,28eb1a3f-1c15-4a95-931a-4af90ecb574d,6236167074
broussonetia papyrifera,Broussonetia papyrifera,5361944.0,5361944,18.534248,73.839949,2.343108802671426,50c9509d-22c7-4a22-a47d-8c48425ef4a7,iNaturalist research-grade observations,28eb1a3f-1c15-4a95-931a-4af90ecb574d,6236168830
pongamia pinnata,Pongamia pinnata,2965911.0,2965911,18.56527,73.795555,8.151382138410854,50c9509d-22c7-4a22-a47d-8c48425ef4a7,iNaturalist research-grade observations,28eb1a3f-1c15-4a95-931a-4af90ecb574d,6236169829
bambusa vulgaris,Bambusa vulgaris,7661971.0,7661971,18.598794,73.718065,17.016172380215036,50c9509d-22c7-4a22-a47d-8c48425ef4a7,iNaturalist research-grade observations,28eb1a3f-1c15-4a95-931a-4af90ecb574d,6236172502
diospyros malabarica,Diospyros malabarica,7295796.0,7295796,18.565268,73.827774,5.847245744673301,50c9509d-22c7-4a22-a47d-8c48425ef4a7,iNaturalist research-grade observations,28eb1a3f-1c15-4a95-931a-4af90ecb574d,6236191378
delonix regia,Delonix regia,2956176.0,2956176,18.598924,73.71835,16.997794487066443,50c9509d-22c7-4a22-a47d-8c48425ef4a7,iNaturalist research-grade observations,28eb1a3f-1c15-4a95-931a-4af90ecb574d,6236206018
lantana camara,Lantana camara,2925303.0,2925303,18.499864,73.799687,6.430688990490475,50c9509d-22c7-4a22-a47d-8c48425ef4a7,iNaturalist research-grade observations,28eb1a3f-1c15-4a95-931a-4af90ecb574d,6236208239
jatropha gossypiifolia,Jatropha gossypiifolia,3072900.0,3072900,18.524396,73.817534,4.153308754148803,50c9509d-22c7-4a22-a47d-8c48425ef4a7,iNaturalist research-grade observations,28eb1a3f-1c15-4a95-931a-4af90ecb574d,6236222283
ficus religiosa,Ficus religiosa,5361935.0,5361935,18.533733,73.826044,3.55593394706019,50c9509d-22c7-4a22-a47d-8c48425ef4a7,iNaturalist research-grade observations,28eb1a3f-1c15-4a95-931a-4af90ecb574d,6236222310
delonix regia,Delonix regia,2956176.0,2956176,18.599912,73.719435,16.956753691331485,50c9509d-22c7-4a22-a47d-8c48425ef4a7,iNaturalist research-grade observations,28eb1a3f-1c15-4a95-931a-4af90ecb574d,6236229237
ficus religiosa,Ficus religiosa,5361935.0,5361935,18.504902,73.841955,2.320980680532436,50c9509d-22c7-4a22-a47d-8c48425ef4a7,iNaturalist research-grade observations,28eb1a3f-1c15-4a95-931a-4af90ecb574d,6236230913
euphorbia hirta,Euphorbia hirta,3068937.0,3068937,18.481843,73.810617,6.480342888957777,50c9509d-22c7-4a22-a47d-8c48425ef4a7,iNaturalist research-grade observations,28eb1a3f-1c15-4a95-931a-4af90ecb574d,6236238042
phyla nodiflora,Phyla nodiflora,5341112.0,5341112,18.622692,73.655093,24.102968152983465,50c9509d-22c7-4a22-a47d-8c48425ef4a7,iNaturalist research-grade observations,28eb1a3f-1c15-4a95-931a-4af90ecb574d,6236240411
jatropha nana,Jatropha nana,3072834.0,3072834,18.459584,73.820866,7.746644985129624,50c9509d-22c7-4a22-a47d-8c48425ef4a7,iNaturalist research-grade observations,28eb1a3f-1c15-4a95-931a-4af90ecb574d,6236240892
eleusine indica,Eleusine indica,2705953.0,2705953,18.515503,73.927575,7.492721013593759,50c9509d-22c7-4a22-a47d-8c48425ef4a7,iNaturalist research-grade observations,28eb1a3f-1c15-4a95-931a-4af90ecb574d,6236243250
cynodon dactylon,Cynodon dactylon,6109637.0,6109637,18.481915,73.810608,6.475760420534803,50c9509d-22c7-4a22-a47d-8c48425ef4a7,iNaturalist research-grade observations,28eb1a3f-1c15-4a95-931a-4af90ecb574d,6236245361
millingtonia hortensis,Millingtonia hortensis,7629955.0,7629955,18.529749,73.851729,1.164208703974093,50c9509d-22c7-4a22-a47d-8c48425ef4a7,iNaturalist research-grade observations,28eb1a3f-1c15-4a95-931a-4af90ecb574d,6236245887
pontederia crassipes,Pontederia crassipes,2765942.0,2765942,18.563628,73.793994,8.173464999074508,50c9509d-22c7-4a22-a47d-8c48425ef4a7,iNaturalist research-grade observations,28eb1a3f-1c15-4a95-931a-4af90ecb574d,6236246601
terminalia catappa,Terminalia catappa,3189394.0,3189394,18.59918,73.718875,16.96500817489623,50c9509d-22c7-4a22-a47d-8c48425ef4a7,iNaturalist research-grade observations,28eb1a3f-1c15-4a95-931a-4af90ecb574d,6236247815
ficus benghalensis,Ficus benghalensis,5361919.0,5361919,18.593281,73.800697,10.026274438274791,50c9509d-22c7-4a22-a47d-8c48425ef4a7,iNaturalist research-grade observations,28eb1a3f-1c15-4a95-931a-4af90ecb574d,6236258681
cardiospermum halicacabum,Cardiospermum halicacabum,3189939.0,3189939,18.564003,73.793503,8.239847450164763,50c9509d-22c7-4a22-a47d-8c48425ef4a7,iNaturalist research-grade observations,28eb1a3f-1c15-4a95-931a-4af90ecb574d,6236259005
calotropis gigantea,Calotropis gigantea,3579089.0,3579089,18.60048,73.717563,17.158118350246962,50c9509d-22c7-4a22-a47d-8c48425ef4a7,iNaturalist research-grade observations,28eb1a3f-1c15-4a95-931a-4af90ecb574d,6236261228
euphorbia hypericifolia,Euphorbia hypericifolia,3066321.0,3066321,18.569128,73.758952,11.642398734199215,50c9509d-22c7-4a22-a47d-8c48425ef4a7,iNaturalist research-grade observations,28eb1a3f-1c15-4a95-931a-4af90ecb574d,6236261359
chromolaena odorata,Chromolaena odorata,3087725.0,3087725,18.595474,73.790443,10.88430335503877,50c9509d-22c7-4a22-a47d-8c48425ef4a7,iNaturalist research-grade observations,28eb1a3f-1c15-4a95-931a-4af90ecb574d,6236261733
calotropis gigantea,Calotropis gigantea,3579089.0,3579089,18.562762,73.794495,8.074266020359069,50c9509d-22c7-4a22-a47d-8c48425ef4a7,iNaturalist research-grade observations,28eb1a3f-1c15-4a95-931a-4af90ecb574d,6236263197
lantana camara,Lantana camara,2925303.0,2925303,18.626361,73.649261,24.8373518086522,50c9509d-22c7-4a22-a47d-8c48425ef4a7,iNaturalist research-grade observations,28eb1a3f-1c15-4a95-931a-4af90ecb574d,6236263322
terminalia catappa,Terminalia catappa,3189394.0,3189394,18.530887,73.846047,1.6190512505734733,50c9509d-22c7-4a22-a47d-8c48425ef4a7,iNaturalist research-grade observations,28eb1a3f-1c15-4a95-931a-4af90ecb574d,6236264885
lantana camara,Lantana camara,2925303.0,2925303,18.548508,73.829712,4.226606566071267,50c9509d-22c7-4a22-a47d-8c48425ef4a7,iNaturalist research-grade observations,28eb1a3f-1c15-4a95-931a-4af90ecb574d,6236268203
ricinus communis,Ricinus communis,5380041.0,5380041,18.548853,73.829678,4.257448744052239,50c9509d-22c7-4a22-a47d-8c48425ef4a7,iNaturalist research-grade observations,28eb1a3f-1c15-4a95-931a-4af90ecb574d,6236268722
grewia tiliifolia,Grewia tiliifolia,4259991.0,4259991,18.562477,73.794195,8.081590531718081,50c9509d-22c7-4a22-a47d-8c48425ef4a7,iNaturalist research-grade observations,28eb1a3f-1c15-4a95-931a-4af90ecb574d,6236272874
broussonetia papyrifera,Broussonetia papyrifera,5361944.0,5361944,18.536847,73.788308,7.438962852893921,50c9509d-22c7-4a22-a47d-8c48425ef4a7,iNaturalist research-grade observations,28eb1a3f-1c15-4a95-931a-4af90ecb574d,6236278727
parthenium hysterophorus,Parthenium hysterophorus,3086784.0,3086784,18.566535,73.825031,6.120709488240604,50c9509d-22c7-4a22-a47d-8c48425ef4a7,iNaturalist research-grade observations,28eb1a3f-1c15-4a95-931a-4af90ecb574d,6236289207
barleria cristata,Barleria cristata,3173128.0,3173128,18.598054,73.719197,16.871569629685492,50c9509d-22c7-4a22-a47d-8c48425ef4a7,iNaturalist research-grade observations,28eb1a3f-1c15-4a95-931a-4af90ecb574d,6236290298
delonix regia,Delonix regia,2956176.0,2956176,18.599705,73.71755,17.1147572714608,50c9509d-22c7-4a22-a47d-8c48425ef4a7,iNaturalist research-grade observations,28eb1a3f-1c15-4a95-931a-4af90ecb574d,6236291436
holoptelea integrifolia,Holoptelea integrifolia,4160169.0,4160169,18.53544,73.83739,2.6347046553530835,50c9509d-22c7-4a22-a47d-8c48425ef4a7,iNaturalist research-grade observations,28eb1a3f-1c15-4a95-931a-4af90ecb574d,6236293084
peltophorum pterocarpum,Peltophorum pterocarpum,2952775.0,2952775,18.419542,73.837441,11.397369925987865,50c9509d-22c7-4a22-a47d-8c48425ef4a7,iNaturalist research-grade observations,28eb1a3f-1c15-4a95-931a-4af90ecb574d,6236293365
carica papaya,Carica papaya,2874484.0,2874484,18.598529,73.717635,17.04008399597371,50c9509d-22c7-4a22-a47d-8c48425ef4a7,iNaturalist research-grade observations,28eb1a3f-1c15-4a95-931a-4af90ecb574d,6236293627
lantana camara,Lantana camara,2925303.0,2925303,18.67491,73.746238,20.75334270171274,50c9509d-22c7-4a22-a47d-8c48425ef4a7,iNaturalist research-grade observations,28eb1a3f-1c15-4a95-931a-4af90ecb574d,6236295085
cocos nucifera,Cocos nucifera,2735117.0,2735117,18.533691,73.840767,2.2374256259555785,50c9509d-22c7-4a22-a47d-8c48425ef4a7,iNaturalist research-grade observations,28eb1a3f-1c15-4a95-931a-4af90ecb574d,6236309868
kigelia africana,Kigelia africana,3172561.0,3172561,18.44364,73.928224,11.3906790619172,50c9509d-22c7-4a22-a47d-8c48425ef4a7,iNaturalist research-grade observations,28eb1a3f-1c15-4a95-931a-4af90ecb574d,6236311034
oxalis corniculata,Oxalis corniculata,8427624.0,8427624,18.475181,73.682685,19.0263508985801,50c9509d-22c7-4a22-a47d-8c48425ef4a7,iNaturalist research-grade observations,28eb1a3f-1c15-4a95-931a-4af90ecb574d,6236312085
ficus benghalensis,Ficus benghalensis,5361919.0,5361919,18.535092,73.838049,2.5564953569983824,50c9509d-22c7-4a22-a47d-8c48425ef4a7,iNaturalist research-grade observations,28eb1a3f-1c15-4a95-931a-4af90ecb574d,6236313850
combretum indicum,Combretum indicum,12203608.0,12203608,18.598545,73.719996,16.827376794190705,50c9509d-22c7-4a22-a47d-8c48425ef4a7,iNaturalist research-grade observations,28eb1a3f-1c15-4a95-931a-4af90ecb574d,6236321404
mussaenda philippica,Mussaenda philippica,2892466.0,2892466,18.477725,73.822676,5.948933140910624,50c9509d-22c7-4a22-a47d-8c48425ef4a7,iNaturalist research-grade observations,28eb1a3f-1c15-4a95-931a-4af90ecb574d,6236325251
phyllanthus reticulatus,Phyllanthus reticulatus,5382478.0,5382478,18.577803,73.782033,10.134055298250276,50c9509d-22c7-4a22-a47d-8c48425ef4a7,iNaturalist research-grade observations,28eb1a3f-1c15-4a95-931a-4af90ecb574d,6236328241
bombax ceiba,Bombax ceiba,3152226.0,3152226,18.675738,73.745905,20.849245147272637,50c9509d-22c7-4a22-a47d-8c48425ef4a7,iNaturalist research-grade observations,28eb1a3f-1c15-4a95-931a-4af90ecb574d,6236328356
azadirachta indica,Azadirachta indica,3190474.0,3190474,18.600533,73.719074,17.02525172953499,50c9509d-22c7-4a22-a47d-8c48425ef4a7,iNaturalist research-grade observations,28eb1a3f-1c15-4a95-931a-4af90ecb574d,6236342344
syzygium cumini,Syzygium cumini,3183840.0,3183840,18.600133,73.719121,16.99780309091101,50c9509d-22c7-4a22-a47d-8c48425ef4a7,iNaturalist research-grade observations,28eb1a3f-1c15-4a95-931a-4af90ecb574d,6236344060
commelina benghalensis,Commelina benghalensis,2763941.0,2763941,18.481843,73.810617,6.480342888957777,50c9509d-22c7-4a22-a47d-8c48425ef4a7,iNaturalist research-grade observations,28eb1a3f-1c15-4a95-931a-4af90ecb574d,6236344582
chromolaena odorata,Chromolaena odorata,3087725.0,3087725,18.532766,73.827357,3.385521266495953,50c9509d-22c7-4a22-a47d-8c48425ef4a7,iNaturalist research-grade observations,28eb1a3f-1c15-4a95-931a-4af90ecb574d,6236357708
bauhinia purpurea,Bauhinia purpurea,2953871.0,2953871,18.536473,73.836884,2.749381348676098,50c9509d-22c7-4a22-a47d-8c48425ef4a7,iNaturalist research-grade observations,28eb1a3f-1c15-4a95-931a-4af90ecb574d,6236361794
broussonetia papyrifera,Broussonetia papyrifera,5361944.0,5361944,18.56305,73.792083,8.300370471748518,50c9509d-22c7-4a22-a47d-8c48425ef4a7,iNaturalist research-grade observations,28eb1a3f-1c15-4a95-931a-4af90ecb574d,6236365503
alternanthera ficoidea,Alternanthera ficoidea,8160803.0,8160803,18.529848,73.814507,4.570921767140722,50c9509d-22c7-4a22-a47d-8c48425ef4a7,iNaturalist research-grade observations,28eb1a3f-1c15-4a95-931a-4af90ecb574d,6236372331
tamarindus indica,Tamarindus indica,2975768.0,2975768,18.568733,73.758723,11.643443765628895,50c9509d-22c7-4a22-a47d-8c48425ef4a7,iNaturalist research-grade observations,28eb1a3f-1c15-4a95-931a-4af90ecb574d,6236383950
tamarindus indica,Tamarindus indica,2975768.0,2975768,18.566528,73.82498,6.122991825924592,50c9509d-22c7-4a22-a47d-8c48425ef4a7,iNaturalist research-grade observations,28eb1a3f-1c15-4a95-931a-4af90ecb574d,6236386364
tridax procumbens,Tridax procumbens,3149462.0,3149462,18.623873,73.768364,14.801204215253708,50c9509d-22c7-4a22-a47d-8c48425ef4a7,iNaturalist research-grade observations,28eb1a3f-1c15-4a95-931a-4af90ecb574d,6236387439
terminalia catappa,Terminalia catappa,3189394.0,3189394,18.530684,73.846154,1.594985681631597,50c9509d-22c7-4a22-a47d-8c48425ef4a7,iNaturalist research-grade observations,28eb1a3f-1c15-4a95-931a-4af90ecb574d,6236389478
bougainvillea spectabilis,Bougainvillea spectabilis,7167078.0,7167078,18.598826,73.718158,17.00957664740003,50c9509d-22c7-4a22-a47d-8c48425ef4a7,iNaturalist research-grade observations,28eb1a3f-1c15-4a95-931a-4af90ecb574d,6236396715
portulaca grandiflora,Portulaca grandiflora,3084700.0,3084700,18.598862,73.71811,17.015971847568537,50c9509d-22c7-4a22-a47d-8c48425ef4a7,iNaturalist research-grade observations,28eb1a3f-1c15-4a95-931a-4af90ecb574d,6236414896
mangifera indica,Mangifera indica,3190638.0,3190638,18.535373,73.837573,2.6150752499047933,50c9509d-22c7-4a22-a47d-8c48425ef4a7,iNaturalist research-grade observations,28eb1a3f-1c15-4a95-931a-4af90ecb574d,6236417752
samanea saman,Samanea saman,2972960.0,2972960,18.534215,73.839966,2.339347051153699,50c9509d-22c7-4a22-a47d-8c48425ef4a7,iNaturalist research-grade observations,28eb1a3f-1c15-4a95-931a-4af90ecb574d,6236417877
ficus religiosa,Ficus religiosa,5361935.0,5361935,18.530281,73.815117,4.519810201341231,50c9509d-22c7-4a22-a47d-8c48425ef4a7,iNaturalist research-grade observations,28eb1a3f-1c15-4a95-931a-4af90ecb574d,6236426502
urena lobata,Urena lobata,3152253.0,3152253,18.565021,73.79487,8.191812171847433,50c9509d-22c7-4a22-a47d-8c48425ef4a7,iNaturalist research-grade observations,28eb1a3f-1c15-4a95-931a-4af90ecb574d,6236440434
ottelia alismoides,Ottelia alismoides,5329515.0,5329515,18.622692,73.655093,24.102968152983465,50c9509d-22c7-4a22-a47d-8c48425ef4a7,iNaturalist research-grade observations,28eb1a3f-1c15-4a95-931a-4af90ecb574d,6236440839
manilkara zapota,Manilkara zapota,2885158.0,2885158,18.600738,73.719578,16.991969631060503,50c9509d-22c7-4a22-a47d-8c48425ef4a7,iNaturalist research-grade observations,28eb1a3f-1c15-4a95-931a-4af90ecb574d,6236456631
broussonetia papyrifera,Broussonetia papyrifera,5361944.0,5361944,18.530263,73.847929,1.4345596122756086,50c9509d-22c7-4a22-a47d-8c48425ef4a7,iNaturalist research-grade observations,28eb1a3f-1c15-4a95-931a-4af90ecb574d,6236461857
datura innoxia,Datura innoxia,2928755.0,2928755,18.599617,73.719954,16.892977461747495,50c9509d-22c7-4a22-a47d-8c48425ef4a7,iNaturalist research-grade observations,28eb1a3f-1c15-4a95-931a-4af90ecb574d,6236462942
holoptelea integrifolia,Holoptelea integrifolia,4160169.0,4160169,18.562346,73.794998,8.004220392917123,50c9509d-22c7-4a22-a47d-8c48425ef4a7,iNaturalist research-grade observations,28eb1a3f-1c15-4a95-931a-4af90ecb574d,6236465412
morinda coreia,Morinda coreia,5339862.0,5339862,18.675738,73.745905,20.849245147272637,50c9509d-22c7-4a22-a47d-8c48425ef4a7,iNaturalist research-grade observations,28eb1a3f-1c15-4a95-931a-4af90ecb574d,6236467998
ficus racemosa,Ficus racemosa,5361904.0,5361904,18.530712,73.847272,1.5175227825375888,50c9509d-22c7-4a22-a47d-8c48425ef4a7,iNaturalist research-grade observations,28eb1a3f-1c15-4a95-931a-4af90ecb574d,6236470516
grewia tiliifolia,Grewia tiliifolia,4259991.0,4259991,18.521059,73.821641,3.6972123156324552,50c9509d-22c7-4a22-a47d-8c48425ef4a7,iNaturalist research-grade observations,28eb1a3f-1c15-4a95-931a-4af90ecb574d,6236501322
cryptolepis buchananii,Cryptolepis buchananii,5525050.0,5525050,18.562935,73.79541,8.007462772807852,50c9509d-22c7-4a22-a47d-8c48425ef4a7,iNaturalist research-grade observations,28eb1a3f-1c15-4a95-931a-4af90ecb574d,6236505443
delonix regia,Delonix regia,2956176.0,2956176,18.524169,73.816672,4.241117546155401,50c9509d-22c7-4a22-a47d-8c48425ef4a7,iNaturalist research-grade observations,28eb1a3f-1c15-4a95-931a-4af90ecb574d,6236512818
ludwigia hyssopifolia,Ludwigia hyssopifolia,8924323.0,8924323,18.52549,73.815385,4.392653595370013,50c9509d-22c7-4a22-a47d-8c48425ef4a7,iNaturalist research-grade observations,28eb1a3f-1c15-4a95-931a-4af90ecb574d,6236514941
broussonetia papyrifera,Broussonetia papyrifera,5361944.0,5361944,18.53282,73.842007,2.0753439757593553,50c9509d-22c7-4a22-a47d-8c48425ef4a7,iNaturalist research-grade observations,28eb1a3f-1c15-4a95-931a-4af90ecb574d,6236515727
albizia lebbeck,Albizia lebbeck,2973215.0,2973215,18.529272,73.816375,4.364564255103399,50c9509d-22c7-4a22-a47d-8c48425ef4a7,iNaturalist research-grade observations,28eb1a3f-1c15-4a95-931a-4af90ecb574d,6236515790
alstonia scholaris,Alstonia scholaris,5414410.0,5414410,18.535367,73.837628,2.6101807945985276,50c9509d-22c7-4a22-a47d-8c48425ef4a7,iNaturalist research-grade observations,28eb1a3f-1c15-4a95-931a-4af90ecb574d,6236517868
ficus racemosa,Ficus racemosa,5361904.0,5361904,18.481915,73.810608,6.475760420534803,50c9509d-22c7-4a22-a47d-8c48425ef4a7,iNaturalist research-grade observations,28eb1a3f-1c15-4a95-931a-4af90ecb574d,6236524449
salvia plebeia,Salvia plebeia,3891879.0,3891879,18.620089,73.655093,23.967881400381035,50c9509d-22c7-4a22-a47d-8c48425ef4a7,iNaturalist research-grade observations,28eb1a3f-1c15-4a95-931a-4af90ecb574d,6236526611
calotropis procera,Calotropis procera,5414566.0,5414566,18.600345,73.7176,17.14700243460837,50c9509d-22c7-4a22-a47d-8c48425ef4a7,iNaturalist research-grade observations,28eb1a3f-1c15-4a95-931a-4af90ecb574d,6236535411
plumeria rubra,Plumeria rubra,3169674.0,3169674,18.59986,73.719602,16.938719804374536,50c9509d-22c7-4a22-a47d-8c48425ef4a7,iNaturalist research-grade observations,28eb1a3f-1c15-4a95-931a-4af90ecb574d,6236546945
tridax procumbens,Tridax procumbens,3149462.0,3149462,18.527185,73.829529,2.962435745276577,50c9509d-22c7-4a22-a47d-8c48425ef4a7,iNaturalist research-grade observations,28eb1a3f-1c15-4a95-931a-4af90ecb574d,6236548651
syzygium cumini,Syzygium cumini,3183840.0,3183840,18.529973,73.848466,1.3735946183106125,50c9509d-22c7-4a22-a47d-8c48425ef4a7,iNaturalist research-grade observations,28eb1a3f-1c15-4a95-931a-4af90ecb574d,6251439068
portulaca oleracea,Portulaca oleracea,3084719.0,3084719,18.515006,73.926427,7.376302188330462,50c9509d-22c7-4a22-a47d-8c48425ef4a7,iNaturalist research-grade observations,28eb1a3f-1c15-4a95-931a-4af90ecb574d,6251465993
pergularia daemia,Pergularia daemia,3170445.0,3170445,18.557186,73.788956,8.23033767544766,50c9509d-22c7-4a22-a47d-8c48425ef4a7,iNaturalist research-grade observations,28eb1a3f-1c15-4a95-931a-4af90ecb574d,6251527729
ziziphus mauritiana,Ziziphus mauritiana,3039424.0,3039424,18.52964,73.815642,4.4491479650185495,50c9509d-22c7-4a22-a47d-8c48425ef4a7,iNaturalist research-grade observations,28eb1a3f-1c15-4a95-931a-4af90ecb574d,6251534576
cassia roxburghii,Cassia roxburghii,5357138.0,5357138,18.529728,73.849181,1.3054887053624105,50c9509d-22c7-4a22-a47d-8c48425ef4a7,iNaturalist research-grade observations,28eb1a3f-1c15-4a95-931a-4af90ecb574d,6251542246
ficus religiosa,Ficus religiosa,5361935.0,5361935,18.527997,73.851775,0.9915818060013403,50c9509d-22c7-4a22-a47d-8c48425ef4a7,iNaturalist research-grade observations,28eb1a3f-1c15-4a95-931a-4af90ecb574d,6251558178
mesosphaerum suaveolens,Mesosphaerum suaveolens,3889017.0,3889017,18.497142,73.789925,7.500923801012399,50c9509d-22c7-4a22-a47d-8c48425ef4a7,iNaturalist research-grade observations,28eb1a3f-1c15-4a95-931a-4af90ecb574d,6251570263
calotropis gigantea,Calotropis gigantea,3579089.0,3579089,18.677613,73.751804,20.683419833291385,50c9509d-22c7-4a22-a47d-8c48425ef4a7,iNaturalist research-grade observations,28eb1a3f-1c15-4a95-931a-4af90ecb574d,6251581804
terminalia catappa,Terminalia catappa,3189394.0,3189394,18.554737,73.80047,7.051254466242901,50c9509d-22c7-4a22-a47d-8c48425ef4a7,iNaturalist research-grade observations,28eb1a3f-1c15-4a95-931a-4af90ecb574d,6251597165
combretum albidum,Combretum albidum,7327060.0,7327060,18.568264,73.824978,6.2856834980817196,50c9509d-22c7-4a22-a47d-8c48425ef4a7,iNaturalist research-grade observations,28eb1a3f-1c15-4a95-931a-4af90ecb574d,6251621693
ficus microcarpa,Ficus microcarpa,7467639.0,7467639,18.531102,73.845672,1.663740097803904,50c9509d-22c7-4a22-a47d-8c48425ef4a7,iNaturalist research-grade observations,28eb1a3f-1c15-4a95-931a-4af90ecb574d,6251630737
mangifera indica,Mangifera indica,3190638.0,3190638,18.582886,73.780394,10.629289965371182,50c9509d-22c7-4a22-a47d-8c48425ef4a7,iNaturalist research-grade observations,28eb1a3f-1c15-4a95-931a-4af90ecb574d,6251630801
homonoia riparia,Homonoia riparia,3071623.0,3071623,18.462796,73.784777,9.92740659115712,50c9509d-22c7-4a22-a47d-8c48425ef4a7,iNaturalist research-grade observations,28eb1a3f-1c15-4a95-931a-4af90ecb574d,6251645149
euphorbia heterophylla,Euphorbia heterophylla,3064495.0,3064495,18.515006,73.926427,7.376302188330462,50c9509d-22c7-4a22-a47d-8c48425ef4a7,iNaturalist research-grade observations,28eb1a3f-1c15-4a95-931a-4af90ecb574d,6251655464
argemone mexicana,Argemone mexicana,2888485.0,2888485,18.565303,73.795638,8.14671233563726,50c9509d-22c7-4a22-a47d-8c48425ef4a7,iNaturalist research-grade observations,28eb1a3f-1c15-4a95-931a-4af90ecb574d,6251656942
heliotropium indicum,Heliotropium indicum,2925788.0,2925788,18.461794,73.783896,10.070322856893544,50c9509d-22c7-4a22-a47d-8c48425ef4a7,iNaturalist research-grade observations,28eb1a3f-1c15-4a95-931a-4af90ecb574d,6251659269
cassia fistula,Cassia fistula,5357108.0,5357108,18.65876,73.775673,17.596126399442248,50c9509d-22c7-4a22-a47d-8c48425ef4a7,iNaturalist research-grade observations,28eb1a3f-1c15-4a95-931a-4af90ecb574d,6251666662
dolichandrone falcata,Dolichandrone falcata,4091174.0,4091174,18.646713,73.811937,14.816592161553109,50c9509d-22c7-4a22-a47d-8c48425ef4a7,iNaturalist research-grade observations,28eb1a3f-1c15-4a95-931a-4af90ecb574d,6251667831
calotropis gigantea,Calotropis gigantea,3579089.0,3579089,18.516289,73.926954,7.421506194561961,50c9509d-22c7-4a22-a47d-8c48425ef4a7,iNaturalist research-grade observations,28eb1a3f-1c15-4a95-931a-4af90ecb574d,6251763366
terminalia catappa,Terminalia catappa,3189394.0,3189394,18.464135,73.868008,6.369020012761307,50c9509d-22c7-4a22-a47d-8c48425ef4a7,iNaturalist research-grade observations,28eb1a3f-1c15-4a95-931a-4af90ecb574d,6251768518
terminalia catappa,Terminalia catappa,3189394.0,3189394,18.531057,73.846428,1.6053493576366833,50c9509d-22c7-4a22-a47d-8c48425ef4a7,iNaturalist research-grade observations,28eb1a3f-1c15-4a95-931a-4af90ecb574d,6251803889
butea monosperma,Butea monosperma,8234570.0,8234570,18.495262,73.79293,7.282014227725897,50c9509d-22c7-4a22-a47d-8c48425ef4a7,iNaturalist research-grade observations,28eb1a3f-1c15-4a95-931a-4af90ecb574d,6251813081
phyllanthus niruri,Phyllanthus niruri,5381945.0,5381945,18.56329,73.793938,8.156212735105706,50c9509d-22c7-4a22-a47d-8c48425ef4a7,iNaturalist research-grade observations,28eb1a3f-1c15-4a95-931a-4af90ecb574d,6251833041
abutilon indicum,Abutilon indicum,3152634.0,3152634,18.562486,73.794653,8.04285196571214,50c9509d-22c7-4a22-a47d-8c48425ef4a7,iNaturalist research-grade observations,28eb1a3f-1c15-4a95-931a-4af90ecb574d,6251875722
tecoma stans,Tecoma stans,3172492.0,3172492,18.568283,73.775405,10.089494010407162,50c9509d-22c7-4a22-a47d-8c48425ef4a7,iNaturalist research-grade observations,28eb1a3f-1c15-4a95-931a-4af90ecb574d,6251879794
carissa spinarum,Carissa spinarum,5536282.0,5536282,18.529967,73.816269,4.39351274709835,50c9509d-22c7-4a22-a47d-8c48425ef4a7,iNaturalist research-grade observations,28eb1a3f-1c15-4a95-931a-4af90ecb574d,6251880570
combretum indicum,Combretum indicum,12203608.0,12203608,18.563493,73.827462,5.697509333082249,50c9509d-22c7-4a22-a47d-8c48425ef4a7,iNaturalist research-grade observations,28eb1a3f-1c15-4a95-931a-4af90ecb574d,6251894343
salvia plebeia,Salvia plebeia,3891879.0,3891879,18.563972,73.793575,8.231682486176526,50c9509d-22c7-4a22-a47d-8c48425ef4a7,iNaturalist research-grade observations,28eb1a3f-1c15-4a95-931a-4af90ecb574d,6251904812
ficus microcarpa,Ficus microcarpa,7467639.0,7467639,18.531099,73.845501,1.6761526431333997,50c9509d-22c7-4a22-a47d-8c48425ef4a7,iNaturalist research-grade observations,28eb1a3f-1c15-4a95-931a-4af90ecb574d,6251905022
couroupita guianensis,Couroupita guianensis,3082562.0,3082562,18.555676,73.821948,5.3674184098826725,50c9509d-22c7-4a22-a47d-8c48425ef4a7,iNaturalist research-grade observations,28eb1a3f-1c15-4a95-931a-4af90ecb574d,6251939199
stephanotis volubilis,Stephanotis volubilis,12202584.0,12202584,18.52549,73.815385,4.392653595370013,50c9509d-22c7-4a22-a47d-8c48425ef4a7,iNaturalist research-grade observations,28eb1a3f-1c15-4a95-931a-4af90ecb574d,6251945069
chrozophora rottleri,Chrozophora rottleri,3054492.0,3054492,18.623993,73.654277,24.24715154478919,50c9509d-22c7-4a22-a47d-8c48425ef4a7,iNaturalist research-grade observations,28eb1a3f-1c15-4a95-931a-4af90ecb574d,6251970032
ruellia tuberosa,Ruellia tuberosa,5415418.0,5415418,18.520562,73.831892,2.615725904662991,50c9509d-22c7-4a22-a47d-8c48425ef4a7,iNaturalist research-grade observations,28eb1a3f-1c15-4a95-931a-4af90ecb574d,6251991362
ficus microcarpa,Ficus microcarpa,7467639.0,7467639,18.531547,73.846676,1.628892723876628,50c9509d-22c7-4a22-a47d-8c48425ef4a7,iNaturalist research-grade observations,28eb1a3f-1c15-4a95-931a-4af90ecb574d,6251992566
heliconia rostrata,Heliconia rostrata,2760967.0,2760967,18.515488,73.926375,7.366659676332374,50c9509d-22c7-4a22-a47d-8c48425ef4a7,iNaturalist research-grade observations,28eb1a3f-1c15-4a95-931a-4af90ecb574d,6251999193
holarrhena pubescens,Holarrhena pubescens,3169748.0,3169748,18.496717,73.792787,7.235472180337631,50c9509d-22c7-4a22-a47d-8c48425ef4a7,iNaturalist research-grade observations,28eb1a3f-1c15-4a95-931a-4af90ecb574d,6252019305
dichrostachys cinerea,Dichrostachys cinerea,2975891.0,2975891,18.537791,73.849504,2.077295202329601,50c9509d-22c7-4a22-a47d-8c48425ef4a7,iNaturalist research-grade observations,28eb1a3f-1c15-4a95-931a-4af90ecb574d,6252025975
ocimum tenuiflorum,Ocimum tenuiflorum,2927100.0,2927100,18.595555,73.790439,10.891482113354432,50c9509d-22c7-4a22-a47d-8c48425ef4a7,iNaturalist research-grade observations,28eb1a3f-1c15-4a95-931a-4af90ecb574d,6252068672
dichrostachys cinerea,Dichrostachys cinerea,2975891.0,2975891,18.521059,73.821641,3.6972123156324552,50c9509d-22c7-4a22-a47d-8c48425ef4a7,iNaturalist research-grade observations,28eb1a3f-1c15-4a95-931a-4af90ecb574d,6252085353
cissus woodrowii,Cissus woodrowii,4053505.0,4053505,18.526533,73.815713,4.374920944313475,50c9509d-22c7-4a22-a47d-8c48425ef4a7,iNaturalist research-grade observations,28eb1a3f-1c15-4a95-931a-4af90ecb574d,6252089546
carica papaya,Carica papaya,2874484.0,2874484,18.553284,73.918144,7.438566891104173,50c9509d-22c7-4a22-a47d-8c48425ef4a7,iNaturalist research-grade observations,28eb1a3f-1c15-4a95-931a-4af90ecb574d,6252093744
persicaria glabra,Persicaria glabra,6391450.0,6391450,18.52549,73.815385,4.392653595370013,50c9509d-22c7-4a22-a47d-8c48425ef4a7,iNaturalist research-grade observations,28eb1a3f-1c15-4a95-931a-4af90ecb574d,6252139663
carissa carandas,Carissa carandas,5414419.0,5414419,18.497383,73.79608,6.885335293975173,50c9509d-22c7-4a22-a47d-8c48425ef4a7,iNaturalist research-grade observations,28eb1a3f-1c15-4a95-931a-4af90ecb574d,6252149519
ficus racemosa,Ficus racemosa,5361904.0,5361904,18.49573,73.827392,4.132229803118964,50c9509d-22c7-4a22-a47d-8c48425ef4a7,iNaturalist research-grade observations,28eb1a3f-1c15-4a95-931a-4af90ecb574d,6252191361
mangifera indica,Mangifera indica,3190638.0,3190638,18.464059,73.868569,6.388647990578784,50c9509d-22c7-4a22-a47d-8c48425ef4a7,iNaturalist research-grade observations,28eb1a3f-1c15-4a95-931a-4af90ecb574d,6252236610
capparis grandis,Capparis grandis,7552967.0,7552967,18.521059,73.821641,3.6972123156324552,50c9509d-22c7-4a22-a47d-8c48425ef4a7,iNaturalist research-grade observations,28eb1a3f-1c15-4a95-931a-4af90ecb574d,6252251186
verbascum coromandelianum,Verbascum coromandelianum,7333197.0,7333197,18.578552,73.781407,10.237782175254043,50c9509d-22c7-4a22-a47d-8c48425ef4a7,iNaturalist research-grade observations,28eb1a3f-1c15-4a95-931a-4af90ecb574d,6252272038
mitragyna parvifolia,Mitragyna parvifolia,2900484.0,2900484,18.562873,73.79368,8.151347011163532,50c9509d-22c7-4a22-a47d-8c48425ef4a7,iNaturalist research-grade observations,28eb1a3f-1c15-4a95-931a-4af90ecb574d,6252287315
physalis angulata,Physalis angulata,5341792.0,5341792,18.622692,73.655093,24.102968152983465,50c9509d-22c7-4a22-a47d-8c48425ef4a7,iNaturalist research-grade observations,28eb1a3f-1c15-4a95-931a-4af90ecb574d,6252288560
solanum torvum,Solanum torvum,2932389.0,2932389,18.562873,73.79368,8.151347011163532,50c9509d-22c7-4a22-a47d-8c48425ef4a7,iNaturalist research-grade observations,28eb1a3f-1c15-4a95-931a-4af90ecb574d,6252314768
calyptocarpus vialis,Calyptocarpus vialis,3091480.0,3091480,18.481915,73.810608,6.475760420534803,50c9509d-22c7-4a22-a47d-8c48425ef4a7,iNaturalist research-grade observations,28eb1a3f-1c15-4a95-931a-4af90ecb574d,6252334224
delonix regia,Delonix regia,2956176.0,2956176,18.530103,73.855255,1.0896292537916248,50c9509d-22c7-4a22-a47d-8c48425ef4a7,iNaturalist research-grade observations,28eb1a3f-1c15-4a95-931a-4af90ecb574d,6252334491
heliotropium indicum,Heliotropium indicum,2925788.0,2925788,18.577858,73.782148,10.12849762598208,50c9509d-22c7-4a22-a47d-8c48425ef4a7,iNaturalist research-grade observations,28eb1a3f-1c15-4a95-931a-4af90ecb574d,6252365582
grewia tiliifolia,Grewia tiliifolia,4259991.0,4259991,18.52964,73.815642,4.4491479650185495,50c9509d-22c7-4a22-a47d-8c48425ef4a7,iNaturalist research-grade observations,28eb1a3f-1c15-4a95-931a-4af90ecb574d,6252369653
ipomoea obscura,Ipomoea obscura,2928565.0,2928565,18.490168,73.824338,4.790134198606032,50c9509d-22c7-4a22-a47d-8c48425ef4a7,iNaturalist research-grade observations,28eb1a3f-1c15-4a95-931a-4af90ecb574d,6252370430
ocimum tenuiflorum,Ocimum tenuiflorum,2927100.0,2927100,18.595484,73.790451,10.884614992280511,50c9509d-22c7-4a22-a47d-8c48425ef4a7,iNaturalist research-grade observations,28eb1a3f-1c15-4a95-931a-4af90ecb574d,6252388568
clitoria ternatea,Clitoria ternatea,2946519.0,2946519,18.515006,73.926427,7.376302188330462,50c9509d-22c7-4a22-a47d-8c48425ef4a7,iNaturalist research-grade observations,28eb1a3f-1c15-4a95-931a-4af90ecb574d,6252390484
wrightia tinctoria,Wrightia tinctoria,5536686.0,5536686,18.496742,73.792503,7.262364598408525,50c9509d-22c7-4a22-a47d-8c48425ef4a7,iNaturalist research-grade observations,28eb1a3f-1c15-4a95-931a-4af90ecb574d,6252396861
dendrophthoe falcata,Dendrophthoe falcata,7595217.0,7595217,18.531531,73.813856,4.683667432963349,50c9509d-22c7-4a22-a47d-8c48425ef4a7,iNaturalist research-grade observations,28eb1a3f-1c15-4a95-931a-4af90ecb574d,6252405717
lannea coromandelica,Lannea coromandelica,3661151.0,3661151,18.525988,73.815732,4.363908808109782,50c9509d-22c7-4a22-a47d-8c48425ef4a7,iNaturalist research-grade observations,28eb1a3f-1c15-4a95-931a-4af90ecb574d,6252405829
persicaria glabra,Persicaria glabra,6391450.0,6391450,18.529194,73.816819,4.317004273828027,50c9509d-22c7-4a22-a47d-8c48425ef4a7,iNaturalist research-grade observations,28eb1a3f-1c15-4a95-931a-4af90ecb574d,6252419002
butea monosperma,Butea monosperma,8234570.0,8234570,18.527371,73.816468,4.312071050822171,50c9509d-22c7-4a22-a47d-8c48425ef4a7,iNaturalist research-grade observations,28eb1a3f-1c15-4a95-931a-4af90ecb574d,6252512329
diospyros malabarica,Diospyros malabarica,7295796.0,7295796,18.567405,73.825019,6.202691490201383,50c9509d-22c7-4a22-a47d-8c48425ef4a7,iNaturalist research-grade observations,28eb1a3f-1c15-4a95-931a-4af90ecb574d,6252516347
wodyetia bifurcata,Wodyetia bifurcata,2736620.0,2736620,18.514958,73.945297,9.361072171293465,50c9509d-22c7-4a22-a47d-8c48425ef4a7,iNaturalist research-grade observations,28eb1a3f-1c15-4a95-931a-4af90ecb574d,6252530520
sida cordata,Sida cordata,5406739.0,5406739,18.562873,73.79368,8.151347011163532,50c9509d-22c7-4a22-a47d-8c48425ef4a7,iNaturalist research-grade observations,28eb1a3f-1c15-4a95-931a-4af90ecb574d,6252574352
morinda coreia,Morinda coreia,5339862.0,5339862,18.52964,73.815642,4.4491479650185495,50c9509d-22c7-4a22-a47d-8c48425ef4a7,iNaturalist research-grade observations,28eb1a3f-1c15-4a95-931a-4af90ecb574d,6252598404
physalis angulata,Physalis angulata,5341792.0,5341792,18.626264,73.651023,24.668871755443604,50c9509d-22c7-4a22-a47d-8c48425ef4a7,iNaturalist research-grade observations,28eb1a3f-1c15-4a95-931a-4af90ecb574d,6252633146
jacaranda mimosifolia,Jacaranda mimosifolia,3172499.0,3172499,18.53583,73.83728,2.671318987234425,50c9509d-22c7-4a22-a47d-8c48425ef4a7,iNaturalist research-grade observations,28eb1a3f-1c15-4a95-931a-4af90ecb574d,6252645204
portulaca quadrifida,Portulaca quadrifida,3084699.0,3084699,18.515006,73.926427,7.376302188330462,50c9509d-22c7-4a22-a47d-8c48425ef4a7,iNaturalist research-grade observations,28eb1a3f-1c15-4a95-931a-4af90ecb574d,6252661325
cassia fistula,Cassia fistula,5357108.0,5357108,18.500237,73.834349,3.252835390427279,50c9509d-22c7-4a22-a47d-8c48425ef4a7,iNaturalist research-grade observations,28eb1a3f-1c15-4a95-931a-4af90ecb574d,6252683624
nymphaea rubra,Nymphaea rubra,7365664.0,7365664,18.521059,73.821641,3.6972123156324552,50c9509d-22c7-4a22-a47d-8c48425ef4a7,iNaturalist research-grade observations,28eb1a3f-1c15-4a95-931a-4af90ecb574d,6252744696
alternanthera ficoidea,Alternanthera ficoidea,8160803.0,8160803,18.529717,73.814939,4.523249084068973,50c9509d-22c7-4a22-a47d-8c48425ef4a7,iNaturalist research-grade observations,28eb1a3f-1c15-4a95-931a-4af90ecb574d,6252804105
cuscuta campestris,Cuscuta campestris,3610757.0,3610757,18.56329,73.793938,8.156212735105706,50c9509d-22c7-4a22-a47d-8c48425ef4a7,iNaturalist research-grade observations,28eb1a3f-1c15-4a95-931a-4af90ecb574d,6252809716
ficus benjamina,Ficus benjamina,5361932.0,5361932,18.529847,73.863425,1.2673608961330893,50c9509d-22c7-4a22-a47d-8c48425ef4a7,iNaturalist research-grade observations,28eb1a3f-1c15-4a95-931a-4af90ecb574d,6252902065
moringa oleifera,Moringa oleifera,3054181.0,3054181,18.464157,73.868646,6.379560783166317,50c9509d-22c7-4a22-a47d-8c48425ef4a7,iNaturalist research-grade observations,28eb1a3f-1c15-4a95-931a-4af90ecb574d,6252916966
cassia fistula,Cassia fistula,5357108.0,5357108,18.517272,73.942467,9.049729050798774,50c9509d-22c7-4a22-a47d-8c48425ef4a7,iNaturalist research-grade observations,28eb1a3f-1c15-4a95-931a-4af90ecb574d,6252963973
verbascum coromandelianum,Verbascum coromandelianum,7333197.0,7333197,18.52964,73.815642,4.4491479650185495,50c9509d-22c7-4a22-a47d-8c48425ef4a7,iNaturalist research-grade observations,28eb1a3f-1c15-4a95-931a-4af90ecb574d,6252965824
grewia tiliifolia,Grewia tiliifolia,4259991.0,4259991,18.526992,73.816501,4.301271188237249,50c9509d-22c7-4a22-a47d-8c48425ef4a7,iNaturalist research-grade observations,28eb1a3f-1c15-4a95-931a-4af90ecb574d,6252974146
carissa spinarum,Carissa spinarum,5536282.0,5536282,18.421494,73.950511,14.793345608335608,50c9509d-22c7-4a22-a47d-8c48425ef4a7,iNaturalist research-grade observations,28eb1a3f-1c15-4a95-931a-4af90ecb574d,6252974219
dichrostachys cinerea,Dichrostachys cinerea,2975891.0,2975891,18.679224,73.752047,20.82143799428573,50c9509d-22c7-4a22-a47d-8c48425ef4a7,iNaturalist research-grade observations,28eb1a3f-1c15-4a95-931a-4af90ecb574d,6253004654
stephanotis volubilis,Stephanotis volubilis,12202584.0,12202584,18.52964,73.815642,4.4491479650185495,50c9509d-22c7-4a22-a47d-8c48425ef4a7,iNaturalist research-grade observations,28eb1a3f-1c15-4a95-931a-4af90ecb574d,6253015120
jatropha nana,Jatropha nana,3072834.0,3072834,18.527955,73.936945,8.502158352690863,50c9509d-22c7-4a22-a47d-8c48425ef4a7,iNaturalist research-grade observations,28eb1a3f-1c15-4a95-931a-4af90ecb574d,6253016222
gmelina arborea,Gmelina arborea,8247889.0,8247889,18.554642,73.789114,8.078823292646844,50c9509d-22c7-4a22-a47d-8c48425ef4a7,iNaturalist research-grade observations,28eb1a3f-1c15-4a95-931a-4af90ecb574d,6253036183
boswellia serrata,Boswellia serrata,5421354.0,5421354,18.526527,73.814695,4.48087103528994,50c9509d-22c7-4a22-a47d-8c48425ef4a7,iNaturalist research-grade observations,28eb1a3f-1c15-4a95-931a-4af90ecb574d,6253036841
cocos nucifera,Cocos nucifera,2735117.0,2735117,18.563728,73.782508,9.186310749088054,50c9509d-22c7-4a22-a47d-8c48425ef4a7,iNaturalist research-grade observations,28eb1a3f-1c15-4a95-931a-4af90ecb574d,6253078323
holoptelea integrifolia,Holoptelea integrifolia,4160169.0,4160169,18.562986,73.794478,8.090271786411718,50c9509d-22c7-4a22-a47d-8c48425ef4a7,iNaturalist research-grade observations,28eb1a3f-1c15-4a95-931a-4af90ecb574d,6253081916
ficus microcarpa,Ficus microcarpa,7467639.0,7467639,18.531521,73.845235,1.7292629740563927,50c9509d-22c7-4a22-a47d-8c48425ef4a7,iNaturalist research-grade observations,28eb1a3f-1c15-4a95-931a-4af90ecb574d,6253084104
ficus racemosa,Ficus racemosa,5361904.0,5361904,18.530088,73.847795,1.428981496346272,50c9509d-22c7-4a22-a47d-8c48425ef4a7,iNaturalist research-grade observations,28eb1a3f-1c15-4a95-931a-4af90ecb574d,6253092176
lannea coromandelica,Lannea coromandelica,3661151.0,3661151,18.526481,73.8156,4.385795267644473,50c9509d-22c7-4a22-a47d-8c48425ef4a7,iNaturalist research-grade observations,28eb1a3f-1c15-4a95-931a-4af90ecb574d,6253100235
peltophorum pterocarpum,Peltophorum pterocarpum,2952775.0,2952775,18.53074,73.846445,1.5782813314782154,50c9509d-22c7-4a22-a47d-8c48425ef4a7,iNaturalist research-grade observations,28eb1a3f-1c15-4a95-931a-4af90ecb574d,6253101177
solanum torvum,Solanum torvum,2932389.0,2932389,18.56291,73.794403,8.091745560630843,50c9509d-22c7-4a22-a47d-8c48425ef4a7,iNaturalist research-grade observations,28eb1a3f-1c15-4a95-931a-4af90ecb574d,6253108076
broussonetia papyrifera,Broussonetia papyrifera,5361944.0,5361944,18.530226,73.846962,1.4993044678286047,50c9509d-22c7-4a22-a47d-8c48425ef4a7,iNaturalist research-grade observations,28eb1a3f-1c15-4a95-931a-4af90ecb574d,6253120304
syzygium cumini,Syzygium cumini,3183840.0,3183840,18.517425,73.94537,9.354973597242365,50c9509d-22c7-4a22-a47d-8c48425ef4a7,iNaturalist research-grade observations,28eb1a3f-1c15-4a95-931a-4af90ecb574d,6253127027
eclipta prostrata,Eclipta prostrata,5384950.0,5384950,18.52964,73.815642,4.4491479650185495,50c9509d-22c7-4a22-a47d-8c48425ef4a7,iNaturalist research-grade observations,28eb1a3f-1c15-4a95-931a-4af90ecb574d,6253131254
dichrostachys cinerea,Dichrostachys cinerea,2975891.0,2975891,18.548985,73.829912,4.251940774866873,50c9509d-22c7-4a22-a47d-8c48425ef4a7,iNaturalist research-grade observations,28eb1a3f-1c15-4a95-931a-4af90ecb574d,6253155498
mangifera indica,Mangifera indica,3190638.0,3190638,18.529957,73.849826,1.2863026315702424,50c9509d-22c7-4a22-a47d-8c48425ef4a7,iNaturalist research-grade observations,28eb1a3f-1c15-4a95-931a-4af90ecb574d,6253164399
grangea maderaspatana,Grangea maderaspatana,8028873.0,8028873,18.564029,73.793565,8.236265582019197,50c9509d-22c7-4a22-a47d-8c48425ef4a7,iNaturalist research-grade observations,28eb1a3f-1c15-4a95-931a-4af90ecb574d,6253176191
eclipta prostrata,Eclipta prostrata,5384950.0,5384950,18.515006,73.926427,7.376302188330462,50c9509d-22c7-4a22-a47d-8c48425ef4a7,iNaturalist research-grade observations,28eb1a3f-1c15-4a95-931a-4af90ecb574d,6253213411
cardiospermum halicacabum,Cardiospermum halicacabum,3189939.0,3189939,18.5663,73.8254,6.077618352271987,50c9509d-22c7-4a22-a47d-8c48425ef4a7,iNaturalist research-grade observations,28eb1a3f-1c15-4a95-931a-4af90ecb574d,6253222342
senna auriculata,Senna auriculata,2956966.0,2956966,18.495625,73.792687,7.290326086748485,50c9509d-22c7-4a22-a47d-8c48425ef4a7,iNaturalist research-grade observations,28eb1a3f-1c15-4a95-931a-4af90ecb574d,6253231365
agave vivipara,Agave vivipara,2766811.0,2766811,18.557358,73.788939,8.24141000449718,50c9509d-22c7-4a22-a47d-8c48425ef4a7,iNaturalist research-grade observations,28eb1a3f-1c15-4a95-931a-4af90ecb574d,6253255072
kalanchoe pinnata,Kalanchoe pinnata,2985930.0,2985930,18.527515,73.822993,3.6408666772091807,50c9509d-22c7-4a22-a47d-8c48425ef4a7,iNaturalist research-grade observations,28eb1a3f-1c15-4a95-931a-4af90ecb574d,6253267912
persicaria glabra,Persicaria glabra,6391450.0,6391450,18.626432,73.650318,24.743087348965084,50c9509d-22c7-4a22-a47d-8c48425ef4a7,iNaturalist research-grade observations,28eb1a3f-1c15-4a95-931a-4af90ecb574d,6253268515
dalbergia sissoo,Dalbergia sissoo,2968532.0,2968532,18.497122,73.789963,7.497930581779246,50c9509d-22c7-4a22-a47d-8c48425ef4a7,iNaturalist research-grade observations,28eb1a3f-1c15-4a95-931a-4af90ecb574d,6253280368
tamarindus indica,Tamarindus indica,2975768.0,2975768,18.563583,73.794103,8.161229526263691,50c9509d-22c7-4a22-a47d-8c48425ef4a7,iNaturalist research-grade observations,28eb1a3f-1c15-4a95-931a-4af90ecb574d,6253296258
holarrhena pubescens,Holarrhena pubescens,3169748.0,3169748,18.496645,73.7929,7.227299090417294,50c9509d-22c7-4a22-a47d-8c48425ef4a7,iNaturalist research-grade observations,28eb1a3f-1c15-4a95-931a-4af90ecb574d,6253303103
peltophorum pterocarpum,Peltophorum pterocarpum,2952775.0,2952775,18.529725,73.849158,1.3066979628134614,50c9509d-22c7-4a22-a47d-8c48425ef4a7,iNaturalist research-grade observations,28eb1a3f-1c15-4a95-931a-4af90ecb574d,6253303903
putranjiva formosana,Putranjiva formosana,3076076.0,3076076,18.533733,73.826044,3.55593394706019,50c9509d-22c7-4a22-a47d-8c48425ef4a7,iNaturalist research-grade observations,28eb1a3f-1c15-4a95-931a-4af90ecb574d,6253306870
macroptilium atropurpureum,Macroptilium atropurpureum,2945047.0,2945047,18.496995,73.79023,7.4764207131621605,50c9509d-22c7-4a22-a47d-8c48425ef4a7,iNaturalist research-grade observations,28eb1a3f-1c15-4a95-931a-4af90ecb574d,6253321112
cassia fistula,Cassia fistula,5357108.0,5357108,18.53061,73.816034,4.435309235937545,50c9509d-22c7-4a22-a47d-8c48425ef4a7,iNaturalist research-grade observations,28eb1a3f-1c15-4a95-931a-4af90ecb574d,6253326162
dalbergia melanoxylon,Dalbergia melanoxylon,2968897.0,2968897,18.59525,73.697417,18.740163052001435,50c9509d-22c7-4a22-a47d-8c48425ef4a7,iNaturalist research-grade observations,28eb1a3f-1c15-4a95-931a-4af90ecb574d,6253327830
grewia tiliifolia,Grewia tiliifolia,4259991.0,4259991,18.679224,73.752047,20.82143799428573,50c9509d-22c7-4a22-a47d-8c48425ef4a7,iNaturalist research-grade observations,28eb1a3f-1c15-4a95-931a-4af90ecb574d,6253343073
urena lobata,Urena lobata,3152253.0,3152253,18.56329,73.793938,8.156212735105706,50c9509d-22c7-4a22-a47d-8c48425ef4a7,iNaturalist research-grade observations,28eb1a3f-1c15-4a95-931a-4af90ecb574d,6253353414
ipomoea carnea,Ipomoea carnea,2928590.0,2928590,18.5588,73.791367,8.103849405482604,50c9509d-22c7-4a22-a47d-8c48425ef4a7,iNaturalist research-grade observations,28eb1a3f-1c15-4a95-931a-4af90ecb574d,6253359588
stephanotis volubilis,Stephanotis volubilis,12202584.0,12202584,18.496675,73.792808,7.235112111750504,50c9509d-22c7-4a22-a47d-8c48425ef4a7,iNaturalist research-grade observations,28eb1a3f-1c15-4a95-931a-4af90ecb574d,6253374645
erythrina stricta,Erythrina stricta,5349642.0,5349642,18.58164,73.779438,10.616385700528848,50c9509d-22c7-4a22-a47d-8c48425ef4a7,iNaturalist research-grade observations,28eb1a3f-1c15-4a95-931a-4af90ecb574d,6273152735
broussonetia papyrifera,Broussonetia papyrifera,5361944.0,5361944,18.531432,73.844978,1.7413256395085268,50c9509d-22c7-4a22-a47d-8c48425ef4a7,iNaturalist research-grade observations,28eb1a3f-1c15-4a95-931a-4af90ecb574d,6273161944
ficus microcarpa,Ficus microcarpa,7467639.0,7467639,18.531087,73.845448,1.6791491330540562,50c9509d-22c7-4a22-a47d-8c48425ef4a7,iNaturalist research-grade observations,28eb1a3f-1c15-4a95-931a-4af90ecb574d,6273194692
phyllanthus reticulatus,Phyllanthus reticulatus,5382478.0,5382478,18.582358,73.778993,10.703617164199938,50c9509d-22c7-4a22-a47d-8c48425ef4a7,iNaturalist research-grade observations,28eb1a3f-1c15-4a95-931a-4af90ecb574d,6273316734
millingtonia hortensis,Millingtonia hortensis,7629955.0,7629955,18.529923,73.849198,1.3217080227419165,50c9509d-22c7-4a22-a47d-8c48425ef4a7,iNaturalist research-grade observations,28eb1a3f-1c15-4a95-931a-4af90ecb574d,6273388399
peltophorum pterocarpum,Peltophorum pterocarpum,2952775.0,2952775,18.530967,73.846392,1.6005514746754634,50c9509d-22c7-4a22-a47d-8c48425ef4a7,iNaturalist research-grade observations,28eb1a3f-1c15-4a95-931a-4af90ecb574d,6273415909
putranjiva roxburghii,Putranjiva roxburghii,3076079.0,3076079,18.530048,73.851721,1.1943605123399053,50c9509d-22c7-4a22-a47d-8c48425ef4a7,iNaturalist research-grade observations,28eb1a3f-1c15-4a95-931a-4af90ecb574d,6273450541
senna siamea,Senna siamea,2956905.0,2956905,18.535988,73.837573,2.659133692981985,50c9509d-22c7-4a22-a47d-8c48425ef4a7,iNaturalist research-grade observations,28eb1a3f-1c15-4a95-931a-4af90ecb574d,6273451989
pithecellobium dulce,Pithecellobium dulce,2962831.0,2962831,18.58235,73.778968,10.70506194530147,50c9509d-22c7-4a22-a47d-8c48425ef4a7,iNaturalist research-grade observations,28eb1a3f-1c15-4a95-931a-4af90ecb574d,6273470762
tamarindus indica,Tamarindus indica,2975768.0,2975768,18.532862,73.842023,2.0771975533966653,50c9509d-22c7-4a22-a47d-8c48425ef4a7,iNaturalist research-grade observations,28eb1a3f-1c15-4a95-931a-4af90ecb574d,6273479564
terminalia catappa,Terminalia catappa,3189394.0,3189394,18.530322,73.848125,1.4263944424168498,50c9509d-22c7-4a22-a47d-8c48425ef4a7,iNaturalist research-grade observations,28eb1a3f-1c15-4a95-931a-4af90ecb574d,6273483951
pithecellobium dulce,Pithecellobium dulce,2962831.0,2962831,18.58237,73.778876,10.713917306031483,50c9509d-22c7-4a22-a47d-8c48425ef4a7,iNaturalist research-grade observations,28eb1a3f-1c15-4a95-931a-4af90ecb574d,6273532851
peltophorum pterocarpum,Peltophorum pterocarpum,2952775.0,2952775,18.530562,73.847558,1.4852157916193736,50c9509d-22c7-4a22-a47d-8c48425ef4a7,iNaturalist research-grade observations,28eb1a3f-1c15-4a95-931a-4af90ecb574d,6273552303
holoptelea integrifolia,Holoptelea integrifolia,4160169.0,4160169,18.535463,73.837508,2.626733112074398,50c9509d-22c7-4a22-a47d-8c48425ef4a7,iNaturalist research-grade observations,28eb1a3f-1c15-4a95-931a-4af90ecb574d,6273578795
pithecellobium dulce,Pithecellobium dulce,2962831.0,2962831,18.530372,73.847932,1.4436439094564735,50c9509d-22c7-4a22-a47d-8c48425ef4a7,iNaturalist research-grade observations,28eb1a3f-1c15-4a95-931a-4af90ecb574d,6273596990
salix tetrasperma,Salix tetrasperma,5582578.0,5582578,18.582446,73.778922,10.715642247534321,50c9509d-22c7-4a22-a47d-8c48425ef4a7,iNaturalist research-grade observations,28eb1a3f-1c15-4a95-931a-4af90ecb574d,6273605989
wodyetia bifurcata,Wodyetia bifurcata,2736620.0,2736620,18.53289,73.842044,2.077628533151717,50c9509d-22c7-4a22-a47d-8c48425ef4a7,iNaturalist research-grade observations,28eb1a3f-1c15-4a95-931a-4af90ecb574d,6273632549
ceiba pentandra,Ceiba pentandra,5406697.0,5406697,18.530845,73.846725,1.5668405160371688,50c9509d-22c7-4a22-a47d-8c48425ef4a7,iNaturalist research-grade observations,28eb1a3f-1c15-4a95-931a-4af90ecb574d,6273638154
peltophorum pterocarpum,Peltophorum pterocarpum,2952775.0,2952775,18.53103,73.84762,1.52105818188374,50c9509d-22c7-4a22-a47d-8c48425ef4a7,iNaturalist research-grade observations,28eb1a3f-1c15-4a95-931a-4af90ecb574d,6273661049
dalbergia melanoxylon,Dalbergia melanoxylon,2968897.0,2968897,18.530519,73.996039,14.73398732459206,50c9509d-22c7-4a22-a47d-8c48425ef4a7,iNaturalist research-grade observations,28eb1a3f-1c15-4a95-931a-4af90ecb574d,6273681456
bombax ceiba,Bombax ceiba,3152226.0,3152226,18.563416,73.827666,5.678689862025009,50c9509d-22c7-4a22-a47d-8c48425ef4a7,iNaturalist research-grade observations,28eb1a3f-1c15-4a95-931a-4af90ecb574d,6273687477
ficus microcarpa,Ficus microcarpa,7467639.0,7467639,18.535383,73.837534,2.618954543374687,50c9509d-22c7-4a22-a47d-8c48425ef4a7,iNaturalist research-grade observations,28eb1a3f-1c15-4a95-931a-4af90ecb574d,6273743564
sterculia foetida,Sterculia foetida,5406675.0,5406675,18.529758,73.848987,1.3206363481930257,50c9509d-22c7-4a22-a47d-8c48425ef4a7,iNaturalist research-grade observations,28eb1a3f-1c15-4a95-931a-4af90ecb574d,6273752476
ficus microcarpa,Ficus microcarpa,7467639.0,7467639,18.531239,73.845244,1.7063091098399001,50c9509d-22c7-4a22-a47d-8c48425ef4a7,iNaturalist research-grade observations,28eb1a3f-1c15-4a95-931a-4af90ecb574d,6273764705
pithecellobium dulce,Pithecellobium dulce,2962831.0,2962831,18.58267,73.778832,10.738942082983757,50c9509d-22c7-4a22-a47d-8c48425ef4a7,iNaturalist research-grade observations,28eb1a3f-1c15-4a95-931a-4af90ecb574d,6273773702
peltophorum pterocarpum,Peltophorum pterocarpum,2952775.0,2952775,18.530857,73.846597,1.5769143018715737,50c9509d-22c7-4a22-a47d-8c48425ef4a7,iNaturalist research-grade observations,28eb1a3f-1c15-4a95-931a-4af90ecb574d,6273776372
ceiba pentandra,Ceiba pentandra,5406697.0,5406697,18.530908,73.846066,1.619346231756515,50c9509d-22c7-4a22-a47d-8c48425ef4a7,iNaturalist research-grade observations,28eb1a3f-1c15-4a95-931a-4af90ecb574d,6273866396
phoenix sylvestris,Phoenix sylvestris,5293177.0,5293177,18.581089,73.779857,10.543226682308106,50c9509d-22c7-4a22-a47d-8c48425ef4a7,iNaturalist research-grade observations,28eb1a3f-1c15-4a95-931a-4af90ecb574d,6273886063
araucaria columnaris,Araucaria columnaris,2684921.0,2684921,18.530762,73.846126,1.6032666035758147,50c9509d-22c7-4a22-a47d-8c48425ef4a7,iNaturalist research-grade observations,28eb1a3f-1c15-4a95-931a-4af90ecb574d,6273907651
ziziphus mauritiana,Ziziphus mauritiana,3039424.0,3039424,18.58162,73.779479,10.611643784737291,50c9509d-22c7-4a22-a47d-8c48425ef4a7,iNaturalist research-grade observations,28eb1a3f-1c15-4a95-931a-4af90ecb574d,6273945645
broussonetia papyrifera,Broussonetia papyrifera,5361944.0,5361944,18.533675,73.840837,2.230712248863341,50c9509d-22c7-4a22-a47d-8c48425ef4a7,iNaturalist research-grade observations,28eb1a3f-1c15-4a95-931a-4af90ecb574d,6274111407
peltophorum pterocarpum,Peltophorum pterocarpum,2952775.0,2952775,18.537845,73.88562,3.61380787453623,50c9509d-22c7-4a22-a47d-8c48425ef4a7,iNaturalist research-grade observations,28eb1a3f-1c15-4a95-931a-4af90ecb574d,6274119408
ficus microcarpa,Ficus microcarpa,7467639.0,7467639,18.531388,73.845175,1.7231737612655562,50c9509d-22c7-4a22-a47d-8c48425ef4a7,iNaturalist research-grade observations,28eb1a3f-1c15-4a95-931a-4af90ecb574d,6274198318
senna siamea,Senna siamea,2956905.0,2956905,18.529864,73.852521,1.1408658869712924,50c9509d-22c7-4a22-a47d-8c48425ef4a7,iNaturalist research-grade observations,28eb1a3f-1c15-4a95-931a-4af90ecb574d,6274273512
holoptelea integrifolia,Holoptelea integrifolia,4160169.0,4160169,18.533032,73.841693,2.115746347911442,50c9509d-22c7-4a22-a47d-8c48425ef4a7,iNaturalist research-grade observations,28eb1a3f-1c15-4a95-931a-4af90ecb574d,6274308956
plumeria rubra,Plumeria rubra,3169674.0,3169674,18.530761,73.849808,1.3621049753258323,50c9509d-22c7-4a22-a47d-8c48425ef4a7,iNaturalist research-grade observations,28eb1a3f-1c15-4a95-931a-4af90ecb574d,6274320384
pithecellobium dulce,Pithecellobium dulce,2962831.0,2962831,18.581057,73.77983,10.543137615071052,50c9509d-22c7-4a22-a47d-8c48425ef4a7,iNaturalist research-grade observations,28eb1a3f-1c15-4a95-931a-4af90ecb574d,6320090497
euphorbia hirta,Euphorbia hirta,3068937.0,3068937,18.593285,73.80072,10.02520658747175,50c9509d-22c7-4a22-a47d-8c48425ef4a7,iNaturalist research-grade observations,28eb1a3f-1c15-4a95-931a-4af90ecb574d,6320222024
euphorbia hirta,Euphorbia hirta,3068937.0,3068937,18.593254,73.800728,10.021923982062047,50c9509d-22c7-4a22-a47d-8c48425ef4a7,iNaturalist research-grade observations,28eb1a3f-1c15-4a95-931a-4af90ecb574d,6320266658
swietenia macrophylla,Swietenia macrophylla,3190484.0,3190484,18.486034,73.966139,12.156246991141032,50c9509d-22c7-4a22-a47d-8c48425ef4a7,iNaturalist research-grade observations,28eb1a3f-1c15-4a95-931a-4af90ecb574d,6320474977
roystonea regia,Roystonea regia,2733755.0,2733755,18.530221,73.851003,1.2463351183636706,50c9509d-22c7-4a22-a47d-8c48425ef4a7,iNaturalist research-grade observations,28eb1a3f-1c15-4a95-931a-4af90ecb574d,6320708494
euphorbia hirta,Euphorbia hirta,3068937.0,3068937,18.589724,73.797234,9.935602880380019,50c9509d-22c7-4a22-a47d-8c48425ef4a7,iNaturalist research-grade observations,28eb1a3f-1c15-4a95-931a-4af90ecb574d,6320950340
pongamia pinnata,Pongamia pinnata,2965911.0,2965911,18.579383,73.781225,10.311175989023594,50c9509d-22c7-4a22-a47d-8c48425ef4a7,iNaturalist research-grade observations,28eb1a3f-1c15-4a95-931a-4af90ecb574d,6321087019
ficus racemosa,Ficus racemosa,5361904.0,5361904,18.500208,73.801239,6.26415839290045,50c9509d-22c7-4a22-a47d-8c48425ef4a7,iNaturalist research-grade observations,28eb1a3f-1c15-4a95-931a-4af90ecb574d,6321223031
coccinia grandis,Coccinia grandis,2874564.0,2874564,18.565085,73.826954,5.875573638526641,50c9509d-22c7-4a22-a47d-8c48425ef4a7,iNaturalist research-grade observations,28eb1a3f-1c15-4a95-931a-4af90ecb574d,6334083587
mangifera indica,Mangifera indica,3190638.0,3190638,18.581087,73.77969,10.556616707741506,50c9509d-22c7-4a22-a47d-8c48425ef4a7,iNaturalist research-grade observations,28eb1a3f-1c15-4a95-931a-4af90ecb574d,6334214303
tridax procumbens,Tridax procumbens,3149462.0,3149462,18.599084,73.719475,16.905352723959066,50c9509d-22c7-4a22-a47d-8c48425ef4a7,iNaturalist research-grade observations,28eb1a3f-1c15-4a95-931a-4af90ecb574d,6334366896
mangifera indica,Mangifera indica,3190638.0,3190638,18.580933,73.779639,10.549820876400792,50c9509d-22c7-4a22-a47d-8c48425ef4a7,iNaturalist research-grade observations,28eb1a3f-1c15-4a95-931a-4af90ecb574d,6334381553
mangifera indica,Mangifera indica,3190638.0,3190638,18.581053,73.779677,10.555255200462309,50c9509d-22c7-4a22-a47d-8c48425ef4a7,iNaturalist research-grade observations,28eb1a3f-1c15-4a95-931a-4af90ecb574d,6334464366
tridax procumbens,Tridax procumbens,3149462.0,3149462,18.599517,73.721173,16.777635894038184,50c9509d-22c7-4a22-a47d-8c48425ef4a7,iNaturalist research-grade observations,28eb1a3f-1c15-4a95-931a-4af90ecb574d,6334607331
canna indica,Canna indica,8034409.0,8034409,18.600625,73.721858,16.78132226909695,50c9509d-22c7-4a22-a47d-8c48425ef4a7,iNaturalist research-grade observations,28eb1a3f-1c15-4a95-931a-4af90ecb574d,6334639700
pongamia pinnata,Pongamia pinnata,2965911.0,2965911,18.581358,73.779557,10.586665755928792,50c9509d-22c7-4a22-a47d-8c48425ef4a7,iNaturalist research-grade observations,28eb1a3f-1c15-4a95-931a-4af90ecb574d,6334780399
phyllanthus reticulatus,Phyllanthus reticulatus,5382478.0,5382478,18.580863,73.779695,10.54031054610749,50c9509d-22c7-4a22-a47d-8c48425ef4a7,iNaturalist research-grade observations,28eb1a3f-1c15-4a95-931a-4af90ecb574d,6334904880
pongamia pinnata,Pongamia pinnata,2965911.0,2965911,18.58141,73.779562,10.589963078099471,50c9509d-22c7-4a22-a47d-8c48425ef4a7,iNaturalist research-grade observations,28eb1a3f-1c15-4a95-931a-4af90ecb574d,6334947370
mangifera indica,Mangifera indica,3190638.0,3190638,18.580847,73.77975,10.534710927673006,50c9509d-22c7-4a22-a47d-8c48425ef4a7,iNaturalist research-grade observations,28eb1a3f-1c15-4a95-931a-4af90ecb574d,6334987742
spathodea campanulata,Spathodea campanulata,3172574.0,3172574,18.595613,73.790314,10.904881717169486,50c9509d-22c7-4a22-a47d-8c48425ef4a7,iNaturalist research-grade observations,28eb1a3f-1c15-4a95-931a-4af90ecb574d,6352546882
melinis repens,Melinis repens,2702504.0,2702504,18.626177,73.649672,24.789520301317648,50c9509d-22c7-4a22-a47d-8c48425ef4a7,iNaturalist research-grade observations,28eb1a3f-1c15-4a95-931a-4af90ecb574d,6352579565
melinis repens,Melinis repens,2702504.0,2702504,18.623993,73.654277,24.24715154478919,50c9509d-22c7-4a22-a47d-8c48425ef4a7,iNaturalist research-grade observations,28eb1a3f-1c15-4a95-931a-4af90ecb574d,6352864383
passiflora vesicaria,Passiflora vesicaria,3588353.0,3588353,18.563058,73.794522,8.09120093565984,50c9509d-22c7-4a22-a47d-8c48425ef4a7,iNaturalist research-grade observations,28eb1a3f-1c15-4a95-931a-4af90ecb574d,6353360514
nerium oleander,Nerium oleander,3169756.0,3169756,18.600315,73.71869,17.04711614587919,50c9509d-22c7-4a22-a47d-8c48425ef4a7,iNaturalist research-grade observations,28eb1a3f-1c15-4a95-931a-4af90ecb574d,6398617211
tradescantia zebrina,Tradescantia zebrina,2765359.0,2765359,18.553411,73.918015,7.433687389782705,50c9509d-22c7-4a22-a47d-8c48425ef4a7,iNaturalist research-grade observations,28eb1a3f-1c15-4a95-931a-4af90ecb574d,6398808774
boswellia serrata,Boswellia serrata,5421354.0,5421354,18.527094,73.816645,4.288264395925187,50c9509d-22c7-4a22-a47d-8c48425ef4a7,iNaturalist research-grade observations,28eb1a3f-1c15-4a95-931a-4af90ecb574d,6398954812
boswellia serrata,Boswellia serrata,5421354.0,5421354,18.528158,73.816071,4.369674140804363,50c9509d-22c7-4a22-a47d-8c48425ef4a7,iNaturalist research-grade observations,28eb1a3f-1c15-4a95-931a-4af90ecb574d,6399617292
tectona grandis,Tectona grandis,2925649.0,2925649,18.635261,73.665828,23.829821006885396,50c9509d-22c7-4a22-a47d-8c48425ef4a7,iNaturalist research-grade observations,28eb1a3f-1c15-4a95-931a-4af90ecb574d,6400499758
catharanthus roseus,Catharanthus roseus,3169830.0,3169830,18.599938,73.718932,17.00352308032016,50c9509d-22c7-4a22-a47d-8c48425ef4a7,iNaturalist research-grade observations,28eb1a3f-1c15-4a95-931a-4af90ecb574d,6413049486
mesosphaerum suaveolens,Mesosphaerum suaveolens,3889017.0,3889017,18.522101,73.813771,4.530205025209557,50c9509d-22c7-4a22-a47d-8c48425ef4a7,iNaturalist research-grade observations,28eb1a3f-1c15-4a95-931a-4af90ecb574d,6413748812
carissa carandas,Carissa carandas,5414419.0,5414419,18.550052,73.984082,13.82835794544679,50c9509d-22c7-4a22-a47d-8c48425ef4a7,iNaturalist research-grade observations,28eb1a3f-1c15-4a95-931a-4af90ecb574d,6431780583
polyalthia longifolia,Polyalthia longifolia,3156422.0,3156422,18.553419,73.918152,7.4466889443734905,50c9509d-22c7-4a22-a47d-8c48425ef4a7,iNaturalist research-grade observations,28eb1a3f-1c15-4a95-931a-4af90ecb574d,6441193999
khaya senegalensis,Khaya senegalensis,3190508.0,3190508,18.534618,73.838627,2.4759432628315166,50c9509d-22c7-4a22-a47d-8c48425ef4a7,iNaturalist research-grade observations,28eb1a3f-1c15-4a95-931a-4af90ecb574d,6441386698
grangea maderaspatana,Grangea maderaspatana,8028873.0,8028873,18.620089,73.655093,23.967881400381035,50c9509d-22c7-4a22-a47d-8c48425ef4a7,iNaturalist research-grade observations,28eb1a3f-1c15-4a95-931a-4af90ecb574d,6451750970
calotropis gigantea,Calotropis gigantea,3579089.0,3579089,18.518229,73.780691,8.017797776895677,50c9509d-22c7-4a22-a47d-8c48425ef4a7,iNaturalist research-grade observations,28eb1a3f-1c15-4a95-931a-4af90ecb574d,6451805544
tridax procumbens,Tridax procumbens,3149462.0,3149462,18.548894,73.829934,4.242839417821149,50c9509d-22c7-4a22-a47d-8c48425ef4a7,iNaturalist research-grade observations,28eb1a3f-1c15-4a95-931a-4af90ecb574d,6452071330
solanum diphyllum,Solanum diphyllum,2931088.0,2931088,18.514364,73.925945,7.33185418861314,50c9509d-22c7-4a22-a47d-8c48425ef4a7,iNaturalist research-grade observations,28eb1a3f-1c15-4a95-931a-4af90ecb574d,6452142406
albizia lebbeck,Albizia lebbeck,2973215.0,2973215,18.530067,73.854492,1.099842491897655,50c9509d-22c7-4a22-a47d-8c48425ef4a7,iNaturalist research-grade observations,28eb1a3f-1c15-4a95-931a-4af90ecb574d,6452481513
grangea maderaspatana,Grangea maderaspatana,8028873.0,8028873,18.578508,73.781632,10.216309663746452,50c9509d-22c7-4a22-a47d-8c48425ef4a7,iNaturalist research-grade observations,28eb1a3f-1c15-4a95-931a-4af90ecb574d,6452660970
delonix regia,Delonix regia,2956176.0,2956176,18.531188,73.817271,4.326732264463228,50c9509d-22c7-4a22-a47d-8c48425ef4a7,iNaturalist research-grade observations,28eb1a3f-1c15-4a95-931a-4af90ecb574d,6479164308
kigelia africana,Kigelia africana,3172561.0,3172561,18.56371,73.827448,5.718612247637431,50c9509d-22c7-4a22-a47d-8c48425ef4a7,iNaturalist research-grade observations,28eb1a3f-1c15-4a95-931a-4af90ecb574d,6481308646
ficus auriculata,Ficus auriculata,5571773.0,5571773,18.599908,73.717812,17.102743528495747,50c9509d-22c7-4a22-a47d-8c48425ef4a7,iNaturalist research-grade observations,28eb1a3f-1c15-4a95-931a-4af90ecb574d,6518568296
manilkara hexandra,Manilkara hexandra,2885079.0,2885079,18.40774,73.75034,16.815852036638297,50c9509d-22c7-4a22-a47d-8c48425ef4a7,iNaturalist research-grade observations,28eb1a3f-1c15-4a95-931a-4af90ecb574d,6518652438
ficus auriculata,Ficus auriculata,5571773.0,5571773,18.600203,73.717077,17.18601646764038,50c9509d-22c7-4a22-a47d-8c48425ef4a7,iNaturalist research-grade observations,28eb1a3f-1c15-4a95-931a-4af90ecb574d,6519091368
heterophragma quadriloculare,Heterophragma quadriloculare,4091635.0,4091635,18.496862,73.793372,7.172151304018162,50c9509d-22c7-4a22-a47d-8c48425ef4a7,iNaturalist research-grade observations,28eb1a3f-1c15-4a95-931a-4af90ecb574d,6519263667
caryota urens,Caryota urens,2738914.0,2738914,18.530604,73.84929,1.3775931898292277,50c9509d-22c7-4a22-a47d-8c48425ef4a7,iNaturalist research-grade observations,28eb1a3f-1c15-4a95-931a-4af90ecb574d,6251439794
syzygium cumini,Syzygium cumini,3183840.0,3183840,18.531247,73.846945,1.5851079318646777,50c9509d-22c7-4a22-a47d-8c48425ef4a7,iNaturalist research-grade observations,28eb1a3f-1c15-4a95-931a-4af90ecb574d,6251443066
polyalthia longifolia,Polyalthia longifolia,3156422.0,3156422,18.530245,73.849413,1.3374138107903704,50c9509d-22c7-4a22-a47d-8c48425ef4a7,iNaturalist research-grade observations,28eb1a3f-1c15-4a95-931a-4af90ecb574d,6251465609
ficus benghalensis,Ficus benghalensis,5361919.0,5361919,18.630924,73.753639,16.402409070488396,50c9509d-22c7-4a22-a47d-8c48425ef4a7,iNaturalist research-grade observations,28eb1a3f-1c15-4a95-931a-4af90ecb574d,6251471874
ficus benjamina,Ficus benjamina,5361932.0,5361932,18.530924,73.847346,1.5303726297363869,50c9509d-22c7-4a22-a47d-8c48425ef4a7,iNaturalist research-grade observations,28eb1a3f-1c15-4a95-931a-4af90ecb574d,6251489934
catharanthus roseus,Catharanthus roseus,3169830.0,3169830,18.59243,73.781456,11.272237260728078,50c9509d-22c7-4a22-a47d-8c48425ef4a7,iNaturalist research-grade observations,28eb1a3f-1c15-4a95-931a-4af90ecb574d,6251491923
ficus benjamina,Ficus benjamina,5361932.0,5361932,18.532454,73.842617,2.000295089960309,50c9509d-22c7-4a22-a47d-8c48425ef4a7,iNaturalist research-grade observations,28eb1a3f-1c15-4a95-931a-4af90ecb574d,6251495201
saraca asoca,Saraca asoca,7458904.0,7458904,18.733355,73.796369,24.518029897470935,50c9509d-22c7-4a22-a47d-8c48425ef4a7,iNaturalist research-grade observations,28eb1a3f-1c15-4a95-931a-4af90ecb574d,6251506324
peltophorum pterocarpum,Peltophorum pterocarpum,2952775.0,2952775,18.531418,73.845422,1.7073021204526384,50c9509d-22c7-4a22-a47d-8c48425ef4a7,iNaturalist research-grade observations,28eb1a3f-1c15-4a95-931a-4af90ecb574d,6251517276
broussonetia papyrifera,Broussonetia papyrifera,5361944.0,5361944,18.531459,73.845721,1.6888149466551179,50c9509d-22c7-4a22-a47d-8c48425ef4a7,iNaturalist research-grade observations,28eb1a3f-1c15-4a95-931a-4af90ecb574d,6251523597
ficus benjamina,Ficus benjamina,5361932.0,5361932,18.531012,73.847159,1.5505852237698503,50c9509d-22c7-4a22-a47d-8c48425ef4a7,iNaturalist research-grade observations,28eb1a3f-1c15-4a95-931a-4af90ecb574d,6251527544
ficus benjamina,Ficus benjamina,5361932.0,5361932,18.531021,73.847097,1.5555935599699748,50c9509d-22c7-4a22-a47d-8c48425ef4a7,iNaturalist research-grade observations,28eb1a3f-1c15-4a95-931a-4af90ecb574d,6251539824
erythrina variegata,Erythrina variegata,5349581.0,5349581,18.528499,73.81793,4.185699022712651,50c9509d-22c7-4a22-a47d-8c48425ef4a7,iNaturalist research-grade observations,28eb1a3f-1c15-4a95-931a-4af90ecb574d,6251559492
cocos nucifera,Cocos nucifera,2735117.0,2735117,18.531342,73.846005,1.6588686696985153,50c9509d-22c7-4a22-a47d-8c48425ef4a7,iNaturalist research-grade observations,28eb1a3f-1c15-4a95-931a-4af90ecb574d,6251560761
tamarindus indica,Tamarindus indica,2975768.0,2975768,18.630741,73.753265,16.413329834856334,50c9509d-22c7-4a22-a47d-8c48425ef4a7,iNaturalist research-grade observations,28eb1a3f-1c15-4a95-931a-4af90ecb574d,6251568803
syzygium cumini,Syzygium cumini,3183840.0,3183840,18.531528,73.845374,1.7196106508740172,50c9509d-22c7-4a22-a47d-8c48425ef4a7,iNaturalist research-grade observations,28eb1a3f-1c15-4a95-931a-4af90ecb574d,6251571972
carica papaya,Carica papaya,2874484.0,2874484,18.531795,73.844423,1.81133375332948,50c9509d-22c7-4a22-a47d-8c48425ef4a7,iNaturalist research-grade observations,28eb1a3f-1c15-4a95-931a-4af90ecb574d,6251572859
phyllanthus reticulatus,Phyllanthus reticulatus,5382478.0,5382478,18.562987,73.794561,8.083243876767314,50c9509d-22c7-4a22-a47d-8c48425ef4a7,iNaturalist research-grade observations,28eb1a3f-1c15-4a95-931a-4af90ecb574d,6251580223
ficus benjamina,Ficus benjamina,5361932.0,5361932,18.532873,73.842199,2.064232665443642,50c9509d-22c7-4a22-a47d-8c48425ef4a7,iNaturalist research-grade observations,28eb1a3f-1c15-4a95-931a-4af90ecb574d,6251582973
cocos nucifera,Cocos nucifera,2735117.0,2735117,18.532695,73.842207,2.050358457788442,50c9509d-22c7-4a22-a47d-8c48425ef4a7,iNaturalist research-grade observations,28eb1a3f-1c15-4a95-931a-4af90ecb574d,6251585318
jatropha nana,Jatropha nana,3072834.0,3072834,18.4375,73.947621,13.300977083467515,50c9509d-22c7-4a22-a47d-8c48425ef4a7,iNaturalist research-grade observations,28eb1a3f-1c15-4a95-931a-4af90ecb574d,6251591594
grevillea robusta,Grevillea robusta,2891791.0,2891791,18.530964,73.847227,1.5418736888214226,50c9509d-22c7-4a22-a47d-8c48425ef4a7,iNaturalist research-grade observations,28eb1a3f-1c15-4a95-931a-4af90ecb574d,6251608226
calyptocarpus vialis,Calyptocarpus vialis,3091480.0,3091480,18.592422,73.780914,11.311883450894298,50c9509d-22c7-4a22-a47d-8c48425ef4a7,iNaturalist research-grade observations,28eb1a3f-1c15-4a95-931a-4af90ecb574d,6251611712
carissa spinarum,Carissa spinarum,5536282.0,5536282,18.361566,73.861528,17.668900590065384,50c9509d-22c7-4a22-a47d-8c48425ef4a7,iNaturalist research-grade observations,28eb1a3f-1c15-4a95-931a-4af90ecb574d,6251616022
ficus benjamina,Ficus benjamina,5361932.0,5361932,18.531066,73.846985,1.5670884106875722,50c9509d-22c7-4a22-a47d-8c48425ef4a7,iNaturalist research-grade observations,28eb1a3f-1c15-4a95-931a-4af90ecb574d,6251633001
ficus benjamina,Ficus benjamina,5361932.0,5361932,18.531128,73.847108,1.563895128959791,50c9509d-22c7-4a22-a47d-8c48425ef4a7,iNaturalist research-grade observations,28eb1a3f-1c15-4a95-931a-4af90ecb574d,6251635343
ficus benjamina,Ficus benjamina,5361932.0,5361932,18.531089,73.846983,1.569162482661929,50c9509d-22c7-4a22-a47d-8c48425ef4a7,iNaturalist research-grade observations,28eb1a3f-1c15-4a95-931a-4af90ecb574d,6251647551
broussonetia papyrifera,Broussonetia papyrifera,5361944.0,5361944,18.532698,73.842318,2.0418750553948035,50c9509d-22c7-4a22-a47d-8c48425ef4a7,iNaturalist research-grade observations,28eb1a3f-1c15-4a95-931a-4af90ecb574d,6251762092
ficus benjamina,Ficus benjamina,5361932.0,5361932,18.530992,73.847052,1.556243904419308,50c9509d-22c7-4a22-a47d-8c48425ef4a7,iNaturalist research-grade observations,28eb1a3f-1c15-4a95-931a-4af90ecb574d,6251815969
samanea saman,Samanea saman,2972960.0,2972960,18.531669,73.844939,1.7628792156359812,50c9509d-22c7-4a22-a47d-8c48425ef4a7,iNaturalist research-grade observations,28eb1a3f-1c15-4a95-931a-4af90ecb574d,6251835511
euphorbia hirta,Euphorbia hirta,3068937.0,3068937,18.593275,73.781151,11.361691574862542,50c9509d-22c7-4a22-a47d-8c48425ef4a7,iNaturalist research-grade observations,28eb1a3f-1c15-4a95-931a-4af90ecb574d,6251866212
polyalthia longifolia,Polyalthia longifolia,3156422.0,3156422,18.531307,73.846056,1.6523597598583453,50c9509d-22c7-4a22-a47d-8c48425ef4a7,iNaturalist research-grade observations,28eb1a3f-1c15-4a95-931a-4af90ecb574d,6251880551
samanea saman,Samanea saman,2972960.0,2972960,18.531654,73.844661,1.782446227132093,50c9509d-22c7-4a22-a47d-8c48425ef4a7,iNaturalist research-grade observations,28eb1a3f-1c15-4a95-931a-4af90ecb574d,6251893109
leucaena leucocephala,Leucaena leucocephala,2970418.0,2970418,18.531525,73.845127,1.7375582424334803,50c9509d-22c7-4a22-a47d-8c48425ef4a7,iNaturalist research-grade observations,28eb1a3f-1c15-4a95-931a-4af90ecb574d,6251910118
euphorbia hirta,Euphorbia hirta,3068937.0,3068937,18.592773,73.781044,11.329892509677418,50c9509d-22c7-4a22-a47d-8c48425ef4a7,iNaturalist research-grade observations,28eb1a3f-1c15-4a95-931a-4af90ecb574d,6251921533
peltophorum pterocarpum,Peltophorum pterocarpum,2952775.0,2952775,18.531337,73.845922,1.6644231725594192,50c9509d-22c7-4a22-a47d-8c48425ef4a7,iNaturalist research-grade observations,28eb1a3f-1c15-4a95-931a-4af90ecb574d,6251935905
polyalthia longifolia,Polyalthia longifolia,3156422.0,3156422,18.4976,73.895242,4.7899444157838635,50c9509d-22c7-4a22-a47d-8c48425ef4a7,iNaturalist research-grade observations,28eb1a3f-1c15-4a95-931a-4af90ecb574d,6251938154
bauhinia variegata,Bauhinia variegata,2953251.0,2953251,18.530585,73.84909,1.3879359430308658,50c9509d-22c7-4a22-a47d-8c48425ef4a7,iNaturalist research-grade observations,28eb1a3f-1c15-4a95-931a-4af90ecb574d,6251992404
mangifera indica,Mangifera indica,3190638.0,3190638,18.530967,73.847429,1.528420546537086,50c9509d-22c7-4a22-a47d-8c48425ef4a7,iNaturalist research-grade observations,28eb1a3f-1c15-4a95-931a-4af90ecb574d,6252033025
ficus benjamina,Ficus benjamina,5361932.0,5361932,18.530942,73.847124,1.547075896004736,50c9509d-22c7-4a22-a47d-8c48425ef4a7,iNaturalist research-grade observations,28eb1a3f-1c15-4a95-931a-4af90ecb574d,6252065043
woodfordia fruticosa,Woodfordia fruticosa,5635525.0,5635525,18.417172,73.906533,12.624502778436707,50c9509d-22c7-4a22-a47d-8c48425ef4a7,iNaturalist research-grade observations,28eb1a3f-1c15-4a95-931a-4af90ecb574d,6252066713
samanea saman,Samanea saman,2972960.0,2972960,18.531696,73.844733,1.78034014214296,50c9509d-22c7-4a22-a47d-8c48425ef4a7,iNaturalist research-grade observations,28eb1a3f-1c15-4a95-931a-4af90ecb574d,6252069024
broussonetia papyrifera,Broussonetia papyrifera,5361944.0,5361944,18.531218,73.846313,1.6267465653430278,50c9509d-22c7-4a22-a47d-8c48425ef4a7,iNaturalist research-grade observations,28eb1a3f-1c15-4a95-931a-4af90ecb574d,6252072238
ficus benjamina,Ficus benjamina,5361932.0,5361932,18.531031,73.847034,1.5607669051508488,50c9509d-22c7-4a22-a47d-8c48425ef4a7,iNaturalist research-grade observations,28eb1a3f-1c15-4a95-931a-4af90ecb574d,6252116806
grevillea robusta,Grevillea robusta,2891791.0,2891791,18.53052,73.849287,1.3700908773865859,50c9509d-22c7-4a22-a47d-8c48425ef4a7,iNaturalist research-grade observations,28eb1a3f-1c15-4a95-931a-4af90ecb574d,6252128946
polyalthia longifolia,Polyalthia longifolia,3156422.0,3156422,18.531059,73.847467,1.533752756483162,50c9509d-22c7-4a22-a47d-8c48425ef4a7,iNaturalist research-grade observations,28eb1a3f-1c15-4a95-931a-4af90ecb574d,6252130166
terminalia catappa,Terminalia catappa,3189394.0,3189394,18.531576,73.845034,1.7484836903087286,50c9509d-22c7-4a22-a47d-8c48425ef4a7,iNaturalist research-grade observations,28eb1a3f-1c15-4a95-931a-4af90ecb574d,6252142862
ficus benjamina,Ficus benjamina,5361932.0,5361932,18.531087,73.846908,1.5741687180385313,50c9509d-22c7-4a22-a47d-8c48425ef4a7,iNaturalist research-grade observations,28eb1a3f-1c15-4a95-931a-4af90ecb574d,6252151930
peltophorum pterocarpum,Peltophorum pterocarpum,2952775.0,2952775,18.531443,73.845485,1.704683955980858,50c9509d-22c7-4a22-a47d-8c48425ef4a7,iNaturalist research-grade observations,28eb1a3f-1c15-4a95-931a-4af90ecb574d,6252240362
ficus racemosa,Ficus racemosa,5361904.0,5361904,18.532427,73.842297,2.023479718910944,50c9509d-22c7-4a22-a47d-8c48425ef4a7,iNaturalist research-grade observations,28eb1a3f-1c15-4a95-931a-4af90ecb574d,6252249576
ficus benjamina,Ficus benjamina,5361932.0,5361932,18.53094,73.847182,1.5429231731411712,50c9509d-22c7-4a22-a47d-8c48425ef4a7,iNaturalist research-grade observations,28eb1a3f-1c15-4a95-931a-4af90ecb574d,6252274907
ficus benjamina,Ficus benjamina,5361932.0,5361932,18.531065,73.847012,1.5651449833571347,50c9509d-22c7-4a22-a47d-8c48425ef4a7,iNaturalist research-grade observations,28eb1a3f-1c15-4a95-931a-4af90ecb574d,6252296336
polyalthia longifolia,Polyalthia longifolia,3156422.0,3156422,18.462543,73.818722,7.57814914938984,50c9509d-22c7-4a22-a47d-8c48425ef4a7,iNaturalist research-grade observations,28eb1a3f-1c15-4a95-931a-4af90ecb574d,6252302119
azadirachta indica,Azadirachta indica,3190474.0,3190474,18.532238,73.843002,1.9540934139284007,50c9509d-22c7-4a22-a47d-8c48425ef4a7,iNaturalist research-grade observations,28eb1a3f-1c15-4a95-931a-4af90ecb574d,6252302787
ficus benjamina,Ficus benjamina,5361932.0,5361932,18.531158,73.847058,1.5698496689614394,50c9509d-22c7-4a22-a47d-8c48425ef4a7,iNaturalist research-grade observations,28eb1a3f-1c15-4a95-931a-4af90ecb574d,6252303360
euphorbia hirta,Euphorbia hirta,3068937.0,3068937,18.591951,73.781013,11.267481289275187,50c9509d-22c7-4a22-a47d-8c48425ef4a7,iNaturalist research-grade observations,28eb1a3f-1c15-4a95-931a-4af90ecb574d,6252307362
mangifera indica,Mangifera indica,3190638.0,3190638,18.531495,73.845374,1.7169722075580147,50c9509d-22c7-4a22-a47d-8c48425ef4a7,iNaturalist research-grade observations,28eb1a3f-1c15-4a95-931a-4af90ecb574d,6252312322
ficus racemosa,Ficus racemosa,5361904.0,5361904,18.532115,73.843329,1.9194447867319018,50c9509d-22c7-4a22-a47d-8c48425ef4a7,iNaturalist research-grade observations,28eb1a3f-1c15-4a95-931a-4af90ecb574d,6252317813
parthenium hysterophorus,Parthenium hysterophorus,3086784.0,3086784,18.592412,73.780612,11.333603612717805,50c9509d-22c7-4a22-a47d-8c48425ef4a7,iNaturalist research-grade observations,28eb1a3f-1c15-4a95-931a-4af90ecb574d,6252358106
arivela viscosa,Arivela viscosa,6370562.0,6370562,18.561037,73.728418,14.25889360404576,50c9509d-22c7-4a22-a47d-8c48425ef4a7,iNaturalist research-grade observations,28eb1a3f-1c15-4a95-931a-4af90ecb574d,6252362766
ficus benjamina,Ficus benjamina,5361932.0,5361932,18.53111,73.846865,1.579073610260833,50c9509d-22c7-4a22-a47d-8c48425ef4a7,iNaturalist research-grade observations,28eb1a3f-1c15-4a95-931a-4af90ecb574d,6252372124
polyalthia longifolia,Polyalthia longifolia,3156422.0,3156422,18.532639,73.809212,5.188445303898366,50c9509d-22c7-4a22-a47d-8c48425ef4a7,iNaturalist research-grade observations,28eb1a3f-1c15-4a95-931a-4af90ecb574d,6252407460
glycosmis pentaphylla,Glycosmis pentaphylla,8241662.0,8241662,18.562477,73.794195,8.081590531718081,50c9509d-22c7-4a22-a47d-8c48425ef4a7,iNaturalist research-grade observations,28eb1a3f-1c15-4a95-931a-4af90ecb574d,6252411583
phyllanthus acidus,Phyllanthus acidus,5381567.0,5381567,18.546726,73.82055,4.805693736415733,50c9509d-22c7-4a22-a47d-8c48425ef4a7,iNaturalist research-grade observations,28eb1a3f-1c15-4a95-931a-4af90ecb574d,6252447665
caryota urens,Caryota urens,2738914.0,2738914,18.5306,73.849311,1.3759720973772538,50c9509d-22c7-4a22-a47d-8c48425ef4a7,iNaturalist research-grade observations,28eb1a3f-1c15-4a95-931a-4af90ecb574d,6252465319
polyalthia longifolia,Polyalthia longifolia,3156422.0,3156422,18.532746,73.84231,2.046078608205014,50c9509d-22c7-4a22-a47d-8c48425ef4a7,iNaturalist research-grade observations,28eb1a3f-1c15-4a95-931a-4af90ecb574d,6252534094
ficus benjamina,Ficus benjamina,5361932.0,5361932,18.530911,73.847065,1.548539340444614,50c9509d-22c7-4a22-a47d-8c48425ef4a7,iNaturalist research-grade observations,28eb1a3f-1c15-4a95-931a-4af90ecb574d,6252548846
azadirachta indica,Azadirachta indica,3190474.0,3190474,18.532167,73.842973,1.9510511858689197,50c9509d-22c7-4a22-a47d-8c48425ef4a7,iNaturalist research-grade observations,28eb1a3f-1c15-4a95-931a-4af90ecb574d,6252557241
argemone mexicana,Argemone mexicana,2888485.0,2888485,18.561052,73.728415,14.259721652963846,50c9509d-22c7-4a22-a47d-8c48425ef4a7,iNaturalist research-grade observations,28eb1a3f-1c15-4a95-931a-4af90ecb574d,6252569419
ficus religiosa,Ficus religiosa,5361935.0,5361935,18.532174,73.84333,1.9238257431392651,50c9509d-22c7-4a22-a47d-8c48425ef4a7,iNaturalist research-grade observations,28eb1a3f-1c15-4a95-931a-4af90ecb574d,6252625327
syzygium cumini,Syzygium cumini,3183840.0,3183840,18.530216,73.849343,1.3390373466408092,50c9509d-22c7-4a22-a47d-8c48425ef4a7,iNaturalist research-grade observations,28eb1a3f-1c15-4a95-931a-4af90ecb574d,6252640456
polyalthia longifolia,Polyalthia longifolia,3156422.0,3156422,18.531038,73.847408,1.5359093389815448,50c9509d-22c7-4a22-a47d-8c48425ef4a7,iNaturalist research-grade observations,28eb1a3f-1c15-4a95-931a-4af90ecb574d,6252641240
artocarpus heterophyllus,Artocarpus heterophyllus,2984565.0,2984565,18.630753,73.753258,16.414817118532557,50c9509d-22c7-4a22-a47d-8c48425ef4a7,iNaturalist research-grade observations,28eb1a3f-1c15-4a95-931a-4af90ecb574d,6252650744
ficus benjamina,Ficus benjamina,5361932.0,5361932,18.531058,73.847034,1.5630419800146642,50c9509d-22c7-4a22-a47d-8c48425ef4a7,iNaturalist research-grade observations,28eb1a3f-1c15-4a95-931a-4af90ecb574d,6252691509
broussonetia papyrifera,Broussonetia papyrifera,5361944.0,5361944,18.531517,73.845097,1.7391484861783721,50c9509d-22c7-4a22-a47d-8c48425ef4a7,iNaturalist research-grade observations,28eb1a3f-1c15-4a95-931a-4af90ecb574d,6252706042
momordica charantia,Momordica charantia,2874581.0,2874581,18.568307,73.82482,6.29860424514415,50c9509d-22c7-4a22-a47d-8c48425ef4a7,iNaturalist research-grade observations,28eb1a3f-1c15-4a95-931a-4af90ecb574d,6252740939
ficus benjamina,Ficus benjamina,5361932.0,5361932,18.531063,73.846893,1.5731941354165282,50c9509d-22c7-4a22-a47d-8c48425ef4a7,iNaturalist research-grade observations,28eb1a3f-1c15-4a95-931a-4af90ecb574d,6252818171
broussonetia papyrifera,Broussonetia papyrifera,5361944.0,5361944,18.532208,73.843302,1.9285616942370138,50c9509d-22c7-4a22-a47d-8c48425ef4a7,iNaturalist research-grade observations,28eb1a3f-1c15-4a95-931a-4af90ecb574d,6252830140
cocos nucifera,Cocos nucifera,2735117.0,2735117,18.630753,73.753258,16.414817118532557,50c9509d-22c7-4a22-a47d-8c48425ef4a7,iNaturalist research-grade observations,28eb1a3f-1c15-4a95-931a-4af90ecb574d,6252878252
holoptelea integrifolia,Holoptelea integrifolia,4160169.0,4160169,18.532217,73.843066,1.9475355030426567,50c9509d-22c7-4a22-a47d-8c48425ef4a7,iNaturalist research-grade observations,28eb1a3f-1c15-4a95-931a-4af90ecb574d,6252928573
cocos nucifera,Cocos nucifera,2735117.0,2735117,18.531176,73.846112,1.6376679050358192,50c9509d-22c7-4a22-a47d-8c48425ef4a7,iNaturalist research-grade observations,28eb1a3f-1c15-4a95-931a-4af90ecb574d,6252929833
broussonetia papyrifera,Broussonetia papyrifera,5361944.0,5361944,18.532852,73.842065,2.073158071994539,50c9509d-22c7-4a22-a47d-8c48425ef4a7,iNaturalist research-grade observations,28eb1a3f-1c15-4a95-931a-4af90ecb574d,6252946343
azadirachta indica,Azadirachta indica,3190474.0,3190474,18.532453,73.842717,1.992406612681879,50c9509d-22c7-4a22-a47d-8c48425ef4a7,iNaturalist research-grade observations,28eb1a3f-1c15-4a95-931a-4af90ecb574d,6252993419
lantana camara,Lantana camara,2925303.0,2925303,18.592531,73.780876,11.323292912040143,50c9509d-22c7-4a22-a47d-8c48425ef4a7,iNaturalist research-grade observations,28eb1a3f-1c15-4a95-931a-4af90ecb574d,6253019624
syzygium cumini,Syzygium cumini,3183840.0,3183840,18.531069,73.846803,1.5799478442725845,50c9509d-22c7-4a22-a47d-8c48425ef4a7,iNaturalist research-grade observations,28eb1a3f-1c15-4a95-931a-4af90ecb574d,6253026847
broussonetia papyrifera,Broussonetia papyrifera,5361944.0,5361944,18.531523,73.845133,1.7369557103520628,50c9509d-22c7-4a22-a47d-8c48425ef4a7,iNaturalist research-grade observations,28eb1a3f-1c15-4a95-931a-4af90ecb574d,6253068106
parthenium hysterophorus,Parthenium hysterophorus,3086784.0,3086784,18.592482,73.780922,11.316011499557206,50c9509d-22c7-4a22-a47d-8c48425ef4a7,iNaturalist research-grade observations,28eb1a3f-1c15-4a95-931a-4af90ecb574d,6253123793
ficus benjamina,Ficus benjamina,5361932.0,5361932,18.530912,73.847015,1.5520864059286625,50c9509d-22c7-4a22-a47d-8c48425ef4a7,iNaturalist research-grade observations,28eb1a3f-1c15-4a95-931a-4af90ecb574d,6253134756
tinospora cordifolia,Tinospora cordifolia,7520328.0,7520328,18.458834,73.80896,8.497707080536827,50c9509d-22c7-4a22-a47d-8c48425ef4a7,iNaturalist research-grade observations,28eb1a3f-1c15-4a95-931a-4af90ecb574d,6253145856
ficus benjamina,Ficus benjamina,5361932.0,5361932,18.530923,73.847164,1.5427239642251025,50c9509d-22c7-4a22-a47d-8c48425ef4a7,iNaturalist research-grade observations,28eb1a3f-1c15-4a95-931a-4af90ecb574d,6253178010
grevillea robusta,Grevillea robusta,2891791.0,2891791,18.530958,73.847058,1.5529705447321087,50c9509d-22c7-4a22-a47d-8c48425ef4a7,iNaturalist research-grade observations,28eb1a3f-1c15-4a95-931a-4af90ecb574d,6253183858
cyanthillium cinereum,Cyanthillium cinereum,6445734.0,6445734,18.592752,73.781052,11.327640690934333,50c9509d-22c7-4a22-a47d-8c48425ef4a7,iNaturalist research-grade observations,28eb1a3f-1c15-4a95-931a-4af90ecb574d,6253188049
tamarindus indica,Tamarindus indica,2975768.0,2975768,18.530953,73.846838,1.5678362298049073,50c9509d-22c7-4a22-a47d-8c48425ef4a7,iNaturalist research-grade observations,28eb1a3f-1c15-4a95-931a-4af90ecb574d,6253190829
ficus benjamina,Ficus benjamina,5361932.0,5361932,18.531019,73.847139,1.5525459268179247,50c9509d-22c7-4a22-a47d-8c48425ef4a7,iNaturalist research-grade observations,28eb1a3f-1c15-4a95-931a-4af90ecb574d,6253202963
peltophorum pterocarpum,Peltophorum pterocarpum,2952775.0,2952775,18.530864,73.847671,1.5033487366337719,50c9509d-22c7-4a22-a47d-8c48425ef4a7,iNaturalist research-grade observations,28eb1a3f-1c15-4a95-931a-4af90ecb574d,6253207000
senna siamea,Senna siamea,2956905.0,2956905,18.531734,73.844423,1.806595633098096,50c9509d-22c7-4a22-a47d-8c48425ef4a7,iNaturalist research-grade observations,28eb1a3f-1c15-4a95-931a-4af90ecb574d,6253322699
polyalthia longifolia,Polyalthia longifolia,3156422.0,3156422,18.531541,73.845047,1.7447544192895659,50c9509d-22c7-4a22-a47d-8c48425ef4a7,iNaturalist research-grade observations,28eb1a3f-1c15-4a95-931a-4af90ecb574d,6253333129
ficus religiosa,Ficus religiosa,5361935.0,5361935,18.630924,73.753639,16.402409070488396,50c9509d-22c7-4a22-a47d-8c48425ef4a7,iNaturalist research-grade observations,28eb1a3f-1c15-4a95-931a-4af90ecb574d,6253337346
ficus racemosa,Ficus racemosa,5361904.0,5361904,18.532073,73.843265,1.9212479994862839,50c9509d-22c7-4a22-a47d-8c48425ef4a7,iNaturalist research-grade observations,28eb1a3f-1c15-4a95-931a-4af90ecb574d,6253349962
lantana camara,Lantana camara,2925303.0,2925303,18.593391,73.781059,11.377687192476964,50c9509d-22c7-4a22-a47d-8c48425ef4a7,iNaturalist research-grade observations,28eb1a3f-1c15-4a95-931a-4af90ecb574d,6253369046
polyalthia longifolia,Polyalthia longifolia,3156422.0,3156422,18.531523,73.845091,1.7400676609056491,50c9509d-22c7-4a22-a47d-8c48425ef4a7,iNaturalist research-grade observations,28eb1a3f-1c15-4a95-931a-4af90ecb574d,6253373615
portulaca oleracea,Portulaca oleracea,3084719.0,3084719,18.446882,73.823778,8.881567476319383,50c9509d-22c7-4a22-a47d-8c48425ef4a7,iNaturalist research-grade observations,28eb1a3f-1c15-4a95-931a-4af90ecb574d,6273152843
ficus racemosa,Ficus racemosa,5361904.0,5361904,18.518284,73.947181,9.542946886525467,50c9509d-22c7-4a22-a47d-8c48425ef4a7,iNaturalist research-grade observations,28eb1a3f-1c15-4a95-931a-4af90ecb574d,6273153076
lagerstroemia speciosa,Lagerstroemia speciosa,3188724.0,3188724,18.588741,73.760587,12.664931528344779,50c9509d-22c7-4a22-a47d-8c48425ef4a7,iNaturalist research-grade observations,28eb1a3f-1c15-4a95-931a-4af90ecb574d,6273188465
polyalthia longifolia,Polyalthia longifolia,3156422.0,3156422,18.529703,73.871338,1.8579468407092763,50c9509d-22c7-4a22-a47d-8c48425ef4a7,iNaturalist research-grade observations,28eb1a3f-1c15-4a95-931a-4af90ecb574d,6273230053
polyalthia longifolia,Polyalthia longifolia,3156422.0,3156422,18.529433,73.851855,1.1268596846736758,50c9509d-22c7-4a22-a47d-8c48425ef4a7,iNaturalist research-grade observations,28eb1a3f-1c15-4a95-931a-4af90ecb574d,6273233686
mitragyna parvifolia,Mitragyna parvifolia,2900484.0,2900484,18.546238,73.807335,5.944829485025848,50c9509d-22c7-4a22-a47d-8c48425ef4a7,iNaturalist research-grade observations,28eb1a3f-1c15-4a95-931a-4af90ecb574d,6273261673
ficus benjamina,Ficus benjamina,5361932.0,5361932,18.588623,73.76074,12.644158896584441,50c9509d-22c7-4a22-a47d-8c48425ef4a7,iNaturalist research-grade observations,28eb1a3f-1c15-4a95-931a-4af90ecb574d,6273271587
ficus benjamina,Ficus benjamina,5361932.0,5361932,18.588546,73.760949,12.621399402100703,50c9509d-22c7-4a22-a47d-8c48425ef4a7,iNaturalist research-grade observations,28eb1a3f-1c15-4a95-931a-4af90ecb574d,6273286229
senna siamea,Senna siamea,2956905.0,2956905,18.588862,73.761583,12.589224299961236,50c9509d-22c7-4a22-a47d-8c48425ef4a7,iNaturalist research-grade observations,28eb1a3f-1c15-4a95-931a-4af90ecb574d,6273288391
tamarindus indica,Tamarindus indica,2975768.0,2975768,18.462788,73.686657,19.041690136467114,50c9509d-22c7-4a22-a47d-8c48425ef4a7,iNaturalist research-grade observations,28eb1a3f-1c15-4a95-931a-4af90ecb574d,6273293362
lagerstroemia speciosa,Lagerstroemia speciosa,3188724.0,3188724,18.587799,73.759441,12.699709803566432,50c9509d-22c7-4a22-a47d-8c48425ef4a7,iNaturalist research-grade observations,28eb1a3f-1c15-4a95-931a-4af90ecb574d,6273313154
cocos nucifera,Cocos nucifera,2735117.0,2735117,18.529687,73.87047,1.7816238790187722,50c9509d-22c7-4a22-a47d-8c48425ef4a7,iNaturalist research-grade observations,28eb1a3f-1c15-4a95-931a-4af90ecb574d,6273317913
ficus benjamina,Ficus benjamina,5361932.0,5361932,18.588715,73.76088,12.638498929879058,50c9509d-22c7-4a22-a47d-8c48425ef4a7,iNaturalist research-grade observations,28eb1a3f-1c15-4a95-931a-4af90ecb574d,6273387825
vachellia nilotica,Vachellia nilotica,3974744.0,3974744,18.588487,73.761121,12.60296320391182,50c9509d-22c7-4a22-a47d-8c48425ef4a7,iNaturalist research-grade observations,28eb1a3f-1c15-4a95-931a-4af90ecb574d,6273390015
ficus benghalensis,Ficus benghalensis,5361919.0,5361919,18.529421,73.852048,1.1165835701174698,50c9509d-22c7-4a22-a47d-8c48425ef4a7,iNaturalist research-grade observations,28eb1a3f-1c15-4a95-931a-4af90ecb574d,6273407624
dypsis lutescens,Dypsis lutescens,2735935.0,2735935,18.446959,73.824044,8.86274901898282,50c9509d-22c7-4a22-a47d-8c48425ef4a7,iNaturalist research-grade observations,28eb1a3f-1c15-4a95-931a-4af90ecb574d,6273442546
ficus benjamina,Ficus benjamina,5361932.0,5361932,18.587704,73.759351,12.701145425747455,50c9509d-22c7-4a22-a47d-8c48425ef4a7,iNaturalist research-grade observations,28eb1a3f-1c15-4a95-931a-4af90ecb574d,6273457320
senna siamea,Senna siamea,2956905.0,2956905,18.589116,73.761323,12.628127723018618,50c9509d-22c7-4a22-a47d-8c48425ef4a7,iNaturalist research-grade observations,28eb1a3f-1c15-4a95-931a-4af90ecb574d,6273463564
broussonetia papyrifera,Broussonetia papyrifera,5361944.0,5361944,18.519328,73.830397,2.775861708409732,50c9509d-22c7-4a22-a47d-8c48425ef4a7,iNaturalist research-grade observations,28eb1a3f-1c15-4a95-931a-4af90ecb574d,6273464173
ficus racemosa,Ficus racemosa,5361904.0,5361904,18.477666,73.686463,18.569673687317223,50c9509d-22c7-4a22-a47d-8c48425ef4a7,iNaturalist research-grade observations,28eb1a3f-1c15-4a95-931a-4af90ecb574d,6273469539
azadirachta indica,Azadirachta indica,3190474.0,3190474,18.588951,73.761132,12.633089101082774,50c9509d-22c7-4a22-a47d-8c48425ef4a7,iNaturalist research-grade observations,28eb1a3f-1c15-4a95-931a-4af90ecb574d,6273486055
azadirachta indica,Azadirachta indica,3190474.0,3190474,18.588668,73.761047,12.62129082893604,50c9509d-22c7-4a22-a47d-8c48425ef4a7,iNaturalist research-grade observations,28eb1a3f-1c15-4a95-931a-4af90ecb574d,6273492329
wodyetia bifurcata,Wodyetia bifurcata,2736620.0,2736620,18.587762,73.759316,12.70792552653203,50c9509d-22c7-4a22-a47d-8c48425ef4a7,iNaturalist research-grade observations,28eb1a3f-1c15-4a95-931a-4af90ecb574d,6273494751
ixora coccinea,Ixora coccinea,8793122.0,8793122,18.605211,73.716693,17.5139633403875,50c9509d-22c7-4a22-a47d-8c48425ef4a7,iNaturalist research-grade observations,28eb1a3f-1c15-4a95-931a-4af90ecb574d,6273497649
ficus benghalensis,Ficus benghalensis,5361919.0,5361919,18.529446,73.851975,1.122476190186303,50c9509d-22c7-4a22-a47d-8c48425ef4a7,iNaturalist research-grade observations,28eb1a3f-1c15-4a95-931a-4af90ecb574d,6273510890
ficus benjamina,Ficus benjamina,5361932.0,5361932,18.588596,73.76073,12.643201993498034,50c9509d-22c7-4a22-a47d-8c48425ef4a7,iNaturalist research-grade observations,28eb1a3f-1c15-4a95-931a-4af90ecb574d,6273511828
cassia fistula,Cassia fistula,5357108.0,5357108,18.588329,73.76052,12.643169391216677,50c9509d-22c7-4a22-a47d-8c48425ef4a7,iNaturalist research-grade observations,28eb1a3f-1c15-4a95-931a-4af90ecb574d,6273540768
cassia fistula,Cassia fistula,5357108.0,5357108,18.543882,73.807304,5.8256922609313095,50c9509d-22c7-4a22-a47d-8c48425ef4a7,iNaturalist research-grade observations,28eb1a3f-1c15-4a95-931a-4af90ecb574d,6273567343
samanea saman,Samanea saman,2972960.0,2972960,18.491688,73.735122,13.211381417753188,50c9509d-22c7-4a22-a47d-8c48425ef4a7,iNaturalist research-grade observations,28eb1a3f-1c15-4a95-931a-4af90ecb574d,6273584387
ficus benjamina,Ficus benjamina,5361932.0,5361932,18.530814,73.847095,1.5383309825177078,50c9509d-22c7-4a22-a47d-8c48425ef4a7,iNaturalist research-grade observations,28eb1a3f-1c15-4a95-931a-4af90ecb574d,6273584785
cordia sinensis,Cordia sinensis,5660676.0,5660676,18.524569,73.878624,2.3575839173216773,50c9509d-22c7-4a22-a47d-8c48425ef4a7,iNaturalist research-grade observations,28eb1a3f-1c15-4a95-931a-4af90ecb574d,6273593599
lagerstroemia speciosa,Lagerstroemia speciosa,3188724.0,3188724,18.588082,73.759311,12.729348345615978,50c9509d-22c7-4a22-a47d-8c48425ef4a7,iNaturalist research-grade observations,28eb1a3f-1c15-4a95-931a-4af90ecb574d,6273596338
ficus racemosa,Ficus racemosa,5361904.0,5361904,18.58783,73.759672,12.682096032317636,50c9509d-22c7-4a22-a47d-8c48425ef4a7,iNaturalist research-grade observations,28eb1a3f-1c15-4a95-931a-4af90ecb574d,6273602381
bauhinia purpurea,Bauhinia purpurea,2953871.0,2953871,18.588562,73.761185,12.602582251943156,50c9509d-22c7-4a22-a47d-8c48425ef4a7,iNaturalist research-grade observations,28eb1a3f-1c15-4a95-931a-4af90ecb574d,6273609091
couroupita guianensis,Couroupita guianensis,3082562.0,3082562,18.492219,73.684397,18.436746180606335,50c9509d-22c7-4a22-a47d-8c48425ef4a7,iNaturalist research-grade observations,28eb1a3f-1c15-4a95-931a-4af90ecb574d,6273609727
ficus benjamina,Ficus benjamina,5361932.0,5361932,18.587759,73.759308,12.708410259561935,50c9509d-22c7-4a22-a47d-8c48425ef4a7,iNaturalist research-grade observations,28eb1a3f-1c15-4a95-931a-4af90ecb574d,6273616848
nerium oleander,Nerium oleander,3169756.0,3169756,18.605211,73.716693,17.5139633403875,50c9509d-22c7-4a22-a47d-8c48425ef4a7,iNaturalist research-grade observations,28eb1a3f-1c15-4a95-931a-4af90ecb574d,6273620875
ficus benjamina,Ficus benjamina,5361932.0,5361932,18.588646,73.760767,12.643416269302207,50c9509d-22c7-4a22-a47d-8c48425ef4a7,iNaturalist research-grade observations,28eb1a3f-1c15-4a95-931a-4af90ecb574d,6273623584
ficus religiosa,Ficus religiosa,5361935.0,5361935,18.588904,73.76198,12.558749291728782,50c9509d-22c7-4a22-a47d-8c48425ef4a7,iNaturalist research-grade observations,28eb1a3f-1c15-4a95-931a-4af90ecb574d,6273624328
ipomoea carnea,Ipomoea carnea,2928590.0,2928590,18.709422,73.791727,22.105365089315907,50c9509d-22c7-4a22-a47d-8c48425ef4a7,iNaturalist research-grade observations,28eb1a3f-1c15-4a95-931a-4af90ecb574d,6273637890
samanea saman,Samanea saman,2972960.0,2972960,18.500217,73.816282,4.816576676281174,50c9509d-22c7-4a22-a47d-8c48425ef4a7,iNaturalist research-grade observations,28eb1a3f-1c15-4a95-931a-4af90ecb574d,6273677885
passiflora l.,Passiflora L.,,2874172,18.605211,73.716693,17.5139633403875,50c9509d-22c7-4a22-a47d-8c48425ef4a7,iNaturalist research-grade observations,28eb1a3f-1c15-4a95-931a-4af90ecb574d,6273680889
punica granatum,Punica granatum,5420901.0,5420901,18.446877,73.823836,8.879690089285612,50c9509d-22c7-4a22-a47d-8c48425ef4a7,iNaturalist research-grade observations,28eb1a3f-1c15-4a95-931a-4af90ecb574d,6273683074
polyalthia longifolia,Polyalthia longifolia,3156422.0,3156422,18.529411,73.851815,1.126601514836888,50c9509d-22c7-4a22-a47d-8c48425ef4a7,iNaturalist research-grade observations,28eb1a3f-1c15-4a95-931a-4af90ecb574d,6273684885
ficus racemosa,Ficus racemosa,5361904.0,5361904,18.588876,73.760427,12.687428452903905,50c9509d-22c7-4a22-a47d-8c48425ef4a7,iNaturalist research-grade observations,28eb1a3f-1c15-4a95-931a-4af90ecb574d,6273688538
ficus benjamina,Ficus benjamina,5361932.0,5361932,18.531144,73.846784,1.5875377714745507,50c9509d-22c7-4a22-a47d-8c48425ef4a7,iNaturalist research-grade observations,28eb1a3f-1c15-4a95-931a-4af90ecb574d,6273688832
campanula dimorphantha,Campanula dimorphantha,5410893.0,5410893,18.366014,73.75785,20.085529879526533,50c9509d-22c7-4a22-a47d-8c48425ef4a7,iNaturalist research-grade observations,28eb1a3f-1c15-4a95-931a-4af90ecb574d,5938028595
mussaenda erythrophylla,Mussaenda erythrophylla,2892634.0,2892634,18.554031,73.790458,7.921848304541266,50c9509d-22c7-4a22-a47d-8c48425ef4a7,iNaturalist research-grade observations,28eb1a3f-1c15-4a95-931a-4af90ecb574d,5938147585
cullen corylifolium,Cullen corylifolium,2948930.0,2948930,18.481384,73.811531,6.442650815469846,50c9509d-22c7-4a22-a47d-8c48425ef4a7,iNaturalist research-grade observations,28eb1a3f-1c15-4a95-931a-4af90ecb574d,5938436310
mangifera indica,Mangifera indica,3190638.0,3190638,18.545303,73.784448,8.105130854278887,50c9509d-22c7-4a22-a47d-8c48425ef4a7,iNaturalist research-grade observations,28eb1a3f-1c15-4a95-931a-4af90ecb574d,5938486155
evolvulus alsinoides,Evolvulus alsinoides,2928673.0,2928673,18.432046,73.788844,12.154608632405086,50c9509d-22c7-4a22-a47d-8c48425ef4a7,iNaturalist research-grade observations,28eb1a3f-1c15-4a95-931a-4af90ecb574d,5938538539
senna uniflora,Senna uniflora,2957498.0,2957498,18.434464,73.787646,12.014462934863998,50c9509d-22c7-4a22-a47d-8c48425ef4a7,iNaturalist research-grade observations,28eb1a3f-1c15-4a95-931a-4af90ecb574d,5938569826
striga gesnerioides,Striga gesnerioides,3171158.0,3171158,18.364963,73.760286,20.053993267255855,50c9509d-22c7-4a22-a47d-8c48425ef4a7,iNaturalist research-grade observations,28eb1a3f-1c15-4a95-931a-4af90ecb574d,5938599676
amaranthus spinosus,Amaranthus spinosus,5384401.0,5384401,18.48147,73.811333,6.451680593912348,50c9509d-22c7-4a22-a47d-8c48425ef4a7,iNaturalist research-grade observations,28eb1a3f-1c15-4a95-931a-4af90ecb574d,5938628126
indigofera linifolia,Indigofera linifolia,2971525.0,2971525,18.431687,73.788864,12.185663635465556,50c9509d-22c7-4a22-a47d-8c48425ef4a7,iNaturalist research-grade observations,28eb1a3f-1c15-4a95-931a-4af90ecb574d,5938643961
ipomoea triloba,Ipomoea triloba,2928547.0,2928547,18.481304,73.811554,6.44685402215644,50c9509d-22c7-4a22-a47d-8c48425ef4a7,iNaturalist research-grade observations,28eb1a3f-1c15-4a95-931a-4af90ecb574d,5938695179
plumbago zeylanica,Plumbago zeylanica,3082282.0,3082282,18.364865,73.760148,20.07077012179627,50c9509d-22c7-4a22-a47d-8c48425ef4a7,iNaturalist research-grade observations,28eb1a3f-1c15-4a95-931a-4af90ecb574d,5938716376
tridax procumbens,Tridax procumbens,3149462.0,3149462,18.649778,73.76936,17.079244119001142,50c9509d-22c7-4a22-a47d-8c48425ef4a7,iNaturalist research-grade observations,28eb1a3f-1c15-4a95-931a-4af90ecb574d,6129838793
alstonia scholaris,Alstonia scholaris,5414410.0,5414410,18.533693,73.729305,13.512629385609582,50c9509d-22c7-4a22-a47d-8c48425ef4a7,iNaturalist research-grade observations,28eb1a3f-1c15-4a95-931a-4af90ecb574d,6129882130
calotropis gigantea,Calotropis gigantea,3579089.0,3579089,18.535236,73.728003,13.668670588985105,50c9509d-22c7-4a22-a47d-8c48425ef4a7,iNaturalist research-grade observations,28eb1a3f-1c15-4a95-931a-4af90ecb574d,6129902312
peltophorum pterocarpum,Peltophorum pterocarpum,2952775.0,2952775,18.491797,73.813492,5.5563908794591566,50c9509d-22c7-4a22-a47d-8c48425ef4a7,iNaturalist research-grade observations,28eb1a3f-1c15-4a95-931a-4af90ecb574d,6129908104
foeniculum vulgare,Foeniculum vulgare,3034922.0,3034922,18.525003,73.82414,3.4709070712963768,50c9509d-22c7-4a22-a47d-8c48425ef4a7,iNaturalist research-grade observations,28eb1a3f-1c15-4a95-931a-4af90ecb574d,6129913832
calotropis gigantea,Calotropis gigantea,3579089.0,3579089,18.537157,73.716341,14.915061734921,50c9509d-22c7-4a22-a47d-8c48425ef4a7,iNaturalist research-grade observations,28eb1a3f-1c15-4a95-931a-4af90ecb574d,6129948914
ipomoea aquatica,Ipomoea aquatica,2928525.0,2928525,18.530073,73.817494,4.271266228786539,50c9509d-22c7-4a22-a47d-8c48425ef4a7,iNaturalist research-grade observations,28eb1a3f-1c15-4a95-931a-4af90ecb574d,6129983503
ipomoea carnea,Ipomoea carnea,2928590.0,3682029,18.532022,73.816268,4.454438271409289,50c9509d-22c7-4a22-a47d-8c48425ef4a7,iNaturalist research-grade observations,28eb1a3f-1c15-4a95-931a-4af90ecb574d,6129987965
eleusine indica,Eleusine indica,2705953.0,2705953,18.483832,73.825676,5.218806084140524,50c9509d-22c7-4a22-a47d-8c48425ef4a7,iNaturalist research-grade observations,28eb1a3f-1c15-4a95-931a-4af90ecb574d,6129997373
sphaeranthus indicus,Sphaeranthus indicus,8302135.0,8302135,18.771286,73.563354,41.63499523785046,50c9509d-22c7-4a22-a47d-8c48425ef4a7,iNaturalist research-grade observations,28eb1a3f-1c15-4a95-931a-4af90ecb574d,6130000561
calotropis gigantea,Calotropis gigantea,3579089.0,3579089,18.535211,73.728036,13.664882451397087,50c9509d-22c7-4a22-a47d-8c48425ef4a7,iNaturalist research-grade observations,28eb1a3f-1c15-4a95-931a-4af90ecb574d,6130013925
calotropis gigantea,Calotropis gigantea,3579089.0,3579089,18.535244,73.728045,13.664381944429412,50c9509d-22c7-4a22-a47d-8c48425ef4a7,iNaturalist research-grade observations,28eb1a3f-1c15-4a95-931a-4af90ecb574d,6130029268
vachellia farnesiana,Vachellia farnesiana,2979265.0,2979265,18.556125,73.953014,10.903335517838155,50c9509d-22c7-4a22-a47d-8c48425ef4a7,iNaturalist research-grade observations,28eb1a3f-1c15-4a95-931a-4af90ecb574d,6130042624
lantana camara,Lantana camara,2925303.0,2925303,18.525906,73.655154,21.258750522948844,50c9509d-22c7-4a22-a47d-8c48425ef4a7,iNaturalist research-grade observations,28eb1a3f-1c15-4a95-931a-4af90ecb574d,6130057191
bougainvillea spectabilis,Bougainvillea spectabilis,7167078.0,7167078,18.535767,73.722345,14.267953567281696,50c9509d-22c7-4a22-a47d-8c48425ef4a7,iNaturalist research-grade observations,28eb1a3f-1c15-4a95-931a-4af90ecb574d,6130110735
thunbergia fragrans,Thunbergia fragrans,5415458.0,5415458,18.544623,73.785759,7.949447532515832,50c9509d-22c7-4a22-a47d-8c48425ef4a7,iNaturalist research-grade observations,28eb1a3f-1c15-4a95-931a-4af90ecb574d,6130268919
calotropis gigantea,Calotropis gigantea,3579089.0,3579089,18.535231,73.728011,13.667766403348072,50c9509d-22c7-4a22-a47d-8c48425ef4a7,iNaturalist research-grade observations,28eb1a3f-1c15-4a95-931a-4af90ecb574d,6130273056
cyanthillium cinereum,Cyanthillium cinereum,6445734.0,6445734,18.772619,73.563721,41.7057397882725,50c9509d-22c7-4a22-a47d-8c48425ef4a7,iNaturalist research-grade observations,28eb1a3f-1c15-4a95-931a-4af90ecb574d,6130288206
crotalaria retusa,Crotalaria retusa,2942610.0,2942610,18.22477,73.723721,35.74254318995814,50c9509d-22c7-4a22-a47d-8c48425ef4a7,iNaturalist research-grade observations,28eb1a3f-1c15-4a95-931a-4af90ecb574d,6130294240
tridax procumbens,Tridax procumbens,3149462.0,3149462,18.554607,73.787065,8.268181210721952,50c9509d-22c7-4a22-a47d-8c48425ef4a7,iNaturalist research-grade observations,28eb1a3f-1c15-4a95-931a-4af90ecb574d,6130308146
calotropis gigantea,Calotropis gigantea,3579089.0,3579089,18.536832,73.723474,14.164530375550566,50c9509d-22c7-4a22-a47d-8c48425ef4a7,iNaturalist research-grade observations,28eb1a3f-1c15-4a95-931a-4af90ecb574d,6130377537
calotropis gigantea,Calotropis gigantea,3579089.0,3579089,18.535182,73.728152,13.652354123414074,50c9509d-22c7-4a22-a47d-8c48425ef4a7,iNaturalist research-grade observations,28eb1a3f-1c15-4a95-931a-4af90ecb574d,6130390270
blumea axillaris,Blumea axillaris,5395843.0,5395843,18.591349,73.780365,11.268999526059085,50c9509d-22c7-4a22-a47d-8c48425ef4a7,iNaturalist research-grade observations,28eb1a3f-1c15-4a95-931a-4af90ecb574d,6130394989
ricinus communis,Ricinus communis,5380041.0,5380041,18.572192,73.739511,13.630489813254199,50c9509d-22c7-4a22-a47d-8c48425ef4a7,iNaturalist research-grade observations,28eb1a3f-1c15-4a95-931a-4af90ecb574d,6130414530
ficus hispida,Ficus hispida,7879404.0,7879404,18.496613,73.828172,4.00557876420171,50c9509d-22c7-4a22-a47d-8c48425ef4a7,iNaturalist research-grade observations,28eb1a3f-1c15-4a95-931a-4af90ecb574d,6130420252
cocos nucifera,Cocos nucifera,2735117.0,2735117,18.567553,73.826177,6.15183917048378,50c9509d-22c7-4a22-a47d-8c48425ef4a7,iNaturalist research-grade observations,28eb1a3f-1c15-4a95-931a-4af90ecb574d,6130431321
chromolaena odorata,Chromolaena odorata,3087725.0,3087725,18.237963,73.573279,43.367794241596116,50c9509d-22c7-4a22-a47d-8c48425ef4a7,iNaturalist research-grade observations,28eb1a3f-1c15-4a95-931a-4af90ecb574d,6130444796
lantana montevidensis,Lantana montevidensis,2925314.0,2925314,18.672693,73.745713,20.581163439729696,50c9509d-22c7-4a22-a47d-8c48425ef4a7,iNaturalist research-grade observations,28eb1a3f-1c15-4a95-931a-4af90ecb574d,6130447200
thunbergia erecta,Thunbergia erecta,5415461.0,5415461,18.512319,73.782092,7.917734918648372,50c9509d-22c7-4a22-a47d-8c48425ef4a7,iNaturalist research-grade observations,28eb1a3f-1c15-4a95-931a-4af90ecb574d,6130473152
calotropis gigantea,Calotropis gigantea,3579089.0,3579089,18.535185,73.728115,13.656266768756206,50c9509d-22c7-4a22-a47d-8c48425ef4a7,iNaturalist research-grade observations,28eb1a3f-1c15-4a95-931a-4af90ecb574d,6130524481
achyranthes aspera,Achyranthes aspera,3085168.0,3085168,18.563289,73.794732,8.08839047449541,50c9509d-22c7-4a22-a47d-8c48425ef4a7,iNaturalist research-grade observations,28eb1a3f-1c15-4a95-931a-4af90ecb574d,6130528491
alstonia scholaris,Alstonia scholaris,5414410.0,5414410,18.533747,73.729288,13.515066924630826,50c9509d-22c7-4a22-a47d-8c48425ef4a7,iNaturalist research-grade observations,28eb1a3f-1c15-4a95-931a-4af90ecb574d,6130556664
rungia elegans,Rungia elegans,3780489.0,3780489,18.527992,73.816017,4.371655801213105,50c9509d-22c7-4a22-a47d-8c48425ef4a7,iNaturalist research-grade observations,28eb1a3f-1c15-4a95-931a-4af90ecb574d,6130592514
blumea axillaris,Blumea axillaris,5395843.0,5395843,18.771318,73.563293,41.64214808861474,50c9509d-22c7-4a22-a47d-8c48425ef4a7,iNaturalist research-grade observations,28eb1a3f-1c15-4a95-931a-4af90ecb574d,6130595921
gliricidia sepium,Gliricidia sepium,8082978.0,8082978,18.524448,73.831565,2.688065583046758,50c9509d-22c7-4a22-a47d-8c48425ef4a7,iNaturalist research-grade observations,28eb1a3f-1c15-4a95-931a-4af90ecb574d,6130652703
calotropis gigantea,Calotropis gigantea,3579089.0,3579089,18.535415,73.728168,13.65381419568075,50c9509d-22c7-4a22-a47d-8c48425ef4a7,iNaturalist research-grade observations,28eb1a3f-1c15-4a95-931a-4af90ecb574d,6130654511
tectona grandis,Tectona grandis,2925649.0,2925649,18.37569,73.766837,18.67537638756722,50c9509d-22c7-4a22-a47d-8c48425ef4a7,iNaturalist research-grade observations,28eb1a3f-1c15-4a95-931a-4af90ecb574d,6130681089
alstonia scholaris,Alstonia scholaris,5414410.0,5414410,18.533729,73.729426,13.500386184888425,50c9509d-22c7-4a22-a47d-8c48425ef4a7,iNaturalist research-grade observations,28eb1a3f-1c15-4a95-931a-4af90ecb574d,6130686765
calotropis gigantea,Calotropis gigantea,3579089.0,3579089,18.535249,73.727996,13.669577234249834,50c9509d-22c7-4a22-a47d-8c48425ef4a7,iNaturalist research-grade observations,28eb1a3f-1c15-4a95-931a-4af90ecb574d,6130757814
woodfordia fruticosa,Woodfordia fruticosa,5635525.0,5635525,18.528219,73.816425,4.334446057361226,50c9509d-22c7-4a22-a47d-8c48425ef4a7,iNaturalist research-grade observations,28eb1a3f-1c15-4a95-931a-4af90ecb574d,6130757980
phoenix sylvestris,Phoenix sylvestris,5293177.0,5293177,18.567601,73.824268,6.263927162521233,50c9509d-22c7-4a22-a47d-8c48425ef4a7,iNaturalist research-grade observations,28eb1a3f-1c15-4a95-931a-4af90ecb574d,6130784949
operculina turpethum,Operculina turpethum,5341747.0,5341747,18.643611,73.816378,14.344473388070675,50c9509d-22c7-4a22-a47d-8c48425ef4a7,iNaturalist research-grade observations,28eb1a3f-1c15-4a95-931a-4af90ecb574d,6130813314
bougainvillea spectabilis,Bougainvillea spectabilis,7167078.0,7167078,18.535234,73.728004,13.668539167723436,50c9509d-22c7-4a22-a47d-8c48425ef4a7,iNaturalist research-grade observations,28eb1a3f-1c15-4a95-931a-4af90ecb574d,6130814969
calotropis gigantea,Calotropis gigantea,3579089.0,3579089,18.535245,73.728047,13.664186017943427,50c9509d-22c7-4a22-a47d-8c48425ef4a7,iNaturalist research-grade observations,28eb1a3f-1c15-4a95-931a-4af90ecb574d,6130832502
calotropis gigantea,Calotropis gigantea,3579089.0,3579089,18.538765,73.727638,13.759477479361228,50c9509d-22c7-4a22-a47d-8c48425ef4a7,iNaturalist research-grade observations,28eb1a3f-1c15-4a95-931a-4af90ecb574d,6130851481
catharanthus roseus,Catharanthus roseus,3169830.0,3169830,18.522379,73.829853,2.83917418681814,50c9509d-22c7-4a22-a47d-8c48425ef4a7,iNaturalist research-grade observations,28eb1a3f-1c15-4a95-931a-4af90ecb574d,6130864795
alternanthera sessilis,Alternanthera sessilis,3084939.0,3084939,18.380279,73.767643,18.193447122768358,50c9509d-22c7-4a22-a47d-8c48425ef4a7,iNaturalist research-grade observations,28eb1a3f-1c15-4a95-931a-4af90ecb574d,6130879277
dichrostachys cinerea,Dichrostachys cinerea,2975891.0,2975891,18.555388,73.788681,8.158329514343189,50c9509d-22c7-4a22-a47d-8c48425ef4a7,iNaturalist research-grade observations,28eb1a3f-1c15-4a95-931a-4af90ecb574d,6130898267
bougainvillea spectabilis,Bougainvillea spectabilis,7167078.0,7167078,18.492513,73.814095,5.458750550605367,50c9509d-22c7-4a22-a47d-8c48425ef4a7,iNaturalist research-grade observations,28eb1a3f-1c15-4a95-931a-4af90ecb574d,6130924663
muntingia calabura,Muntingia calabura,3152036.0,3152036,18.682886,73.746315,21.488776782969207,50c9509d-22c7-4a22-a47d-8c48425ef4a7,iNaturalist research-grade observations,28eb1a3f-1c15-4a95-931a-4af90ecb574d,6130944317
nymphoides hydrophylla,Nymphoides hydrophylla,5592249.0,5592249,18.530063,73.817572,4.263027666527978,50c9509d-22c7-4a22-a47d-8c48425ef4a7,iNaturalist research-grade observations,28eb1a3f-1c15-4a95-931a-4af90ecb574d,6130966752
syzygium cumini,Syzygium cumini,3183840.0,3183840,18.56739,73.824247,6.24549506995473,50c9509d-22c7-4a22-a47d-8c48425ef4a7,iNaturalist research-grade observations,28eb1a3f-1c15-4a95-931a-4af90ecb574d,6131061183
alstonia scholaris,Alstonia scholaris,5414410.0,5414410,18.536192,73.732991,13.160499873371506,50c9509d-22c7-4a22-a47d-8c48425ef4a7,iNaturalist research-grade observations,28eb1a3f-1c15-4a95-931a-4af90ecb574d,6131074208
mangifera indica,Mangifera indica,3190638.0,3190638,18.62369,73.634856,26.05175331482541,50c9509d-22c7-4a22-a47d-8c48425ef4a7,iNaturalist research-grade observations,28eb1a3f-1c15-4a95-931a-4af90ecb574d,6131092296
calotropis gigantea,Calotropis gigantea,3579089.0,3579089,18.53522,73.728002,13.668561271689809,50c9509d-22c7-4a22-a47d-8c48425ef4a7,iNaturalist research-grade observations,28eb1a3f-1c15-4a95-931a-4af90ecb574d,6131111998
broussonetia papyrifera,Broussonetia papyrifera,5361944.0,5361944,18.556854,73.78892,8.215359751153027,50c9509d-22c7-4a22-a47d-8c48425ef4a7,iNaturalist research-grade observations,28eb1a3f-1c15-4a95-931a-4af90ecb574d,6131119438
chromolaena odorata,Chromolaena odorata,3087725.0,3087725,18.55518,73.788341,8.17889605634213,50c9509d-22c7-4a22-a47d-8c48425ef4a7,iNaturalist research-grade observations,28eb1a3f-1c15-4a95-931a-4af90ecb574d,6131153819
pterospermum acerifolium,Pterospermum acerifolium,3669210.0,3669210,18.551555,73.785476,8.269525588923406,50c9509d-22c7-4a22-a47d-8c48425ef4a7,iNaturalist research-grade observations,28eb1a3f-1c15-4a95-931a-4af90ecb574d,6131182033
polyalthia longifolia,Polyalthia longifolia,3156422.0,3156422,18.568168,73.82578,6.2320116773263265,50c9509d-22c7-4a22-a47d-8c48425ef4a7,iNaturalist research-grade observations,28eb1a3f-1c15-4a95-931a-4af90ecb574d,6131189641
mimosa pudica,Mimosa pudica,2969284.0,2969284,18.772535,73.563629,41.706640635770206,50c9509d-22c7-4a22-a47d-8c48425ef4a7,iNaturalist research-grade observations,28eb1a3f-1c15-4a95-931a-4af90ecb574d,6131189750
holmskioldia sanguinea,Holmskioldia sanguinea,2925665.0,2925665,18.585949,73.515353,36.71424632187527,50c9509d-22c7-4a22-a47d-8c48425ef4a7,iNaturalist research-grade observations,28eb1a3f-1c15-4a95-931a-4af90ecb574d,6131192443
tridax procumbens,Tridax procumbens,3149462.0,3149462,18.535558,73.728203,13.652100172973245,50c9509d-22c7-4a22-a47d-8c48425ef4a7,iNaturalist research-grade observations,28eb1a3f-1c15-4a95-931a-4af90ecb574d,6131209244
crassocephalum crepidioides,Crassocephalum crepidioides,3115443.0,3115443,18.41851,73.799806,12.820573333334616,50c9509d-22c7-4a22-a47d-8c48425ef4a7,iNaturalist research-grade observations,28eb1a3f-1c15-4a95-931a-4af90ecb574d,6131210475
solanum lycopersicum,Solanum lycopersicum,2930137.0,2930137,18.565486,73.795858,8.140910956823287,50c9509d-22c7-4a22-a47d-8c48425ef4a7,iNaturalist research-grade observations,28eb1a3f-1c15-4a95-931a-4af90ecb574d,6131242890
argemone mexicana,Argemone mexicana,2888485.0,2888485,18.565617,73.79591,8.145573782838644,50c9509d-22c7-4a22-a47d-8c48425ef4a7,iNaturalist research-grade observations,28eb1a3f-1c15-4a95-931a-4af90ecb574d,6131268712
helicteres isora,Helicteres isora,5546922.0,5546922,18.37481,73.769793,18.60416506835523,50c9509d-22c7-4a22-a47d-8c48425ef4a7,iNaturalist research-grade observations,28eb1a3f-1c15-4a95-931a-4af90ecb574d,6131272639
asclepias curassavica,Asclepias curassavica,3170241.0,3170241,18.564322,73.795436,8.097307482495362,50c9509d-22c7-4a22-a47d-8c48425ef4a7,iNaturalist research-grade observations,28eb1a3f-1c15-4a95-931a-4af90ecb574d,6131290972
cocos nucifera,Cocos nucifera,2735117.0,2735117,18.566528,73.825241,6.108008272499607,50c9509d-22c7-4a22-a47d-8c48425ef4a7,iNaturalist research-grade observations,28eb1a3f-1c15-4a95-931a-4af90ecb574d,6131317641
calotropis gigantea,Calotropis gigantea,3579089.0,3579089,18.557673,73.789735,8.186447820841735,50c9509d-22c7-4a22-a47d-8c48425ef4a7,iNaturalist research-grade observations,28eb1a3f-1c15-4a95-931a-4af90ecb574d,6131385506
samanea saman,Samanea saman,2972960.0,2972960,18.514242,73.838478,2.039668035328577,50c9509d-22c7-4a22-a47d-8c48425ef4a7,iNaturalist research-grade observations,28eb1a3f-1c15-4a95-931a-4af90ecb574d,6131403571
chromolaena odorata,Chromolaena odorata,3087725.0,3087725,18.536527,73.725536,13.944585942029194,50c9509d-22c7-4a22-a47d-8c48425ef4a7,iNaturalist research-grade observations,28eb1a3f-1c15-4a95-931a-4af90ecb574d,6131420391
calotropis gigantea,Calotropis gigantea,3579089.0,3579089,18.535128,73.727995,13.66806803092603,50c9509d-22c7-4a22-a47d-8c48425ef4a7,iNaturalist research-grade observations,28eb1a3f-1c15-4a95-931a-4af90ecb574d,6131464399
mangifera indica,Mangifera indica,3190638.0,3190638,18.567454,73.827478,6.071734662259856,50c9509d-22c7-4a22-a47d-8c48425ef4a7,iNaturalist research-grade observations,28eb1a3f-1c15-4a95-931a-4af90ecb574d,6131483835
acmella radicans,Acmella radicans,5386729.0,5386729,18.771996,73.563728,41.65868249041347,50c9509d-22c7-4a22-a47d-8c48425ef4a7,iNaturalist research-grade observations,28eb1a3f-1c15-4a95-931a-4af90ecb574d,6131484847
solanum hovei,Solanum hovei,2931972.0,2931972,18.380279,73.767643,18.193447122768358,50c9509d-22c7-4a22-a47d-8c48425ef4a7,iNaturalist research-grade observations,28eb1a3f-1c15-4a95-931a-4af90ecb574d,6131493692
gliricidia sepium,Gliricidia sepium,8082978.0,8082978,18.537972,73.727486,13.762561492964377,50c9509d-22c7-4a22-a47d-8c48425ef4a7,iNaturalist research-grade observations,28eb1a3f-1c15-4a95-931a-4af90ecb574d,6131642401
calotropis gigantea,Calotropis gigantea,3579089.0,3579089,18.536527,73.725536,13.944585942029194,50c9509d-22c7-4a22-a47d-8c48425ef4a7,iNaturalist research-grade observations,28eb1a3f-1c15-4a95-931a-4af90ecb574d,6131685290
celosia argentea,Celosia argentea,3085191.0,3085191,18.527992,73.816017,4.371655801213105,50c9509d-22c7-4a22-a47d-8c48425ef4a7,iNaturalist research-grade observations,28eb1a3f-1c15-4a95-931a-4af90ecb574d,6131700127
asclepias curassavica,Asclepias curassavica,3170241.0,3170241,18.715373,73.784091,22.990556146300758,50c9509d-22c7-4a22-a47d-8c48425ef4a7,iNaturalist research-grade observations,28eb1a3f-1c15-4a95-931a-4af90ecb574d,6133074198
phyllanthus emblica,Phyllanthus emblica,5381660.0,5381660,18.522235,73.731826,13.167769599785865,50c9509d-22c7-4a22-a47d-8c48425ef4a7,iNaturalist research-grade observations,28eb1a3f-1c15-4a95-931a-4af90ecb574d,6133094044
eranthemum roseum,Eranthemum roseum,7845184.0,7845184,18.281885,73.592435,38.481590397835575,50c9509d-22c7-4a22-a47d-8c48425ef4a7,iNaturalist research-grade observations,28eb1a3f-1c15-4a95-931a-4af90ecb574d,6133107662
delonix regia,Delonix regia,2956176.0,2956176,18.533725,73.729378,13.50536770628831,50c9509d-22c7-4a22-a47d-8c48425ef4a7,iNaturalist research-grade observations,28eb1a3f-1c15-4a95-931a-4af90ecb574d,6133127414
solanum torvum,Solanum torvum,2932389.0,2932389,18.48192,73.812141,6.354957445620521,50c9509d-22c7-4a22-a47d-8c48425ef4a7,iNaturalist research-grade observations,28eb1a3f-1c15-4a95-931a-4af90ecb574d,6133133586
butea monosperma,Butea monosperma,8234570.0,8234570,18.523308,73.731738,13.179392978396217,50c9509d-22c7-4a22-a47d-8c48425ef4a7,iNaturalist research-grade observations,28eb1a3f-1c15-4a95-931a-4af90ecb574d,6133146691
canscora diffusa,Canscora diffusa,7270041.0,7270041,18.434382,73.424431,46.580876323787926,50c9509d-22c7-4a22-a47d-8c48425ef4a7,iNaturalist research-grade observations,28eb1a3f-1c15-4a95-931a-4af90ecb574d,6133165164
ficus benghalensis,Ficus benghalensis,5361919.0,5361919,18.102924,73.821366,46.57089092529386,50c9509d-22c7-4a22-a47d-8c48425ef4a7,iNaturalist research-grade observations,28eb1a3f-1c15-4a95-931a-4af90ecb574d,6133166419
crotalaria pallida,Crotalaria pallida,8260433.0,8260433,18.481342,73.811417,6.4546848668005365,50c9509d-22c7-4a22-a47d-8c48425ef4a7,iNaturalist research-grade observations,28eb1a3f-1c15-4a95-931a-4af90ecb574d,6133167604
ficus benghalensis,Ficus benghalensis,5361919.0,5361919,18.631083,73.782639,14.574252015852773,50c9509d-22c7-4a22-a47d-8c48425ef4a7,iNaturalist research-grade observations,28eb1a3f-1c15-4a95-931a-4af90ecb574d,6133176345
tabebuia rosea,Tabebuia rosea,3172537.0,3172537,18.459872,73.856425,6.730478294179315,50c9509d-22c7-4a22-a47d-8c48425ef4a7,iNaturalist research-grade observations,28eb1a3f-1c15-4a95-931a-4af90ecb574d,6133183446
cynarospermum asperrimum,Cynarospermum asperrimum,3772254.0,3772254,18.434382,73.424431,46.580876323787926,50c9509d-22c7-4a22-a47d-8c48425ef4a7,iNaturalist research-grade observations,28eb1a3f-1c15-4a95-931a-4af90ecb574d,6133216575
celosia argentea,Celosia argentea,3085191.0,3085191,18.534778,73.731871,13.257712620816708,50c9509d-22c7-4a22-a47d-8c48425ef4a7,iNaturalist research-grade observations,28eb1a3f-1c15-4a95-931a-4af90ecb574d,6133223324
alternanthera bettzickiana,Alternanthera bettzickiana,8189919.0,8189919,18.483422,73.825764,5.248634865522525,50c9509d-22c7-4a22-a47d-8c48425ef4a7,iNaturalist research-grade observations,28eb1a3f-1c15-4a95-931a-4af90ecb574d,6133276697
mangifera indica,Mangifera indica,3190638.0,3190638,18.459762,73.857222,6.742871977693079,50c9509d-22c7-4a22-a47d-8c48425ef4a7,iNaturalist research-grade observations,28eb1a3f-1c15-4a95-931a-4af90ecb574d,6133395836
cosmos sulphureus,Cosmos sulphureus,3098951.0,3098951,18.48793,73.800787,6.913498409702522,50c9509d-22c7-4a22-a47d-8c48425ef4a7,iNaturalist research-grade observations,28eb1a3f-1c15-4a95-931a-4af90ecb574d,6133397521
spathodea campanulata,Spathodea campanulata,3172574.0,3172574,18.460062,73.857317,6.709604242465484,50c9509d-22c7-4a22-a47d-8c48425ef4a7,iNaturalist research-grade observations,28eb1a3f-1c15-4a95-931a-4af90ecb574d,6133418317
kigelia africana,Kigelia africana,3172561.0,3172561,18.49603,73.831307,3.809507304887128,50c9509d-22c7-4a22-a47d-8c48425ef4a7,iNaturalist research-grade observations,28eb1a3f-1c15-4a95-931a-4af90ecb574d,6133446217
ocimum kilimandscharicum,Ocimum kilimandscharicum,8344835.0,8344835,18.649759,73.769339,17.07865801491829,50c9509d-22c7-4a22-a47d-8c48425ef4a7,iNaturalist research-grade observations,28eb1a3f-1c15-4a95-931a-4af90ecb574d,6133466058
bombax ceiba,Bombax ceiba,3152226.0,3152226,18.273909,73.600316,38.50998112818489,50c9509d-22c7-4a22-a47d-8c48425ef4a7,iNaturalist research-grade observations,28eb1a3f-1c15-4a95-931a-4af90ecb574d,6133481162
ficus racemosa,Ficus racemosa,5361904.0,5361904,18.565667,73.795373,8.19360189615099,50c9509d-22c7-4a22-a47d-8c48425ef4a7,iNaturalist research-grade observations,28eb1a3f-1c15-4a95-931a-4af90ecb574d,6133502506
senna auriculata,Senna auriculata,2956966.0,2956966,18.498498,73.788417,7.600706256105007,50c9509d-22c7-4a22-a47d-8c48425ef4a7,iNaturalist research-grade observations,28eb1a3f-1c15-4a95-931a-4af90ecb574d,6133515327
sterculia foetida,Sterculia foetida,5406675.0,5406675,18.458361,73.854403,6.902683119291665,50c9509d-22c7-4a22-a47d-8c48425ef4a7,iNaturalist research-grade observations,28eb1a3f-1c15-4a95-931a-4af90ecb574d,6133550567
mangifera indica,Mangifera indica,3190638.0,3190638,18.524609,73.878624,2.358462256844788,50c9509d-22c7-4a22-a47d-8c48425ef4a7,iNaturalist research-grade observations,28eb1a3f-1c15-4a95-931a-4af90ecb574d,6133552047
gliricidia sepium,Gliricidia sepium,8082978.0,8082978,18.102924,73.821366,46.57089092529386,50c9509d-22c7-4a22-a47d-8c48425ef4a7,iNaturalist research-grade observations,28eb1a3f-1c15-4a95-931a-4af90ecb574d,6133577554
ipomoea cairica,Ipomoea cairica,2928531.0,2928531,18.555094,73.781021,8.862236105897377,50c9509d-22c7-4a22-a47d-8c48425ef4a7,iNaturalist research-grade observations,28eb1a3f-1c15-4a95-931a-4af90ecb574d,6133586502
ipomoea carnea,Ipomoea carnea,2928590.0,2928590,18.716429,73.785741,23.044307706422014,50c9509d-22c7-4a22-a47d-8c48425ef4a7,iNaturalist research-grade observations,28eb1a3f-1c15-4a95-931a-4af90ecb574d,6147226739
calotropis gigantea,Calotropis gigantea,3579089.0,3579089,18.534836,73.731638,13.282874938865888,50c9509d-22c7-4a22-a47d-8c48425ef4a7,iNaturalist research-grade observations,28eb1a3f-1c15-4a95-931a-4af90ecb574d,6147455072
abutilon indicum,Abutilon indicum,3152634.0,3152634,18.487769,73.824969,4.935637268212666,50c9509d-22c7-4a22-a47d-8c48425ef4a7,iNaturalist research-grade observations,28eb1a3f-1c15-4a95-931a-4af90ecb574d,6147533989
calotropis procera,Calotropis procera,5414566.0,5414566,18.55347,73.789894,7.94526342547413,50c9509d-22c7-4a22-a47d-8c48425ef4a7,iNaturalist research-grade observations,28eb1a3f-1c15-4a95-931a-4af90ecb574d,6147548440
mesosphaerum suaveolens,Mesosphaerum suaveolens,3889017.0,3889017,18.516222,73.824022,3.476670605995508,50c9509d-22c7-4a22-a47d-8c48425ef4a7,iNaturalist research-grade observations,28eb1a3f-1c15-4a95-931a-4af90ecb574d,6147628748
gliricidia sepium,Gliricidia sepium,8082978.0,8082978,18.51635,73.824228,3.453260250550695,50c9509d-22c7-4a22-a47d-8c48425ef4a7,iNaturalist research-grade observations,28eb1a3f-1c15-4a95-931a-4af90ecb574d,6147682337
morinda coreia,Morinda coreia,5339862.0,5339862,18.514559,73.797022,6.325769401540263,50c9509d-22c7-4a22-a47d-8c48425ef4a7,iNaturalist research-grade observations,28eb1a3f-1c15-4a95-931a-4af90ecb574d,6159318556
boswellia serrata,Boswellia serrata,5421354.0,5421354,18.516775,73.823253,3.5495283023970843,50c9509d-22c7-4a22-a47d-8c48425ef4a7,iNaturalist research-grade observations,28eb1a3f-1c15-4a95-931a-4af90ecb574d,6159323204
cullen corylifolium,Cullen corylifolium,2948930.0,2948930,18.481843,73.810617,6.480342888957777,50c9509d-22c7-4a22-a47d-8c48425ef4a7,iNaturalist research-grade observations,28eb1a3f-1c15-4a95-931a-4af90ecb574d,6159416925
argemone mexicana,Argemone mexicana,2888485.0,2888485,18.537409,73.727375,13.765427143564375,50c9509d-22c7-4a22-a47d-8c48425ef4a7,iNaturalist research-grade observations,28eb1a3f-1c15-4a95-931a-4af90ecb574d,6159532752
lantana strigocamara,Lantana strigocamara,4084229.0,4084229,18.534876,73.731589,13.288539757033767,50c9509d-22c7-4a22-a47d-8c48425ef4a7,iNaturalist research-grade observations,28eb1a3f-1c15-4a95-931a-4af90ecb574d,6162786108
tridax procumbens,Tridax procumbens,3149462.0,3149462,18.535673,73.728267,13.646985091549968,50c9509d-22c7-4a22-a47d-8c48425ef4a7,iNaturalist research-grade observations,28eb1a3f-1c15-4a95-931a-4af90ecb574d,6163109357
blumea axillaris,Blumea axillaris,5395843.0,5395843,18.535583,73.728174,13.655476729231788,50c9509d-22c7-4a22-a47d-8c48425ef4a7,iNaturalist research-grade observations,28eb1a3f-1c15-4a95-931a-4af90ecb574d,6163152693
heliotropium indicum,Heliotropium indicum,2925788.0,2925788,18.657906,73.911714,16.35243772262351,50c9509d-22c7-4a22-a47d-8c48425ef4a7,iNaturalist research-grade observations,28eb1a3f-1c15-4a95-931a-4af90ecb574d,6163315791
gliricidia sepium,Gliricidia sepium,8082978.0,8082978,18.537409,73.727375,13.765427143564375,50c9509d-22c7-4a22-a47d-8c48425ef4a7,iNaturalist research-grade observations,28eb1a3f-1c15-4a95-931a-4af90ecb574d,6163361283
melinis repens,Melinis repens,2702504.0,2702504,18.533878,73.727531,13.700786720165315,50c9509d-22c7-4a22-a47d-8c48425ef4a7,iNaturalist research-grade observations,28eb1a3f-1c15-4a95-931a-4af90ecb574d,6171006551
acmella uliginosa,Acmella uliginosa,5386720.0,5386720,18.380279,73.767643,18.193447122768358,50c9509d-22c7-4a22-a47d-8c48425ef4a7,iNaturalist research-grade observations,28eb1a3f-1c15-4a95-931a-4af90ecb574d,6171068088
blumea axillaris,Blumea axillaris,5395843.0,5395843,18.535695,73.728211,13.653147033989697,50c9509d-22c7-4a22-a47d-8c48425ef4a7,iNaturalist research-grade observations,28eb1a3f-1c15-4a95-931a-4af90ecb574d,6171097071
solanum lycopersicum,Solanum lycopersicum,2930137.0,2930137,18.416705,73.758769,15.479978618340713,50c9509d-22c7-4a22-a47d-8c48425ef4a7,iNaturalist research-grade observations,28eb1a3f-1c15-4a95-931a-4af90ecb574d,6171124249
melinis repens,Melinis repens,2702504.0,2702504,18.53549,73.733211,13.127333612192107,50c9509d-22c7-4a22-a47d-8c48425ef4a7,iNaturalist research-grade observations,28eb1a3f-1c15-4a95-931a-4af90ecb574d,6171125166
sphaeranthus indicus,Sphaeranthus indicus,8302135.0,8302135,18.380279,73.767643,18.193447122768358,50c9509d-22c7-4a22-a47d-8c48425ef4a7,iNaturalist research-grade observations,28eb1a3f-1c15-4a95-931a-4af90ecb574d,6171187845
calotropis gigantea,Calotropis gigantea,3579089.0,3579089,18.530091,73.736179,12.752544619015184,50c9509d-22c7-4a22-a47d-8c48425ef4a7,iNaturalist research-grade observations,28eb1a3f-1c15-4a95-931a-4af90ecb574d,6178363504
blumea axillaris,Blumea axillaris,5395843.0,5395843,18.535685,73.728243,13.649661397609824,50c9509d-22c7-4a22-a47d-8c48425ef4a7,iNaturalist research-grade observations,28eb1a3f-1c15-4a95-931a-4af90ecb574d,6178414332
nerium oleander,Nerium oleander,3169756.0,3169756,18.102924,73.821366,46.57089092529386,50c9509d-22c7-4a22-a47d-8c48425ef4a7,iNaturalist research-grade observations,28eb1a3f-1c15-4a95-931a-4af90ecb574d,6178569239
alternanthera sessilis,Alternanthera sessilis,3084939.0,3084939,18.772768,73.563606,41.725838907152166,50c9509d-22c7-4a22-a47d-8c48425ef4a7,iNaturalist research-grade observations,28eb1a3f-1c15-4a95-931a-4af90ecb574d,6178619477
delonix regia,Delonix regia,2956176.0,2956176,18.533623,73.728499,13.596259820952342,50c9509d-22c7-4a22-a47d-8c48425ef4a7,iNaturalist research-grade observations,28eb1a3f-1c15-4a95-931a-4af90ecb574d,6178654078
capparis spinosa,Capparis spinosa,6370689.0,8282319,18.475911,73.459242,42.20290054536394,50c9509d-22c7-4a22-a47d-8c48425ef4a7,iNaturalist research-grade observations,28eb1a3f-1c15-4a95-931a-4af90ecb574d,6178720296
calotropis gigantea,Calotropis gigantea,3579089.0,3579089,18.523479,73.718364,14.589529798076121,50c9509d-22c7-4a22-a47d-8c48425ef4a7,iNaturalist research-grade observations,28eb1a3f-1c15-4a95-931a-4af90ecb574d,6178728093
tridax procumbens,Tridax procumbens,3149462.0,3149462,18.535255,73.728058,13.663168753161848,50c9509d-22c7-4a22-a47d-8c48425ef4a7,iNaturalist research-grade observations,28eb1a3f-1c15-4a95-931a-4af90ecb574d,6179130481
calotropis gigantea,Calotropis gigantea,3579089.0,3579089,18.53518,73.728035,13.664573324587101,50c9509d-22c7-4a22-a47d-8c48425ef4a7,iNaturalist research-grade observations,28eb1a3f-1c15-4a95-931a-4af90ecb574d,6179178145
broussonetia papyrifera,Broussonetia papyrifera,5361944.0,5361944,18.564897,73.822907,6.096961143536482,50c9509d-22c7-4a22-a47d-8c48425ef4a7,iNaturalist research-grade observations,28eb1a3f-1c15-4a95-931a-4af90ecb574d,6179192979
calotropis gigantea,Calotropis gigantea,3579089.0,3579089,18.535232,73.727984,13.670605643023446,50c9509d-22c7-4a22-a47d-8c48425ef4a7,iNaturalist research-grade observations,28eb1a3f-1c15-4a95-931a-4af90ecb574d,6179201623
delonix regia,Delonix regia,2956176.0,2956176,18.533568,73.729443,13.4966570351991,50c9509d-22c7-4a22-a47d-8c48425ef4a7,iNaturalist research-grade observations,28eb1a3f-1c15-4a95-931a-4af90ecb574d,6179356882
tridax procumbens,Tridax procumbens,3149462.0,3149462,18.535636,73.728216,13.651810600627522,50c9509d-22c7-4a22-a47d-8c48425ef4a7,iNaturalist research-grade observations,28eb1a3f-1c15-4a95-931a-4af90ecb574d,6185666938
eclipta prostrata,Eclipta prostrata,5384950.0,5384950,18.564672,73.794964,8.160465400095772,50c9509d-22c7-4a22-a47d-8c48425ef4a7,iNaturalist research-grade observations,28eb1a3f-1c15-4a95-931a-4af90ecb574d,6185812314
mangifera indica,Mangifera indica,3190638.0,3190638,18.474331,73.815344,6.727550447335761,50c9509d-22c7-4a22-a47d-8c48425ef4a7,iNaturalist research-grade observations,28eb1a3f-1c15-4a95-931a-4af90ecb574d,6188669488
cardiospermum halicacabum,Cardiospermum halicacabum,3189939.0,3189939,18.56362,73.794353,8.142360120110038,50c9509d-22c7-4a22-a47d-8c48425ef4a7,iNaturalist research-grade observations,28eb1a3f-1c15-4a95-931a-4af90ecb574d,6195676434
chromolaena odorata,Chromolaena odorata,3087725.0,3087725,18.562477,73.794195,8.081590531718081,50c9509d-22c7-4a22-a47d-8c48425ef4a7,iNaturalist research-grade observations,28eb1a3f-1c15-4a95-931a-4af90ecb574d,6234554494
lannea coromandelica,Lannea coromandelica,3661151.0,3661151,18.530621,73.818188,4.216502218042899,50c9509d-22c7-4a22-a47d-8c48425ef4a7,iNaturalist research-grade observations,28eb1a3f-1c15-4a95-931a-4af90ecb574d,6234727391
nicotiana plumbaginifolia,Nicotiana plumbaginifolia,2928768.0,2928768,18.56479,73.794815,8.180906855879249,50c9509d-22c7-4a22-a47d-8c48425ef4a7,iNaturalist research-grade observations,28eb1a3f-1c15-4a95-931a-4af90ecb574d,6235878858
spermacoce remota,Spermacoce remota,2918667.0,2918667,18.59263,73.781044,11.318606135010462,50c9509d-22c7-4a22-a47d-8c48425ef4a7,iNaturalist research-grade observations,28eb1a3f-1c15-4a95-931a-4af90ecb574d,6252746308
melinis repens,Melinis repens,2702504.0,2702504,18.533725,73.72738,13.714769213876032,50c9509d-22c7-4a22-a47d-8c48425ef4a7,iNaturalist research-grade observations,28eb1a3f-1c15-4a95-931a-4af90ecb574d,6352840907
melinis repens,Melinis repens,2702504.0,2702504,18.527299,73.735349,12.817526188531966,50c9509d-22c7-4a22-a47d-8c48425ef4a7,iNaturalist research-grade observations,28eb1a3f-1c15-4a95-931a-4af90ecb574d,6352901983
sabdariffa kostel.,Sabdariffa Kostel.,,3152542,18.513407,73.790722,6.9999451520335665,50c9509d-22c7-4a22-a47d-8c48425ef4a7,iNaturalist research-grade observations,28eb1a3f-1c15-4a95-931a-4af90ecb574d,6352952777
sabdariffa kostel.,Sabdariffa Kostel.,,3152542,18.511694,73.800922,5.960319739712095,50c9509d-22c7-4a22-a47d-8c48425ef4a7,iNaturalist research-grade observations,28eb1a3f-1c15-4a95-931a-4af90ecb574d,6352969912
ipomoea aquatica,Ipomoea aquatica,2928525.0,2928525,18.71695,73.787304,23.046321421197536,50c9509d-22c7-4a22-a47d-8c48425ef4a7,iNaturalist research-grade observations,28eb1a3f-1c15-4a95-931a-4af90ecb574d,6413828950
pterospermum acerifolium,Pterospermum acerifolium,3669210.0,3669210,18.513675,73.855545,0.757638419904288,50c9509d-22c7-4a22-a47d-8c48425ef4a7,iNaturalist research-grade observations,28eb1a3f-1c15-4a95-931a-4af90ecb574d,6499988546
pontederia crassipes,Pontederia crassipes,2765942.0,2765942,18.534397,73.785292,7.687884169113,50c9509d-22c7-4a22-a47d-8c48425ef4a7,iNaturalist research-grade observations,28eb1a3f-1c15-4a95-931a-4af90ecb574d,6518842935
heterophragma quadriloculare,Heterophragma quadriloculare,4091635.0,4091635,18.494817,73.795655,7.037420900854485,50c9509d-22c7-4a22-a47d-8c48425ef4a7,iNaturalist research-grade observations,28eb1a3f-1c15-4a95-931a-4af90ecb574d,6133064552
senna auriculata,Senna auriculata,2956966.0,2956966,18.492763,73.798125,6.898714477753161,50c9509d-22c7-4a22-a47d-8c48425ef4a7,iNaturalist research-grade observations,28eb1a3f-1c15-4a95-931a-4af90ecb574d,6133086858
senna auriculata,Senna auriculata,2956966.0,2956966,18.491778,73.800553,6.721651465382156,50c9509d-22c7-4a22-a47d-8c48425ef4a7,iNaturalist research-grade observations,28eb1a3f-1c15-4a95-931a-4af90ecb574d,6133121607
mesosphaerum suaveolens,Mesosphaerum suaveolens,3889017.0,3889017,18.49255,73.798737,6.8516745995850385,50c9509d-22c7-4a22-a47d-8c48425ef4a7,iNaturalist research-grade observations,28eb1a3f-1c15-4a95-931a-4af90ecb574d,6133174838
gliricidia sepium,Gliricidia sepium,8082978.0,8082978,18.464299,73.970655,13.539649326316054,50c9509d-22c7-4a22-a47d-8c48425ef4a7,iNaturalist research-grade observations,28eb1a3f-1c15-4a95-931a-4af90ecb574d,6133233044
leonotis nepetifolia,Leonotis nepetifolia,4924659.0,4924659,18.4921,73.800042,6.752394013514389,50c9509d-22c7-4a22-a47d-8c48425ef4a7,iNaturalist research-grade observations,28eb1a3f-1c15-4a95-931a-4af90ecb574d,6133258901
woodfordia fruticosa,Woodfordia fruticosa,5635525.0,5635525,18.402997,73.857309,13.05479402586192,50c9509d-22c7-4a22-a47d-8c48425ef4a7,iNaturalist research-grade observations,28eb1a3f-1c15-4a95-931a-4af90ecb574d,6133282012
butea monosperma,Butea monosperma,8234570.0,8234570,18.495213,73.794727,7.109564282673181,50c9509d-22c7-4a22-a47d-8c48425ef4a7,iNaturalist research-grade observations,28eb1a3f-1c15-4a95-931a-4af90ecb574d,6133338030
cochlospermum religiosum,Cochlospermum religiosum,2874867.0,2874867,18.46371,73.807038,8.195282460150688,50c9509d-22c7-4a22-a47d-8c48425ef4a7,iNaturalist research-grade observations,28eb1a3f-1c15-4a95-931a-4af90ecb574d,6133339739
capparis grandis,Capparis grandis,7552967.0,7552967,18.530432,73.816955,4.336379831683544,50c9509d-22c7-4a22-a47d-8c48425ef4a7,iNaturalist research-grade observations,28eb1a3f-1c15-4a95-931a-4af90ecb574d,6133427241
vachellia leucophloea,Vachellia leucophloea,7769517.0,7769517,18.493742,73.796813,6.975879075532621,50c9509d-22c7-4a22-a47d-8c48425ef4a7,iNaturalist research-grade observations,28eb1a3f-1c15-4a95-931a-4af90ecb574d,6133438776
phoenix sylvestris,Phoenix sylvestris,5293177.0,5293177,18.492963,73.797822,6.9174936191406475,50c9509d-22c7-4a22-a47d-8c48425ef4a7,iNaturalist research-grade observations,28eb1a3f-1c15-4a95-931a-4af90ecb574d,6133486146
erythrina variegata,Erythrina variegata,5349581.0,5349581,18.402997,73.857309,13.05479402586192,50c9509d-22c7-4a22-a47d-8c48425ef4a7,iNaturalist research-grade observations,28eb1a3f-1c15-4a95-931a-4af90ecb574d,6133550726
azadirachta indica,Azadirachta indica,3190474.0,3190474,18.494753,73.795715,7.034517771877232,50c9509d-22c7-4a22-a47d-8c48425ef4a7,iNaturalist research-grade observations,28eb1a3f-1c15-4a95-931a-4af90ecb574d,6147298030
couroupita guianensis,Couroupita guianensis,3082562.0,3082562,18.565415,73.821858,6.208572831623742,50c9509d-22c7-4a22-a47d-8c48425ef4a7,iNaturalist research-grade observations,28eb1a3f-1c15-4a95-931a-4af90ecb574d,6147319346
butea monosperma,Butea monosperma,8234570.0,8234570,18.498687,73.797037,6.738435646882851,50c9509d-22c7-4a22-a47d-8c48425ef4a7,iNaturalist research-grade observations,28eb1a3f-1c15-4a95-931a-4af90ecb574d,6147352328
colocasia esculenta,Colocasia esculenta,5330776.0,5330776,18.536214,73.788196,7.4334579602730875,50c9509d-22c7-4a22-a47d-8c48425ef4a7,iNaturalist research-grade observations,28eb1a3f-1c15-4a95-931a-4af90ecb574d,6147357038
calotropis gigantea,Calotropis gigantea,3579089.0,3579089,18.557818,73.789431,8.222246673433931,50c9509d-22c7-4a22-a47d-8c48425ef4a7,iNaturalist research-grade observations,28eb1a3f-1c15-4a95-931a-4af90ecb574d,6147363499
ricinus communis,Ricinus communis,5380041.0,5380041,18.536654,73.788808,7.38259719572481,50c9509d-22c7-4a22-a47d-8c48425ef4a7,iNaturalist research-grade observations,28eb1a3f-1c15-4a95-931a-4af90ecb574d,6147393176
samanea saman,Samanea saman,2972960.0,2972960,18.565438,73.823081,6.135262179024744,50c9509d-22c7-4a22-a47d-8c48425ef4a7,iNaturalist research-grade observations,28eb1a3f-1c15-4a95-931a-4af90ecb574d,6147396179
azadirachta indica,Azadirachta indica,3190474.0,3190474,18.494759,73.795726,7.033186900554463,50c9509d-22c7-4a22-a47d-8c48425ef4a7,iNaturalist research-grade observations,28eb1a3f-1c15-4a95-931a-4af90ecb574d,6147441314
abutilon indicum,Abutilon indicum,3152634.0,3152634,18.640872,73.807161,14.37750504064108,50c9509d-22c7-4a22-a47d-8c48425ef4a7,iNaturalist research-grade observations,28eb1a3f-1c15-4a95-931a-4af90ecb574d,6147447681
carissa carandas,Carissa carandas,5414419.0,5414419,18.494797,73.795708,7.033209896983983,50c9509d-22c7-4a22-a47d-8c48425ef4a7,iNaturalist research-grade observations,28eb1a3f-1c15-4a95-931a-4af90ecb574d,6147477211
lantana montevidensis,Lantana montevidensis,2925314.0,2925314,18.67934,73.752465,20.809089157143852,50c9509d-22c7-4a22-a47d-8c48425ef4a7,iNaturalist research-grade observations,28eb1a3f-1c15-4a95-931a-4af90ecb574d,6147501791
heterophragma quadriloculare,Heterophragma quadriloculare,4091635.0,4091635,18.494858,73.795598,7.041077822426519,50c9509d-22c7-4a22-a47d-8c48425ef4a7,iNaturalist research-grade observations,28eb1a3f-1c15-4a95-931a-4af90ecb574d,6147521217
senna auriculata,Senna auriculata,2956966.0,2956966,18.495148,73.793104,7.269964504027556,50c9509d-22c7-4a22-a47d-8c48425ef4a7,iNaturalist research-grade observations,28eb1a3f-1c15-4a95-931a-4af90ecb574d,6147526154
broussonetia papyrifera,Broussonetia papyrifera,5361944.0,5361944,18.565872,73.823044,6.176954144821539,50c9509d-22c7-4a22-a47d-8c48425ef4a7,iNaturalist research-grade observations,28eb1a3f-1c15-4a95-931a-4af90ecb574d,6147537653
gliricidia sepium,Gliricidia sepium,8082978.0,8082978,18.494709,73.796263,6.983735681124264,50c9509d-22c7-4a22-a47d-8c48425ef4a7,iNaturalist research-grade observations,28eb1a3f-1c15-4a95-931a-4af90ecb574d,6147540792
blumea eriantha,Blumea eriantha,5395738.0,5395738,18.562684,73.794433,8.074523357604566,50c9509d-22c7-4a22-a47d-8c48425ef4a7,iNaturalist research-grade observations,28eb1a3f-1c15-4a95-931a-4af90ecb574d,6147541751
vachellia farnesiana,Vachellia farnesiana,2979265.0,2979265,18.492422,73.801078,6.639077757710356,50c9509d-22c7-4a22-a47d-8c48425ef4a7,iNaturalist research-grade observations,28eb1a3f-1c15-4a95-931a-4af90ecb574d,6147554511
senna auriculata,Senna auriculata,2956966.0,2956966,18.493413,73.797342,6.941168470299198,50c9509d-22c7-4a22-a47d-8c48425ef4a7,iNaturalist research-grade observations,28eb1a3f-1c15-4a95-931a-4af90ecb574d,6147579567
urena lobata,Urena lobata,3152253.0,3152253,18.4941,73.80165,6.4997721935256605,50c9509d-22c7-4a22-a47d-8c48425ef4a7,iNaturalist research-grade observations,28eb1a3f-1c15-4a95-931a-4af90ecb574d,6147584254
azadirachta indica,Azadirachta indica,3190474.0,3190474,18.565609,73.822913,6.16101411112601,50c9509d-22c7-4a22-a47d-8c48425ef4a7,iNaturalist research-grade observations,28eb1a3f-1c15-4a95-931a-4af90ecb574d,6147585732
ipomoea cairica,Ipomoea cairica,2928531.0,2928531,18.535608,73.788533,7.38322870772355,50c9509d-22c7-4a22-a47d-8c48425ef4a7,iNaturalist research-grade observations,28eb1a3f-1c15-4a95-931a-4af90ecb574d,6147598743
gliricidia sepium,Gliricidia sepium,8082978.0,8082978,18.535841,73.788332,7.4098144134245825,50c9509d-22c7-4a22-a47d-8c48425ef4a7,iNaturalist research-grade observations,28eb1a3f-1c15-4a95-931a-4af90ecb574d,6147711454
gliricidia sepium,Gliricidia sepium,8082978.0,8082978,18.52549,73.815385,4.392653595370013,50c9509d-22c7-4a22-a47d-8c48425ef4a7,iNaturalist research-grade observations,28eb1a3f-1c15-4a95-931a-4af90ecb574d,6159136683
mangifera indica,Mangifera indica,3190638.0,3190638,18.565257,73.822833,6.13402668178909,50c9509d-22c7-4a22-a47d-8c48425ef4a7,iNaturalist research-grade observations,28eb1a3f-1c15-4a95-931a-4af90ecb574d,6159175059
tabebuia rosea,Tabebuia rosea,3172537.0,3172537,18.486495,73.802674,6.831378750605977,50c9509d-22c7-4a22-a47d-8c48425ef4a7,iNaturalist research-grade observations,28eb1a3f-1c15-4a95-931a-4af90ecb574d,6159202898
mirabilis jalapa,Mirabilis jalapa,3086240.0,3086240,18.53114,73.843819,1.8084764845320602,50c9509d-22c7-4a22-a47d-8c48425ef4a7,iNaturalist research-grade observations,28eb1a3f-1c15-4a95-931a-4af90ecb574d,6159210247
muntingia calabura,Muntingia calabura,3152036.0,3152036,18.527334,73.82976,2.943185697049505,50c9509d-22c7-4a22-a47d-8c48425ef4a7,iNaturalist research-grade observations,28eb1a3f-1c15-4a95-931a-4af90ecb574d,6159223719
mesosphaerum suaveolens,Mesosphaerum suaveolens,3889017.0,3889017,18.536461,73.806801,5.5557852687222615,50c9509d-22c7-4a22-a47d-8c48425ef4a7,iNaturalist research-grade observations,28eb1a3f-1c15-4a95-931a-4af90ecb574d,6159255147
polyalthia longifolia,Polyalthia longifolia,3156422.0,3156422,18.531387,73.913753,6.138077101672456,50c9509d-22c7-4a22-a47d-8c48425ef4a7,iNaturalist research-grade observations,28eb1a3f-1c15-4a95-931a-4af90ecb574d,6159281317
butea monosperma,Butea monosperma,8234570.0,8234570,18.494408,73.793804,7.234428730216437,50c9509d-22c7-4a22-a47d-8c48425ef4a7,iNaturalist research-grade observations,28eb1a3f-1c15-4a95-931a-4af90ecb574d,6159321147
calotropis procera,Calotropis procera,5414566.0,5414566,18.562506,73.7944,8.065849560893126,50c9509d-22c7-4a22-a47d-8c48425ef4a7,iNaturalist research-grade observations,28eb1a3f-1c15-4a95-931a-4af90ecb574d,6159349955
terminalia arjuna,Terminalia arjuna,3699548.0,3699548,18.547571,73.778522,8.778448083106673,50c9509d-22c7-4a22-a47d-8c48425ef4a7,iNaturalist research-grade observations,28eb1a3f-1c15-4a95-931a-4af90ecb574d,6159353461
acmella radicans,Acmella radicans,5386729.0,5386729,18.483787,73.825615,5.226737423833456,50c9509d-22c7-4a22-a47d-8c48425ef4a7,iNaturalist research-grade observations,28eb1a3f-1c15-4a95-931a-4af90ecb574d,6159414283
woodfordia fruticosa,Woodfordia fruticosa,5635525.0,5635525,18.319723,73.880653,22.456924551147235,50c9509d-22c7-4a22-a47d-8c48425ef4a7,iNaturalist research-grade observations,28eb1a3f-1c15-4a95-931a-4af90ecb574d,6159441765
gliricidia sepium,Gliricidia sepium,8082978.0,8082978,18.480869,73.908946,7.047960847199568,50c9509d-22c7-4a22-a47d-8c48425ef4a7,iNaturalist research-grade observations,28eb1a3f-1c15-4a95-931a-4af90ecb574d,6159449506
woodfordia fruticosa,Woodfordia fruticosa,5635525.0,5635525,18.509714,73.763556,9.892690174881968,50c9509d-22c7-4a22-a47d-8c48425ef4a7,iNaturalist research-grade observations,28eb1a3f-1c15-4a95-931a-4af90ecb574d,6159487937
calotropis gigantea,Calotropis gigantea,3579089.0,3579089,18.527212,73.823017,3.6312225602362767,50c9509d-22c7-4a22-a47d-8c48425ef4a7,iNaturalist research-grade observations,28eb1a3f-1c15-4a95-931a-4af90ecb574d,6159493051
azadirachta indica,Azadirachta indica,3190474.0,3190474,18.564835,73.822762,6.100320922687011,50c9509d-22c7-4a22-a47d-8c48425ef4a7,iNaturalist research-grade observations,28eb1a3f-1c15-4a95-931a-4af90ecb574d,6159533249
verbascum coromandelianum,Verbascum coromandelianum,7333197.0,7333197,18.537848,73.797974,6.488395209948046,50c9509d-22c7-4a22-a47d-8c48425ef4a7,iNaturalist research-grade observations,28eb1a3f-1c15-4a95-931a-4af90ecb574d,6159533652
millingtonia hortensis,Millingtonia hortensis,7629955.0,7629955,18.563127,73.827995,5.632941098534995,50c9509d-22c7-4a22-a47d-8c48425ef4a7,iNaturalist research-grade observations,28eb1a3f-1c15-4a95-931a-4af90ecb574d,6159543566
blumea axillaris,Blumea axillaris,5395843.0,5395843,18.649847,73.769231,17.093035350415434,50c9509d-22c7-4a22-a47d-8c48425ef4a7,iNaturalist research-grade observations,28eb1a3f-1c15-4a95-931a-4af90ecb574d,6159550624
azadirachta indica,Azadirachta indica,3190474.0,3190474,18.564525,73.82264,6.080023968308353,50c9509d-22c7-4a22-a47d-8c48425ef4a7,iNaturalist research-grade observations,28eb1a3f-1c15-4a95-931a-4af90ecb574d,6159557818
gliricidia sepium,Gliricidia sepium,8082978.0,8082978,18.521059,73.821641,3.6972123156324552,50c9509d-22c7-4a22-a47d-8c48425ef4a7,iNaturalist research-grade observations,28eb1a3f-1c15-4a95-931a-4af90ecb574d,6159572209
dendrobium barbatulum,Dendrobium barbatulum,5316833.0,5316833,18.446903,73.430544,45.678990147532815,50c9509d-22c7-4a22-a47d-8c48425ef4a7,iNaturalist research-grade observations,28eb1a3f-1c15-4a95-931a-4af90ecb574d,6159667411
senna auriculata,Senna auriculata,2956966.0,2956966,18.495929,73.79314,7.233334645012819,50c9509d-22c7-4a22-a47d-8c48425ef4a7,iNaturalist research-grade observations,28eb1a3f-1c15-4a95-931a-4af90ecb574d,6159675744
erythrina suberosa,Erythrina suberosa,5349546.0,5349546,18.548058,73.78189,8.465455579465614,50c9509d-22c7-4a22-a47d-8c48425ef4a7,iNaturalist research-grade observations,28eb1a3f-1c15-4a95-931a-4af90ecb574d,6159708005
argemone mexicana,Argemone mexicana,2888485.0,2888485,18.565487,73.795738,8.150950366567981,50c9509d-22c7-4a22-a47d-8c48425ef4a7,iNaturalist research-grade observations,28eb1a3f-1c15-4a95-931a-4af90ecb574d,6162770939
artocarpus heterophyllus,Artocarpus heterophyllus,2984565.0,2984565,18.56308,73.822403,5.96623458802615,50c9509d-22c7-4a22-a47d-8c48425ef4a7,iNaturalist research-grade observations,28eb1a3f-1c15-4a95-931a-4af90ecb574d,6162775805
gliricidia sepium,Gliricidia sepium,8082978.0,8082978,18.522101,73.813771,4.530205025209557,50c9509d-22c7-4a22-a47d-8c48425ef4a7,iNaturalist research-grade observations,28eb1a3f-1c15-4a95-931a-4af90ecb574d,6162795481
bauhinia variegata,Bauhinia variegata,2953251.0,2953251,18.558558,73.820444,5.710750570445941,50c9509d-22c7-4a22-a47d-8c48425ef4a7,iNaturalist research-grade observations,28eb1a3f-1c15-4a95-931a-4af90ecb574d,6162813544
sterculia foetida,Sterculia foetida,5406675.0,5406675,18.480938,73.814383,6.258288587145536,50c9509d-22c7-4a22-a47d-8c48425ef4a7,iNaturalist research-grade observations,28eb1a3f-1c15-4a95-931a-4af90ecb574d,6162816131
caryota urens,Caryota urens,2738914.0,2738914,18.563883,73.822978,6.001390700237908,50c9509d-22c7-4a22-a47d-8c48425ef4a7,iNaturalist research-grade observations,28eb1a3f-1c15-4a95-931a-4af90ecb574d,6162830103
plumbago zeylanica,Plumbago zeylanica,3082282.0,3082282,18.489597,73.824235,4.842579531085314,50c9509d-22c7-4a22-a47d-8c48425ef4a7,iNaturalist research-grade observations,28eb1a3f-1c15-4a95-931a-4af90ecb574d,6162834645
caryota urens,Caryota urens,2738914.0,2738914,18.563847,73.822996,5.997041797726119,50c9509d-22c7-4a22-a47d-8c48425ef4a7,iNaturalist research-grade observations,28eb1a3f-1c15-4a95-931a-4af90ecb574d,6162835610
capparis spinosa,Capparis spinosa,6370689.0,8282319,18.440997,73.426953,46.173465477019874,50c9509d-22c7-4a22-a47d-8c48425ef4a7,iNaturalist research-grade observations,28eb1a3f-1c15-4a95-931a-4af90ecb574d,6162843530
butea monosperma,Butea monosperma,8234570.0,8234570,18.494411,73.793352,7.278013325106295,50c9509d-22c7-4a22-a47d-8c48425ef4a7,iNaturalist research-grade observations,28eb1a3f-1c15-4a95-931a-4af90ecb574d,6162848017
cocos nucifera,Cocos nucifera,2735117.0,2735117,18.563858,73.822692,6.01706778997511,50c9509d-22c7-4a22-a47d-8c48425ef4a7,iNaturalist research-grade observations,28eb1a3f-1c15-4a95-931a-4af90ecb574d,6162850408
bauhinia variegata,Bauhinia variegata,2953251.0,2953251,18.56437,73.822887,6.050747879030505,50c9509d-22c7-4a22-a47d-8c48425ef4a7,iNaturalist research-grade observations,28eb1a3f-1c15-4a95-931a-4af90ecb574d,6162857894
cocos nucifera,Cocos nucifera,2735117.0,2735117,18.563633,73.822615,6.001851535016575,50c9509d-22c7-4a22-a47d-8c48425ef4a7,iNaturalist research-grade observations,28eb1a3f-1c15-4a95-931a-4af90ecb574d,6162863910
pongamia pinnata,Pongamia pinnata,2965911.0,2965911,18.564195,73.823048,6.0250263041922905,50c9509d-22c7-4a22-a47d-8c48425ef4a7,iNaturalist research-grade observations,28eb1a3f-1c15-4a95-931a-4af90ecb574d,6162871493
pongamia pinnata,Pongamia pinnata,2965911.0,2965911,18.563869,73.823014,5.997888770574442,50c9509d-22c7-4a22-a47d-8c48425ef4a7,iNaturalist research-grade observations,28eb1a3f-1c15-4a95-931a-4af90ecb574d,6162900482
solanum lycopersicum,Solanum lycopersicum,2930137.0,2930137,18.527186,73.829399,2.975720485927203,50c9509d-22c7-4a22-a47d-8c48425ef4a7,iNaturalist research-grade observations,28eb1a3f-1c15-4a95-931a-4af90ecb574d,6162906273
bauhinia variegata,Bauhinia variegata,2953251.0,2953251,18.564317,73.823015,6.038040968630412,50c9509d-22c7-4a22-a47d-8c48425ef4a7,iNaturalist research-grade observations,28eb1a3f-1c15-4a95-931a-4af90ecb574d,6162928138
artocarpus heterophyllus,Artocarpus heterophyllus,2984565.0,2984565,18.58075,73.821017,7.693000364390835,50c9509d-22c7-4a22-a47d-8c48425ef4a7,iNaturalist research-grade observations,28eb1a3f-1c15-4a95-931a-4af90ecb574d,6162937993
gliricidia sepium,Gliricidia sepium,8082978.0,8082978,18.531251,73.818301,4.224495446777886,50c9509d-22c7-4a22-a47d-8c48425ef4a7,iNaturalist research-grade observations,28eb1a3f-1c15-4a95-931a-4af90ecb574d,6162941005
heliotropium indicum,Heliotropium indicum,2925788.0,2925788,18.483015,73.824812,5.346721856969325,50c9509d-22c7-4a22-a47d-8c48425ef4a7,iNaturalist research-grade observations,28eb1a3f-1c15-4a95-931a-4af90ecb574d,6162960801
crotalaria pallida,Crotalaria pallida,8260433.0,8260433,18.503588,73.705863,16.013972910384254,50c9509d-22c7-4a22-a47d-8c48425ef4a7,iNaturalist research-grade observations,28eb1a3f-1c15-4a95-931a-4af90ecb574d,6162962265
pongamia pinnata,Pongamia pinnata,2965911.0,2965911,18.931477,73.776594,46.481652290904506,50c9509d-22c7-4a22-a47d-8c48425ef4a7,iNaturalist research-grade observations,28eb1a3f-1c15-4a95-931a-4af90ecb574d,6162962494
holoptelea integrifolia,Holoptelea integrifolia,4160169.0,4160169,18.496521,73.793389,7.184415657830383,50c9509d-22c7-4a22-a47d-8c48425ef4a7,iNaturalist research-grade observations,28eb1a3f-1c15-4a95-931a-4af90ecb574d,6162968894
gliricidia sepium,Gliricidia sepium,8082978.0,8082978,18.516796,73.814337,4.484588848198472,50c9509d-22c7-4a22-a47d-8c48425ef4a7,iNaturalist research-grade observations,28eb1a3f-1c15-4a95-931a-4af90ecb574d,6162971187
caryota urens,Caryota urens,2738914.0,2738914,18.564282,73.823092,6.030120927865663,50c9509d-22c7-4a22-a47d-8c48425ef4a7,iNaturalist research-grade observations,28eb1a3f-1c15-4a95-931a-4af90ecb574d,6162975516
mesosphaerum suaveolens,Mesosphaerum suaveolens,3889017.0,3889017,18.493537,73.797222,6.946638327117112,50c9509d-22c7-4a22-a47d-8c48425ef4a7,iNaturalist research-grade observations,28eb1a3f-1c15-4a95-931a-4af90ecb574d,6163005582
bombax ceiba,Bombax ceiba,3152226.0,3152226,18.536273,73.788377,7.416475210366114,50c9509d-22c7-4a22-a47d-8c48425ef4a7,iNaturalist research-grade observations,28eb1a3f-1c15-4a95-931a-4af90ecb574d,6163007105
caryota urens,Caryota urens,2738914.0,2738914,18.563886,73.822986,6.001159903841482,50c9509d-22c7-4a22-a47d-8c48425ef4a7,iNaturalist research-grade observations,28eb1a3f-1c15-4a95-931a-4af90ecb574d,6163031228
bauhinia variegata,Bauhinia variegata,2953251.0,2953251,18.517721,73.812293,4.691615698261151,50c9509d-22c7-4a22-a47d-8c48425ef4a7,iNaturalist research-grade observations,28eb1a3f-1c15-4a95-931a-4af90ecb574d,6163033103
capparis spinosa,Capparis spinosa,6370689.0,8282319,18.441194,73.425417,46.328279423187624,50c9509d-22c7-4a22-a47d-8c48425ef4a7,iNaturalist research-grade observations,28eb1a3f-1c15-4a95-931a-4af90ecb574d,6163042525
polyalthia longifolia,Polyalthia longifolia,3156422.0,3156422,18.514312,73.852841,0.7898261070283847,50c9509d-22c7-4a22-a47d-8c48425ef4a7,iNaturalist research-grade observations,28eb1a3f-1c15-4a95-931a-4af90ecb574d,6163080592
bauhinia variegata,Bauhinia variegata,2953251.0,2953251,18.56429,73.823074,6.031955737860927,50c9509d-22c7-4a22-a47d-8c48425ef4a7,iNaturalist research-grade observations,28eb1a3f-1c15-4a95-931a-4af90ecb574d,6163090741
bauhinia variegata,Bauhinia variegata,2953251.0,2953251,18.56431,73.823146,6.029298675612749,50c9509d-22c7-4a22-a47d-8c48425ef4a7,iNaturalist research-grade observations,28eb1a3f-1c15-4a95-931a-4af90ecb574d,6163099895
woodfordia fruticosa,Woodfordia fruticosa,5635525.0,5635525,18.376126,73.768627,18.53828029629272,50c9509d-22c7-4a22-a47d-8c48425ef4a7,iNaturalist research-grade observations,28eb1a3f-1c15-4a95-931a-4af90ecb574d,6163121657
ipomoea cairica,Ipomoea cairica,2928531.0,2928531,18.536873,73.7879,7.481372885477472,50c9509d-22c7-4a22-a47d-8c48425ef4a7,iNaturalist research-grade observations,28eb1a3f-1c15-4a95-931a-4af90ecb574d,6163151963
holmskioldia sanguinea,Holmskioldia sanguinea,2925665.0,2925665,18.552796,73.827227,4.7572341798674405,50c9509d-22c7-4a22-a47d-8c48425ef4a7,iNaturalist research-grade observations,28eb1a3f-1c15-4a95-931a-4af90ecb574d,6163165767
ipomoea carnea,Ipomoea carnea,2928590.0,3682029,18.628004,73.636709,26.092780821249224,50c9509d-22c7-4a22-a47d-8c48425ef4a7,iNaturalist research-grade observations,28eb1a3f-1c15-4a95-931a-4af90ecb574d,6163175605
ipomoea carnea,Ipomoea carnea,2928590.0,3682029,18.62559,73.649762,24.75029016284241,50c9509d-22c7-4a22-a47d-8c48425ef4a7,iNaturalist research-grade observations,28eb1a3f-1c15-4a95-931a-4af90ecb574d,6163178028
cascabela thevetia,Cascabela thevetia,3169652.0,3169652,18.557926,73.789076,8.260606494638596,50c9509d-22c7-4a22-a47d-8c48425ef4a7,iNaturalist research-grade observations,28eb1a3f-1c15-4a95-931a-4af90ecb574d,6163186145
caryota urens,Caryota urens,2738914.0,2738914,18.564268,73.823032,6.032580877908031,50c9509d-22c7-4a22-a47d-8c48425ef4a7,iNaturalist research-grade observations,28eb1a3f-1c15-4a95-931a-4af90ecb574d,6163208121
cocos nucifera,Cocos nucifera,2735117.0,2735117,18.563725,73.822673,6.006394133857653,50c9509d-22c7-4a22-a47d-8c48425ef4a7,iNaturalist research-grade observations,28eb1a3f-1c15-4a95-931a-4af90ecb574d,6163218726
alternanthera ficoidea,Alternanthera ficoidea,8160803.0,8160803,18.522101,73.813771,4.530205025209557,50c9509d-22c7-4a22-a47d-8c48425ef4a7,iNaturalist research-grade observations,28eb1a3f-1c15-4a95-931a-4af90ecb574d,6163252538
cocos nucifera,Cocos nucifera,2735117.0,2735117,18.563697,73.82255,6.011653969748829,50c9509d-22c7-4a22-a47d-8c48425ef4a7,iNaturalist research-grade observations,28eb1a3f-1c15-4a95-931a-4af90ecb574d,6163281522
polyalthia longifolia,Polyalthia longifolia,3156422.0,3156422,18.456732,73.929495,10.442772330034783,50c9509d-22c7-4a22-a47d-8c48425ef4a7,iNaturalist research-grade observations,28eb1a3f-1c15-4a95-931a-4af90ecb574d,6163301994
bougainvillea spectabilis,Bougainvillea spectabilis,7167078.0,7167078,18.522101,73.813771,4.530205025209557,50c9509d-22c7-4a22-a47d-8c48425ef4a7,iNaturalist research-grade observations,28eb1a3f-1c15-4a95-931a-4af90ecb574d,6163312467
ipomoea cairica,Ipomoea cairica,2928531.0,2928531,18.642972,73.818922,14.19911695839302,50c9509d-22c7-4a22-a47d-8c48425ef4a7,iNaturalist research-grade observations,28eb1a3f-1c15-4a95-931a-4af90ecb574d,6163331537
butea monosperma,Butea monosperma,8234570.0,8234570,18.520842,73.812442,4.666655016118777,50c9509d-22c7-4a22-a47d-8c48425ef4a7,iNaturalist research-grade observations,28eb1a3f-1c15-4a95-931a-4af90ecb574d,6163351233
ficus racemosa,Ficus racemosa,5361904.0,5361904,18.564328,73.823044,6.037232908098599,50c9509d-22c7-4a22-a47d-8c48425ef4a7,iNaturalist research-grade observations,28eb1a3f-1c15-4a95-931a-4af90ecb574d,6163355689
cocos nucifera,Cocos nucifera,2735117.0,2735117,18.56364,73.822548,6.006706045245692,50c9509d-22c7-4a22-a47d-8c48425ef4a7,iNaturalist research-grade observations,28eb1a3f-1c15-4a95-931a-4af90ecb574d,6163367985
cocculus hirsutus,Cocculus hirsutus,3829491.0,3829491,18.49268,73.798447,6.87246842332682,50c9509d-22c7-4a22-a47d-8c48425ef4a7,iNaturalist research-grade observations,28eb1a3f-1c15-4a95-931a-4af90ecb574d,6163400582
caryota urens,Caryota urens,2738914.0,2738914,18.558558,73.821583,5.631087315510064,50c9509d-22c7-4a22-a47d-8c48425ef4a7,iNaturalist research-grade observations,28eb1a3f-1c15-4a95-931a-4af90ecb574d,6170812285
tectona grandis,Tectona grandis,2925649.0,2925649,18.335136,73.71668,25.348879493511486,50c9509d-22c7-4a22-a47d-8c48425ef4a7,iNaturalist research-grade observations,28eb1a3f-1c15-4a95-931a-4af90ecb574d,6170823680
samanea saman,Samanea saman,2972960.0,2972960,18.562165,73.821679,5.932827519062309,50c9509d-22c7-4a22-a47d-8c48425ef4a7,iNaturalist research-grade observations,28eb1a3f-1c15-4a95-931a-4af90ecb574d,6170825347
mangifera indica,Mangifera indica,3190638.0,3190638,18.564007,73.823088,6.005654609039823,50c9509d-22c7-4a22-a47d-8c48425ef4a7,iNaturalist research-grade observations,28eb1a3f-1c15-4a95-931a-4af90ecb574d,6170825354
ficus benghalensis,Ficus benghalensis,5361919.0,5361919,18.534175,73.733483,13.081014823823248,50c9509d-22c7-4a22-a47d-8c48425ef4a7,iNaturalist research-grade observations,28eb1a3f-1c15-4a95-931a-4af90ecb574d,6170828598
mirabilis jalapa,Mirabilis jalapa,3086240.0,3086240,18.500414,73.853597,2.2463011381284397,50c9509d-22c7-4a22-a47d-8c48425ef4a7,iNaturalist research-grade observations,28eb1a3f-1c15-4a95-931a-4af90ecb574d,6170851315
cryptolepis buchananii,Cryptolepis buchananii,5525050.0,5525050,18.567347,73.798511,8.054939918956917,50c9509d-22c7-4a22-a47d-8c48425ef4a7,iNaturalist research-grade observations,28eb1a3f-1c15-4a95-931a-4af90ecb574d,6170856178
gliricidia sepium,Gliricidia sepium,8082978.0,8082978,18.531254,73.818334,4.221256535982729,50c9509d-22c7-4a22-a47d-8c48425ef4a7,iNaturalist research-grade observations,28eb1a3f-1c15-4a95-931a-4af90ecb574d,6170863193
cascabela thevetia,Cascabela thevetia,3169652.0,3169652,18.532195,73.731832,13.230340945149303,50c9509d-22c7-4a22-a47d-8c48425ef4a7,iNaturalist research-grade observations,28eb1a3f-1c15-4a95-931a-4af90ecb574d,6170883921
chromolaena odorata,Chromolaena odorata,3087725.0,3087725,18.520533,73.814619,4.436890206039726,50c9509d-22c7-4a22-a47d-8c48425ef4a7,iNaturalist research-grade observations,28eb1a3f-1c15-4a95-931a-4af90ecb574d,6170887191
catharanthus roseus,Catharanthus roseus,3169830.0,3169830,18.522465,73.829841,2.841191748479687,50c9509d-22c7-4a22-a47d-8c48425ef4a7,iNaturalist research-grade observations,28eb1a3f-1c15-4a95-931a-4af90ecb574d,6170894610
dendrobium barbatulum,Dendrobium barbatulum,5316833.0,5316833,18.438926,73.427547,46.15689399646179,50c9509d-22c7-4a22-a47d-8c48425ef4a7,iNaturalist research-grade observations,28eb1a3f-1c15-4a95-931a-4af90ecb574d,6170898118
mangifera indica,Mangifera indica,3190638.0,3190638,18.563109,73.823343,5.909295675191022,50c9509d-22c7-4a22-a47d-8c48425ef4a7,iNaturalist research-grade observations,28eb1a3f-1c15-4a95-931a-4af90ecb574d,6170915258
impatiens walleriana,Impatiens walleriana,2891772.0,2891772,18.521918,73.847635,0.9705667633712621,50c9509d-22c7-4a22-a47d-8c48425ef4a7,iNaturalist research-grade observations,28eb1a3f-1c15-4a95-931a-4af90ecb574d,6170921256
polyalthia longifolia,Polyalthia longifolia,3156422.0,3156422,18.566231,73.908198,7.446171570819351,50c9509d-22c7-4a22-a47d-8c48425ef4a7,iNaturalist research-grade observations,28eb1a3f-1c15-4a95-931a-4af90ecb574d,6170962509
delonix regia,Delonix regia,2956176.0,2956176,18.563044,73.822614,5.949589585145138,50c9509d-22c7-4a22-a47d-8c48425ef4a7,iNaturalist research-grade observations,28eb1a3f-1c15-4a95-931a-4af90ecb574d,6170965660
polyalthia longifolia,Polyalthia longifolia,3156422.0,3156422,18.581331,73.996091,16.18100494988277,50c9509d-22c7-4a22-a47d-8c48425ef4a7,iNaturalist research-grade observations,28eb1a3f-1c15-4a95-931a-4af90ecb574d,6171005101
gliricidia sepium,Gliricidia sepium,8082978.0,8082978,18.524014,73.830833,2.7567408228406958,50c9509d-22c7-4a22-a47d-8c48425ef4a7,iNaturalist research-grade observations,28eb1a3f-1c15-4a95-931a-4af90ecb574d,6171011493
caesalpinia pulcherrima,Caesalpinia pulcherrima,2958715.0,2958715,18.527005,73.831134,2.7937984590517546,50c9509d-22c7-4a22-a47d-8c48425ef4a7,iNaturalist research-grade observations,28eb1a3f-1c15-4a95-931a-4af90ecb574d,6171020789
impatiens walleriana,Impatiens walleriana,2891772.0,2891772,18.521778,73.847691,0.9621516784482264,50c9509d-22c7-4a22-a47d-8c48425ef4a7,iNaturalist research-grade observations,28eb1a3f-1c15-4a95-931a-4af90ecb574d,6171025802
butea monosperma,Butea monosperma,8234570.0,8234570,18.539856,73.833268,3.283815370525954,50c9509d-22c7-4a22-a47d-8c48425ef4a7,iNaturalist research-grade observations,28eb1a3f-1c15-4a95-931a-4af90ecb574d,6171046038
delonix regia,Delonix regia,2956176.0,2956176,18.562955,73.822709,5.935654099840568,50c9509d-22c7-4a22-a47d-8c48425ef4a7,iNaturalist research-grade observations,28eb1a3f-1c15-4a95-931a-4af90ecb574d,6171057553
bauhinia purpurea,Bauhinia purpurea,2953871.0,2953871,18.563105,73.822725,5.947942492462876,50c9509d-22c7-4a22-a47d-8c48425ef4a7,iNaturalist research-grade observations,28eb1a3f-1c15-4a95-931a-4af90ecb574d,6171088566
capparis spinosa,Capparis spinosa,6370689.0,8282319,18.464237,73.457157,42.59356894628888,50c9509d-22c7-4a22-a47d-8c48425ef4a7,iNaturalist research-grade observations,28eb1a3f-1c15-4a95-931a-4af90ecb574d,6171111829
cullen corylifolium,Cullen corylifolium,2948930.0,2948930,18.462137,73.784312,10.012190730437487,50c9509d-22c7-4a22-a47d-8c48425ef4a7,iNaturalist research-grade observations,28eb1a3f-1c15-4a95-931a-4af90ecb574d,6171118728
bougainvillea spectabilis,Bougainvillea spectabilis,7167078.0,7167078,18.52376,73.828638,2.9822219543186197,50c9509d-22c7-4a22-a47d-8c48425ef4a7,iNaturalist research-grade observations,28eb1a3f-1c15-4a95-931a-4af90ecb574d,6171119245
dichrostachys cinerea,Dichrostachys cinerea,2975891.0,2975891,18.556146,73.790529,8.028999639108298,50c9509d-22c7-4a22-a47d-8c48425ef4a7,iNaturalist research-grade observations,28eb1a3f-1c15-4a95-931a-4af90ecb574d,6171162603
tridax procumbens,Tridax procumbens,3149462.0,3149462,18.534416,73.731439,13.298164273076239,50c9509d-22c7-4a22-a47d-8c48425ef4a7,iNaturalist research-grade observations,28eb1a3f-1c15-4a95-931a-4af90ecb574d,6171189952
cosmos sulphureus,Cosmos sulphureus,3098951.0,3098951,18.531607,73.669648,19.760766322192392,50c9509d-22c7-4a22-a47d-8c48425ef4a7,iNaturalist research-grade observations,28eb1a3f-1c15-4a95-931a-4af90ecb574d,6171233999
leonotis nepetifolia,Leonotis nepetifolia,4924659.0,4924659,18.492176,73.800043,6.748365291502254,50c9509d-22c7-4a22-a47d-8c48425ef4a7,iNaturalist research-grade observations,28eb1a3f-1c15-4a95-931a-4af90ecb574d,6171238977
senegalia rugata,Senegalia rugata,3795863.0,3795863,18.444534,73.425786,46.22041560808191,50c9509d-22c7-4a22-a47d-8c48425ef4a7,iNaturalist research-grade observations,28eb1a3f-1c15-4a95-931a-4af90ecb574d,6171254414
tradescantia pallida,Tradescantia pallida,2765221.0,2765221,18.533485,73.733425,13.078356035298524,50c9509d-22c7-4a22-a47d-8c48425ef4a7,iNaturalist research-grade observations,28eb1a3f-1c15-4a95-931a-4af90ecb574d,6171254445
mimusops elengi,Mimusops elengi,2883768.0,2883768,18.571418,73.779037,9.96061956878593,50c9509d-22c7-4a22-a47d-8c48425ef4a7,iNaturalist research-grade observations,28eb1a3f-1c15-4a95-931a-4af90ecb574d,6171256525
thunbergia laurifolia,Thunbergia laurifolia,5415460.0,5415460,18.525654,73.829777,2.8981152330717577,50c9509d-22c7-4a22-a47d-8c48425ef4a7,iNaturalist research-grade observations,28eb1a3f-1c15-4a95-931a-4af90ecb574d,6171286322
dalbergia sissoo,Dalbergia sissoo,2968532.0,2968532,18.49178,73.800392,6.73650422003864,50c9509d-22c7-4a22-a47d-8c48425ef4a7,iNaturalist research-grade observations,28eb1a3f-1c15-4a95-931a-4af90ecb574d,6171289351
calotropis procera,Calotropis procera,5414566.0,5414566,18.521059,73.821641,3.6972123156324552,50c9509d-22c7-4a22-a47d-8c48425ef4a7,iNaturalist research-grade observations,28eb1a3f-1c15-4a95-931a-4af90ecb574d,6171304579
mangifera indica,Mangifera indica,3190638.0,3190638,18.563109,73.823343,5.909295675191022,50c9509d-22c7-4a22-a47d-8c48425ef4a7,iNaturalist research-grade observations,28eb1a3f-1c15-4a95-931a-4af90ecb574d,6171327559
asclepias curassavica,Asclepias curassavica,3170241.0,3170241,18.447971,73.431018,45.60855234892765,50c9509d-22c7-4a22-a47d-8c48425ef4a7,iNaturalist research-grade observations,28eb1a3f-1c15-4a95-931a-4af90ecb574d,6171353877
alternanthera ficoidea,Alternanthera ficoidea,8160803.0,8160803,18.522101,73.813771,4.530205025209557,50c9509d-22c7-4a22-a47d-8c48425ef4a7,iNaturalist research-grade observations,28eb1a3f-1c15-4a95-931a-4af90ecb574d,6171398655
mangifera indica,Mangifera indica,3190638.0,3190638,18.56311,73.822786,5.944516313979673,50c9509d-22c7-4a22-a47d-8c48425ef4a7,iNaturalist research-grade observations,28eb1a3f-1c15-4a95-931a-4af90ecb574d,6171430234
basella alba,Basella alba,3083504.0,3083504,18.488589,73.825432,4.835574178518814,50c9509d-22c7-4a22-a47d-8c48425ef4a7,iNaturalist research-grade observations,28eb1a3f-1c15-4a95-931a-4af90ecb574d,6178377261
bombax ceiba,Bombax ceiba,3152226.0,3152226,18.402997,73.857309,13.05479402586192,50c9509d-22c7-4a22-a47d-8c48425ef4a7,iNaturalist research-grade observations,28eb1a3f-1c15-4a95-931a-4af90ecb574d,6178397096
mesosphaerum suaveolens,Mesosphaerum suaveolens,3889017.0,3889017,18.492575,73.798763,6.847972316911552,50c9509d-22c7-4a22-a47d-8c48425ef4a7,iNaturalist research-grade observations,28eb1a3f-1c15-4a95-931a-4af90ecb574d,6178481925
tabebuia rosea,Tabebuia rosea,3172537.0,3172537,18.538063,73.786501,7.657309345673133,50c9509d-22c7-4a22-a47d-8c48425ef4a7,iNaturalist research-grade observations,28eb1a3f-1c15-4a95-931a-4af90ecb574d,6178497629
leucaena leucocephala,Leucaena leucocephala,2970418.0,2970418,18.563109,73.823343,5.909295675191022,50c9509d-22c7-4a22-a47d-8c48425ef4a7,iNaturalist research-grade observations,28eb1a3f-1c15-4a95-931a-4af90ecb574d,6178621584
ageratum conyzoides,Ageratum conyzoides,5401673.0,5401673,18.483405,73.825525,5.265812129545018,50c9509d-22c7-4a22-a47d-8c48425ef4a7,iNaturalist research-grade observations,28eb1a3f-1c15-4a95-931a-4af90ecb574d,6178789501
butea monosperma,Butea monosperma,8234570.0,8234570,18.483328,73.841975,4.404959194279933,50c9509d-22c7-4a22-a47d-8c48425ef4a7,iNaturalist research-grade observations,28eb1a3f-1c15-4a95-931a-4af90ecb574d,6178838181
pterocarpus marsupium,Pterocarpus marsupium,5349309.0,5349309,18.452074,73.831061,8.064297137000603,50c9509d-22c7-4a22-a47d-8c48425ef4a7,iNaturalist research-grade observations,28eb1a3f-1c15-4a95-931a-4af90ecb574d,6178879420
gmelina arborea,Gmelina arborea,8247889.0,8247889,18.630631,73.966078,16.82701330764615,50c9509d-22c7-4a22-a47d-8c48425ef4a7,iNaturalist research-grade observations,28eb1a3f-1c15-4a95-931a-4af90ecb574d,6179030388
combretum albidum,Combretum albidum,7327060.0,7327060,18.631603,73.96745,17.004826118535238,50c9509d-22c7-4a22-a47d-8c48425ef4a7,iNaturalist research-grade observations,28eb1a3f-1c15-4a95-931a-4af90ecb574d,6179071735
synedrella nodiflora,Synedrella nodiflora,5404991.0,5404991,18.483504,73.825543,5.256029667335829,50c9509d-22c7-4a22-a47d-8c48425ef4a7,iNaturalist research-grade observations,28eb1a3f-1c15-4a95-931a-4af90ecb574d,6179145771
broussonetia papyrifera,Broussonetia papyrifera,5361944.0,5361944,18.527265,73.830457,2.870279562937617,50c9509d-22c7-4a22-a47d-8c48425ef4a7,iNaturalist research-grade observations,28eb1a3f-1c15-4a95-931a-4af90ecb574d,6179303223
cochlospermum religiosum,Cochlospermum religiosum,2874867.0,2874867,18.402997,73.857309,13.05479402586192,50c9509d-22c7-4a22-a47d-8c48425ef4a7,iNaturalist research-grade observations,28eb1a3f-1c15-4a95-931a-4af90ecb574d,6184753989
argemone mexicana,Argemone mexicana,2888485.0,2888485,18.925927,73.779756,45.81486553464058,50c9509d-22c7-4a22-a47d-8c48425ef4a7,iNaturalist research-grade observations,28eb1a3f-1c15-4a95-931a-4af90ecb574d,6184761011
sterculia urens,Sterculia urens,5406674.0,5406674,18.402997,73.857309,13.05479402586192,50c9509d-22c7-4a22-a47d-8c48425ef4a7,iNaturalist research-grade observations,28eb1a3f-1c15-4a95-931a-4af90ecb574d,6184802959
woodfordia fruticosa,Woodfordia fruticosa,5635525.0,5635525,18.50362,73.705842,16.015755639457343,50c9509d-22c7-4a22-a47d-8c48425ef4a7,iNaturalist research-grade observations,28eb1a3f-1c15-4a95-931a-4af90ecb574d,6184895469
ipomoea carnea,Ipomoea carnea,2928590.0,2928590,18.626143,73.650828,24.680530396556428,50c9509d-22c7-4a22-a47d-8c48425ef4a7,iNaturalist research-grade observations,28eb1a3f-1c15-4a95-931a-4af90ecb574d,6185000427
antigonon leptopus,Antigonon leptopus,2889355.0,2889355,18.553391,73.826178,4.879731672761669,50c9509d-22c7-4a22-a47d-8c48425ef4a7,iNaturalist research-grade observations,28eb1a3f-1c15-4a95-931a-4af90ecb574d,6185130663
ipomoea carnea,Ipomoea carnea,2928590.0,3682029,18.62657,73.650468,24.73650032765213,50c9509d-22c7-4a22-a47d-8c48425ef4a7,iNaturalist research-grade observations,28eb1a3f-1c15-4a95-931a-4af90ecb574d,6185355560
ipomoea carnea,Ipomoea carnea,2928590.0,3682029,18.62642,73.650783,24.699371638292714,50c9509d-22c7-4a22-a47d-8c48425ef4a7,iNaturalist research-grade observations,28eb1a3f-1c15-4a95-931a-4af90ecb574d,6186103996
delonix regia,Delonix regia,2956176.0,2956176,18.47777,73.727714,14.403851128846036,50c9509d-22c7-4a22-a47d-8c48425ef4a7,iNaturalist research-grade observations,28eb1a3f-1c15-4a95-931a-4af90ecb574d,6187947272
kalanchoe pinnata,Kalanchoe pinnata,2985930.0,2985930,18.933821,73.777145,46.727540372306194,50c9509d-22c7-4a22-a47d-8c48425ef4a7,iNaturalist research-grade observations,28eb1a3f-1c15-4a95-931a-4af90ecb574d,6188193038
sauromatum venosum,Sauromatum venosum,2869597.0,2869597,18.477528,73.845525,4.910641013836703,50c9509d-22c7-4a22-a47d-8c48425ef4a7,iNaturalist research-grade observations,28eb1a3f-1c15-4a95-931a-4af90ecb574d,6234524601
cordia dichotoma,Cordia dichotoma,5341270.0,5341270,18.563408,73.822768,5.972156985879395,50c9509d-22c7-4a22-a47d-8c48425ef4a7,iNaturalist research-grade observations,28eb1a3f-1c15-4a95-931a-4af90ecb574d,6234750488
caryota urens,Caryota urens,2738914.0,2738914,18.563045,73.822827,5.9361428419026385,50c9509d-22c7-4a22-a47d-8c48425ef4a7,iNaturalist research-grade observations,28eb1a3f-1c15-4a95-931a-4af90ecb574d,6234759311
mecardonia procumbens,Mecardonia procumbens,3172014.0,3172014,18.483438,73.825607,5.257549297271404,50c9509d-22c7-4a22-a47d-8c48425ef4a7,iNaturalist research-grade observations,28eb1a3f-1c15-4a95-931a-4af90ecb574d,6234850003
mangifera indica,Mangifera indica,3190638.0,3190638,18.558558,73.821814,5.615106207509402,50c9509d-22c7-4a22-a47d-8c48425ef4a7,iNaturalist research-grade observations,28eb1a3f-1c15-4a95-931a-4af90ecb574d,6234980711
broussonetia papyrifera,Broussonetia papyrifera,5361944.0,5361944,18.56299,73.822855,5.929482221687078,50c9509d-22c7-4a22-a47d-8c48425ef4a7,iNaturalist research-grade observations,28eb1a3f-1c15-4a95-931a-4af90ecb574d,6235082699
oxalis debilis,Oxalis debilis,2891707.0,2891707,18.645467,73.811639,14.69544706390855,50c9509d-22c7-4a22-a47d-8c48425ef4a7,iNaturalist research-grade observations,28eb1a3f-1c15-4a95-931a-4af90ecb574d,6235478776
pongamia pinnata,Pongamia pinnata,2965911.0,2965911,18.563895,73.82291,6.006714315813938,50c9509d-22c7-4a22-a47d-8c48425ef4a7,iNaturalist research-grade observations,28eb1a3f-1c15-4a95-931a-4af90ecb574d,6235637938
lannea coromandelica,Lannea coromandelica,3661151.0,3661151,18.519628,73.812702,4.639793417543066,50c9509d-22c7-4a22-a47d-8c48425ef4a7,iNaturalist research-grade observations,28eb1a3f-1c15-4a95-931a-4af90ecb574d,6235688013
caryota urens,Caryota urens,2738914.0,2738914,18.563109,73.823343,5.909295675191022,50c9509d-22c7-4a22-a47d-8c48425ef4a7,iNaturalist research-grade observations,28eb1a3f-1c15-4a95-931a-4af90ecb574d,6235772083
caryota urens,Caryota urens,2738914.0,2738914,18.563206,73.82269,5.959131139057444,50c9509d-22c7-4a22-a47d-8c48425ef4a7,iNaturalist research-grade observations,28eb1a3f-1c15-4a95-931a-4af90ecb574d,6236059233
plumbago auriculata,Plumbago auriculata,3082283.0,3082283,18.533486,73.733454,13.075329819114431,50c9509d-22c7-4a22-a47d-8c48425ef4a7,iNaturalist research-grade observations,28eb1a3f-1c15-4a95-931a-4af90ecb574d,6236122068
delonix regia,Delonix regia,2956176.0,2956176,18.563039,73.822663,5.9460276876934355,50c9509d-22c7-4a22-a47d-8c48425ef4a7,iNaturalist research-grade observations,28eb1a3f-1c15-4a95-931a-4af90ecb574d,6236174834
caryota urens,Caryota urens,2738914.0,2738914,18.56319,73.822633,5.961328587316129,50c9509d-22c7-4a22-a47d-8c48425ef4a7,iNaturalist research-grade observations,28eb1a3f-1c15-4a95-931a-4af90ecb574d,6236352537
verbascum coromandelianum,Verbascum coromandelianum,7333197.0,7333197,18.531655,73.827307,3.342152826238678,50c9509d-22c7-4a22-a47d-8c48425ef4a7,iNaturalist research-grade observations,28eb1a3f-1c15-4a95-931a-4af90ecb574d,6252399483
erigeron bonariensis,Erigeron bonariensis,3146717.0,3146717,18.549808,73.781762,8.550504098659026,50c9509d-22c7-4a22-a47d-8c48425ef4a7,iNaturalist research-grade observations,28eb1a3f-1c15-4a95-931a-4af90ecb574d,6253228613
mangifera indica,Mangifera indica,3190638.0,3190638,18.563148,73.823272,5.9172358903810105,50c9509d-22c7-4a22-a47d-8c48425ef4a7,iNaturalist research-grade observations,28eb1a3f-1c15-4a95-931a-4af90ecb574d,6273173770
broussonetia papyrifera,Broussonetia papyrifera,5361944.0,5361944,18.563668,73.823018,5.979642793408586,50c9509d-22c7-4a22-a47d-8c48425ef4a7,iNaturalist research-grade observations,28eb1a3f-1c15-4a95-931a-4af90ecb574d,6273245475
mangifera indica,Mangifera indica,3190638.0,3190638,18.563606,73.822879,5.982819096173339,50c9509d-22c7-4a22-a47d-8c48425ef4a7,iNaturalist research-grade observations,28eb1a3f-1c15-4a95-931a-4af90ecb574d,6273286208
bauhinia purpurea,Bauhinia purpurea,2953871.0,2953871,18.564099,73.823072,6.014910613604194,50c9509d-22c7-4a22-a47d-8c48425ef4a7,iNaturalist research-grade observations,28eb1a3f-1c15-4a95-931a-4af90ecb574d,6273315846
broussonetia papyrifera,Broussonetia papyrifera,5361944.0,5361944,18.563127,73.823167,5.921961686733857,50c9509d-22c7-4a22-a47d-8c48425ef4a7,iNaturalist research-grade observations,28eb1a3f-1c15-4a95-931a-4af90ecb574d,6273668599
bauhinia purpurea,Bauhinia purpurea,2953871.0,2953871,18.558558,73.822072,5.597328495541076,50c9509d-22c7-4a22-a47d-8c48425ef4a7,iNaturalist research-grade observations,28eb1a3f-1c15-4a95-931a-4af90ecb574d,6273812481
bauhinia purpurea,Bauhinia purpurea,2953871.0,2953871,18.563109,73.823343,5.909295675191022,50c9509d-22c7-4a22-a47d-8c48425ef4a7,iNaturalist research-grade observations,28eb1a3f-1c15-4a95-931a-4af90ecb574d,6273819111
pongamia pinnata,Pongamia pinnata,2965911.0,2965911,18.563991,73.823153,6.000176816724972,50c9509d-22c7-4a22-a47d-8c48425ef4a7,iNaturalist research-grade observations,28eb1a3f-1c15-4a95-931a-4af90ecb574d,6273822916
broussonetia papyrifera,Broussonetia papyrifera,5361944.0,5361944,18.562987,73.822996,5.920282540693136,50c9509d-22c7-4a22-a47d-8c48425ef4a7,iNaturalist research-grade observations,28eb1a3f-1c15-4a95-931a-4af90ecb574d,6273875901
veronica peregrina,Veronica peregrina,3172104.0,3172104,18.483321,73.825487,5.275611544643923,50c9509d-22c7-4a22-a47d-8c48425ef4a7,iNaturalist research-grade observations,28eb1a3f-1c15-4a95-931a-4af90ecb574d,6273971802
leucaena leucocephala,Leucaena leucocephala,2970418.0,2970418,18.563109,73.823343,5.909295675191022,50c9509d-22c7-4a22-a47d-8c48425ef4a7,iNaturalist research-grade observations,28eb1a3f-1c15-4a95-931a-4af90ecb574d,6274106790
broussonetia papyrifera,Broussonetia papyrifera,5361944.0,5361944,18.562991,73.822841,5.9304592632934865,50c9509d-22c7-4a22-a47d-8c48425ef4a7,iNaturalist research-grade observations,28eb1a3f-1c15-4a95-931a-4af90ecb574d,6274136107
broussonetia papyrifera,Broussonetia papyrifera,5361944.0,5361944,18.563075,73.823146,5.9186470519012815,50c9509d-22c7-4a22-a47d-8c48425ef4a7,iNaturalist research-grade observations,28eb1a3f-1c15-4a95-931a-4af90ecb574d,6274192881
clerodendrum thomsoniae,Clerodendrum thomsoniae,3889087.0,3889087,18.569156,73.738754,13.564541273522316,50c9509d-22c7-4a22-a47d-8c48425ef4a7,iNaturalist research-grade observations,28eb1a3f-1c15-4a95-931a-4af90ecb574d,6334361551
tagetes erecta,Tagetes erecta,3088488.0,3088488,18.278099,74.161219,41.931437232697235,50c9509d-22c7-4a22-a47d-8c48425ef4a7,iNaturalist research-grade observations,28eb1a3f-1c15-4a95-931a-4af90ecb574d,6398649069
caryota urens,Caryota urens,2738914.0,2738914,18.563828,73.822926,5.999716607140826,50c9509d-22c7-4a22-a47d-8c48425ef4a7,iNaturalist research-grade observations,28eb1a3f-1c15-4a95-931a-4af90ecb574d,6399612558
colebrookea oppositifolia,Colebrookea oppositifolia,3884974.0,3884974,18.444627,73.425811,46.215924892346685,50c9509d-22c7-4a22-a47d-8c48425ef4a7,iNaturalist research-grade observations,28eb1a3f-1c15-4a95-931a-4af90ecb574d,6400470115
polyalthia longifolia,Polyalthia longifolia,3156422.0,3156422,18.5637,73.827301,5.7260492008640735,50c9509d-22c7-4a22-a47d-8c48425ef4a7,iNaturalist research-grade observations,28eb1a3f-1c15-4a95-931a-4af90ecb574d,6441179117
polyalthia longifolia,Polyalthia longifolia,3156422.0,3156422,18.563877,73.826423,5.793087585030917,50c9509d-22c7-4a22-a47d-8c48425ef4a7,iNaturalist research-grade observations,28eb1a3f-1c15-4a95-931a-4af90ecb574d,6441446067
hemidesmus indicus,Hemidesmus indicus,8125676.0,8125676,18.492789,73.798828,6.831127276480733,50c9509d-22c7-4a22-a47d-8c48425ef4a7,iNaturalist research-grade observations,28eb1a3f-1c15-4a95-931a-4af90ecb574d,6441766306
broussonetia papyrifera,Broussonetia papyrifera,5361944.0,5361944,18.562614,73.825916,5.7066490048933165,50c9509d-22c7-4a22-a47d-8c48425ef4a7,iNaturalist research-grade observations,28eb1a3f-1c15-4a95-931a-4af90ecb574d,6441842977
artabotrys hexapetalus,Artabotrys hexapetalus,3154909.0,3154909,18.542752,73.806254,5.8705843198024965,50c9509d-22c7-4a22-a47d-8c48425ef4a7,iNaturalist research-grade observations,28eb1a3f-1c15-4a95-931a-4af90ecb574d,6452202600
woodfordia fruticosa,Woodfordia fruticosa,5635525.0,5635525,18.503585,73.705854,16.014954477405723,50c9509d-22c7-4a22-a47d-8c48425ef4a7,iNaturalist research-grade observations,28eb1a3f-1c15-4a95-931a-4af90ecb574d,6470768425
salvia coccinea,Salvia coccinea,9278365.0,9278365,18.454117,73.78566,10.509365183532392,50c9509d-22c7-4a22-a47d-8c48425ef4a7,iNaturalist research-grade observations,28eb1a3f-1c15-4a95-931a-4af90ecb574d,6480092389
ziziphus rugosa,Ziziphus rugosa,7273665.0,7273665,18.439301,73.427519,46.15157523973391,50c9509d-22c7-4a22-a47d-8c48425ef4a7,iNaturalist research-grade observations,28eb1a3f-1c15-4a95-931a-4af90ecb574d,6170826877
helicteres isora,Helicteres isora,5546922.0,5546922,18.374814,73.769792,18.60382995636404,50c9509d-22c7-4a22-a47d-8c48425ef4a7,iNaturalist research-grade observations,28eb1a3f-1c15-4a95-931a-4af90ecb574d,6170854764
bambusa vulgaris,Bambusa vulgaris,7661971.0,7661971,18.545814,73.639636,23.05855279451351,50c9509d-22c7-4a22-a47d-8c48425ef4a7,iNaturalist research-grade observations,28eb1a3f-1c15-4a95-931a-4af90ecb574d,6170874461
dendrobium barbatulum,Dendrobium barbatulum,5316833.0,5316833,18.440622,73.426987,46.17798678616649,50c9509d-22c7-4a22-a47d-8c48425ef4a7,iNaturalist research-grade observations,28eb1a3f-1c15-4a95-931a-4af90ecb574d,6170918124
pogostemon benghalensis,Pogostemon benghalensis,4931161.0,4931161,18.440622,73.426987,46.17798678616649,50c9509d-22c7-4a22-a47d-8c48425ef4a7,iNaturalist research-grade observations,28eb1a3f-1c15-4a95-931a-4af90ecb574d,6170946018
trema orientale,Trema orientale,2984508.0,2984508,18.37512,73.769539,18.587410921258357,50c9509d-22c7-4a22-a47d-8c48425ef4a7,iNaturalist research-grade observations,28eb1a3f-1c15-4a95-931a-4af90ecb574d,6170972325
capparis spinosa,Capparis spinosa,6370689.0,6370689,18.440622,73.426987,46.17798678616649,50c9509d-22c7-4a22-a47d-8c48425ef4a7,iNaturalist research-grade observations,28eb1a3f-1c15-4a95-931a-4af90ecb574d,6171079600
ficus racemosa,Ficus racemosa,5361904.0,5361904,18.520534,73.849941,0.7127998014681984,50c9509d-22c7-4a22-a47d-8c48425ef4a7,iNaturalist research-grade observations,28eb1a3f-1c15-4a95-931a-4af90ecb574d,6171246937
bombax ceiba,Bombax ceiba,3152226.0,3152226,18.439737,73.43056,45.82752292154655,50c9509d-22c7-4a22-a47d-8c48425ef4a7,iNaturalist research-grade observations,28eb1a3f-1c15-4a95-931a-4af90ecb574d,6171280682
trema orientale,Trema orientale,2984508.0,2984508,18.375661,73.768973,18.56483114119557,50c9509d-22c7-4a22-a47d-8c48425ef4a7,iNaturalist research-grade observations,28eb1a3f-1c15-4a95-931a-4af90ecb574d,6171305056
calotropis gigantea,Calotropis gigantea,3579089.0,3579089,18.562574,73.794304,8.078478640671758,50c9509d-22c7-4a22-a47d-8c48425ef4a7,iNaturalist research-grade observations,28eb1a3f-1c15-4a95-931a-4af90ecb574d,6171371272
heliconia rostrata,Heliconia rostrata,2760967.0,2760967,18.574641,73.757952,12.030984220957086,50c9509d-22c7-4a22-a47d-8c48425ef4a7,iNaturalist research-grade observations,28eb1a3f-1c15-4a95-931a-4af90ecb574d,6171386182
lannea coromandelica,Lannea coromandelica,3661151.0,3661151,18.529444,73.817303,4.273769143645818,50c9509d-22c7-4a22-a47d-8c48425ef4a7,iNaturalist research-grade observations,28eb1a3f-1c15-4a95-931a-4af90ecb574d,6178298110
hibiscus rosa-sinensis,Hibiscus rosa-sinensis,3152559.0,3152559,18.543405,73.832176,3.6371193969284046,50c9509d-22c7-4a22-a47d-8c48425ef4a7,iNaturalist research-grade observations,28eb1a3f-1c15-4a95-931a-4af90ecb574d,6178298324
ipomoea obscura,Ipomoea obscura,2928565.0,2928565,18.481422,73.811066,6.476155988583182,50c9509d-22c7-4a22-a47d-8c48425ef4a7,iNaturalist research-grade observations,28eb1a3f-1c15-4a95-931a-4af90ecb574d,6178314693
nymphoides hydrophylla,Nymphoides hydrophylla,5592249.0,5592249,18.530147,73.817436,4.279260337152896,50c9509d-22c7-4a22-a47d-8c48425ef4a7,iNaturalist research-grade observations,28eb1a3f-1c15-4a95-931a-4af90ecb574d,6178341080
dolichandrone falcata,Dolichandrone falcata,4091174.0,4091174,18.529444,73.817303,4.273769143645818,50c9509d-22c7-4a22-a47d-8c48425ef4a7,iNaturalist research-grade observations,28eb1a3f-1c15-4a95-931a-4af90ecb574d,6178358230
canna hybrida,Canna hybrida,7529533.0,7529533,18.570547,74.07658,23.84119607649233,50c9509d-22c7-4a22-a47d-8c48425ef4a7,iNaturalist research-grade observations,28eb1a3f-1c15-4a95-931a-4af90ecb574d,6178388150
samanea saman,Samanea saman,2972960.0,2972960,18.498032,73.904518,5.6221743484301685,50c9509d-22c7-4a22-a47d-8c48425ef4a7,iNaturalist research-grade observations,28eb1a3f-1c15-4a95-931a-4af90ecb574d,6178390449
syzygium cumini,Syzygium cumini,3183840.0,3183840,18.672677,73.745363,20.600687225944867,50c9509d-22c7-4a22-a47d-8c48425ef4a7,iNaturalist research-grade observations,28eb1a3f-1c15-4a95-931a-4af90ecb574d,6178455987
muntingia calabura,Muntingia calabura,3152036.0,3152036,18.424131,73.797563,12.389057151792201,50c9509d-22c7-4a22-a47d-8c48425ef4a7,iNaturalist research-grade observations,28eb1a3f-1c15-4a95-931a-4af90ecb574d,6178462088
ipomoea carnea,Ipomoea carnea,2928590.0,3682029,18.496029,73.732761,13.346618825696837,50c9509d-22c7-4a22-a47d-8c48425ef4a7,iNaturalist research-grade observations,28eb1a3f-1c15-4a95-931a-4af90ecb574d,6178476350
bauhinia racemosa,Bauhinia racemosa,2953160.0,2953160,18.529444,73.817303,4.273769143645818,50c9509d-22c7-4a22-a47d-8c48425ef4a7,iNaturalist research-grade observations,28eb1a3f-1c15-4a95-931a-4af90ecb574d,6178531401
boswellia serrata,Boswellia serrata,5421354.0,5421354,18.529444,73.817303,4.273769143645818,50c9509d-22c7-4a22-a47d-8c48425ef4a7,iNaturalist research-grade observations,28eb1a3f-1c15-4a95-931a-4af90ecb574d,6178550798
syzygium cumini,Syzygium cumini,3183840.0,3183840,18.562936,73.823286,5.897435515132348,50c9509d-22c7-4a22-a47d-8c48425ef4a7,iNaturalist research-grade observations,28eb1a3f-1c15-4a95-931a-4af90ecb574d,6178633367
argemone mexicana,Argemone mexicana,2888485.0,2888485,18.626124,73.648967,24.852172629670076,50c9509d-22c7-4a22-a47d-8c48425ef4a7,iNaturalist research-grade observations,28eb1a3f-1c15-4a95-931a-4af90ecb574d,6178642360
pongamia pinnata,Pongamia pinnata,2965911.0,2965911,18.533068,73.812716,4.846559476340946,50c9509d-22c7-4a22-a47d-8c48425ef4a7,iNaturalist research-grade observations,28eb1a3f-1c15-4a95-931a-4af90ecb574d,6178664153
dendrophthoe falcata,Dendrophthoe falcata,7595217.0,7595217,18.375863,73.769165,18.53526260352141,50c9509d-22c7-4a22-a47d-8c48425ef4a7,iNaturalist research-grade observations,28eb1a3f-1c15-4a95-931a-4af90ecb574d,6178708788
tamarindus indica,Tamarindus indica,2975768.0,2975768,18.56442,73.82282,6.059401762598393,50c9509d-22c7-4a22-a47d-8c48425ef4a7,iNaturalist research-grade observations,28eb1a3f-1c15-4a95-931a-4af90ecb574d,6178765599
nerium oleander,Nerium oleander,3169756.0,3169756,18.520468,73.835554,2.2295695595853777,50c9509d-22c7-4a22-a47d-8c48425ef4a7,iNaturalist research-grade observations,28eb1a3f-1c15-4a95-931a-4af90ecb574d,6178821506
gliricidia sepium,Gliricidia sepium,8082978.0,8082978,18.458256,73.786186,10.151107717473383,50c9509d-22c7-4a22-a47d-8c48425ef4a7,iNaturalist research-grade observations,28eb1a3f-1c15-4a95-931a-4af90ecb574d,6178837230
erythrina variegata,Erythrina variegata,5349581.0,5349581,18.530945,73.815733,4.475605093890228,50c9509d-22c7-4a22-a47d-8c48425ef4a7,iNaturalist research-grade observations,28eb1a3f-1c15-4a95-931a-4af90ecb574d,6178851387
erythrina suberosa,Erythrina suberosa,5349546.0,5349546,18.54743,73.807974,5.951747559623581,50c9509d-22c7-4a22-a47d-8c48425ef4a7,iNaturalist research-grade observations,28eb1a3f-1c15-4a95-931a-4af90ecb574d,6178878882
ipomoea parasitica,Ipomoea parasitica,4927124.0,4927124,18.565721,73.795395,8.195462034081116,50c9509d-22c7-4a22-a47d-8c48425ef4a7,iNaturalist research-grade observations,28eb1a3f-1c15-4a95-931a-4af90ecb574d,6178896992
capparis divaricata,Capparis divaricata,5602501.0,5602501,18.60663,73.962343,14.69498350631761,50c9509d-22c7-4a22-a47d-8c48425ef4a7,iNaturalist research-grade observations,28eb1a3f-1c15-4a95-931a-4af90ecb574d,6178907645
careya arborea,Careya arborea,3083448.0,3083448,18.545897,73.804808,6.16187635782467,50c9509d-22c7-4a22-a47d-8c48425ef4a7,iNaturalist research-grade observations,28eb1a3f-1c15-4a95-931a-4af90ecb574d,6178923811
ficus racemosa,Ficus racemosa,5361904.0,5361904,18.201535,73.719383,38.30340059240219,50c9509d-22c7-4a22-a47d-8c48425ef4a7,iNaturalist research-grade observations,28eb1a3f-1c15-4a95-931a-4af90ecb574d,6178957075
tridax procumbens,Tridax procumbens,3149462.0,3149462,18.544169,73.806433,5.922093913900653,50c9509d-22c7-4a22-a47d-8c48425ef4a7,iNaturalist research-grade observations,28eb1a3f-1c15-4a95-931a-4af90ecb574d,6178967787
erythrina suberosa,Erythrina suberosa,5349546.0,5349546,18.527323,73.815669,4.394029188015461,50c9509d-22c7-4a22-a47d-8c48425ef4a7,iNaturalist research-grade observations,28eb1a3f-1c15-4a95-931a-4af90ecb574d,6178973433
cocos nucifera,Cocos nucifera,2735117.0,2735117,18.563068,73.824167,5.854321342477355,50c9509d-22c7-4a22-a47d-8c48425ef4a7,iNaturalist research-grade observations,28eb1a3f-1c15-4a95-931a-4af90ecb574d,6178999368
ipomoea carnea,Ipomoea carnea,2928590.0,3682029,18.412419,73.842644,12.098129574555653,50c9509d-22c7-4a22-a47d-8c48425ef4a7,iNaturalist research-grade observations,28eb1a3f-1c15-4a95-931a-4af90ecb574d,6179097804
woodfordia fruticosa,Woodfordia fruticosa,5635525.0,5635525,18.375863,73.769165,18.53526260352141,50c9509d-22c7-4a22-a47d-8c48425ef4a7,iNaturalist research-grade observations,28eb1a3f-1c15-4a95-931a-4af90ecb574d,6179131538
kalanchoe pinnata,Kalanchoe pinnata,2985930.0,2985930,18.52805,73.819799,3.982526328039405,50c9509d-22c7-4a22-a47d-8c48425ef4a7,iNaturalist research-grade observations,28eb1a3f-1c15-4a95-931a-4af90ecb574d,6179134141
dendrobium barbatulum,Dendrobium barbatulum,5316833.0,5316833,18.224302,73.597553,42.80060934597604,50c9509d-22c7-4a22-a47d-8c48425ef4a7,iNaturalist research-grade observations,28eb1a3f-1c15-4a95-931a-4af90ecb574d,6179151323
catharanthus roseus,Catharanthus roseus,3169830.0,3169830,18.538187,73.726405,13.878765475752974,50c9509d-22c7-4a22-a47d-8c48425ef4a7,iNaturalist research-grade observations,28eb1a3f-1c15-4a95-931a-4af90ecb574d,6179178990
tecoma stans,Tecoma stans,3172492.0,3172492,18.519397,73.837087,2.0709346390630827,50c9509d-22c7-4a22-a47d-8c48425ef4a7,iNaturalist research-grade observations,28eb1a3f-1c15-4a95-931a-4af90ecb574d,6179182201
capparis grandis,Capparis grandis,7552967.0,7552967,18.531186,73.815839,4.471930036203076,50c9509d-22c7-4a22-a47d-8c48425ef4a7,iNaturalist research-grade observations,28eb1a3f-1c15-4a95-931a-4af90ecb574d,6179242491
azadirachta indica,Azadirachta indica,3190474.0,3190474,18.543907,73.805903,5.959317880118252,50c9509d-22c7-4a22-a47d-8c48425ef4a7,iNaturalist research-grade observations,28eb1a3f-1c15-4a95-931a-4af90ecb574d,6179280215
capparis grandis,Capparis grandis,7552967.0,7552967,18.531027,73.816649,4.3849220998641565,50c9509d-22c7-4a22-a47d-8c48425ef4a7,iNaturalist research-grade observations,28eb1a3f-1c15-4a95-931a-4af90ecb574d,6179321002
dendrobium barbatulum,Dendrobium barbatulum,5316833.0,5316833,18.238031,73.573897,43.31736246197378,50c9509d-22c7-4a22-a47d-8c48425ef4a7,iNaturalist research-grade observations,28eb1a3f-1c15-4a95-931a-4af90ecb574d,6179331777
thunbergia alata,Thunbergia alata,5415463.0,5415463,18.563533,73.794682,8.10866317111353,50c9509d-22c7-4a22-a47d-8c48425ef4a7,iNaturalist research-grade observations,28eb1a3f-1c15-4a95-931a-4af90ecb574d,6179379713
cassia fistula,Cassia fistula,5357108.0,5357108,18.545237,73.806371,5.981821958116557,50c9509d-22c7-4a22-a47d-8c48425ef4a7,iNaturalist research-grade observations,28eb1a3f-1c15-4a95-931a-4af90ecb574d,6179420764
kalanchoe pinnata,Kalanchoe pinnata,2985930.0,2985930,18.53308,73.812668,4.851789433750647,50c9509d-22c7-4a22-a47d-8c48425ef4a7,iNaturalist research-grade observations,28eb1a3f-1c15-4a95-931a-4af90ecb574d,6179437833
kigelia africana,Kigelia africana,3172561.0,3172561,18.546881,73.805152,6.181053821602226,50c9509d-22c7-4a22-a47d-8c48425ef4a7,iNaturalist research-grade observations,28eb1a3f-1c15-4a95-931a-4af90ecb574d,6179486609
pithecellobium dulce,Pithecellobium dulce,2962831.0,2962831,18.532051,73.817503,4.330956923342738,50c9509d-22c7-4a22-a47d-8c48425ef4a7,iNaturalist research-grade observations,28eb1a3f-1c15-4a95-931a-4af90ecb574d,6179508595
crotalaria pallida,Crotalaria pallida,8260433.0,8260433,18.418688,73.871116,11.411613896418432,50c9509d-22c7-4a22-a47d-8c48425ef4a7,iNaturalist research-grade observations,28eb1a3f-1c15-4a95-931a-4af90ecb574d,6179509887
helicteres isora,Helicteres isora,5546922.0,5546922,18.375863,73.769165,18.53526260352141,50c9509d-22c7-4a22-a47d-8c48425ef4a7,iNaturalist research-grade observations,28eb1a3f-1c15-4a95-931a-4af90ecb574d,6179517896
ficus racemosa,Ficus racemosa,5361904.0,5361904,18.564335,73.822965,6.042760526303727,50c9509d-22c7-4a22-a47d-8c48425ef4a7,iNaturalist research-grade observations,28eb1a3f-1c15-4a95-931a-4af90ecb574d,6179523075
mangifera indica,Mangifera indica,3190638.0,3190638,18.563258,73.822818,5.9556472697119816,50c9509d-22c7-4a22-a47d-8c48425ef4a7,iNaturalist research-grade observations,28eb1a3f-1c15-4a95-931a-4af90ecb574d,6184723923
pongamia pinnata,Pongamia pinnata,2965911.0,2965911,18.562989,73.823394,5.895374448078317,50c9509d-22c7-4a22-a47d-8c48425ef4a7,iNaturalist research-grade observations,28eb1a3f-1c15-4a95-931a-4af90ecb574d,6184723931
pistia stratiotes,Pistia stratiotes,2870583.0,2870583,18.567114,73.790991,8.658356646977342,50c9509d-22c7-4a22-a47d-8c48425ef4a7,iNaturalist research-grade observations,28eb1a3f-1c15-4a95-931a-4af90ecb574d,6184731680
cordia dichotoma,Cordia dichotoma,5341270.0,5341270,18.563063,73.79445,8.097677120197227,50c9509d-22c7-4a22-a47d-8c48425ef4a7,iNaturalist research-grade observations,28eb1a3f-1c15-4a95-931a-4af90ecb574d,6184737905
broussonetia papyrifera,Broussonetia papyrifera,5361944.0,5361944,18.562958,73.823249,5.901727474636605,50c9509d-22c7-4a22-a47d-8c48425ef4a7,iNaturalist research-grade observations,28eb1a3f-1c15-4a95-931a-4af90ecb574d,6184741240
cassia fistula,Cassia fistula,5357108.0,5357108,18.562594,73.794603,8.05412759037587,50c9509d-22c7-4a22-a47d-8c48425ef4a7,iNaturalist research-grade observations,28eb1a3f-1c15-4a95-931a-4af90ecb574d,6184742728
azadirachta indica,Azadirachta indica,3190474.0,3190474,18.583226,73.779032,10.762850613721504,50c9509d-22c7-4a22-a47d-8c48425ef4a7,iNaturalist research-grade observations,28eb1a3f-1c15-4a95-931a-4af90ecb574d,6184747077
flacourtia indica,Flacourtia indica,5331162.0,5331162,18.534277,73.814787,4.6806359669165385,50c9509d-22c7-4a22-a47d-8c48425ef4a7,iNaturalist research-grade observations,28eb1a3f-1c15-4a95-931a-4af90ecb574d,6184748759
combretum albidum,Combretum albidum,7327060.0,7327060,18.562688,73.793862,8.123794836917206,50c9509d-22c7-4a22-a47d-8c48425ef4a7,iNaturalist research-grade observations,28eb1a3f-1c15-4a95-931a-4af90ecb574d,6184749926
ficus racemosa,Ficus racemosa,5361904.0,5361904,18.563713,73.795578,8.044657814213405,50c9509d-22c7-4a22-a47d-8c48425ef4a7,iNaturalist research-grade observations,28eb1a3f-1c15-4a95-931a-4af90ecb574d,6184765551
boswellia serrata,Boswellia serrata,5421354.0,5421354,18.553281,73.788451,8.070887563829766,50c9509d-22c7-4a22-a47d-8c48425ef4a7,iNaturalist research-grade observations,28eb1a3f-1c15-4a95-931a-4af90ecb574d,6184765805
leucaena leucocephala,Leucaena leucocephala,2970418.0,2970418,18.581808,73.779488,10.624335909913226,50c9509d-22c7-4a22-a47d-8c48425ef4a7,iNaturalist research-grade observations,28eb1a3f-1c15-4a95-931a-4af90ecb574d,6184775533
ficus heterophylla,Ficus heterophylla,8418037.0,8418037,18.565358,73.79563,8.151127309745172,50c9509d-22c7-4a22-a47d-8c48425ef4a7,iNaturalist research-grade observations,28eb1a3f-1c15-4a95-931a-4af90ecb574d,6184784386
pithecellobium dulce,Pithecellobium dulce,2962831.0,2962831,18.581957,73.77945,10.638055267316224,50c9509d-22c7-4a22-a47d-8c48425ef4a7,iNaturalist research-grade observations,28eb1a3f-1c15-4a95-931a-4af90ecb574d,6184792380
ficus benjamina,Ficus benjamina,5361932.0,5361932,18.54372,73.733206,13.275579007772127,50c9509d-22c7-4a22-a47d-8c48425ef4a7,iNaturalist research-grade observations,28eb1a3f-1c15-4a95-931a-4af90ecb574d,6184795334
cycas revoluta,Cycas revoluta,2683217.0,2683217,18.460229,73.808488,8.403256412603252,50c9509d-22c7-4a22-a47d-8c48425ef4a7,iNaturalist research-grade observations,28eb1a3f-1c15-4a95-931a-4af90ecb574d,6184802300
mangifera indica,Mangifera indica,3190638.0,3190638,18.563385,73.822992,5.955989711721123,50c9509d-22c7-4a22-a47d-8c48425ef4a7,iNaturalist research-grade observations,28eb1a3f-1c15-4a95-931a-4af90ecb574d,6184804503
pithecellobium dulce,Pithecellobium dulce,2962831.0,2962831,18.581645,73.779435,10.616984851370093,50c9509d-22c7-4a22-a47d-8c48425ef4a7,iNaturalist research-grade observations,28eb1a3f-1c15-4a95-931a-4af90ecb574d,6184815511
ziziphus mauritiana,Ziziphus mauritiana,3039424.0,3039424,18.582784,73.779215,10.716311142271381,50c9509d-22c7-4a22-a47d-8c48425ef4a7,iNaturalist research-grade observations,28eb1a3f-1c15-4a95-931a-4af90ecb574d,6184815865
azadirachta indica,Azadirachta indica,3190474.0,3190474,18.583118,73.779091,10.750327576988397,50c9509d-22c7-4a22-a47d-8c48425ef4a7,iNaturalist research-grade observations,28eb1a3f-1c15-4a95-931a-4af90ecb574d,6184818561
rumex dentatus,Rumex dentatus,2889038.0,2889038,18.563579,73.793636,8.200829751773203,50c9509d-22c7-4a22-a47d-8c48425ef4a7,iNaturalist research-grade observations,28eb1a3f-1c15-4a95-931a-4af90ecb574d,6184825006
azadirachta indica,Azadirachta indica,3190474.0,3190474,18.583213,73.779056,10.759987968038716,50c9509d-22c7-4a22-a47d-8c48425ef4a7,iNaturalist research-grade observations,28eb1a3f-1c15-4a95-931a-4af90ecb574d,6184832620
couroupita guianensis,Couroupita guianensis,3082562.0,3082562,18.514649,73.932247,7.991162235479811,50c9509d-22c7-4a22-a47d-8c48425ef4a7,iNaturalist research-grade observations,28eb1a3f-1c15-4a95-931a-4af90ecb574d,6184833745
pongamia pinnata,Pongamia pinnata,2965911.0,2965911,18.5629,73.794487,8.083909798662988,50c9509d-22c7-4a22-a47d-8c48425ef4a7,iNaturalist research-grade observations,28eb1a3f-1c15-4a95-931a-4af90ecb574d,6184842453
azadirachta indica,Azadirachta indica,3190474.0,3190474,18.5833,73.779094,10.763223335937543,50c9509d-22c7-4a22-a47d-8c48425ef4a7,iNaturalist research-grade observations,28eb1a3f-1c15-4a95-931a-4af90ecb574d,6184854614
pithecellobium dulce,Pithecellobium dulce,2962831.0,2962831,18.582552,73.779287,10.693841366610425,50c9509d-22c7-4a22-a47d-8c48425ef4a7,iNaturalist research-grade observations,28eb1a3f-1c15-4a95-931a-4af90ecb574d,6184854621
mangifera indica,Mangifera indica,3190638.0,3190638,18.588441,73.779334,11.124519363435132,50c9509d-22c7-4a22-a47d-8c48425ef4a7,iNaturalist research-grade observations,28eb1a3f-1c15-4a95-931a-4af90ecb574d,6184856721
tabebuia rosea,Tabebuia rosea,3172537.0,3172537,18.445413,73.780145,11.606286444680295,50c9509d-22c7-4a22-a47d-8c48425ef4a7,iNaturalist research-grade observations,28eb1a3f-1c15-4a95-931a-4af90ecb574d,6184857460
mangifera indica,Mangifera indica,3190638.0,3190638,18.584046,73.778757,10.844189512031834,50c9509d-22c7-4a22-a47d-8c48425ef4a7,iNaturalist research-grade observations,28eb1a3f-1c15-4a95-931a-4af90ecb574d,6184871226
albizia lebbeck,Albizia lebbeck,2973215.0,2973215,18.565563,73.795853,8.146600322780314,50c9509d-22c7-4a22-a47d-8c48425ef4a7,iNaturalist research-grade observations,28eb1a3f-1c15-4a95-931a-4af90ecb574d,6184873234
broussonetia papyrifera,Broussonetia papyrifera,5361944.0,5361944,18.563177,73.823617,5.898247089711861,50c9509d-22c7-4a22-a47d-8c48425ef4a7,iNaturalist research-grade observations,28eb1a3f-1c15-4a95-931a-4af90ecb574d,6184873398
stephanotis volubilis,Stephanotis volubilis,12202584.0,12202584,18.553943,73.788266,8.121808158217496,50c9509d-22c7-4a22-a47d-8c48425ef4a7,iNaturalist research-grade observations,28eb1a3f-1c15-4a95-931a-4af90ecb574d,6184874763
pithecellobium dulce,Pithecellobium dulce,2962831.0,2962831,18.583061,73.779133,10.74284767518087,50c9509d-22c7-4a22-a47d-8c48425ef4a7,iNaturalist research-grade observations,28eb1a3f-1c15-4a95-931a-4af90ecb574d,6184877663
nicotiana plumbaginifolia,Nicotiana plumbaginifolia,2928768.0,2928768,18.564061,73.794609,8.14969951593008,50c9509d-22c7-4a22-a47d-8c48425ef4a7,iNaturalist research-grade observations,28eb1a3f-1c15-4a95-931a-4af90ecb574d,6184886233
kigelia africana,Kigelia africana,3172561.0,3172561,18.533034,73.839008,2.335156761901044,50c9509d-22c7-4a22-a47d-8c48425ef4a7,iNaturalist research-grade observations,28eb1a3f-1c15-4a95-931a-4af90ecb574d,6184887241
pongamia pinnata,Pongamia pinnata,2965911.0,2965911,18.58323,73.779069,10.760172484391886,50c9509d-22c7-4a22-a47d-8c48425ef4a7,iNaturalist research-grade observations,28eb1a3f-1c15-4a95-931a-4af90ecb574d,6184895597
millingtonia hortensis,Millingtonia hortensis,7629955.0,7629955,18.562947,73.823525,5.883403702423632,50c9509d-22c7-4a22-a47d-8c48425ef4a7,iNaturalist research-grade observations,28eb1a3f-1c15-4a95-931a-4af90ecb574d,6184906166
salvia plebeia,Salvia plebeia,3891879.0,3891879,18.563586,73.793395,8.221895055078129,50c9509d-22c7-4a22-a47d-8c48425ef4a7,iNaturalist research-grade observations,28eb1a3f-1c15-4a95-931a-4af90ecb574d,6184906410
pithecellobium dulce,Pithecellobium dulce,2962831.0,2962831,18.582309,73.779386,10.668428504919998,50c9509d-22c7-4a22-a47d-8c48425ef4a7,iNaturalist research-grade observations,28eb1a3f-1c15-4a95-931a-4af90ecb574d,6184906425
argemone mexicana,Argemone mexicana,2888485.0,2888485,18.565435,73.795105,8.200137872277372,50c9509d-22c7-4a22-a47d-8c48425ef4a7,iNaturalist research-grade observations,28eb1a3f-1c15-4a95-931a-4af90ecb574d,6184922727
pithecellobium dulce,Pithecellobium dulce,2962831.0,2962831,18.58299,73.779115,10.739175250762317,50c9509d-22c7-4a22-a47d-8c48425ef4a7,iNaturalist research-grade observations,28eb1a3f-1c15-4a95-931a-4af90ecb574d,6184939804
mangifera indica,Mangifera indica,3190638.0,3190638,18.563507,73.822898,5.972788195526052,50c9509d-22c7-4a22-a47d-8c48425ef4a7,iNaturalist research-grade observations,28eb1a3f-1c15-4a95-931a-4af90ecb574d,6184946977
azadirachta indica,Azadirachta indica,3190474.0,3190474,18.583126,73.779123,10.74833767555003,50c9509d-22c7-4a22-a47d-8c48425ef4a7,iNaturalist research-grade observations,28eb1a3f-1c15-4a95-931a-4af90ecb574d,6184955332
mangifera indica,Mangifera indica,3190638.0,3190638,18.584068,73.778703,10.850098897713268,50c9509d-22c7-4a22-a47d-8c48425ef4a7,iNaturalist research-grade observations,28eb1a3f-1c15-4a95-931a-4af90ecb574d,6184975417
chromolaena odorata,Chromolaena odorata,3087725.0,3087725,18.56909,73.771033,10.529655824057519,50c9509d-22c7-4a22-a47d-8c48425ef4a7,iNaturalist research-grade observations,28eb1a3f-1c15-4a95-931a-4af90ecb574d,6184980085
syzygium cumini,Syzygium cumini,3183840.0,3183840,18.418185,73.768655,14.676842159889379,50c9509d-22c7-4a22-a47d-8c48425ef4a7,iNaturalist research-grade observations,28eb1a3f-1c15-4a95-931a-4af90ecb574d,6184994176
parthenium hysterophorus,Parthenium hysterophorus,3086784.0,3086784,18.439525,73.845332,9.07246438073025,50c9509d-22c7-4a22-a47d-8c48425ef4a7,iNaturalist research-grade observations,28eb1a3f-1c15-4a95-931a-4af90ecb574d,6184995347
ficus racemosa,Ficus racemosa,5361904.0,5361904,18.583551,73.778925,10.794900847696704,50c9509d-22c7-4a22-a47d-8c48425ef4a7,iNaturalist research-grade observations,28eb1a3f-1c15-4a95-931a-4af90ecb574d,6185007687
cascabela thevetia,Cascabela thevetia,3169652.0,3169652,18.58307,73.779166,10.74084915765795,50c9509d-22c7-4a22-a47d-8c48425ef4a7,iNaturalist research-grade observations,28eb1a3f-1c15-4a95-931a-4af90ecb574d,6185009998
flacourtia indica,Flacourtia indica,5331162.0,5331162,18.529444,73.817303,4.273769143645818,50c9509d-22c7-4a22-a47d-8c48425ef4a7,iNaturalist research-grade observations,28eb1a3f-1c15-4a95-931a-4af90ecb574d,6185011932
polyalthia longifolia,Polyalthia longifolia,3156422.0,3156422,18.563109,73.823343,5.909295675191022,50c9509d-22c7-4a22-a47d-8c48425ef4a7,iNaturalist research-grade observations,28eb1a3f-1c15-4a95-931a-4af90ecb574d,6185019745
azadirachta indica,Azadirachta indica,3190474.0,3190474,18.583218,73.779091,10.757542508906475,50c9509d-22c7-4a22-a47d-8c48425ef4a7,iNaturalist research-grade observations,28eb1a3f-1c15-4a95-931a-4af90ecb574d,6185022353
bauhinia racemosa,Bauhinia racemosa,2953160.0,2953160,18.556524,73.789906,8.106868687718865,50c9509d-22c7-4a22-a47d-8c48425ef4a7,iNaturalist research-grade observations,28eb1a3f-1c15-4a95-931a-4af90ecb574d,6185026640
nerium oleander,Nerium oleander,3169756.0,3169756,18.514031,73.896042,4.208174623442298,50c9509d-22c7-4a22-a47d-8c48425ef4a7,iNaturalist research-grade observations,28eb1a3f-1c15-4a95-931a-4af90ecb574d,6185029610
solanum torvum,Solanum torvum,2932389.0,2932389,18.567384,73.799845,7.951063135585213,50c9509d-22c7-4a22-a47d-8c48425ef4a7,iNaturalist research-grade observations,28eb1a3f-1c15-4a95-931a-4af90ecb574d,6185029883
mangifera indica,Mangifera indica,3190638.0,3190638,18.584073,73.778673,10.852858236474363,50c9509d-22c7-4a22-a47d-8c48425ef4a7,iNaturalist research-grade observations,28eb1a3f-1c15-4a95-931a-4af90ecb574d,6185034982
prosopis juliflora,Prosopis juliflora,5358460.0,5358460,18.514856,73.892675,3.8429022971998292,50c9509d-22c7-4a22-a47d-8c48425ef4a7,iNaturalist research-grade observations,28eb1a3f-1c15-4a95-931a-4af90ecb574d,6185046619
psidium guajava,Psidium guajava,5420380.0,5420380,18.520374,73.873354,1.7559395845583896,50c9509d-22c7-4a22-a47d-8c48425ef4a7,iNaturalist research-grade observations,28eb1a3f-1c15-4a95-931a-4af90ecb574d,6185047308
cocos nucifera,Cocos nucifera,2735117.0,2735117,18.56303,73.82418,5.850094453617542,50c9509d-22c7-4a22-a47d-8c48425ef4a7,iNaturalist research-grade observations,28eb1a3f-1c15-4a95-931a-4af90ecb574d,6185052254
mangifera indica,Mangifera indica,3190638.0,3190638,18.584123,73.778723,10.852492311332155,50c9509d-22c7-4a22-a47d-8c48425ef4a7,iNaturalist research-grade observations,28eb1a3f-1c15-4a95-931a-4af90ecb574d,6185052696
pithecellobium dulce,Pithecellobium dulce,2962831.0,2962831,18.582979,73.779206,10.731078237935936,50c9509d-22c7-4a22-a47d-8c48425ef4a7,iNaturalist research-grade observations,28eb1a3f-1c15-4a95-931a-4af90ecb574d,6185062024
broussonetia papyrifera,Broussonetia papyrifera,5361944.0,5361944,18.56488,73.822983,6.090747992817021,50c9509d-22c7-4a22-a47d-8c48425ef4a7,iNaturalist research-grade observations,28eb1a3f-1c15-4a95-931a-4af90ecb574d,6185073032
pithecellobium dulce,Pithecellobium dulce,2962831.0,2962831,18.58249,73.779343,10.684882260972117,50c9509d-22c7-4a22-a47d-8c48425ef4a7,iNaturalist research-grade observations,28eb1a3f-1c15-4a95-931a-4af90ecb574d,6185079068
samanea saman,Samanea saman,2972960.0,2972960,18.562945,73.824165,5.843367182065332,50c9509d-22c7-4a22-a47d-8c48425ef4a7,iNaturalist research-grade observations,28eb1a3f-1c15-4a95-931a-4af90ecb574d,6185081962
pongamia pinnata,Pongamia pinnata,2965911.0,2965911,18.56524,73.795356,8.165945559027147,50c9509d-22c7-4a22-a47d-8c48425ef4a7,iNaturalist research-grade observations,28eb1a3f-1c15-4a95-931a-4af90ecb574d,6185088444
alternanthera ficoidea,Alternanthera ficoidea,8160803.0,8160803,18.563148,73.794518,8.097411780404686,50c9509d-22c7-4a22-a47d-8c48425ef4a7,iNaturalist research-grade observations,28eb1a3f-1c15-4a95-931a-4af90ecb574d,6185113429
bauhinia racemosa,Bauhinia racemosa,2953160.0,2953160,18.583454,73.779003,10.7816416976531,50c9509d-22c7-4a22-a47d-8c48425ef4a7,iNaturalist research-grade observations,28eb1a3f-1c15-4a95-931a-4af90ecb574d,6185114085
pithecellobium dulce,Pithecellobium dulce,2962831.0,2962831,18.582539,73.781235,10.537021081923314,50c9509d-22c7-4a22-a47d-8c48425ef4a7,iNaturalist research-grade observations,28eb1a3f-1c15-4a95-931a-4af90ecb574d,6185115210
salix tetrasperma,Salix tetrasperma,5582578.0,5582578,18.582099,73.779361,10.655396028805457,50c9509d-22c7-4a22-a47d-8c48425ef4a7,iNaturalist research-grade observations,28eb1a3f-1c15-4a95-931a-4af90ecb574d,6185115675
mangifera indica,Mangifera indica,3190638.0,3190638,18.584073,73.778642,10.855335191119927,50c9509d-22c7-4a22-a47d-8c48425ef4a7,iNaturalist research-grade observations,28eb1a3f-1c15-4a95-931a-4af90ecb574d,6185119229
mangifera indica,Mangifera indica,3190638.0,3190638,18.584023,73.778773,10.841242934969712,50c9509d-22c7-4a22-a47d-8c48425ef4a7,iNaturalist research-grade observations,28eb1a3f-1c15-4a95-931a-4af90ecb574d,6185131432
sphaeranthus indicus,Sphaeranthus indicus,8302135.0,8302135,18.563705,73.793715,8.202294692217711,50c9509d-22c7-4a22-a47d-8c48425ef4a7,iNaturalist research-grade observations,28eb1a3f-1c15-4a95-931a-4af90ecb574d,6185131816
ficus heterophylla,Ficus heterophylla,8418037.0,8418037,18.565375,73.795666,8.149289650133056,50c9509d-22c7-4a22-a47d-8c48425ef4a7,iNaturalist research-grade observations,28eb1a3f-1c15-4a95-931a-4af90ecb574d,6185133414
pithecellobium dulce,Pithecellobium dulce,2962831.0,2962831,18.582758,73.779413,10.698536550701537,50c9509d-22c7-4a22-a47d-8c48425ef4a7,iNaturalist research-grade observations,28eb1a3f-1c15-4a95-931a-4af90ecb574d,6185134529
calotropis gigantea,Calotropis gigantea,3579089.0,3579089,18.416433,73.817489,12.278046549634219,50c9509d-22c7-4a22-a47d-8c48425ef4a7,iNaturalist research-grade observations,28eb1a3f-1c15-4a95-931a-4af90ecb574d,6185140339
plumbago zeylanica,Plumbago zeylanica,3082282.0,3082282,18.563325,73.794412,8.118014780607805,50c9509d-22c7-4a22-a47d-8c48425ef4a7,iNaturalist research-grade observations,28eb1a3f-1c15-4a95-931a-4af90ecb574d,6185168241
grevillea robusta,Grevillea robusta,2891791.0,2891791,18.58166,73.776944,10.820801728644238,50c9509d-22c7-4a22-a47d-8c48425ef4a7,iNaturalist research-grade observations,28eb1a3f-1c15-4a95-931a-4af90ecb574d,6185191360
kigelia africana,Kigelia africana,3172561.0,3172561,18.532933,73.838906,2.337042112463669,50c9509d-22c7-4a22-a47d-8c48425ef4a7,iNaturalist research-grade observations,28eb1a3f-1c15-4a95-931a-4af90ecb574d,6185195080
solanum lycopersicum,Solanum lycopersicum,2930137.0,2930137,18.59523,73.790215,10.878979233417285,50c9509d-22c7-4a22-a47d-8c48425ef4a7,iNaturalist research-grade observations,28eb1a3f-1c15-4a95-931a-4af90ecb574d,6185197184
kigelia africana,Kigelia africana,3172561.0,3172561,18.528942,73.812507,4.755258678086163,50c9509d-22c7-4a22-a47d-8c48425ef4a7,iNaturalist research-grade observations,28eb1a3f-1c15-4a95-931a-4af90ecb574d,6185208788
mangifera indica,Mangifera indica,3190638.0,3190638,18.58516,73.780068,10.821862496373932,50c9509d-22c7-4a22-a47d-8c48425ef4a7,iNaturalist research-grade observations,28eb1a3f-1c15-4a95-931a-4af90ecb574d,6185210475
grevillea robusta,Grevillea robusta,2891791.0,2891791,18.583211,73.779053,10.760084222024288,50c9509d-22c7-4a22-a47d-8c48425ef4a7,iNaturalist research-grade observations,28eb1a3f-1c15-4a95-931a-4af90ecb574d,6185215226
asclepias curassavica,Asclepias curassavica,3170241.0,3170241,18.564937,73.7952,8.158485335675026,50c9509d-22c7-4a22-a47d-8c48425ef4a7,iNaturalist research-grade observations,28eb1a3f-1c15-4a95-931a-4af90ecb574d,6185216575
syzygium aqueum,Syzygium aqueum,3183335.0,3183335,18.569079,73.803812,7.770815622137092,50c9509d-22c7-4a22-a47d-8c48425ef4a7,iNaturalist research-grade observations,28eb1a3f-1c15-4a95-931a-4af90ecb574d,6185218828
pongamia pinnata,Pongamia pinnata,2965911.0,2965911,18.583213,73.779119,10.754936897328065,50c9509d-22c7-4a22-a47d-8c48425ef4a7,iNaturalist research-grade observations,28eb1a3f-1c15-4a95-931a-4af90ecb574d,6185221454
erythrina suberosa,Erythrina suberosa,5349546.0,5349546,18.445413,73.780145,11.606286444680295,50c9509d-22c7-4a22-a47d-8c48425ef4a7,iNaturalist research-grade observations,28eb1a3f-1c15-4a95-931a-4af90ecb574d,6185224765
grevillea robusta,Grevillea robusta,2891791.0,2891791,18.509109,73.852659,1.3258339291097907,50c9509d-22c7-4a22-a47d-8c48425ef4a7,iNaturalist research-grade observations,28eb1a3f-1c15-4a95-931a-4af90ecb574d,6185238163
pithecellobium dulce,Pithecellobium dulce,2962831.0,2962831,18.582994,73.779116,10.739383148798407,50c9509d-22c7-4a22-a47d-8c48425ef4a7,iNaturalist research-grade observations,28eb1a3f-1c15-4a95-931a-4af90ecb574d,6185242681
tamarindus indica,Tamarindus indica,2975768.0,2975768,18.551812,73.80958,6.072738994548311,50c9509d-22c7-4a22-a47d-8c48425ef4a7,iNaturalist research-grade observations,28eb1a3f-1c15-4a95-931a-4af90ecb574d,6185257126
phyllanthus reticulatus,Phyllanthus reticulatus,5382478.0,5382478,18.583173,73.779181,10.747079113167946,50c9509d-22c7-4a22-a47d-8c48425ef4a7,iNaturalist research-grade observations,28eb1a3f-1c15-4a95-931a-4af90ecb574d,6185264480
mangifera indica,Mangifera indica,3190638.0,3190638,18.541921,73.585228,28.721080973619095,50c9509d-22c7-4a22-a47d-8c48425ef4a7,iNaturalist research-grade observations,28eb1a3f-1c15-4a95-931a-4af90ecb574d,6185269256
cuscuta campestris,Cuscuta campestris,3610757.0,3610757,18.483972,73.826004,5.185023897556413,50c9509d-22c7-4a22-a47d-8c48425ef4a7,iNaturalist research-grade observations,28eb1a3f-1c15-4a95-931a-4af90ecb574d,6185277435
mangifera indica,Mangifera indica,3190638.0,3190638,18.584063,73.778508,10.865322526444944,50c9509d-22c7-4a22-a47d-8c48425ef4a7,iNaturalist research-grade observations,28eb1a3f-1c15-4a95-931a-4af90ecb574d,6185282189
pongamia pinnata,Pongamia pinnata,2965911.0,2965911,18.583016,73.779131,10.739764346412262,50c9509d-22c7-4a22-a47d-8c48425ef4a7,iNaturalist research-grade observations,28eb1a3f-1c15-4a95-931a-4af90ecb574d,6185282489
calotropis procera,Calotropis procera,5414566.0,5414566,18.413361,73.820203,12.509189151074025,50c9509d-22c7-4a22-a47d-8c48425ef4a7,iNaturalist research-grade observations,28eb1a3f-1c15-4a95-931a-4af90ecb574d,6185291232
prosopis juliflora,Prosopis juliflora,5358460.0,5358460,18.567668,73.808984,7.275244495701628,50c9509d-22c7-4a22-a47d-8c48425ef4a7,iNaturalist research-grade observations,28eb1a3f-1c15-4a95-931a-4af90ecb574d,6185295550
mimusops elengi,Mimusops elengi,2883768.0,2883768,18.445413,73.780145,11.606286444680295,50c9509d-22c7-4a22-a47d-8c48425ef4a7,iNaturalist research-grade observations,28eb1a3f-1c15-4a95-931a-4af90ecb574d,6185296607
mangifera indica,Mangifera indica,3190638.0,3190638,18.584032,73.778702,10.847567955783227,50c9509d-22c7-4a22-a47d-8c48425ef4a7,iNaturalist research-grade observations,28eb1a3f-1c15-4a95-931a-4af90ecb574d,6185298521
ficus virens,Ficus virens,9512597.0,9512597,18.337559,73.682699,27.39134654331346,50c9509d-22c7-4a22-a47d-8c48425ef4a7,iNaturalist research-grade observations,28eb1a3f-1c15-4a95-931a-4af90ecb574d,6185311377
millingtonia hortensis,Millingtonia hortensis,7629955.0,7629955,18.583144,73.779089,10.752363242377522,50c9509d-22c7-4a22-a47d-8c48425ef4a7,iNaturalist research-grade observations,28eb1a3f-1c15-4a95-931a-4af90ecb574d,6185333543
gliricidia sepium,Gliricidia sepium,8082978.0,8082978,18.563065,73.824232,5.850038952352381,50c9509d-22c7-4a22-a47d-8c48425ef4a7,iNaturalist research-grade observations,28eb1a3f-1c15-4a95-931a-4af90ecb574d,6185343769
leucaena leucocephala,Leucaena leucocephala,2970418.0,2970418,18.563571,73.82301,5.971470120856882,50c9509d-22c7-4a22-a47d-8c48425ef4a7,iNaturalist research-grade observations,28eb1a3f-1c15-4a95-931a-4af90ecb574d,6185349207
albizia lebbeck,Albizia lebbeck,2973215.0,2973215,18.445413,73.780145,11.606286444680295,50c9509d-22c7-4a22-a47d-8c48425ef4a7,iNaturalist research-grade observations,28eb1a3f-1c15-4a95-931a-4af90ecb574d,6185356615
pithecellobium dulce,Pithecellobium dulce,2962831.0,2962831,18.582497,73.779238,10.693834859691831,50c9509d-22c7-4a22-a47d-8c48425ef4a7,iNaturalist research-grade observations,28eb1a3f-1c15-4a95-931a-4af90ecb574d,6185359340
broussonetia papyrifera,Broussonetia papyrifera,5361944.0,5361944,18.563018,73.823458,5.893950676143074,50c9509d-22c7-4a22-a47d-8c48425ef4a7,iNaturalist research-grade observations,28eb1a3f-1c15-4a95-931a-4af90ecb574d,6185364000
lannea coromandelica,Lannea coromandelica,3661151.0,3661151,18.445413,73.780145,11.606286444680295,50c9509d-22c7-4a22-a47d-8c48425ef4a7,iNaturalist research-grade observations,28eb1a3f-1c15-4a95-931a-4af90ecb574d,6185364274
leucaena leucocephala,Leucaena leucocephala,2970418.0,2970418,18.528942,73.812507,4.755258678086163,50c9509d-22c7-4a22-a47d-8c48425ef4a7,iNaturalist research-grade observations,28eb1a3f-1c15-4a95-931a-4af90ecb574d,6185373243
cocos nucifera,Cocos nucifera,2735117.0,2735117,18.562961,73.823993,5.855466947045041,50c9509d-22c7-4a22-a47d-8c48425ef4a7,iNaturalist research-grade observations,28eb1a3f-1c15-4a95-931a-4af90ecb574d,6185387114
chrozophora rottleri,Chrozophora rottleri,3054492.0,3054492,18.563691,73.793704,8.202320018535715,50c9509d-22c7-4a22-a47d-8c48425ef4a7,iNaturalist research-grade observations,28eb1a3f-1c15-4a95-931a-4af90ecb574d,6185387611
bauhinia purpurea,Bauhinia purpurea,2953871.0,2953871,18.519803,73.838019,1.970778345426064,50c9509d-22c7-4a22-a47d-8c48425ef4a7,iNaturalist research-grade observations,28eb1a3f-1c15-4a95-931a-4af90ecb574d,6185387666
mangifera indica,Mangifera indica,3190638.0,3190638,18.584023,73.77862,10.853469391905938,50c9509d-22c7-4a22-a47d-8c48425ef4a7,iNaturalist research-grade observations,28eb1a3f-1c15-4a95-931a-4af90ecb574d,6185389888
mangifera indica,Mangifera indica,3190638.0,3190638,18.584022,73.778423,10.869154590710616,50c9509d-22c7-4a22-a47d-8c48425ef4a7,iNaturalist research-grade observations,28eb1a3f-1c15-4a95-931a-4af90ecb574d,6185403663
samanea saman,Samanea saman,2972960.0,2972960,18.562687,73.793838,8.125793871027698,50c9509d-22c7-4a22-a47d-8c48425ef4a7,iNaturalist research-grade observations,28eb1a3f-1c15-4a95-931a-4af90ecb574d,6185418420
vachellia leucophloea,Vachellia leucophloea,7769517.0,7769517,18.557252,73.789174,8.214059823370366,50c9509d-22c7-4a22-a47d-8c48425ef4a7,iNaturalist research-grade observations,28eb1a3f-1c15-4a95-931a-4af90ecb574d,6185424142
cordia dichotoma,Cordia dichotoma,5341270.0,5341270,18.565465,73.795192,8.194915812575925,50c9509d-22c7-4a22-a47d-8c48425ef4a7,iNaturalist research-grade observations,28eb1a3f-1c15-4a95-931a-4af90ecb574d,6185426605
ficus benghalensis,Ficus benghalensis,5361919.0,5361919,18.528942,73.812507,4.755258678086163,50c9509d-22c7-4a22-a47d-8c48425ef4a7,iNaturalist research-grade observations,28eb1a3f-1c15-4a95-931a-4af90ecb574d,6185427437
azadirachta indica,Azadirachta indica,3190474.0,3190474,18.583206,73.779061,10.759081900758986,50c9509d-22c7-4a22-a47d-8c48425ef4a7,iNaturalist research-grade observations,28eb1a3f-1c15-4a95-931a-4af90ecb574d,6185447602
dalbergia lanceolaria,Dalbergia lanceolaria,2940397.0,2940397,18.549668,73.785723,8.1599950517723,50c9509d-22c7-4a22-a47d-8c48425ef4a7,iNaturalist research-grade observations,28eb1a3f-1c15-4a95-931a-4af90ecb574d,6185454742
madhuca longifolia,Madhuca longifolia,2883346.0,2883346,18.567347,73.798511,8.054939918956917,50c9509d-22c7-4a22-a47d-8c48425ef4a7,iNaturalist research-grade observations,28eb1a3f-1c15-4a95-931a-4af90ecb574d,6185457413
bambusa vulgaris,Bambusa vulgaris,7661971.0,7661971,18.528942,73.812507,4.755258678086163,50c9509d-22c7-4a22-a47d-8c48425ef4a7,iNaturalist research-grade observations,28eb1a3f-1c15-4a95-931a-4af90ecb574d,6185459937
samanea saman,Samanea saman,2972960.0,2972960,18.583868,73.778922,10.818097250256203,50c9509d-22c7-4a22-a47d-8c48425ef4a7,iNaturalist research-grade observations,28eb1a3f-1c15-4a95-931a-4af90ecb574d,6185480626
mangifera indica,Mangifera indica,3190638.0,3190638,18.583948,73.778757,10.837082782522621,50c9509d-22c7-4a22-a47d-8c48425ef4a7,iNaturalist research-grade observations,28eb1a3f-1c15-4a95-931a-4af90ecb574d,6185487693
phoenix sylvestris,Phoenix sylvestris,5293177.0,5293177,18.564405,73.822957,6.0495505301286405,50c9509d-22c7-4a22-a47d-8c48425ef4a7,iNaturalist research-grade observations,28eb1a3f-1c15-4a95-931a-4af90ecb574d,6185519044
broussonetia papyrifera,Broussonetia papyrifera,5361944.0,5361944,18.562942,73.823625,5.876695372469654,50c9509d-22c7-4a22-a47d-8c48425ef4a7,iNaturalist research-grade observations,28eb1a3f-1c15-4a95-931a-4af90ecb574d,6185519045
mangifera indica,Mangifera indica,3190638.0,3190638,18.584265,73.779156,10.828305979136072,50c9509d-22c7-4a22-a47d-8c48425ef4a7,iNaturalist research-grade observations,28eb1a3f-1c15-4a95-931a-4af90ecb574d,6185522373
heliotropium indicum,Heliotropium indicum,2925788.0,2925788,18.562532,73.795616,7.963510643454924,50c9509d-22c7-4a22-a47d-8c48425ef4a7,iNaturalist research-grade observations,28eb1a3f-1c15-4a95-931a-4af90ecb574d,6185536439
pongamia pinnata,Pongamia pinnata,2965911.0,2965911,18.565618,73.795359,8.191421724944556,50c9509d-22c7-4a22-a47d-8c48425ef4a7,iNaturalist research-grade observations,28eb1a3f-1c15-4a95-931a-4af90ecb574d,6185572790
bombax ceiba,Bombax ceiba,3152226.0,3152226,18.58327,73.779423,10.73471333232536,50c9509d-22c7-4a22-a47d-8c48425ef4a7,iNaturalist research-grade observations,28eb1a3f-1c15-4a95-931a-4af90ecb574d,6185581499
bauhinia racemosa,Bauhinia racemosa,2953160.0,2953160,18.583678,73.779063,10.793054690111633,50c9509d-22c7-4a22-a47d-8c48425ef4a7,iNaturalist research-grade observations,28eb1a3f-1c15-4a95-931a-4af90ecb574d,6185582519
ficus benghalensis,Ficus benghalensis,5361919.0,5361919,18.528942,73.812507,4.755258678086163,50c9509d-22c7-4a22-a47d-8c48425ef4a7,iNaturalist research-grade observations,28eb1a3f-1c15-4a95-931a-4af90ecb574d,6185589561
cassia fistula,Cassia fistula,5357108.0,5357108,18.487898,73.825493,4.8877318398525,50c9509d-22c7-4a22-a47d-8c48425ef4a7,iNaturalist research-grade observations,28eb1a3f-1c15-4a95-931a-4af90ecb574d,6185598828
mangifera indica,Mangifera indica,3190638.0,3190638,18.584068,73.778396,10.87464397333582,50c9509d-22c7-4a22-a47d-8c48425ef4a7,iNaturalist research-grade observations,28eb1a3f-1c15-4a95-931a-4af90ecb574d,6185600876
ficus benghalensis,Ficus benghalensis,5361919.0,5361919,18.559724,73.789671,8.309938945778196,50c9509d-22c7-4a22-a47d-8c48425ef4a7,iNaturalist research-grade observations,28eb1a3f-1c15-4a95-931a-4af90ecb574d,6185609483
azadirachta indica,Azadirachta indica,3190474.0,3190474,18.582008,73.77951,10.636864661833538,50c9509d-22c7-4a22-a47d-8c48425ef4a7,iNaturalist research-grade observations,28eb1a3f-1c15-4a95-931a-4af90ecb574d,6185613706
pithecellobium dulce,Pithecellobium dulce,2962831.0,2962831,18.582775,73.77926,10.712047932486524,50c9509d-22c7-4a22-a47d-8c48425ef4a7,iNaturalist research-grade observations,28eb1a3f-1c15-4a95-931a-4af90ecb574d,6185613708
polyalthia longifolia,Polyalthia longifolia,3156422.0,3156422,18.562872,73.824037,5.8447377716156375,50c9509d-22c7-4a22-a47d-8c48425ef4a7,iNaturalist research-grade observations,28eb1a3f-1c15-4a95-931a-4af90ecb574d,6185624653
broussonetia papyrifera,Broussonetia papyrifera,5361944.0,5361944,18.563043,73.823329,5.904279091149359,50c9509d-22c7-4a22-a47d-8c48425ef4a7,iNaturalist research-grade observations,28eb1a3f-1c15-4a95-931a-4af90ecb574d,6185635808
limonia acidissima,Limonia acidissima,5421342.0,5421342,18.564361,73.795134,8.125332345386308,50c9509d-22c7-4a22-a47d-8c48425ef4a7,iNaturalist research-grade observations,28eb1a3f-1c15-4a95-931a-4af90ecb574d,6185639391
phyllanthus reticulatus,Phyllanthus reticulatus,5382478.0,5382478,18.563464,73.793392,8.214238116386095,50c9509d-22c7-4a22-a47d-8c48425ef4a7,iNaturalist research-grade observations,28eb1a3f-1c15-4a95-931a-4af90ecb574d,6185640291
ficus religiosa,Ficus religiosa,5361935.0,5361935,18.593185,73.79921,10.11081687964686,50c9509d-22c7-4a22-a47d-8c48425ef4a7,iNaturalist research-grade observations,28eb1a3f-1c15-4a95-931a-4af90ecb574d,6185674464
glycosmis pentaphylla,Glycosmis pentaphylla,8241662.0,8241662,18.565455,73.79583,8.141115620597871,50c9509d-22c7-4a22-a47d-8c48425ef4a7,iNaturalist research-grade observations,28eb1a3f-1c15-4a95-931a-4af90ecb574d,6185685466
pongamia pinnata,Pongamia pinnata,2965911.0,2965911,18.582117,73.779577,10.639274379027793,50c9509d-22c7-4a22-a47d-8c48425ef4a7,iNaturalist research-grade observations,28eb1a3f-1c15-4a95-931a-4af90ecb574d,6185697628
anacardium occidentale,Anacardium occidentale,5421368.0,5421368,18.420089,73.76415,14.821965364897729,50c9509d-22c7-4a22-a47d-8c48425ef4a7,iNaturalist research-grade observations,28eb1a3f-1c15-4a95-931a-4af90ecb574d,6185699622
broussonetia papyrifera,Broussonetia papyrifera,5361944.0,5361944,18.563055,73.823568,5.8903749822935625,50c9509d-22c7-4a22-a47d-8c48425ef4a7,iNaturalist research-grade observations,28eb1a3f-1c15-4a95-931a-4af90ecb574d,6185713222
bauhinia purpurea,Bauhinia purpurea,2953871.0,2953871,18.564472,73.822997,6.053101431511274,50c9509d-22c7-4a22-a47d-8c48425ef4a7,iNaturalist research-grade observations,28eb1a3f-1c15-4a95-931a-4af90ecb574d,6185717580
ficus heterophylla,Ficus heterophylla,8418037.0,8418037,18.565416,73.795628,8.155249875091968,50c9509d-22c7-4a22-a47d-8c48425ef4a7,iNaturalist research-grade observations,28eb1a3f-1c15-4a95-931a-4af90ecb574d,6185728737
phyllanthus lawii,Phyllanthus lawii,5382438.0,5382438,18.563515,73.793404,8.216517052192007,50c9509d-22c7-4a22-a47d-8c48425ef4a7,iNaturalist research-grade observations,28eb1a3f-1c15-4a95-931a-4af90ecb574d,6185730911
pongamia pinnata,Pongamia pinnata,2965911.0,2965911,18.581882,73.779489,10.629544126904042,50c9509d-22c7-4a22-a47d-8c48425ef4a7,iNaturalist research-grade observations,28eb1a3f-1c15-4a95-931a-4af90ecb574d,6185746985
syzygium cumini,Syzygium cumini,3183840.0,3183840,18.582447,73.779263,10.688233791826248,50c9509d-22c7-4a22-a47d-8c48425ef4a7,iNaturalist research-grade observations,28eb1a3f-1c15-4a95-931a-4af90ecb574d,6185770419
asclepias curassavica,Asclepias curassavica,3170241.0,3170241,18.563336,73.793975,8.156041080764558,50c9509d-22c7-4a22-a47d-8c48425ef4a7,iNaturalist research-grade observations,28eb1a3f-1c15-4a95-931a-4af90ecb574d,6185771460
dolichandrone falcata,Dolichandrone falcata,4091174.0,4091174,18.529444,73.817303,4.273769143645818,50c9509d-22c7-4a22-a47d-8c48425ef4a7,iNaturalist research-grade observations,28eb1a3f-1c15-4a95-931a-4af90ecb574d,6185786034
tectona grandis,Tectona grandis,2925649.0,2925649,18.557718,73.788835,8.270919883448068,50c9509d-22c7-4a22-a47d-8c48425ef4a7,iNaturalist research-grade observations,28eb1a3f-1c15-4a95-931a-4af90ecb574d,6185791635
ficus heterophylla,Ficus heterophylla,8418037.0,8418037,18.565652,73.79542,8.188667994123582,50c9509d-22c7-4a22-a47d-8c48425ef4a7,iNaturalist research-grade observations,28eb1a3f-1c15-4a95-931a-4af90ecb574d,6185799488
dalbergia lanceolaria,Dalbergia lanceolaria,2940397.0,2940397,18.556812,73.790239,8.092363071274471,50c9509d-22c7-4a22-a47d-8c48425ef4a7,iNaturalist research-grade observations,28eb1a3f-1c15-4a95-931a-4af90ecb574d,6185802795
broussonetia papyrifera,Broussonetia papyrifera,5361944.0,5361944,18.564941,73.822856,6.104073125057555,50c9509d-22c7-4a22-a47d-8c48425ef4a7,iNaturalist research-grade observations,28eb1a3f-1c15-4a95-931a-4af90ecb574d,6185804148
bougainvillea spectabilis,Bougainvillea spectabilis,7167078.0,7167078,18.543694,73.806157,5.92487450324237,50c9509d-22c7-4a22-a47d-8c48425ef4a7,iNaturalist research-grade observations,28eb1a3f-1c15-4a95-931a-4af90ecb574d,6185805511
crinum bulbispermum,Crinum bulbispermum,2853668.0,2853668,18.563665,73.793672,8.203356338320143,50c9509d-22c7-4a22-a47d-8c48425ef4a7,iNaturalist research-grade observations,28eb1a3f-1c15-4a95-931a-4af90ecb574d,6185815499
pilea microphylla,Pilea microphylla,5361841.0,5361841,18.467281,73.828348,6.620155768929155,50c9509d-22c7-4a22-a47d-8c48425ef4a7,iNaturalist research-grade observations,28eb1a3f-1c15-4a95-931a-4af90ecb574d,6185825571
pithecellobium dulce,Pithecellobium dulce,2962831.0,2962831,18.582328,73.779448,10.66479988246699,50c9509d-22c7-4a22-a47d-8c48425ef4a7,iNaturalist research-grade observations,28eb1a3f-1c15-4a95-931a-4af90ecb574d,6185832797
nymphaea pubescens,Nymphaea pubescens,3697240.0,3697240,18.646603,73.813794,14.743794647865073,50c9509d-22c7-4a22-a47d-8c48425ef4a7,iNaturalist research-grade observations,28eb1a3f-1c15-4a95-931a-4af90ecb574d,6185833492
phoenix sylvestris,Phoenix sylvestris,5293177.0,5293177,18.582934,73.779236,10.725427036745103,50c9509d-22c7-4a22-a47d-8c48425ef4a7,iNaturalist research-grade observations,28eb1a3f-1c15-4a95-931a-4af90ecb574d,6185840452
broussonetia papyrifera,Broussonetia papyrifera,5361944.0,5361944,18.563157,73.82353,5.9018836136113775,50c9509d-22c7-4a22-a47d-8c48425ef4a7,iNaturalist research-grade observations,28eb1a3f-1c15-4a95-931a-4af90ecb574d,6185845398
broussonetia papyrifera,Broussonetia papyrifera,5361944.0,5361944,18.563028,73.823368,5.900490283589283,50c9509d-22c7-4a22-a47d-8c48425ef4a7,iNaturalist research-grade observations,28eb1a3f-1c15-4a95-931a-4af90ecb574d,6185847997
phoenix sylvestris,Phoenix sylvestris,5293177.0,5293177,18.56897,73.801028,7.97580253860132,50c9509d-22c7-4a22-a47d-8c48425ef4a7,iNaturalist research-grade observations,28eb1a3f-1c15-4a95-931a-4af90ecb574d,6185848430
pongamia pinnata,Pongamia pinnata,2965911.0,2965911,18.582009,73.779518,10.636291124374704,50c9509d-22c7-4a22-a47d-8c48425ef4a7,iNaturalist research-grade observations,28eb1a3f-1c15-4a95-931a-4af90ecb574d,6185853243
azadirachta indica,Azadirachta indica,3190474.0,3190474,18.583259,73.779091,10.760502554003308,50c9509d-22c7-4a22-a47d-8c48425ef4a7,iNaturalist research-grade observations,28eb1a3f-1c15-4a95-931a-4af90ecb574d,6185853619
leucaena leucocephala,Leucaena leucocephala,2970418.0,2970418,18.582407,73.779396,10.674656714943003,50c9509d-22c7-4a22-a47d-8c48425ef4a7,iNaturalist research-grade observations,28eb1a3f-1c15-4a95-931a-4af90ecb574d,6185856048
phyllanthus reticulatus,Phyllanthus reticulatus,5382478.0,5382478,18.562597,73.794406,8.07121128730391,50c9509d-22c7-4a22-a47d-8c48425ef4a7,iNaturalist research-grade observations,28eb1a3f-1c15-4a95-931a-4af90ecb574d,6185856820
pithecellobium dulce,Pithecellobium dulce,2962831.0,2962831,18.58212,73.779732,10.627008859895772,50c9509d-22c7-4a22-a47d-8c48425ef4a7,iNaturalist research-grade observations,28eb1a3f-1c15-4a95-931a-4af90ecb574d,6185858405
broussonetia papyrifera,Broussonetia papyrifera,5361944.0,5361944,18.56295,73.823035,5.91452437482729,50c9509d-22c7-4a22-a47d-8c48425ef4a7,iNaturalist research-grade observations,28eb1a3f-1c15-4a95-931a-4af90ecb574d,6185878528
ficus drupacea,Ficus drupacea,5361914.0,5361914,18.5564,73.790009,8.090609642916752,50c9509d-22c7-4a22-a47d-8c48425ef4a7,iNaturalist research-grade observations,28eb1a3f-1c15-4a95-931a-4af90ecb574d,6185885053
kalanchoe pinnata,Kalanchoe pinnata,2985930.0,2985930,18.532847,73.812942,4.816649472136982,50c9509d-22c7-4a22-a47d-8c48425ef4a7,iNaturalist research-grade observations,28eb1a3f-1c15-4a95-931a-4af90ecb574d,6185889353
ageratum conyzoides,Ageratum conyzoides,5401673.0,5401673,18.447924,73.43084,45.62795794082555,50c9509d-22c7-4a22-a47d-8c48425ef4a7,iNaturalist research-grade observations,28eb1a3f-1c15-4a95-931a-4af90ecb574d,6185896049
persicaria glabra,Persicaria glabra,6391450.0,6391450,18.56379,73.793975,8.185687101928654,50c9509d-22c7-4a22-a47d-8c48425ef4a7,iNaturalist research-grade observations,28eb1a3f-1c15-4a95-931a-4af90ecb574d,6185902118
ficus heterophylla,Ficus heterophylla,8418037.0,8418037,18.565377,73.795602,8.154754253070625,50c9509d-22c7-4a22-a47d-8c48425ef4a7,iNaturalist research-grade observations,28eb1a3f-1c15-4a95-931a-4af90ecb574d,6185904390
ficus racemosa,Ficus racemosa,5361904.0,5361904,18.565171,73.794795,8.208208018141029,50c9509d-22c7-4a22-a47d-8c48425ef4a7,iNaturalist research-grade observations,28eb1a3f-1c15-4a95-931a-4af90ecb574d,6185909079
pongamia pinnata,Pongamia pinnata,2965911.0,2965911,18.563005,73.823753,5.874346497173666,50c9509d-22c7-4a22-a47d-8c48425ef4a7,iNaturalist research-grade observations,28eb1a3f-1c15-4a95-931a-4af90ecb574d,6185910605
vachellia leucophloea,Vachellia leucophloea,7769517.0,7769517,18.534267,73.814909,4.668126954888673,50c9509d-22c7-4a22-a47d-8c48425ef4a7,iNaturalist research-grade observations,28eb1a3f-1c15-4a95-931a-4af90ecb574d,6185921974
pithecellobium dulce,Pithecellobium dulce,2962831.0,2962831,18.582568,73.779254,10.69764559409252,50c9509d-22c7-4a22-a47d-8c48425ef4a7,iNaturalist research-grade observations,28eb1a3f-1c15-4a95-931a-4af90ecb574d,6185924122
couroupita guianensis,Couroupita guianensis,3082562.0,3082562,18.516964,73.834172,2.405825561154197,50c9509d-22c7-4a22-a47d-8c48425ef4a7,iNaturalist research-grade observations,28eb1a3f-1c15-4a95-931a-4af90ecb574d,6185925191
phyllanthus reticulatus,Phyllanthus reticulatus,5382478.0,5382478,18.564905,73.794735,8.195347760375803,50c9509d-22c7-4a22-a47d-8c48425ef4a7,iNaturalist research-grade observations,28eb1a3f-1c15-4a95-931a-4af90ecb574d,6185927794
sterculia urens,Sterculia urens,5406674.0,5406674,18.551812,73.787112,8.125471612391129,50c9509d-22c7-4a22-a47d-8c48425ef4a7,iNaturalist research-grade observations,28eb1a3f-1c15-4a95-931a-4af90ecb574d,6185940065
cardiospermum halicacabum,Cardiospermum halicacabum,3189939.0,3189939,18.563756,73.793591,8.21620634108162,50c9509d-22c7-4a22-a47d-8c48425ef4a7,iNaturalist research-grade observations,28eb1a3f-1c15-4a95-931a-4af90ecb574d,6185940765
pithecellobium dulce,Pithecellobium dulce,2962831.0,2962831,18.582378,73.77935,10.67627780630701,50c9509d-22c7-4a22-a47d-8c48425ef4a7,iNaturalist research-grade observations,28eb1a3f-1c15-4a95-931a-4af90ecb574d,6185948655
pongamia pinnata,Pongamia pinnata,2965911.0,2965911,18.552675,73.821848,5.13617291027973,50c9509d-22c7-4a22-a47d-8c48425ef4a7,iNaturalist research-grade observations,28eb1a3f-1c15-4a95-931a-4af90ecb574d,6185949515
albizia lebbeck,Albizia lebbeck,2973215.0,2973215,18.557998,73.789478,8.228121704140918,50c9509d-22c7-4a22-a47d-8c48425ef4a7,iNaturalist research-grade observations,28eb1a3f-1c15-4a95-931a-4af90ecb574d,6185953433
broussonetia papyrifera,Broussonetia papyrifera,5361944.0,5361944,18.563034,73.823386,5.899896412482745,50c9509d-22c7-4a22-a47d-8c48425ef4a7,iNaturalist research-grade observations,28eb1a3f-1c15-4a95-931a-4af90ecb574d,6185960006
azadirachta indica,Azadirachta indica,3190474.0,3190474,18.583215,73.779071,10.758929513733387,50c9509d-22c7-4a22-a47d-8c48425ef4a7,iNaturalist research-grade observations,28eb1a3f-1c15-4a95-931a-4af90ecb574d,6185960612
ziziphus mauritiana,Ziziphus mauritiana,3039424.0,3039424,18.583093,73.77918,10.741385352294714,50c9509d-22c7-4a22-a47d-8c48425ef4a7,iNaturalist research-grade observations,28eb1a3f-1c15-4a95-931a-4af90ecb574d,6185969235
leucaena leucocephala,Leucaena leucocephala,2970418.0,2970418,18.583382,73.779005,10.776278158881594,50c9509d-22c7-4a22-a47d-8c48425ef4a7,iNaturalist research-grade observations,28eb1a3f-1c15-4a95-931a-4af90ecb574d,6185971130
pongamia pinnata,Pongamia pinnata,2965911.0,2965911,18.583027,73.779189,10.73590297769806,50c9509d-22c7-4a22-a47d-8c48425ef4a7,iNaturalist research-grade observations,28eb1a3f-1c15-4a95-931a-4af90ecb574d,6185971998
pithecellobium dulce,Pithecellobium dulce,2962831.0,2962831,18.584351,73.780624,10.71830325949097,50c9509d-22c7-4a22-a47d-8c48425ef4a7,iNaturalist research-grade observations,28eb1a3f-1c15-4a95-931a-4af90ecb574d,6185984495
pithecellobium dulce,Pithecellobium dulce,2962831.0,2962831,18.582633,73.779214,10.705533323845462,50c9509d-22c7-4a22-a47d-8c48425ef4a7,iNaturalist research-grade observations,28eb1a3f-1c15-4a95-931a-4af90ecb574d,6185989800
phyllanthus reticulatus,Phyllanthus reticulatus,5382478.0,5382478,18.583115,73.779105,10.74898809683432,50c9509d-22c7-4a22-a47d-8c48425ef4a7,iNaturalist research-grade observations,28eb1a3f-1c15-4a95-931a-4af90ecb574d,6186010725
carica papaya,Carica papaya,2874484.0,2874484,18.528942,73.812507,4.755258678086163,50c9509d-22c7-4a22-a47d-8c48425ef4a7,iNaturalist research-grade observations,28eb1a3f-1c15-4a95-931a-4af90ecb574d,6186014293
pontederia crassipes,Pontederia crassipes,2765942.0,2765942,18.483986,73.825836,5.194887728041656,50c9509d-22c7-4a22-a47d-8c48425ef4a7,iNaturalist research-grade observations,28eb1a3f-1c15-4a95-931a-4af90ecb574d,6186015333
pithecellobium dulce,Pithecellobium dulce,2962831.0,2962831,18.58199,73.779507,10.635818021286763,50c9509d-22c7-4a22-a47d-8c48425ef4a7,iNaturalist research-grade observations,28eb1a3f-1c15-4a95-931a-4af90ecb574d,6186016383
pithecellobium dulce,Pithecellobium dulce,2962831.0,2962831,18.584353,73.780628,10.718135277599167,50c9509d-22c7-4a22-a47d-8c48425ef4a7,iNaturalist research-grade observations,28eb1a3f-1c15-4a95-931a-4af90ecb574d,6186020133
bauhinia racemosa,Bauhinia racemosa,2953160.0,2953160,18.531325,73.781061,8.066840665754901,50c9509d-22c7-4a22-a47d-8c48425ef4a7,iNaturalist research-grade observations,28eb1a3f-1c15-4a95-931a-4af90ecb574d,6186020176
phoenix sylvestris,Phoenix sylvestris,5293177.0,5293177,18.583548,73.778944,10.793162725338686,50c9509d-22c7-4a22-a47d-8c48425ef4a7,iNaturalist research-grade observations,28eb1a3f-1c15-4a95-931a-4af90ecb574d,6186021889
gmelina arborea,Gmelina arborea,8247889.0,8247889,18.547891,73.784354,8.217049164436638,50c9509d-22c7-4a22-a47d-8c48425ef4a7,iNaturalist research-grade observations,28eb1a3f-1c15-4a95-931a-4af90ecb574d,6186037751
bauhinia racemosa,Bauhinia racemosa,2953160.0,2953160,18.557905,73.788667,8.296674719190198,50c9509d-22c7-4a22-a47d-8c48425ef4a7,iNaturalist research-grade observations,28eb1a3f-1c15-4a95-931a-4af90ecb574d,6186043178
ficus heterophylla,Ficus heterophylla,8418037.0,8418037,18.563502,73.793557,8.20257856054581,50c9509d-22c7-4a22-a47d-8c48425ef4a7,iNaturalist research-grade observations,28eb1a3f-1c15-4a95-931a-4af90ecb574d,6186043553
pithecellobium dulce,Pithecellobium dulce,2962831.0,2962831,18.584624,73.780596,10.740666817087687,50c9509d-22c7-4a22-a47d-8c48425ef4a7,iNaturalist research-grade observations,28eb1a3f-1c15-4a95-931a-4af90ecb574d,6186043563
capparis grandis,Capparis grandis,7552967.0,7552967,18.531088,73.816663,4.3853332834187535,50c9509d-22c7-4a22-a47d-8c48425ef4a7,iNaturalist research-grade observations,28eb1a3f-1c15-4a95-931a-4af90ecb574d,6186045789
azadirachta indica,Azadirachta indica,3190474.0,3190474,18.583082,73.779135,10.74420148383088,50c9509d-22c7-4a22-a47d-8c48425ef4a7,iNaturalist research-grade observations,28eb1a3f-1c15-4a95-931a-4af90ecb574d,6186048454
mangifera indica,Mangifera indica,3190638.0,3190638,18.584062,73.778407,10.873329549421443,50c9509d-22c7-4a22-a47d-8c48425ef4a7,iNaturalist research-grade observations,28eb1a3f-1c15-4a95-931a-4af90ecb574d,6186066106
croton bonplandianus,Croton bonplandianus,3058543.0,3058543,18.563696,73.793697,8.203243738352258,50c9509d-22c7-4a22-a47d-8c48425ef4a7,iNaturalist research-grade observations,28eb1a3f-1c15-4a95-931a-4af90ecb574d,6186069617
erythrina variegata,Erythrina variegata,5349581.0,5349581,18.532478,73.816262,4.4700100140730035,50c9509d-22c7-4a22-a47d-8c48425ef4a7,iNaturalist research-grade observations,28eb1a3f-1c15-4a95-931a-4af90ecb574d,6186072403
phyllanthus reticulatus,Phyllanthus reticulatus,5382478.0,5382478,18.582487,73.779362,10.683138174000918,50c9509d-22c7-4a22-a47d-8c48425ef4a7,iNaturalist research-grade observations,28eb1a3f-1c15-4a95-931a-4af90ecb574d,6186076637
salix tetrasperma,Salix tetrasperma,5582578.0,5582578,18.565476,73.796003,8.128186994573394,50c9509d-22c7-4a22-a47d-8c48425ef4a7,iNaturalist research-grade observations,28eb1a3f-1c15-4a95-931a-4af90ecb574d,6186083115
syzygium cumini,Syzygium cumini,3183840.0,3183840,18.564607,73.822875,6.072803506609891,50c9509d-22c7-4a22-a47d-8c48425ef4a7,iNaturalist research-grade observations,28eb1a3f-1c15-4a95-931a-4af90ecb574d,6186084484
mangifera indica,Mangifera indica,3190638.0,3190638,18.584064,73.778743,10.846613641024234,50c9509d-22c7-4a22-a47d-8c48425ef4a7,iNaturalist research-grade observations,28eb1a3f-1c15-4a95-931a-4af90ecb574d,6186087615
spathodea campanulata,Spathodea campanulata,3172574.0,3172574,18.531842,73.837914,2.3540923402024507,50c9509d-22c7-4a22-a47d-8c48425ef4a7,iNaturalist research-grade observations,28eb1a3f-1c15-4a95-931a-4af90ecb574d,6186150351
pongamia pinnata,Pongamia pinnata,2965911.0,2965911,18.564419,73.822912,6.053599901746892,50c9509d-22c7-4a22-a47d-8c48425ef4a7,iNaturalist research-grade observations,28eb1a3f-1c15-4a95-931a-4af90ecb574d,6186157457
glycosmis pentaphylla,Glycosmis pentaphylla,8241662.0,8241662,18.562513,73.794496,8.058062840412834,50c9509d-22c7-4a22-a47d-8c48425ef4a7,iNaturalist research-grade observations,28eb1a3f-1c15-4a95-931a-4af90ecb574d,6186165360
ficus hispida,Ficus hispida,7879404.0,7879404,18.582434,73.779366,10.679009728006328,50c9509d-22c7-4a22-a47d-8c48425ef4a7,iNaturalist research-grade observations,28eb1a3f-1c15-4a95-931a-4af90ecb574d,6186166673
salix tetrasperma,Salix tetrasperma,5582578.0,5582578,18.582814,73.779281,10.713169044328145,50c9509d-22c7-4a22-a47d-8c48425ef4a7,iNaturalist research-grade observations,28eb1a3f-1c15-4a95-931a-4af90ecb574d,6187998411
khaya senegalensis,Khaya senegalensis,3190508.0,3190508,18.464013,73.807504,8.137977522707757,50c9509d-22c7-4a22-a47d-8c48425ef4a7,iNaturalist research-grade observations,28eb1a3f-1c15-4a95-931a-4af90ecb574d,6188072447
ficus hispida,Ficus hispida,7879404.0,7879404,18.583,73.779052,10.744954128035948,50c9509d-22c7-4a22-a47d-8c48425ef4a7,iNaturalist research-grade observations,28eb1a3f-1c15-4a95-931a-4af90ecb574d,6188078012
pithecellobium dulce,Pithecellobium dulce,2962831.0,2962831,18.581976,73.77949,10.636187275974821,50c9509d-22c7-4a22-a47d-8c48425ef4a7,iNaturalist research-grade observations,28eb1a3f-1c15-4a95-931a-4af90ecb574d,6188136454
pithecellobium dulce,Pithecellobium dulce,2962831.0,2962831,18.582354,73.779401,10.670449537486776,50c9509d-22c7-4a22-a47d-8c48425ef4a7,iNaturalist research-grade observations,28eb1a3f-1c15-4a95-931a-4af90ecb574d,6188152295
pithecellobium dulce,Pithecellobium dulce,2962831.0,2962831,18.582227,73.779401,10.661340109535162,50c9509d-22c7-4a22-a47d-8c48425ef4a7,iNaturalist research-grade observations,28eb1a3f-1c15-4a95-931a-4af90ecb574d,6188182099
pithecellobium dulce,Pithecellobium dulce,2962831.0,2962831,18.582548,73.779298,10.692669101104567,50c9509d-22c7-4a22-a47d-8c48425ef4a7,iNaturalist research-grade observations,28eb1a3f-1c15-4a95-931a-4af90ecb574d,6188188936
pithecellobium dulce,Pithecellobium dulce,2962831.0,2962831,18.581987,73.779502,10.636006568835699,50c9509d-22c7-4a22-a47d-8c48425ef4a7,iNaturalist research-grade observations,28eb1a3f-1c15-4a95-931a-4af90ecb574d,6188191975
cardiospermum halicacabum,Cardiospermum halicacabum,3189939.0,3189939,18.563703,73.793674,8.205663715446926,50c9509d-22c7-4a22-a47d-8c48425ef4a7,iNaturalist research-grade observations,28eb1a3f-1c15-4a95-931a-4af90ecb574d,6188222454
delonix regia,Delonix regia,2956176.0,2956176,18.47777,73.727714,14.403851128846036,50c9509d-22c7-4a22-a47d-8c48425ef4a7,iNaturalist research-grade observations,28eb1a3f-1c15-4a95-931a-4af90ecb574d,6188250463
azadirachta indica,Azadirachta indica,3190474.0,3190474,18.497698,73.847409,2.707786547968935,50c9509d-22c7-4a22-a47d-8c48425ef4a7,iNaturalist research-grade observations,28eb1a3f-1c15-4a95-931a-4af90ecb574d,6188256018
azadirachta indica,Azadirachta indica,3190474.0,3190474,18.583343,73.778978,10.775625084099664,50c9509d-22c7-4a22-a47d-8c48425ef4a7,iNaturalist research-grade observations,28eb1a3f-1c15-4a95-931a-4af90ecb574d,6188260172
biancaea decapetala,Biancaea decapetala,3974372.0,3974372,18.724974,73.664131,30.482825940235365,50c9509d-22c7-4a22-a47d-8c48425ef4a7,iNaturalist research-grade observations,28eb1a3f-1c15-4a95-931a-4af90ecb574d,6188299794
phyllanthus reticulatus,Phyllanthus reticulatus,5382478.0,5382478,18.582728,73.779326,10.703362748202075,50c9509d-22c7-4a22-a47d-8c48425ef4a7,iNaturalist research-grade observations,28eb1a3f-1c15-4a95-931a-4af90ecb574d,6188318416
bauhinia racemosa,Bauhinia racemosa,2953160.0,2953160,18.531325,73.781061,8.066840665754901,50c9509d-22c7-4a22-a47d-8c48425ef4a7,iNaturalist research-grade observations,28eb1a3f-1c15-4a95-931a-4af90ecb574d,6188329506
solanum torvum,Solanum torvum,2932389.0,2932389,18.567335,73.799261,7.994018567665011,50c9509d-22c7-4a22-a47d-8c48425ef4a7,iNaturalist research-grade observations,28eb1a3f-1c15-4a95-931a-4af90ecb574d,6188339559
ficus racemosa,Ficus racemosa,5361904.0,5361904,18.585172,73.778384,10.955891685372514,50c9509d-22c7-4a22-a47d-8c48425ef4a7,iNaturalist research-grade observations,28eb1a3f-1c15-4a95-931a-4af90ecb574d,6188356812
ziziphus mauritiana,Ziziphus mauritiana,3039424.0,3039424,18.583609,73.778906,10.800616896335876,50c9509d-22c7-4a22-a47d-8c48425ef4a7,iNaturalist research-grade observations,28eb1a3f-1c15-4a95-931a-4af90ecb574d,6188366955
salix tetrasperma,Salix tetrasperma,5582578.0,5582578,18.582849,73.779248,10.718339726916629,50c9509d-22c7-4a22-a47d-8c48425ef4a7,iNaturalist research-grade observations,28eb1a3f-1c15-4a95-931a-4af90ecb574d,6188421767
capparis spinosa,Capparis spinosa,6370689.0,8282319,18.434382,73.424431,46.580876323787926,50c9509d-22c7-4a22-a47d-8c48425ef4a7,iNaturalist research-grade observations,28eb1a3f-1c15-4a95-931a-4af90ecb574d,6188450204
vachellia leucophloea,Vachellia leucophloea,7769517.0,7769517,18.478023,73.840436,5.014513193253862,50c9509d-22c7-4a22-a47d-8c48425ef4a7,iNaturalist research-grade observations,28eb1a3f-1c15-4a95-931a-4af90ecb574d,6188450907
vachellia nilotica,Vachellia nilotica,3974744.0,3974744,18.724003,73.668667,30.08546619836071,50c9509d-22c7-4a22-a47d-8c48425ef4a7,iNaturalist research-grade observations,28eb1a3f-1c15-4a95-931a-4af90ecb574d,6188468866
ficus benghalensis,Ficus benghalensis,5361919.0,5361919,18.559724,73.789671,8.309938945778196,50c9509d-22c7-4a22-a47d-8c48425ef4a7,iNaturalist research-grade observations,28eb1a3f-1c15-4a95-931a-4af90ecb574d,6188638722
gymnosporia rothiana,Gymnosporia rothiana,3793988.0,3793988,18.446283,73.428739,45.878699147611115,50c9509d-22c7-4a22-a47d-8c48425ef4a7,iNaturalist research-grade observations,28eb1a3f-1c15-4a95-931a-4af90ecb574d,6195243408
cardiospermum halicacabum,Cardiospermum halicacabum,3189939.0,3189939,18.564062,73.793905,8.209495742559954,50c9509d-22c7-4a22-a47d-8c48425ef4a7,iNaturalist research-grade observations,28eb1a3f-1c15-4a95-931a-4af90ecb574d,6195265390
syzygium cumini,Syzygium cumini,3183840.0,3183840,18.477617,73.856867,4.75729171135396,50c9509d-22c7-4a22-a47d-8c48425ef4a7,iNaturalist research-grade observations,28eb1a3f-1c15-4a95-931a-4af90ecb574d,6195452041
alstonia scholaris,Alstonia scholaris,5414410.0,5414410,18.562316,73.794211,8.069864797898276,50c9509d-22c7-4a22-a47d-8c48425ef4a7,iNaturalist research-grade observations,28eb1a3f-1c15-4a95-931a-4af90ecb574d,6195500887
azadirachta indica,Azadirachta indica,3190474.0,3190474,18.583032,73.779081,10.744930803290728,50c9509d-22c7-4a22-a47d-8c48425ef4a7,iNaturalist research-grade observations,28eb1a3f-1c15-4a95-931a-4af90ecb574d,6195623352
sterculia urens,Sterculia urens,5406674.0,5406674,18.555183,73.791206,7.9142030085005555,50c9509d-22c7-4a22-a47d-8c48425ef4a7,iNaturalist research-grade observations,28eb1a3f-1c15-4a95-931a-4af90ecb574d,6195646017
aegle marmelos,Aegle marmelos,5421195.0,5421195,18.529542,73.837589,2.2568449567360376,50c9509d-22c7-4a22-a47d-8c48425ef4a7,iNaturalist research-grade observations,28eb1a3f-1c15-4a95-931a-4af90ecb574d,6195801204
dolichandrone falcata,Dolichandrone falcata,4091174.0,4091174,18.516094,73.833267,2.5166880166794843,50c9509d-22c7-4a22-a47d-8c48425ef4a7,iNaturalist research-grade observations,28eb1a3f-1c15-4a95-931a-4af90ecb574d,6195966450
leucaena leucocephala,Leucaena leucocephala,2970418.0,2970418,18.564611,73.823061,6.061670878588644,50c9509d-22c7-4a22-a47d-8c48425ef4a7,iNaturalist research-grade observations,28eb1a3f-1c15-4a95-931a-4af90ecb574d,6234340208
macroptilium atropurpureum,Macroptilium atropurpureum,2945047.0,2945047,18.726659,73.666884,30.431386232997212,50c9509d-22c7-4a22-a47d-8c48425ef4a7,iNaturalist research-grade observations,28eb1a3f-1c15-4a95-931a-4af90ecb574d,6234422905
commelina forskaolii,Commelina forskaolii,4270425.0,4270425,18.465464,73.80615,8.107472986959754,50c9509d-22c7-4a22-a47d-8c48425ef4a7,iNaturalist research-grade observations,28eb1a3f-1c15-4a95-931a-4af90ecb574d,6234494962
mangifera indica,Mangifera indica,3190638.0,3190638,18.546722,73.82052,4.807931725871513,50c9509d-22c7-4a22-a47d-8c48425ef4a7,iNaturalist research-grade observations,28eb1a3f-1c15-4a95-931a-4af90ecb574d,6234551364
caryota urens,Caryota urens,2738914.0,2738914,18.520225,73.855112,0.1685600008973145,50c9509d-22c7-4a22-a47d-8c48425ef4a7,iNaturalist research-grade observations,28eb1a3f-1c15-4a95-931a-4af90ecb574d,6234618583
cordia dichotoma,Cordia dichotoma,5341270.0,5341270,18.564653,73.822835,6.0794196784922585,50c9509d-22c7-4a22-a47d-8c48425ef4a7,iNaturalist research-grade observations,28eb1a3f-1c15-4a95-931a-4af90ecb574d,6234694838
jacaranda mimosifolia,Jacaranda mimosifolia,3172499.0,3172499,18.47777,73.727714,14.403851128846036,50c9509d-22c7-4a22-a47d-8c48425ef4a7,iNaturalist research-grade observations,28eb1a3f-1c15-4a95-931a-4af90ecb574d,6234937968
luffa aegyptiaca,Luffa aegyptiaca,2874599.0,2874599,18.564228,73.793945,8.217027136283315,50c9509d-22c7-4a22-a47d-8c48425ef4a7,iNaturalist research-grade observations,28eb1a3f-1c15-4a95-931a-4af90ecb574d,6235308125
pithecellobium dulce,Pithecellobium dulce,2962831.0,2962831,18.726658,73.670231,30.200667202597874,50c9509d-22c7-4a22-a47d-8c48425ef4a7,iNaturalist research-grade observations,28eb1a3f-1c15-4a95-931a-4af90ecb574d,6235317084
urena lobata,Urena lobata,3152253.0,3152253,18.563673,73.793764,8.19602441639367,50c9509d-22c7-4a22-a47d-8c48425ef4a7,iNaturalist research-grade observations,28eb1a3f-1c15-4a95-931a-4af90ecb574d,6236147907
syzygium aqueum,Syzygium aqueum,3183335.0,3183335,18.564808,73.78003,9.471762780436084,50c9509d-22c7-4a22-a47d-8c48425ef4a7,iNaturalist research-grade observations,28eb1a3f-1c15-4a95-931a-4af90ecb574d,6236288015
tabebuia rosea,Tabebuia rosea,3172537.0,3172537,18.47777,73.727714,14.403851128846036,50c9509d-22c7-4a22-a47d-8c48425ef4a7,iNaturalist research-grade observations,28eb1a3f-1c15-4a95-931a-4af90ecb574d,6236339821
cadaba fruticosa,Cadaba fruticosa,3872643.0,3872643,18.530603,73.818464,4.18794456056236,50c9509d-22c7-4a22-a47d-8c48425ef4a7,iNaturalist research-grade observations,28eb1a3f-1c15-4a95-931a-4af90ecb574d,6236451614
lannea coromandelica,Lannea coromandelica,3661151.0,3661151,18.525814,73.813934,4.549030218166116,50c9509d-22c7-4a22-a47d-8c48425ef4a7,iNaturalist research-grade observations,28eb1a3f-1c15-4a95-931a-4af90ecb574d,6236519550
combretum indicum,Combretum indicum,12203608.0,12203608,18.510817,73.779205,8.240207565385274,50c9509d-22c7-4a22-a47d-8c48425ef4a7,iNaturalist research-grade observations,28eb1a3f-1c15-4a95-931a-4af90ecb574d,6251929862
caryota urens,Caryota urens,2738914.0,2738914,18.583752,73.778867,10.814087556656734,50c9509d-22c7-4a22-a47d-8c48425ef4a7,iNaturalist research-grade observations,28eb1a3f-1c15-4a95-931a-4af90ecb574d,6273157463
bauhinia purpurea,Bauhinia purpurea,2953871.0,2953871,18.564383,73.823063,6.0410057187416975,50c9509d-22c7-4a22-a47d-8c48425ef4a7,iNaturalist research-grade observations,28eb1a3f-1c15-4a95-931a-4af90ecb574d,6273182905
azadirachta indica,Azadirachta indica,3190474.0,3190474,18.583247,73.779069,10.761399618847264,50c9509d-22c7-4a22-a47d-8c48425ef4a7,iNaturalist research-grade observations,28eb1a3f-1c15-4a95-931a-4af90ecb574d,6273217546
mangifera indica,Mangifera indica,3190638.0,3190638,18.564089,73.823053,6.0151934002569805,50c9509d-22c7-4a22-a47d-8c48425ef4a7,iNaturalist research-grade observations,28eb1a3f-1c15-4a95-931a-4af90ecb574d,6273333006
bauhinia purpurea,Bauhinia purpurea,2953871.0,2953871,18.564351,73.822972,6.043764685096776,50c9509d-22c7-4a22-a47d-8c48425ef4a7,iNaturalist research-grade observations,28eb1a3f-1c15-4a95-931a-4af90ecb574d,6273422556
ziziphus mauritiana,Ziziphus mauritiana,3039424.0,3039424,18.583765,73.778827,10.818228374979588,50c9509d-22c7-4a22-a47d-8c48425ef4a7,iNaturalist research-grade observations,28eb1a3f-1c15-4a95-931a-4af90ecb574d,6273431791
ziziphus mauritiana,Ziziphus mauritiana,3039424.0,3039424,18.58374,73.778782,10.820019228283709,50c9509d-22c7-4a22-a47d-8c48425ef4a7,iNaturalist research-grade observations,28eb1a3f-1c15-4a95-931a-4af90ecb574d,6273465611
bauhinia purpurea,Bauhinia purpurea,2953871.0,2953871,18.564313,73.823067,6.034458579255849,50c9509d-22c7-4a22-a47d-8c48425ef4a7,iNaturalist research-grade observations,28eb1a3f-1c15-4a95-931a-4af90ecb574d,6273470662
bauhinia purpurea,Bauhinia purpurea,2953871.0,2953871,18.564359,73.82305,6.0396504290051976,50c9509d-22c7-4a22-a47d-8c48425ef4a7,iNaturalist research-grade observations,28eb1a3f-1c15-4a95-931a-4af90ecb574d,6273572954
salix tetrasperma,Salix tetrasperma,5582578.0,5582578,18.583727,73.778817,10.816277699225184,50c9509d-22c7-4a22-a47d-8c48425ef4a7,iNaturalist research-grade observations,28eb1a3f-1c15-4a95-931a-4af90ecb574d,6273697326
ziziphus mauritiana,Ziziphus mauritiana,3039424.0,3039424,18.583393,73.779071,10.771786267561737,50c9509d-22c7-4a22-a47d-8c48425ef4a7,iNaturalist research-grade observations,28eb1a3f-1c15-4a95-931a-4af90ecb574d,6273915360
azadirachta indica,Azadirachta indica,3190474.0,3190474,18.583235,73.779068,10.760613558503975,50c9509d-22c7-4a22-a47d-8c48425ef4a7,iNaturalist research-grade observations,28eb1a3f-1c15-4a95-931a-4af90ecb574d,6273921459
azadirachta indica,Azadirachta indica,3190474.0,3190474,18.583223,73.779071,10.75950689365631,50c9509d-22c7-4a22-a47d-8c48425ef4a7,iNaturalist research-grade observations,28eb1a3f-1c15-4a95-931a-4af90ecb574d,6274023801
tamarindus indica,Tamarindus indica,2975768.0,2975768,18.58375,73.77894,10.808105107203392,50c9509d-22c7-4a22-a47d-8c48425ef4a7,iNaturalist research-grade observations,28eb1a3f-1c15-4a95-931a-4af90ecb574d,6274050996
putranjiva roxburghii,Putranjiva roxburghii,3076079.0,3076079,18.564448,73.822888,6.057695827492902,50c9509d-22c7-4a22-a47d-8c48425ef4a7,iNaturalist research-grade observations,28eb1a3f-1c15-4a95-931a-4af90ecb574d,6274142863
gardenia jasminoides,Gardenia jasminoides,5335125.0,5335125,18.524609,73.878624,2.358462256844788,50c9509d-22c7-4a22-a47d-8c48425ef4a7,iNaturalist research-grade observations,28eb1a3f-1c15-4a95-931a-4af90ecb574d,6274209103
pongamia pinnata,Pongamia pinnata,2965911.0,2965911,18.56262,73.821873,5.959889722117464,50c9509d-22c7-4a22-a47d-8c48425ef4a7,iNaturalist research-grade observations,28eb1a3f-1c15-4a95-931a-4af90ecb574d,6274233377
pongamia pinnata,Pongamia pinnata,2965911.0,2965911,18.558558,73.821569,5.6320577944771335,50c9509d-22c7-4a22-a47d-8c48425ef4a7,iNaturalist research-grade observations,28eb1a3f-1c15-4a95-931a-4af90ecb574d,6274247017
phoenix sylvestris,Phoenix sylvestris,5293177.0,5293177,18.583847,73.77884,10.823128313680893,50c9509d-22c7-4a22-a47d-8c48425ef4a7,iNaturalist research-grade observations,28eb1a3f-1c15-4a95-931a-4af90ecb574d,6320181870
pyrostegia venusta,Pyrostegia venusta,3172569.0,3172569,18.460897,73.880923,7.0924181469686935,50c9509d-22c7-4a22-a47d-8c48425ef4a7,iNaturalist research-grade observations,28eb1a3f-1c15-4a95-931a-4af90ecb574d,6352902463
polyscias paniculata,Polyscias paniculata,8364104.0,8364104,18.485683,73.871745,4.173631821556166,50c9509d-22c7-4a22-a47d-8c48425ef4a7,iNaturalist research-grade observations,28eb1a3f-1c15-4a95-931a-4af90ecb574d,6414093434
nerium oleander,Nerium oleander,3169756.0,3169756,18.399958,73.768562,16.302766667756686,50c9509d-22c7-4a22-a47d-8c48425ef4a7,iNaturalist research-grade observations,28eb1a3f-1c15-4a95-931a-4af90ecb574d,6422121413
broussonetia papyrifera,Broussonetia papyrifera,5361944.0,5361944,18.561853,73.79211,8.222710502155255,50c9509d-22c7-4a22-a47d-8c48425ef4a7,iNaturalist research-grade observations,28eb1a3f-1c15-4a95-931a-4af90ecb574d,6441357941
broussonetia papyrifera,Broussonetia papyrifera,5361944.0,5361944,18.532689,73.839558,2.265762893315059,50c9509d-22c7-4a22-a47d-8c48425ef4a7,iNaturalist research-grade observations,28eb1a3f-1c15-4a95-931a-4af90ecb574d,6441544143
ipomoea aquatica,Ipomoea aquatica,2928525.0,2928525,18.585822,73.853046,7.284795333620931,50c9509d-22c7-4a22-a47d-8c48425ef4a7,iNaturalist research-grade observations,28eb1a3f-1c15-4a95-931a-4af90ecb574d,6441890443
cucumis sativus,Cucumis sativus,2874569.0,2874569,18.501098,73.853539,2.1720130615189315,50c9509d-22c7-4a22-a47d-8c48425ef4a7,iNaturalist research-grade observations,28eb1a3f-1c15-4a95-931a-4af90ecb574d,6470718695
millingtonia hortensis,Millingtonia hortensis,7629955.0,7629955,18.563138,73.823607,5.895374474611983,50c9509d-22c7-4a22-a47d-8c48425ef4a7,iNaturalist research-grade observations,28eb1a3f-1c15-4a95-931a-4af90ecb574d,6479343372
terminalia paniculata,Terminalia paniculata,3698963.0,3698963,18.379581,73.628249,28.737551094630003,50c9509d-22c7-4a22-a47d-8c48425ef4a7,iNaturalist research-grade observations,28eb1a3f-1c15-4a95-931a-4af90ecb574d,6480834513
limonia acidissima,Limonia acidissima,5421342.0,5421342,18.560613,73.809235,6.710715085791731,50c9509d-22c7-4a22-a47d-8c48425ef4a7,iNaturalist research-grade observations,28eb1a3f-1c15-4a95-931a-4af90ecb574d,6500083454
memecylon umbellatum,Memecylon umbellatum,3863519.0,3863519,18.224503,73.607437,42.124345531118365,50c9509d-22c7-4a22-a47d-8c48425ef4a7,iNaturalist research-grade observations,28eb1a3f-1c15-4a95-931a-4af90ecb574d,6518687499
erythrina stricta,Erythrina stricta,5349642.0,5349642,18.404848,73.746351,17.33642910431877,50c9509d-22c7-4a22-a47d-8c48425ef4a7,iNaturalist research-grade observations,28eb1a3f-1c15-4a95-931a-4af90ecb574d,6187988653
caesalpinia pulcherrima,Caesalpinia pulcherrima,2958715.0,2958715,18.643683,73.807786,14.645840153097966,50c9509d-22c7-4a22-a47d-8c48425ef4a7,iNaturalist research-grade observations,28eb1a3f-1c15-4a95-931a-4af90ecb574d,6187990826
mimosa pudica,Mimosa pudica,2969284.0,2969284,18.4834,73.825653,5.25783168588861,50c9509d-22c7-4a22-a47d-8c48425ef4a7,iNaturalist research-grade observations,28eb1a3f-1c15-4a95-931a-4af90ecb574d,6187991477
careya arborea,Careya arborea,3083448.0,3083448,18.446547,73.431644,45.572024228209834,50c9509d-22c7-4a22-a47d-8c48425ef4a7,iNaturalist research-grade observations,28eb1a3f-1c15-4a95-931a-4af90ecb574d,6188055388
erythrina stricta,Erythrina stricta,5349642.0,5349642,18.404848,73.746351,17.33642910431877,50c9509d-22c7-4a22-a47d-8c48425ef4a7,iNaturalist research-grade observations,28eb1a3f-1c15-4a95-931a-4af90ecb574d,6188073741
dalbergia sissoo,Dalbergia sissoo,2968532.0,2968532,18.533768,73.780932,8.125510292767656,50c9509d-22c7-4a22-a47d-8c48425ef4a7,iNaturalist research-grade observations,28eb1a3f-1c15-4a95-931a-4af90ecb574d,6188103856
saraca indica,Saraca indica,5359538.0,5359538,18.567349,73.779461,9.672478163536493,50c9509d-22c7-4a22-a47d-8c48425ef4a7,iNaturalist research-grade observations,28eb1a3f-1c15-4a95-931a-4af90ecb574d,6188134697
lagerstroemia speciosa,Lagerstroemia speciosa,3188724.0,3188724,18.514097,73.930811,7.845505470501785,50c9509d-22c7-4a22-a47d-8c48425ef4a7,iNaturalist research-grade observations,28eb1a3f-1c15-4a95-931a-4af90ecb574d,6188139666
ficus racemosa,Ficus racemosa,5361904.0,5361904,18.564332,73.78168,9.29585151376506,50c9509d-22c7-4a22-a47d-8c48425ef4a7,iNaturalist research-grade observations,28eb1a3f-1c15-4a95-931a-4af90ecb574d,6188144093
pterospermum acerifolium,Pterospermum acerifolium,3669210.0,3669210,18.557021,73.807811,6.568622954999713,50c9509d-22c7-4a22-a47d-8c48425ef4a7,iNaturalist research-grade observations,28eb1a3f-1c15-4a95-931a-4af90ecb574d,6188161969
cassia fistula,Cassia fistula,5357108.0,5357108,18.404848,73.746351,17.33642910431877,50c9509d-22c7-4a22-a47d-8c48425ef4a7,iNaturalist research-grade observations,28eb1a3f-1c15-4a95-931a-4af90ecb574d,6188162032
dalbergia sissoo,Dalbergia sissoo,2968532.0,2968532,18.404848,73.746351,17.33642910431877,50c9509d-22c7-4a22-a47d-8c48425ef4a7,iNaturalist research-grade observations,28eb1a3f-1c15-4a95-931a-4af90ecb574d,6188182829
kigelia africana,Kigelia africana,3172561.0,3172561,18.510687,73.925971,7.383310765644472,50c9509d-22c7-4a22-a47d-8c48425ef4a7,iNaturalist research-grade observations,28eb1a3f-1c15-4a95-931a-4af90ecb574d,6188197483
polyalthia longifolia,Polyalthia longifolia,3156422.0,3156422,18.502234,73.852608,2.065537011801145,50c9509d-22c7-4a22-a47d-8c48425ef4a7,iNaturalist research-grade observations,28eb1a3f-1c15-4a95-931a-4af90ecb574d,6188204461
azadirachta indica,Azadirachta indica,3190474.0,3190474,18.477548,73.847822,4.85602801297208,50c9509d-22c7-4a22-a47d-8c48425ef4a7,iNaturalist research-grade observations,28eb1a3f-1c15-4a95-931a-4af90ecb574d,6188218413
erythrina suberosa,Erythrina suberosa,5349546.0,5349546,18.404848,73.746351,17.33642910431877,50c9509d-22c7-4a22-a47d-8c48425ef4a7,iNaturalist research-grade observations,28eb1a3f-1c15-4a95-931a-4af90ecb574d,6188303615
plumeria rubra,Plumeria rubra,3169674.0,3169674,18.404848,73.746351,17.33642910431877,50c9509d-22c7-4a22-a47d-8c48425ef4a7,iNaturalist research-grade observations,28eb1a3f-1c15-4a95-931a-4af90ecb574d,6188320612
careya arborea,Careya arborea,3083448.0,3083448,18.162702,73.806505,40.12554125703715,50c9509d-22c7-4a22-a47d-8c48425ef4a7,iNaturalist research-grade observations,28eb1a3f-1c15-4a95-931a-4af90ecb574d,6188358420
calotropis gigantea,Calotropis gigantea,3579089.0,3579089,18.521059,73.821641,3.6972123156324552,50c9509d-22c7-4a22-a47d-8c48425ef4a7,iNaturalist research-grade observations,28eb1a3f-1c15-4a95-931a-4af90ecb574d,6188365207
heptapleurum arboricola,Heptapleurum arboricola,3038724.0,3038724,18.583679,73.785024,10.324760310775213,50c9509d-22c7-4a22-a47d-8c48425ef4a7,iNaturalist research-grade observations,28eb1a3f-1c15-4a95-931a-4af90ecb574d,6188410942
plumeria obtusa,Plumeria obtusa,3169677.0,3169677,18.404848,73.746351,17.33642910431877,50c9509d-22c7-4a22-a47d-8c48425ef4a7,iNaturalist research-grade observations,28eb1a3f-1c15-4a95-931a-4af90ecb574d,6188481707
mikania micrantha,Mikania micrantha,5398421.0,5398421,18.639336,73.801653,14.441801831608322,50c9509d-22c7-4a22-a47d-8c48425ef4a7,iNaturalist research-grade observations,28eb1a3f-1c15-4a95-931a-4af90ecb574d,6188505430
cocos nucifera,Cocos nucifera,2735117.0,2735117,18.655339,73.809294,15.814550694165465,50c9509d-22c7-4a22-a47d-8c48425ef4a7,iNaturalist research-grade observations,28eb1a3f-1c15-4a95-931a-4af90ecb574d,6188506932
holoptelea integrifolia,Holoptelea integrifolia,4160169.0,4160169,18.53391,73.780842,8.137735999401848,50c9509d-22c7-4a22-a47d-8c48425ef4a7,iNaturalist research-grade observations,28eb1a3f-1c15-4a95-931a-4af90ecb574d,6188518603
gliricidia sepium,Gliricidia sepium,8082978.0,8082978,18.521059,73.821641,3.6972123156324552,50c9509d-22c7-4a22-a47d-8c48425ef4a7,iNaturalist research-grade observations,28eb1a3f-1c15-4a95-931a-4af90ecb574d,6188542081
combretum albidum,Combretum albidum,7327060.0,7327060,18.404848,73.746351,17.33642910431877,50c9509d-22c7-4a22-a47d-8c48425ef4a7,iNaturalist research-grade observations,28eb1a3f-1c15-4a95-931a-4af90ecb574d,6188578868
crossandra infundibuliformis,Crossandra infundibuliformis,6359825.0,6359825,18.583667,73.785093,10.31852884373792,50c9509d-22c7-4a22-a47d-8c48425ef4a7,iNaturalist research-grade observations,28eb1a3f-1c15-4a95-931a-4af90ecb574d,6188618126
euphorbia caducifolia,Euphorbia caducifolia,3067866.0,3067866,18.542287,73.584092,28.84380908252726,50c9509d-22c7-4a22-a47d-8c48425ef4a7,iNaturalist research-grade observations,28eb1a3f-1c15-4a95-931a-4af90ecb574d,6188664497
cassia javanica,Cassia javanica,5357125.0,5357125,18.546675,73.824811,4.454110182704094,50c9509d-22c7-4a22-a47d-8c48425ef4a7,iNaturalist research-grade observations,28eb1a3f-1c15-4a95-931a-4af90ecb574d,6195231192
tecoma stans,Tecoma stans,3172492.0,3172492,18.534408,73.592884,27.85823506902047,50c9509d-22c7-4a22-a47d-8c48425ef4a7,iNaturalist research-grade observations,28eb1a3f-1c15-4a95-931a-4af90ecb574d,6195243411
tamarindus indica,Tamarindus indica,2975768.0,2975768,18.458063,73.669016,20.97099151704539,50c9509d-22c7-4a22-a47d-8c48425ef4a7,iNaturalist research-grade observations,28eb1a3f-1c15-4a95-931a-4af90ecb574d,6195243721
leucaena leucocephala,Leucaena leucocephala,2970418.0,2970418,18.581208,73.779603,10.572268923185451,50c9509d-22c7-4a22-a47d-8c48425ef4a7,iNaturalist research-grade observations,28eb1a3f-1c15-4a95-931a-4af90ecb574d,6195248195
bauhinia racemosa,Bauhinia racemosa,2953160.0,2953160,18.581717,73.779685,10.601925580284112,50c9509d-22c7-4a22-a47d-8c48425ef4a7,iNaturalist research-grade observations,28eb1a3f-1c15-4a95-931a-4af90ecb574d,6195264722
vachellia leucophloea,Vachellia leucophloea,7769517.0,7769517,18.581814,73.779526,10.621696079323907,50c9509d-22c7-4a22-a47d-8c48425ef4a7,iNaturalist research-grade observations,28eb1a3f-1c15-4a95-931a-4af90ecb574d,6195283783
heptapleurum actinophyllum,Heptapleurum actinophyllum,11008739.0,11008739,18.557161,73.807914,6.569778806437117,50c9509d-22c7-4a22-a47d-8c48425ef4a7,iNaturalist research-grade observations,28eb1a3f-1c15-4a95-931a-4af90ecb574d,6195311714
ricinus communis,Ricinus communis,5380041.0,5380041,18.562473,73.794149,8.085287832755379,50c9509d-22c7-4a22-a47d-8c48425ef4a7,iNaturalist research-grade observations,28eb1a3f-1c15-4a95-931a-4af90ecb574d,6195322409
caryota urens,Caryota urens,2738914.0,2738914,18.446511,73.428627,45.885742691380656,50c9509d-22c7-4a22-a47d-8c48425ef4a7,iNaturalist research-grade observations,28eb1a3f-1c15-4a95-931a-4af90ecb574d,6195356571
cyathocline purpurea,Cyathocline purpurea,3142265.0,3142265,18.716151,73.785195,23.03382906772501,50c9509d-22c7-4a22-a47d-8c48425ef4a7,iNaturalist research-grade observations,28eb1a3f-1c15-4a95-931a-4af90ecb574d,6195414812
mangifera indica,Mangifera indica,3190638.0,3190638,18.582264,73.779098,10.688420092202946,50c9509d-22c7-4a22-a47d-8c48425ef4a7,iNaturalist research-grade observations,28eb1a3f-1c15-4a95-931a-4af90ecb574d,6195431873
bauhinia racemosa,Bauhinia racemosa,2953160.0,2953160,18.581659,73.779601,10.604565400763319,50c9509d-22c7-4a22-a47d-8c48425ef4a7,iNaturalist research-grade observations,28eb1a3f-1c15-4a95-931a-4af90ecb574d,6195434439
samanea saman,Samanea saman,2972960.0,2972960,18.581177,73.797101,9.227422779047803,50c9509d-22c7-4a22-a47d-8c48425ef4a7,iNaturalist research-grade observations,28eb1a3f-1c15-4a95-931a-4af90ecb574d,6195469101
argemone mexicana,Argemone mexicana,2888485.0,2888485,18.564967,73.794937,8.182555841361053,50c9509d-22c7-4a22-a47d-8c48425ef4a7,iNaturalist research-grade observations,28eb1a3f-1c15-4a95-931a-4af90ecb574d,6195520072
bauhinia racemosa,Bauhinia racemosa,2953160.0,2953160,18.581714,73.779633,10.605909550023535,50c9509d-22c7-4a22-a47d-8c48425ef4a7,iNaturalist research-grade observations,28eb1a3f-1c15-4a95-931a-4af90ecb574d,6195521002
leucaena leucocephala,Leucaena leucocephala,2970418.0,2970418,18.581228,73.779604,10.573609975133378,50c9509d-22c7-4a22-a47d-8c48425ef4a7,iNaturalist research-grade observations,28eb1a3f-1c15-4a95-931a-4af90ecb574d,6195540330
vachellia leucophloea,Vachellia leucophloea,7769517.0,7769517,18.581184,73.779561,10.573967369721686,50c9509d-22c7-4a22-a47d-8c48425ef4a7,iNaturalist research-grade observations,28eb1a3f-1c15-4a95-931a-4af90ecb574d,6195548055
stephanotis volubilis,Stephanotis volubilis,12202584.0,12202584,18.716225,73.784687,23.059165175619356,50c9509d-22c7-4a22-a47d-8c48425ef4a7,iNaturalist research-grade observations,28eb1a3f-1c15-4a95-931a-4af90ecb574d,6195567932
cassia fistula,Cassia fistula,5357108.0,5357108,18.484496,73.821138,5.477294140538996,50c9509d-22c7-4a22-a47d-8c48425ef4a7,iNaturalist research-grade observations,28eb1a3f-1c15-4a95-931a-4af90ecb574d,6195620677
leucaena leucocephala,Leucaena leucocephala,2970418.0,2970418,18.581823,73.778122,10.736116616341326,50c9509d-22c7-4a22-a47d-8c48425ef4a7,iNaturalist research-grade observations,28eb1a3f-1c15-4a95-931a-4af90ecb574d,6195638328
cocculus hirsutus,Cocculus hirsutus,3829491.0,3829491,18.499864,73.799687,6.430688990490475,50c9509d-22c7-4a22-a47d-8c48425ef4a7,iNaturalist research-grade observations,28eb1a3f-1c15-4a95-931a-4af90ecb574d,6195641947
pongamia pinnata,Pongamia pinnata,2965911.0,2965911,18.58122,73.779856,10.552634651263283,50c9509d-22c7-4a22-a47d-8c48425ef4a7,iNaturalist research-grade observations,28eb1a3f-1c15-4a95-931a-4af90ecb574d,6195664530
kigelia africana,Kigelia africana,3172561.0,3172561,18.500625,73.840534,2.782209034949169,50c9509d-22c7-4a22-a47d-8c48425ef4a7,iNaturalist research-grade observations,28eb1a3f-1c15-4a95-931a-4af90ecb574d,6195665663
caryota urens,Caryota urens,2738914.0,2738914,18.446511,73.428627,45.885742691380656,50c9509d-22c7-4a22-a47d-8c48425ef4a7,iNaturalist research-grade observations,28eb1a3f-1c15-4a95-931a-4af90ecb574d,6195681600
phoenix sylvestris,Phoenix sylvestris,5293177.0,5293177,18.581759,73.779564,10.614697136635014,50c9509d-22c7-4a22-a47d-8c48425ef4a7,iNaturalist research-grade observations,28eb1a3f-1c15-4a95-931a-4af90ecb574d,6195692732
cocos nucifera,Cocos nucifera,2735117.0,2735117,18.49866,73.796936,6.749454573173549,50c9509d-22c7-4a22-a47d-8c48425ef4a7,iNaturalist research-grade observations,28eb1a3f-1c15-4a95-931a-4af90ecb574d,6195697631
pongamia pinnata,Pongamia pinnata,2965911.0,2965911,18.581088,73.779775,10.549798599993203,50c9509d-22c7-4a22-a47d-8c48425ef4a7,iNaturalist research-grade observations,28eb1a3f-1c15-4a95-931a-4af90ecb574d,6195705148
pongamia pinnata,Pongamia pinnata,2965911.0,2965911,18.58125,73.779613,10.574445468666184,50c9509d-22c7-4a22-a47d-8c48425ef4a7,iNaturalist research-grade observations,28eb1a3f-1c15-4a95-931a-4af90ecb574d,6195716590
caryota urens,Caryota urens,2738914.0,2738914,18.446511,73.428627,45.885742691380656,50c9509d-22c7-4a22-a47d-8c48425ef4a7,iNaturalist research-grade observations,28eb1a3f-1c15-4a95-931a-4af90ecb574d,6195734127
ficus religiosa,Ficus religiosa,5361935.0,5361935,18.584997,73.794042,9.7581776803568,50c9509d-22c7-4a22-a47d-8c48425ef4a7,iNaturalist research-grade observations,28eb1a3f-1c15-4a95-931a-4af90ecb574d,6195762504
mangifera indica,Mangifera indica,3190638.0,3190638,18.582702,73.778923,10.733906770857358,50c9509d-22c7-4a22-a47d-8c48425ef4a7,iNaturalist research-grade observations,28eb1a3f-1c15-4a95-931a-4af90ecb574d,6195792329
vachellia nilotica,Vachellia nilotica,3974744.0,3974744,18.578807,73.782773,10.144672073820194,50c9509d-22c7-4a22-a47d-8c48425ef4a7,iNaturalist research-grade observations,28eb1a3f-1c15-4a95-931a-4af90ecb574d,6195805685
caryota urens,Caryota urens,2738914.0,2738914,18.446511,73.428627,45.885742691380656,50c9509d-22c7-4a22-a47d-8c48425ef4a7,iNaturalist research-grade observations,28eb1a3f-1c15-4a95-931a-4af90ecb574d,6195808865
ficus racemosa,Ficus racemosa,5361904.0,5361904,18.581237,73.779608,10.57392591768231,50c9509d-22c7-4a22-a47d-8c48425ef4a7,iNaturalist research-grade observations,28eb1a3f-1c15-4a95-931a-4af90ecb574d,6195928740
delonix regia,Delonix regia,2956176.0,2956176,18.521059,73.821641,3.6972123156324552,50c9509d-22c7-4a22-a47d-8c48425ef4a7,iNaturalist research-grade observations,28eb1a3f-1c15-4a95-931a-4af90ecb574d,6195935573
leucaena leucocephala,Leucaena leucocephala,2970418.0,2970418,18.581041,73.779754,10.548159571087917,50c9509d-22c7-4a22-a47d-8c48425ef4a7,iNaturalist research-grade observations,28eb1a3f-1c15-4a95-931a-4af90ecb574d,6195941230
mimusops elengi,Mimusops elengi,2883768.0,2883768,18.481957,73.811992,6.363818371177471,50c9509d-22c7-4a22-a47d-8c48425ef4a7,iNaturalist research-grade observations,28eb1a3f-1c15-4a95-931a-4af90ecb574d,6195968923
mangifera indica,Mangifera indica,3190638.0,3190638,18.58165,73.779556,10.607559173894563,50c9509d-22c7-4a22-a47d-8c48425ef4a7,iNaturalist research-grade observations,28eb1a3f-1c15-4a95-931a-4af90ecb574d,6195986940
leucaena leucocephala,Leucaena leucocephala,2970418.0,2970418,18.58137,73.779515,10.59092106243062,50c9509d-22c7-4a22-a47d-8c48425ef4a7,iNaturalist research-grade observations,28eb1a3f-1c15-4a95-931a-4af90ecb574d,6196036329
broussonetia papyrifera,Broussonetia papyrifera,5361944.0,5361944,18.53543,73.837281,2.642891602644081,50c9509d-22c7-4a22-a47d-8c48425ef4a7,iNaturalist research-grade observations,28eb1a3f-1c15-4a95-931a-4af90ecb574d,6234165529
mitragyna parvifolia,Mitragyna parvifolia,2900484.0,2900484,18.655256,73.809306,15.805395114384034,50c9509d-22c7-4a22-a47d-8c48425ef4a7,iNaturalist research-grade observations,28eb1a3f-1c15-4a95-931a-4af90ecb574d,6234171972
tridax procumbens,Tridax procumbens,3149462.0,3149462,18.52549,73.815385,4.392653595370013,50c9509d-22c7-4a22-a47d-8c48425ef4a7,iNaturalist research-grade observations,28eb1a3f-1c15-4a95-931a-4af90ecb574d,6234176504
vachellia nilotica,Vachellia nilotica,3974744.0,3974744,18.568144,73.758454,11.638603305030603,50c9509d-22c7-4a22-a47d-8c48425ef4a7,iNaturalist research-grade observations,28eb1a3f-1c15-4a95-931a-4af90ecb574d,6234177391
chromolaena odorata,Chromolaena odorata,3087725.0,3087725,18.675306,73.745981,20.804981392810674,50c9509d-22c7-4a22-a47d-8c48425ef4a7,iNaturalist research-grade observations,28eb1a3f-1c15-4a95-931a-4af90ecb574d,6234185047
cassia fistula,Cassia fistula,5357108.0,5357108,18.60023,73.718647,17.046063774641727,50c9509d-22c7-4a22-a47d-8c48425ef4a7,iNaturalist research-grade observations,28eb1a3f-1c15-4a95-931a-4af90ecb574d,6234195344
cosmos sulphureus,Cosmos sulphureus,3098951.0,3098951,18.52549,73.815385,4.392653595370013,50c9509d-22c7-4a22-a47d-8c48425ef4a7,iNaturalist research-grade observations,28eb1a3f-1c15-4a95-931a-4af90ecb574d,6234195986
azadirachta indica,Azadirachta indica,3190474.0,3190474,18.599759,73.719476,16.94420517688048,50c9509d-22c7-4a22-a47d-8c48425ef4a7,iNaturalist research-grade observations,28eb1a3f-1c15-4a95-931a-4af90ecb574d,6234204325
terminalia catappa,Terminalia catappa,3189394.0,3189394,18.530684,73.846154,1.594985681631597,50c9509d-22c7-4a22-a47d-8c48425ef4a7,iNaturalist research-grade observations,28eb1a3f-1c15-4a95-931a-4af90ecb574d,6234207561
terminalia catappa,Terminalia catappa,3189394.0,3189394,18.598587,73.719818,16.845856016516016,50c9509d-22c7-4a22-a47d-8c48425ef4a7,iNaturalist research-grade observations,28eb1a3f-1c15-4a95-931a-4af90ecb574d,6234211727
ficus microcarpa,Ficus microcarpa,7467639.0,7467639,18.535257,73.8381,2.56414318566766,50c9509d-22c7-4a22-a47d-8c48425ef4a7,iNaturalist research-grade observations,28eb1a3f-1c15-4a95-931a-4af90ecb574d,6234213495
sterculia foetida,Sterculia foetida,5406675.0,5406675,18.56385,73.824116,5.928119571084169,50c9509d-22c7-4a22-a47d-8c48425ef4a7,iNaturalist research-grade observations,28eb1a3f-1c15-4a95-931a-4af90ecb574d,6234215416
dolichandrone falcata,Dolichandrone falcata,4091174.0,4091174,18.52728,73.818052,4.146014440329458,50c9509d-22c7-4a22-a47d-8c48425ef4a7,iNaturalist research-grade observations,28eb1a3f-1c15-4a95-931a-4af90ecb574d,6234217905
pongamia pinnata,Pongamia pinnata,2965911.0,2965911,18.562489,73.795044,8.009558323318196,50c9509d-22c7-4a22-a47d-8c48425ef4a7,iNaturalist research-grade observations,28eb1a3f-1c15-4a95-931a-4af90ecb574d,6234224784
coccinia grandis,Coccinia grandis,2874564.0,2874564,18.148816,73.848784,41.32675987457283,50c9509d-22c7-4a22-a47d-8c48425ef4a7,iNaturalist research-grade observations,28eb1a3f-1c15-4a95-931a-4af90ecb574d,6234228468
jatropha integerrima,Jatropha integerrima,3073017.0,3073017,18.406272,73.752449,16.791343249378436,50c9509d-22c7-4a22-a47d-8c48425ef4a7,iNaturalist research-grade observations,28eb1a3f-1c15-4a95-931a-4af90ecb574d,6234233122
acalypha indica,Acalypha indica,3056259.0,3056259,18.523548,73.843735,1.4110761293327123,50c9509d-22c7-4a22-a47d-8c48425ef4a7,iNaturalist research-grade observations,28eb1a3f-1c15-4a95-931a-4af90ecb574d,6234237536
calyptocarpus vialis,Calyptocarpus vialis,3091480.0,3091480,18.672648,73.746507,20.529596183426204,50c9509d-22c7-4a22-a47d-8c48425ef4a7,iNaturalist research-grade observations,28eb1a3f-1c15-4a95-931a-4af90ecb574d,6234238000
azadirachta indica,Azadirachta indica,3190474.0,3190474,18.623993,73.654277,24.24715154478919,50c9509d-22c7-4a22-a47d-8c48425ef4a7,iNaturalist research-grade observations,28eb1a3f-1c15-4a95-931a-4af90ecb574d,6234246128
polyalthia longifolia,Polyalthia longifolia,3156422.0,3156422,18.534292,73.839457,2.3856160238051305,50c9509d-22c7-4a22-a47d-8c48425ef4a7,iNaturalist research-grade observations,28eb1a3f-1c15-4a95-931a-4af90ecb574d,6234251606
portulaca oleracea,Portulaca oleracea,3084719.0,3084719,18.623993,73.654277,24.24715154478919,50c9509d-22c7-4a22-a47d-8c48425ef4a7,iNaturalist research-grade observations,28eb1a3f-1c15-4a95-931a-4af90ecb574d,6234252333
pontederia crassipes,Pontederia crassipes,2765942.0,2765942,18.624331,73.768936,14.803067515895055,50c9509d-22c7-4a22-a47d-8c48425ef4a7,iNaturalist research-grade observations,28eb1a3f-1c15-4a95-931a-4af90ecb574d,6234253893
ficus elastica,Ficus elastica,7835333.0,7835333,18.530215,73.850951,1.248403295328738,50c9509d-22c7-4a22-a47d-8c48425ef4a7,iNaturalist research-grade observations,28eb1a3f-1c15-4a95-931a-4af90ecb574d,6234265529
jatropha nana,Jatropha nana,3072834.0,3072834,18.580396,73.805829,8.559461448666651,50c9509d-22c7-4a22-a47d-8c48425ef4a7,iNaturalist research-grade observations,28eb1a3f-1c15-4a95-931a-4af90ecb574d,6234267468
albizia lebbeck,Albizia lebbeck,2973215.0,2973215,18.531967,73.813049,4.778594813501082,50c9509d-22c7-4a22-a47d-8c48425ef4a7,iNaturalist research-grade observations,28eb1a3f-1c15-4a95-931a-4af90ecb574d,6234270383
plumeria obtusa,Plumeria obtusa,3169677.0,3169677,18.598881,73.717849,17.04067974858454,50c9509d-22c7-4a22-a47d-8c48425ef4a7,iNaturalist research-grade observations,28eb1a3f-1c15-4a95-931a-4af90ecb574d,6234284443
parthenium hysterophorus,Parthenium hysterophorus,3086784.0,3086784,18.562369,73.794617,8.0383808096097,50c9509d-22c7-4a22-a47d-8c48425ef4a7,iNaturalist research-grade observations,28eb1a3f-1c15-4a95-931a-4af90ecb574d,6234299837
peltophorum pterocarpum,Peltophorum pterocarpum,2952775.0,2952775,18.531121,73.847807,1.5166673785720364,50c9509d-22c7-4a22-a47d-8c48425ef4a7,iNaturalist research-grade observations,28eb1a3f-1c15-4a95-931a-4af90ecb574d,6234300325
cassia fistula,Cassia fistula,5357108.0,5357108,18.600479,73.718422,17.080724660238214,50c9509d-22c7-4a22-a47d-8c48425ef4a7,iNaturalist research-grade observations,28eb1a3f-1c15-4a95-931a-4af90ecb574d,6234305259
calotropis gigantea,Calotropis gigantea,3579089.0,3579089,18.5625,73.794322,8.07215999251653,50c9509d-22c7-4a22-a47d-8c48425ef4a7,iNaturalist research-grade observations,28eb1a3f-1c15-4a95-931a-4af90ecb574d,6234305869
cocos nucifera,Cocos nucifera,2735117.0,2735117,18.533887,73.839885,2.322075458239849,50c9509d-22c7-4a22-a47d-8c48425ef4a7,iNaturalist research-grade observations,28eb1a3f-1c15-4a95-931a-4af90ecb574d,6234309480
cassia fistula,Cassia fistula,5357108.0,5357108,18.410512,73.773423,15.048234273396737,50c9509d-22c7-4a22-a47d-8c48425ef4a7,iNaturalist research-grade observations,28eb1a3f-1c15-4a95-931a-4af90ecb574d,6234317009
cocos nucifera,Cocos nucifera,2735117.0,2735117,18.532934,73.841834,2.097395667046543,50c9509d-22c7-4a22-a47d-8c48425ef4a7,iNaturalist research-grade observations,28eb1a3f-1c15-4a95-931a-4af90ecb574d,6234317802
syzygium cumini,Syzygium cumini,3183840.0,3183840,18.599701,73.717957,17.0777727175286,50c9509d-22c7-4a22-a47d-8c48425ef4a7,iNaturalist research-grade observations,28eb1a3f-1c15-4a95-931a-4af90ecb574d,6234322867
dolichandrone falcata,Dolichandrone falcata,4091174.0,4091174,18.626814,73.650031,24.789912469014087,50c9509d-22c7-4a22-a47d-8c48425ef4a7,iNaturalist research-grade observations,28eb1a3f-1c15-4a95-931a-4af90ecb574d,6234324106
lagerstroemia speciosa,Lagerstroemia speciosa,3188724.0,3188724,18.13997,73.846992,42.31435360320465,50c9509d-22c7-4a22-a47d-8c48425ef4a7,iNaturalist research-grade observations,28eb1a3f-1c15-4a95-931a-4af90ecb574d,6234335161
broussonetia papyrifera,Broussonetia papyrifera,5361944.0,5361944,18.546675,73.824811,4.454110182704094,50c9509d-22c7-4a22-a47d-8c48425ef4a7,iNaturalist research-grade observations,28eb1a3f-1c15-4a95-931a-4af90ecb574d,6234335420
ficus religiosa,Ficus religiosa,5361935.0,5361935,18.535612,73.83794,2.6025471100576847,50c9509d-22c7-4a22-a47d-8c48425ef4a7,iNaturalist research-grade observations,28eb1a3f-1c15-4a95-931a-4af90ecb574d,6234343254
peltophorum pterocarpum,Peltophorum pterocarpum,2952775.0,2952775,18.53033,73.847908,1.4416856769439734,50c9509d-22c7-4a22-a47d-8c48425ef4a7,iNaturalist research-grade observations,28eb1a3f-1c15-4a95-931a-4af90ecb574d,6234355909
ficus benghalensis,Ficus benghalensis,5361919.0,5361919,18.536617,73.836193,2.8153696436842566,50c9509d-22c7-4a22-a47d-8c48425ef4a7,iNaturalist research-grade observations,28eb1a3f-1c15-4a95-931a-4af90ecb574d,6234361461
vachellia nilotica,Vachellia nilotica,3974744.0,3974744,18.726151,73.666562,30.411199304026628,50c9509d-22c7-4a22-a47d-8c48425ef4a7,iNaturalist research-grade observations,28eb1a3f-1c15-4a95-931a-4af90ecb574d,6234364732
ecbolium ligustrinum,Ecbolium ligustrinum,5576253.0,5576253,18.530767,73.831456,2.90047023383779,50c9509d-22c7-4a22-a47d-8c48425ef4a7,iNaturalist research-grade observations,28eb1a3f-1c15-4a95-931a-4af90ecb574d,6234366930
diospyros melanoxylon,Diospyros melanoxylon,7715874.0,7715874,18.673633,73.746593,20.614886045221542,50c9509d-22c7-4a22-a47d-8c48425ef4a7,iNaturalist research-grade observations,28eb1a3f-1c15-4a95-931a-4af90ecb574d,6234369275
soymida febrifuga,Soymida febrifuga,3850622.0,3850622,18.408077,73.749708,16.83256175500066,50c9509d-22c7-4a22-a47d-8c48425ef4a7,iNaturalist research-grade observations,28eb1a3f-1c15-4a95-931a-4af90ecb574d,6234370901
cassia fistula,Cassia fistula,5357108.0,5357108,18.60054,73.718588,17.069332479401464,50c9509d-22c7-4a22-a47d-8c48425ef4a7,iNaturalist research-grade observations,28eb1a3f-1c15-4a95-931a-4af90ecb574d,6234384306
nerium oleander,Nerium oleander,3169756.0,3169756,18.568075,73.758813,11.601430421488681,50c9509d-22c7-4a22-a47d-8c48425ef4a7,iNaturalist research-grade observations,28eb1a3f-1c15-4a95-931a-4af90ecb574d,6234388309
combretum albidum,Combretum albidum,7327060.0,7327060,18.568552,73.824899,6.317236469586828,50c9509d-22c7-4a22-a47d-8c48425ef4a7,iNaturalist research-grade observations,28eb1a3f-1c15-4a95-931a-4af90ecb574d,6234390261
alternanthera ficoidea,Alternanthera ficoidea,8160803.0,8160803,18.481915,73.810608,6.475760420534803,50c9509d-22c7-4a22-a47d-8c48425ef4a7,iNaturalist research-grade observations,28eb1a3f-1c15-4a95-931a-4af90ecb574d,6234393364
ficus religiosa,Ficus religiosa,5361935.0,5361935,18.535171,73.838588,2.518765962162181,50c9509d-22c7-4a22-a47d-8c48425ef4a7,iNaturalist research-grade observations,28eb1a3f-1c15-4a95-931a-4af90ecb574d,6234400769
cassia fistula,Cassia fistula,5357108.0,5357108,18.13972,73.847537,42.34079112678103,50c9509d-22c7-4a22-a47d-8c48425ef4a7,iNaturalist research-grade observations,28eb1a3f-1c15-4a95-931a-4af90ecb574d,6234400798
ricinus communis,Ricinus communis,5380041.0,5380041,18.535863,73.884003,3.353013471389553,50c9509d-22c7-4a22-a47d-8c48425ef4a7,iNaturalist research-grade observations,28eb1a3f-1c15-4a95-931a-4af90ecb574d,6234410925
syzygium cumini,Syzygium cumini,3183840.0,3183840,18.59949,73.719578,16.91947029678413,50c9509d-22c7-4a22-a47d-8c48425ef4a7,iNaturalist research-grade observations,28eb1a3f-1c15-4a95-931a-4af90ecb574d,6234411409
delonix regia,Delonix regia,2956176.0,2956176,18.534876,73.838268,2.523390654482964,50c9509d-22c7-4a22-a47d-8c48425ef4a7,iNaturalist research-grade observations,28eb1a3f-1c15-4a95-931a-4af90ecb574d,6234415380
mangifera indica,Mangifera indica,3190638.0,3190638,18.56684,73.824882,6.157703175599564,50c9509d-22c7-4a22-a47d-8c48425ef4a7,iNaturalist research-grade observations,28eb1a3f-1c15-4a95-931a-4af90ecb574d,6234419028
wrightia tinctoria,Wrightia tinctoria,5536686.0,5536686,18.511485,73.775992,8.56732302906703,50c9509d-22c7-4a22-a47d-8c48425ef4a7,iNaturalist research-grade observations,28eb1a3f-1c15-4a95-931a-4af90ecb574d,6234419399
solanum torvum,Solanum torvum,2932389.0,2932389,18.562578,73.794369,8.07315819680142,50c9509d-22c7-4a22-a47d-8c48425ef4a7,iNaturalist research-grade observations,28eb1a3f-1c15-4a95-931a-4af90ecb574d,6234423860
pongamia pinnata,Pongamia pinnata,2965911.0,2965911,18.536125,73.78251,8.015018045765135,50c9509d-22c7-4a22-a47d-8c48425ef4a7,iNaturalist research-grade observations,28eb1a3f-1c15-4a95-931a-4af90ecb574d,6234424606
plumbago zeylanica,Plumbago zeylanica,3082282.0,3082282,18.562873,73.79368,8.151347011163532,50c9509d-22c7-4a22-a47d-8c48425ef4a7,iNaturalist research-grade observations,28eb1a3f-1c15-4a95-931a-4af90ecb574d,6234425103
acalypha wilkesiana,Acalypha wilkesiana,3057221.0,3057221,18.59983,73.719703,16.927897616019543,50c9509d-22c7-4a22-a47d-8c48425ef4a7,iNaturalist research-grade observations,28eb1a3f-1c15-4a95-931a-4af90ecb574d,6234436837
canna indica,Canna indica,8034409.0,8034409,18.598458,73.717586,17.040507681821488,50c9509d-22c7-4a22-a47d-8c48425ef4a7,iNaturalist research-grade observations,28eb1a3f-1c15-4a95-931a-4af90ecb574d,6234439473
carica papaya,Carica papaya,2874484.0,2874484,18.595505,73.790413,10.888975989101596,50c9509d-22c7-4a22-a47d-8c48425ef4a7,iNaturalist research-grade observations,28eb1a3f-1c15-4a95-931a-4af90ecb574d,6234440520
hamelia patens,Hamelia patens,2902066.0,2902066,18.599465,73.717288,17.124725740699052,50c9509d-22c7-4a22-a47d-8c48425ef4a7,iNaturalist research-grade observations,28eb1a3f-1c15-4a95-931a-4af90ecb574d,6234449615
carica papaya,Carica papaya,2874484.0,2874484,18.148618,73.848871,41.34858747336984,50c9509d-22c7-4a22-a47d-8c48425ef4a7,iNaturalist research-grade observations,28eb1a3f-1c15-4a95-931a-4af90ecb574d,6234451690
pithecellobium dulce,Pithecellobium dulce,2962831.0,2962831,18.531153,73.845224,1.701067403147858,50c9509d-22c7-4a22-a47d-8c48425ef4a7,iNaturalist research-grade observations,28eb1a3f-1c15-4a95-931a-4af90ecb574d,6234454664
ficus religiosa,Ficus religiosa,5361935.0,5361935,18.600576,73.718979,17.036285726217514,50c9509d-22c7-4a22-a47d-8c48425ef4a7,iNaturalist research-grade observations,28eb1a3f-1c15-4a95-931a-4af90ecb574d,6234460330
wrightia tinctoria,Wrightia tinctoria,5536686.0,5536686,18.095731,73.758072,48.35532913047422,50c9509d-22c7-4a22-a47d-8c48425ef4a7,iNaturalist research-grade observations,28eb1a3f-1c15-4a95-931a-4af90ecb574d,6234466302
delonix regia,Delonix regia,2956176.0,2956176,18.521059,73.821641,3.6972123156324552,50c9509d-22c7-4a22-a47d-8c48425ef4a7,iNaturalist research-grade observations,28eb1a3f-1c15-4a95-931a-4af90ecb574d,6234467710
ricinus communis,Ricinus communis,5380041.0,5380041,18.555828,73.907167,6.6201811848277945,50c9509d-22c7-4a22-a47d-8c48425ef4a7,iNaturalist research-grade observations,28eb1a3f-1c15-4a95-931a-4af90ecb574d,6234467892
delonix regia,Delonix regia,2956176.0,2956176,18.598924,73.718184,17.012810145776136,50c9509d-22c7-4a22-a47d-8c48425ef4a7,iNaturalist research-grade observations,28eb1a3f-1c15-4a95-931a-4af90ecb574d,6234474515
grevillea robusta,Grevillea robusta,2891791.0,2891791,18.531521,73.845235,1.7292629740563927,50c9509d-22c7-4a22-a47d-8c48425ef4a7,iNaturalist research-grade observations,28eb1a3f-1c15-4a95-931a-4af90ecb574d,6234475923
crotalaria pallida,Crotalaria pallida,8260433.0,8260433,18.626812,73.650034,24.789528566758698,50c9509d-22c7-4a22-a47d-8c48425ef4a7,iNaturalist research-grade observations,28eb1a3f-1c15-4a95-931a-4af90ecb574d,6234480619
parthenium hysterophorus,Parthenium hysterophorus,3086784.0,3086784,18.725969,73.671623,30.047144657702493,50c9509d-22c7-4a22-a47d-8c48425ef4a7,iNaturalist research-grade observations,28eb1a3f-1c15-4a95-931a-4af90ecb574d,6234515610
broussonetia papyrifera,Broussonetia papyrifera,5361944.0,5361944,18.556979,73.807811,6.565729290265247,50c9509d-22c7-4a22-a47d-8c48425ef4a7,iNaturalist research-grade observations,28eb1a3f-1c15-4a95-931a-4af90ecb574d,6234518439
mimosa pudica,Mimosa pudica,2969284.0,2969284,18.148782,73.848507,41.33114113346426,50c9509d-22c7-4a22-a47d-8c48425ef4a7,iNaturalist research-grade observations,28eb1a3f-1c15-4a95-931a-4af90ecb574d,6234528095
muntingia calabura,Muntingia calabura,3152036.0,3152036,18.530438,73.82866,3.1600390279444803,50c9509d-22c7-4a22-a47d-8c48425ef4a7,iNaturalist research-grade observations,28eb1a3f-1c15-4a95-931a-4af90ecb574d,6234528329
ficus religiosa,Ficus religiosa,5361935.0,5361935,18.576908,73.781655,10.102858907925956,50c9509d-22c7-4a22-a47d-8c48425ef4a7,iNaturalist research-grade observations,28eb1a3f-1c15-4a95-931a-4af90ecb574d,6234529524
ficus benghalensis,Ficus benghalensis,5361919.0,5361919,18.493334,73.83295,3.9152655768929128,50c9509d-22c7-4a22-a47d-8c48425ef4a7,iNaturalist research-grade observations,28eb1a3f-1c15-4a95-931a-4af90ecb574d,6234535903
delonix regia,Delonix regia,2956176.0,2956176,18.53485,73.882842,3.190352472396389,50c9509d-22c7-4a22-a47d-8c48425ef4a7,iNaturalist research-grade observations,28eb1a3f-1c15-4a95-931a-4af90ecb574d,6234564526
ficus benghalensis,Ficus benghalensis,5361919.0,5361919,18.463974,73.868416,6.394779921945276,50c9509d-22c7-4a22-a47d-8c48425ef4a7,iNaturalist research-grade observations,28eb1a3f-1c15-4a95-931a-4af90ecb574d,6234565313
phyla nodiflora,Phyla nodiflora,5341112.0,5341112,18.620089,73.655093,23.967881400381035,50c9509d-22c7-4a22-a47d-8c48425ef4a7,iNaturalist research-grade observations,28eb1a3f-1c15-4a95-931a-4af90ecb574d,6234568638
azadirachta indica,Azadirachta indica,3190474.0,3190474,18.600303,73.718807,17.0358968302221,50c9509d-22c7-4a22-a47d-8c48425ef4a7,iNaturalist research-grade observations,28eb1a3f-1c15-4a95-931a-4af90ecb574d,6234568927
verbascum coromandelianum,Verbascum coromandelianum,7333197.0,7333197,18.531559,73.827396,3.329461687465111,50c9509d-22c7-4a22-a47d-8c48425ef4a7,iNaturalist research-grade observations,28eb1a3f-1c15-4a95-931a-4af90ecb574d,6234574496
capparis grandis,Capparis grandis,7552967.0,7552967,18.52549,73.815385,4.392653595370013,50c9509d-22c7-4a22-a47d-8c48425ef4a7,iNaturalist research-grade observations,28eb1a3f-1c15-4a95-931a-4af90ecb574d,6234580097
gmelina arborea,Gmelina arborea,8247889.0,8247889,18.554642,73.789114,8.078823292646844,50c9509d-22c7-4a22-a47d-8c48425ef4a7,iNaturalist research-grade observations,28eb1a3f-1c15-4a95-931a-4af90ecb574d,6234584047
capparis grandis,Capparis grandis,7552967.0,7552967,18.52549,73.815385,4.392653595370013,50c9509d-22c7-4a22-a47d-8c48425ef4a7,iNaturalist research-grade observations,28eb1a3f-1c15-4a95-931a-4af90ecb574d,6234585610
ipomoea carnea,Ipomoea carnea,2928590.0,2928590,18.721846,73.667595,29.980440025461256,50c9509d-22c7-4a22-a47d-8c48425ef4a7,iNaturalist research-grade observations,28eb1a3f-1c15-4a95-931a-4af90ecb574d,6234590821
pongamia pinnata,Pongamia pinnata,2965911.0,2965911,18.563406,73.793925,8.164870597239744,50c9509d-22c7-4a22-a47d-8c48425ef4a7,iNaturalist research-grade observations,28eb1a3f-1c15-4a95-931a-4af90ecb574d,6234595377
passiflora foetida,Passiflora foetida,2874211.0,2874211,18.56329,73.793938,8.156212735105706,50c9509d-22c7-4a22-a47d-8c48425ef4a7,iNaturalist research-grade observations,28eb1a3f-1c15-4a95-931a-4af90ecb574d,6234603839
cassia fistula,Cassia fistula,5357108.0,5357108,18.495619,73.801206,6.467849309536243,50c9509d-22c7-4a22-a47d-8c48425ef4a7,iNaturalist research-grade observations,28eb1a3f-1c15-4a95-931a-4af90ecb574d,6234607562
dolichandrone falcata,Dolichandrone falcata,4091174.0,4091174,18.623993,73.654277,24.24715154478919,50c9509d-22c7-4a22-a47d-8c48425ef4a7,iNaturalist research-grade observations,28eb1a3f-1c15-4a95-931a-4af90ecb574d,6234609649
polyalthia longifolia,Polyalthia longifolia,3156422.0,3156422,18.534428,73.839191,2.4167883534391,50c9509d-22c7-4a22-a47d-8c48425ef4a7,iNaturalist research-grade observations,28eb1a3f-1c15-4a95-931a-4af90ecb574d,6234610342
ipomoea cairica,Ipomoea cairica,2928531.0,2928531,18.527343,73.829416,2.9784627218778637,50c9509d-22c7-4a22-a47d-8c48425ef4a7,iNaturalist research-grade observations,28eb1a3f-1c15-4a95-931a-4af90ecb574d,6234611074
asparagus racemosus,Asparagus racemosus,2768632.0,2768632,18.59918,73.71947,16.91132719168579,50c9509d-22c7-4a22-a47d-8c48425ef4a7,iNaturalist research-grade observations,28eb1a3f-1c15-4a95-931a-4af90ecb574d,6234619827
butea monosperma,Butea monosperma,8234570.0,8234570,18.530674,73.814339,4.6100494355546635,50c9509d-22c7-4a22-a47d-8c48425ef4a7,iNaturalist research-grade observations,28eb1a3f-1c15-4a95-931a-4af90ecb574d,6234621060
holoptelea integrifolia,Holoptelea integrifolia,4160169.0,4160169,18.535299,73.83797,2.5776395864543966,50c9509d-22c7-4a22-a47d-8c48425ef4a7,iNaturalist research-grade observations,28eb1a3f-1c15-4a95-931a-4af90ecb574d,6234622541
lannea coromandelica,Lannea coromandelica,3661151.0,3661151,18.529347,73.816667,4.3364847208365775,50c9509d-22c7-4a22-a47d-8c48425ef4a7,iNaturalist research-grade observations,28eb1a3f-1c15-4a95-931a-4af90ecb574d,6234624762
capparis grandis,Capparis grandis,7552967.0,7552967,18.52964,73.815642,4.4491479650185495,50c9509d-22c7-4a22-a47d-8c48425ef4a7,iNaturalist research-grade observations,28eb1a3f-1c15-4a95-931a-4af90ecb574d,6234637350
ficus religiosa,Ficus religiosa,5361935.0,5361935,18.593277,73.800713,10.024921947146616,50c9509d-22c7-4a22-a47d-8c48425ef4a7,iNaturalist research-grade observations,28eb1a3f-1c15-4a95-931a-4af90ecb574d,6234644615
senegalia catechu,Senegalia catechu,3796190.0,3796190,18.635251,73.665978,23.815879194347477,50c9509d-22c7-4a22-a47d-8c48425ef4a7,iNaturalist research-grade observations,28eb1a3f-1c15-4a95-931a-4af90ecb574d,6234648647
prosopis juliflora,Prosopis juliflora,5358460.0,5358460,18.562873,73.79368,8.151347011163532,50c9509d-22c7-4a22-a47d-8c48425ef4a7,iNaturalist research-grade observations,28eb1a3f-1c15-4a95-931a-4af90ecb574d,6234650075
dypsis lutescens,Dypsis lutescens,2735935.0,2735935,18.538008,73.88562,3.6235678407570684,50c9509d-22c7-4a22-a47d-8c48425ef4a7,iNaturalist research-grade observations,28eb1a3f-1c15-4a95-931a-4af90ecb574d,6234653190
plumbago auriculata,Plumbago auriculata,3082283.0,3082283,18.53611,73.782495,8.016198131895035,50c9509d-22c7-4a22-a47d-8c48425ef4a7,iNaturalist research-grade observations,28eb1a3f-1c15-4a95-931a-4af90ecb574d,6234665262
ipomoea carnea,Ipomoea carnea,2928590.0,2928590,18.623993,73.654277,24.24715154478919,50c9509d-22c7-4a22-a47d-8c48425ef4a7,iNaturalist research-grade observations,28eb1a3f-1c15-4a95-931a-4af90ecb574d,6234667744
caryota urens,Caryota urens,2738914.0,2738914,18.596828,73.71938,16.78561430328248,50c9509d-22c7-4a22-a47d-8c48425ef4a7,iNaturalist research-grade observations,28eb1a3f-1c15-4a95-931a-4af90ecb574d,6234670954
argemone mexicana,Argemone mexicana,2888485.0,2888485,18.565158,73.795503,8.148106828238914,50c9509d-22c7-4a22-a47d-8c48425ef4a7,iNaturalist research-grade observations,28eb1a3f-1c15-4a95-931a-4af90ecb574d,6234675670
ehretia laevis,Ehretia laevis,4066496.0,4066496,18.675309,73.745927,20.808449800893392,50c9509d-22c7-4a22-a47d-8c48425ef4a7,iNaturalist research-grade observations,28eb1a3f-1c15-4a95-931a-4af90ecb574d,6234679881
mitragyna parvifolia,Mitragyna parvifolia,2900484.0,2900484,18.564372,73.795883,8.063139741150113,50c9509d-22c7-4a22-a47d-8c48425ef4a7,iNaturalist research-grade observations,28eb1a3f-1c15-4a95-931a-4af90ecb574d,6234683277
azadirachta indica,Azadirachta indica,3190474.0,3190474,18.563172,73.913995,7.687921447450224,50c9509d-22c7-4a22-a47d-8c48425ef4a7,iNaturalist research-grade observations,28eb1a3f-1c15-4a95-931a-4af90ecb574d,6234696536
polyalthia longifolia,Polyalthia longifolia,3156422.0,3156422,18.535213,73.837873,2.579366091763255,50c9509d-22c7-4a22-a47d-8c48425ef4a7,iNaturalist research-grade observations,28eb1a3f-1c15-4a95-931a-4af90ecb574d,6234701052
chromolaena odorata,Chromolaena odorata,3087725.0,3087725,18.593338,73.800743,10.028544610517814,50c9509d-22c7-4a22-a47d-8c48425ef4a7,iNaturalist research-grade observations,28eb1a3f-1c15-4a95-931a-4af90ecb574d,6234704886
broussonetia papyrifera,Broussonetia papyrifera,5361944.0,5361944,18.529995,73.851951,1.1785648681748757,50c9509d-22c7-4a22-a47d-8c48425ef4a7,iNaturalist research-grade observations,28eb1a3f-1c15-4a95-931a-4af90ecb574d,6234705322
peltophorum pterocarpum,Peltophorum pterocarpum,2952775.0,2952775,18.534922,73.882758,3.1867533025039303,50c9509d-22c7-4a22-a47d-8c48425ef4a7,iNaturalist research-grade observations,28eb1a3f-1c15-4a95-931a-4af90ecb574d,6234706357
lagerstroemia speciosa,Lagerstroemia speciosa,3188724.0,3188724,18.548899,73.829893,4.246130409684501,50c9509d-22c7-4a22-a47d-8c48425ef4a7,iNaturalist research-grade observations,28eb1a3f-1c15-4a95-931a-4af90ecb574d,6234711059
flueggea leucopyrus,Flueggea leucopyrus,5382877.0,5382877,18.64703,73.811583,14.86190494718139,50c9509d-22c7-4a22-a47d-8c48425ef4a7,iNaturalist research-grade observations,28eb1a3f-1c15-4a95-931a-4af90ecb574d,6234713799
clitoria ternatea,Clitoria ternatea,2946519.0,2946519,18.145819,73.842984,41.676717200089044,50c9509d-22c7-4a22-a47d-8c48425ef4a7,iNaturalist research-grade observations,28eb1a3f-1c15-4a95-931a-4af90ecb574d,6234716880
syzygium cumini,Syzygium cumini,3183840.0,3183840,18.601053,73.719412,17.025270152454254,50c9509d-22c7-4a22-a47d-8c48425ef4a7,iNaturalist research-grade observations,28eb1a3f-1c15-4a95-931a-4af90ecb574d,6234722323
grevillea robusta,Grevillea robusta,2891791.0,2891791,18.52994,73.851513,1.1934739422364187,50c9509d-22c7-4a22-a47d-8c48425ef4a7,iNaturalist research-grade observations,28eb1a3f-1c15-4a95-931a-4af90ecb574d,6234723343
mangifera indica,Mangifera indica,3190638.0,3190638,18.530581,73.850863,1.2885389384911212,50c9509d-22c7-4a22-a47d-8c48425ef4a7,iNaturalist research-grade observations,28eb1a3f-1c15-4a95-931a-4af90ecb574d,6234723926
euphorbia hirta,Euphorbia hirta,3068937.0,3068937,18.578465,73.781573,10.218107061136859,50c9509d-22c7-4a22-a47d-8c48425ef4a7,iNaturalist research-grade observations,28eb1a3f-1c15-4a95-931a-4af90ecb574d,6234743060
ficus religiosa,Ficus religiosa,5361935.0,5361935,18.533957,73.839626,2.347979401775263,50c9509d-22c7-4a22-a47d-8c48425ef4a7,iNaturalist research-grade observations,28eb1a3f-1c15-4a95-931a-4af90ecb574d,6234748877
delonix regia,Delonix regia,2956176.0,2956176,18.501954,73.816634,4.696234545266059,50c9509d-22c7-4a22-a47d-8c48425ef4a7,iNaturalist research-grade observations,28eb1a3f-1c15-4a95-931a-4af90ecb574d,6234754385
murraya koenigii,Murraya koenigii,5421333.0,5421333,18.145819,73.842984,41.676717200089044,50c9509d-22c7-4a22-a47d-8c48425ef4a7,iNaturalist research-grade observations,28eb1a3f-1c15-4a95-931a-4af90ecb574d,6234758857
crossandra infundibuliformis,Crossandra infundibuliformis,6359825.0,6359825,18.59846,73.719517,16.865773539160024,50c9509d-22c7-4a22-a47d-8c48425ef4a7,iNaturalist research-grade observations,28eb1a3f-1c15-4a95-931a-4af90ecb574d,6234763628
cassia fistula,Cassia fistula,5357108.0,5357108,18.499171,73.606517,26.485422415828946,50c9509d-22c7-4a22-a47d-8c48425ef4a7,iNaturalist research-grade observations,28eb1a3f-1c15-4a95-931a-4af90ecb574d,6234766472
phyllanthus reticulatus,Phyllanthus reticulatus,5382478.0,5382478,18.481915,73.810608,6.475760420534803,50c9509d-22c7-4a22-a47d-8c48425ef4a7,iNaturalist research-grade observations,28eb1a3f-1c15-4a95-931a-4af90ecb574d,6234768291
tecoma stans,Tecoma stans,3172492.0,3172492,18.568675,73.757675,11.738613562429837,50c9509d-22c7-4a22-a47d-8c48425ef4a7,iNaturalist research-grade observations,28eb1a3f-1c15-4a95-931a-4af90ecb574d,6234780850
saraca asoca,Saraca asoca,7458904.0,7458904,18.430385,73.69855,19.451948133409648,50c9509d-22c7-4a22-a47d-8c48425ef4a7,iNaturalist research-grade observations,28eb1a3f-1c15-4a95-931a-4af90ecb574d,6234780864
delonix regia,Delonix regia,2956176.0,2956176,18.559842,73.914672,7.522442291326682,50c9509d-22c7-4a22-a47d-8c48425ef4a7,iNaturalist research-grade observations,28eb1a3f-1c15-4a95-931a-4af90ecb574d,6234781831
oxalis corniculata,Oxalis corniculata,8427624.0,8427624,18.523533,73.843697,1.4145461477270074,50c9509d-22c7-4a22-a47d-8c48425ef4a7,iNaturalist research-grade observations,28eb1a3f-1c15-4a95-931a-4af90ecb574d,6234787200
artocarpus heterophyllus,Artocarpus heterophyllus,2984565.0,2984565,18.60077,73.717768,17.15641488604034,50c9509d-22c7-4a22-a47d-8c48425ef4a7,iNaturalist research-grade observations,28eb1a3f-1c15-4a95-931a-4af90ecb574d,6234790907
psidium guajava,Psidium guajava,5420380.0,5420380,18.145819,73.842984,41.676717200089044,50c9509d-22c7-4a22-a47d-8c48425ef4a7,iNaturalist research-grade observations,28eb1a3f-1c15-4a95-931a-4af90ecb574d,6234798863
lannea coromandelica,Lannea coromandelica,3661151.0,3661151,18.675083,73.746085,20.77830965679013,50c9509d-22c7-4a22-a47d-8c48425ef4a7,iNaturalist research-grade observations,28eb1a3f-1c15-4a95-931a-4af90ecb574d,6234799675
borassus flabellifer,Borassus flabellifer,2733934.0,2733934,18.623993,73.654277,24.24715154478919,50c9509d-22c7-4a22-a47d-8c48425ef4a7,iNaturalist research-grade observations,28eb1a3f-1c15-4a95-931a-4af90ecb574d,6234803910
ficus benjamina,Ficus benjamina,5361932.0,5361932,18.535467,73.838018,2.585827935944897,50c9509d-22c7-4a22-a47d-8c48425ef4a7,iNaturalist research-grade observations,28eb1a3f-1c15-4a95-931a-4af90ecb574d,6234808170
ficus racemosa,Ficus racemosa,5361904.0,5361904,18.530532,73.849908,1.3349512003081405,50c9509d-22c7-4a22-a47d-8c48425ef4a7,iNaturalist research-grade observations,28eb1a3f-1c15-4a95-931a-4af90ecb574d,6234809473
alstonia scholaris,Alstonia scholaris,5414410.0,5414410,18.543203,73.825242,4.174802993436313,50c9509d-22c7-4a22-a47d-8c48425ef4a7,iNaturalist research-grade observations,28eb1a3f-1c15-4a95-931a-4af90ecb574d,6234811076
cascabela thevetia,Cascabela thevetia,3169652.0,3169652,18.598439,73.718764,16.932683537959313,50c9509d-22c7-4a22-a47d-8c48425ef4a7,iNaturalist research-grade observations,28eb1a3f-1c15-4a95-931a-4af90ecb574d,6234818440
mangifera indica,Mangifera indica,3190638.0,3190638,18.598305,73.719012,16.90260409783072,50c9509d-22c7-4a22-a47d-8c48425ef4a7,iNaturalist research-grade observations,28eb1a3f-1c15-4a95-931a-4af90ecb574d,6234823125
muntingia calabura,Muntingia calabura,3152036.0,3152036,18.397418,73.983967,19.162270593983536,50c9509d-22c7-4a22-a47d-8c48425ef4a7,iNaturalist research-grade observations,28eb1a3f-1c15-4a95-931a-4af90ecb574d,6234840567
cyperus alternifolius,Cyperus alternifolius,2714156.0,2714156,18.564356,73.827193,5.793620825613562,50c9509d-22c7-4a22-a47d-8c48425ef4a7,iNaturalist research-grade observations,28eb1a3f-1c15-4a95-931a-4af90ecb574d,6234841402
bauhinia racemosa,Bauhinia racemosa,2953160.0,2953160,18.600337,73.717298,17.173772437209095,50c9509d-22c7-4a22-a47d-8c48425ef4a7,iNaturalist research-grade observations,28eb1a3f-1c15-4a95-931a-4af90ecb574d,6234843364
lagerstroemia speciosa,Lagerstroemia speciosa,3188724.0,3188724,18.518788,73.823776,3.4760275663090736,50c9509d-22c7-4a22-a47d-8c48425ef4a7,iNaturalist research-grade observations,28eb1a3f-1c15-4a95-931a-4af90ecb574d,6234843575
chromolaena odorata,Chromolaena odorata,3087725.0,3087725,18.726381,73.672386,30.02993542405771,50c9509d-22c7-4a22-a47d-8c48425ef4a7,iNaturalist research-grade observations,28eb1a3f-1c15-4a95-931a-4af90ecb574d,6234851717
solanum lycopersicum,Solanum lycopersicum,2930137.0,2930137,18.536176,73.782706,7.996093545494867,50c9509d-22c7-4a22-a47d-8c48425ef4a7,iNaturalist research-grade observations,28eb1a3f-1c15-4a95-931a-4af90ecb574d,6234856624
croton bonplandianus,Croton bonplandianus,3058543.0,3058543,18.563829,73.793359,8.240776927382914,50c9509d-22c7-4a22-a47d-8c48425ef4a7,iNaturalist research-grade observations,28eb1a3f-1c15-4a95-931a-4af90ecb574d,6234857395
asparagus racemosus,Asparagus racemosus,2768632.0,2768632,18.599231,73.719493,16.912190095197083,50c9509d-22c7-4a22-a47d-8c48425ef4a7,iNaturalist research-grade observations,28eb1a3f-1c15-4a95-931a-4af90ecb574d,6234865546
azadirachta indica,Azadirachta indica,3190474.0,3190474,18.527741,73.816959,4.268827671520606,50c9509d-22c7-4a22-a47d-8c48425ef4a7,iNaturalist research-grade observations,28eb1a3f-1c15-4a95-931a-4af90ecb574d,6234866484
peltophorum pterocarpum,Peltophorum pterocarpum,2952775.0,2952775,18.513811,73.739792,12.348345435283704,50c9509d-22c7-4a22-a47d-8c48425ef4a7,iNaturalist research-grade observations,28eb1a3f-1c15-4a95-931a-4af90ecb574d,6234876715
calotropis procera,Calotropis procera,5414566.0,5414566,18.526601,73.81651,4.293143944949071,50c9509d-22c7-4a22-a47d-8c48425ef4a7,iNaturalist research-grade observations,28eb1a3f-1c15-4a95-931a-4af90ecb574d,6234883628
bauhinia racemosa,Bauhinia racemosa,2953160.0,2953160,18.675745,73.745889,20.85083423566248,50c9509d-22c7-4a22-a47d-8c48425ef4a7,iNaturalist research-grade observations,28eb1a3f-1c15-4a95-931a-4af90ecb574d,6234885981
polyalthia longifolia,Polyalthia longifolia,3156422.0,3156422,18.59895,73.717467,17.07919860168625,50c9509d-22c7-4a22-a47d-8c48425ef4a7,iNaturalist research-grade observations,28eb1a3f-1c15-4a95-931a-4af90ecb574d,6234887759
oxalis corniculata,Oxalis corniculata,8427624.0,8427624,18.535433,73.883278,3.2628755163700847,50c9509d-22c7-4a22-a47d-8c48425ef4a7,iNaturalist research-grade observations,28eb1a3f-1c15-4a95-931a-4af90ecb574d,6234888102
broussonetia papyrifera,Broussonetia papyrifera,5361944.0,5361944,18.530042,73.851735,1.1931129204930142,50c9509d-22c7-4a22-a47d-8c48425ef4a7,iNaturalist research-grade observations,28eb1a3f-1c15-4a95-931a-4af90ecb574d,6234891432
bougainvillea glabra,Bougainvillea glabra,5384862.0,5384862,18.54335,73.82512,4.194950931750525,50c9509d-22c7-4a22-a47d-8c48425ef4a7,iNaturalist research-grade observations,28eb1a3f-1c15-4a95-931a-4af90ecb574d,6234895615
cassia javanica,Cassia javanica,5357125.0,5357125,18.598439,73.718764,16.932683537959313,50c9509d-22c7-4a22-a47d-8c48425ef4a7,iNaturalist research-grade observations,28eb1a3f-1c15-4a95-931a-4af90ecb574d,6234897807
cassia fistula,Cassia fistula,5357108.0,5357108,18.600218,73.718669,17.04338955293073,50c9509d-22c7-4a22-a47d-8c48425ef4a7,iNaturalist research-grade observations,28eb1a3f-1c15-4a95-931a-4af90ecb574d,6234900790
dendrophthoe falcata,Dendrophthoe falcata,7595217.0,7595217,18.52549,73.815385,4.392653595370013,50c9509d-22c7-4a22-a47d-8c48425ef4a7,iNaturalist research-grade observations,28eb1a3f-1c15-4a95-931a-4af90ecb574d,6234903824
millingtonia hortensis,Millingtonia hortensis,7629955.0,7629955,18.535432,73.837848,2.597000054429499,50c9509d-22c7-4a22-a47d-8c48425ef4a7,iNaturalist research-grade observations,28eb1a3f-1c15-4a95-931a-4af90ecb574d,6234905531
celastrus paniculatus,Celastrus paniculatus,7265565.0,7265565,18.52549,73.815385,4.392653595370013,50c9509d-22c7-4a22-a47d-8c48425ef4a7,iNaturalist research-grade observations,28eb1a3f-1c15-4a95-931a-4af90ecb574d,6234906403
magnolia champaca,Magnolia champaca,3153099.0,3153099,18.509671,73.780757,8.095789019894436,50c9509d-22c7-4a22-a47d-8c48425ef4a7,iNaturalist research-grade observations,28eb1a3f-1c15-4a95-931a-4af90ecb574d,6234910000
duranta erecta,Duranta erecta,2925655.0,2925655,18.597678,73.719223,16.84786644000756,50c9509d-22c7-4a22-a47d-8c48425ef4a7,iNaturalist research-grade observations,28eb1a3f-1c15-4a95-931a-4af90ecb574d,6234910311
pistia stratiotes,Pistia stratiotes,2870583.0,2870583,18.624338,73.768936,14.803675067783116,50c9509d-22c7-4a22-a47d-8c48425ef4a7,iNaturalist research-grade observations,28eb1a3f-1c15-4a95-931a-4af90ecb574d,6234931079
mitragyna parvifolia,Mitragyna parvifolia,2900484.0,2900484,18.599897,73.718292,17.05881708676736,50c9509d-22c7-4a22-a47d-8c48425ef4a7,iNaturalist research-grade observations,28eb1a3f-1c15-4a95-931a-4af90ecb574d,6234934535
portulaca grandiflora,Portulaca grandiflora,3084700.0,3084700,18.524609,73.878624,2.358462256844788,50c9509d-22c7-4a22-a47d-8c48425ef4a7,iNaturalist research-grade observations,28eb1a3f-1c15-4a95-931a-4af90ecb574d,6234939005
tridax procumbens,Tridax procumbens,3149462.0,3149462,18.593353,73.800743,10.029893401547465,50c9509d-22c7-4a22-a47d-8c48425ef4a7,iNaturalist research-grade observations,28eb1a3f-1c15-4a95-931a-4af90ecb574d,6234967893
tridax procumbens,Tridax procumbens,3149462.0,3149462,18.593294,73.80072,10.026015531679167,50c9509d-22c7-4a22-a47d-8c48425ef4a7,iNaturalist research-grade observations,28eb1a3f-1c15-4a95-931a-4af90ecb574d,6234969024
persicaria glabra,Persicaria glabra,6391450.0,6391450,18.622692,73.655093,24.102968152983465,50c9509d-22c7-4a22-a47d-8c48425ef4a7,iNaturalist research-grade observations,28eb1a3f-1c15-4a95-931a-4af90ecb574d,6234971511
alstonia scholaris,Alstonia scholaris,5414410.0,5414410,18.530747,73.84992,1.354519719551332,50c9509d-22c7-4a22-a47d-8c48425ef4a7,iNaturalist research-grade observations,28eb1a3f-1c15-4a95-931a-4af90ecb574d,6234975945
combretum indicum,Combretum indicum,12203608.0,12203608,18.597958,73.71863,16.91750456731955,50c9509d-22c7-4a22-a47d-8c48425ef4a7,iNaturalist research-grade observations,28eb1a3f-1c15-4a95-931a-4af90ecb574d,6234985679
samanea saman,Samanea saman,2972960.0,2972960,18.535436,73.837916,2.5918040173126724,50c9509d-22c7-4a22-a47d-8c48425ef4a7,iNaturalist research-grade observations,28eb1a3f-1c15-4a95-931a-4af90ecb574d,6234995306
ficus racemosa,Ficus racemosa,5361904.0,5361904,18.530018,73.851542,1.1998005407450867,50c9509d-22c7-4a22-a47d-8c48425ef4a7,iNaturalist research-grade observations,28eb1a3f-1c15-4a95-931a-4af90ecb574d,6235000074
ficus benghalensis,Ficus benghalensis,5361919.0,5361919,18.530776,73.846489,1.5780312447592983,50c9509d-22c7-4a22-a47d-8c48425ef4a7,iNaturalist research-grade observations,28eb1a3f-1c15-4a95-931a-4af90ecb574d,6235000893
synedrella nodiflora,Synedrella nodiflora,5404991.0,5404991,18.527185,73.829529,2.962435745276577,50c9509d-22c7-4a22-a47d-8c48425ef4a7,iNaturalist research-grade observations,28eb1a3f-1c15-4a95-931a-4af90ecb574d,6235003779
vachellia leucophloea,Vachellia leucophloea,7769517.0,7769517,18.635304,73.664114,23.985078815617108,50c9509d-22c7-4a22-a47d-8c48425ef4a7,iNaturalist research-grade observations,28eb1a3f-1c15-4a95-931a-4af90ecb574d,6235016723
broussonetia papyrifera,Broussonetia papyrifera,5361944.0,5361944,18.530198,73.847089,1.4878857930299116,50c9509d-22c7-4a22-a47d-8c48425ef4a7,iNaturalist research-grade observations,28eb1a3f-1c15-4a95-931a-4af90ecb574d,6235028862
lantana camara,Lantana camara,2925303.0,2925303,18.599812,73.719568,16.938996480522665,50c9509d-22c7-4a22-a47d-8c48425ef4a7,iNaturalist research-grade observations,28eb1a3f-1c15-4a95-931a-4af90ecb574d,6235037453
portulaca oleracea,Portulaca oleracea,3084719.0,3084719,18.622692,73.655093,24.102968152983465,50c9509d-22c7-4a22-a47d-8c48425ef4a7,iNaturalist research-grade observations,28eb1a3f-1c15-4a95-931a-4af90ecb574d,6235041987
asclepias curassavica,Asclepias curassavica,3170241.0,3170241,18.563406,73.793925,8.164870597239744,50c9509d-22c7-4a22-a47d-8c48425ef4a7,iNaturalist research-grade observations,28eb1a3f-1c15-4a95-931a-4af90ecb574d,6235047784
ipomoea triloba,Ipomoea triloba,2928547.0,2928547,18.536155,73.782553,8.011321887809023,50c9509d-22c7-4a22-a47d-8c48425ef4a7,iNaturalist research-grade observations,28eb1a3f-1c15-4a95-931a-4af90ecb574d,6235048562
bougainvillea spectabilis,Bougainvillea spectabilis,7167078.0,7167078,18.534304,73.839473,2.385195396703369,50c9509d-22c7-4a22-a47d-8c48425ef4a7,iNaturalist research-grade observations,28eb1a3f-1c15-4a95-931a-4af90ecb574d,6235063388
solanum torvum,Solanum torvum,2932389.0,2932389,18.562637,73.794312,8.08185984647823,50c9509d-22c7-4a22-a47d-8c48425ef4a7,iNaturalist research-grade observations,28eb1a3f-1c15-4a95-931a-4af90ecb574d,6235064497
bridelia retusa,Bridelia retusa,3076196.0,3076196,18.635189,73.66388,23.999157906621903,50c9509d-22c7-4a22-a47d-8c48425ef4a7,iNaturalist research-grade observations,28eb1a3f-1c15-4a95-931a-4af90ecb574d,6235070924
plumbago auriculata,Plumbago auriculata,3082283.0,3082283,18.583686,73.785089,10.320277489862791,50c9509d-22c7-4a22-a47d-8c48425ef4a7,iNaturalist research-grade observations,28eb1a3f-1c15-4a95-931a-4af90ecb574d,6235093031
cardiospermum halicacabum,Cardiospermum halicacabum,3189939.0,3189939,18.567144,73.824917,6.184076736912403,50c9509d-22c7-4a22-a47d-8c48425ef4a7,iNaturalist research-grade observations,28eb1a3f-1c15-4a95-931a-4af90ecb574d,6235098972
ficus benghalensis,Ficus benghalensis,5361919.0,5361919,18.530385,73.848436,1.4113443281350961,50c9509d-22c7-4a22-a47d-8c48425ef4a7,iNaturalist research-grade observations,28eb1a3f-1c15-4a95-931a-4af90ecb574d,6235101816
wrightia tinctoria,Wrightia tinctoria,5536686.0,5536686,18.598439,73.718764,16.932683537959313,50c9509d-22c7-4a22-a47d-8c48425ef4a7,iNaturalist research-grade observations,28eb1a3f-1c15-4a95-931a-4af90ecb574d,6235110037
grewia tiliifolia,Grewia tiliifolia,4259991.0,4259991,18.52549,73.815385,4.392653595370013,50c9509d-22c7-4a22-a47d-8c48425ef4a7,iNaturalist research-grade observations,28eb1a3f-1c15-4a95-931a-4af90ecb574d,6235112682
ficus auriculata,Ficus auriculata,5571773.0,5571773,18.599358,73.72072,16.809079326813105,50c9509d-22c7-4a22-a47d-8c48425ef4a7,iNaturalist research-grade observations,28eb1a3f-1c15-4a95-931a-4af90ecb574d,6235113656
ipomoea obscura,Ipomoea obscura,2928565.0,2928565,18.564115,73.82932,5.6533208363652525,50c9509d-22c7-4a22-a47d-8c48425ef4a7,iNaturalist research-grade observations,28eb1a3f-1c15-4a95-931a-4af90ecb574d,6235114772
argemone mexicana,Argemone mexicana,2888485.0,2888485,18.622692,73.655093,24.102968152983465,50c9509d-22c7-4a22-a47d-8c48425ef4a7,iNaturalist research-grade observations,28eb1a3f-1c15-4a95-931a-4af90ecb574d,6235120952
euphorbia hypericifolia,Euphorbia hypericifolia,3066321.0,3066321,18.548564,73.806061,6.189491455737482,50c9509d-22c7-4a22-a47d-8c48425ef4a7,iNaturalist research-grade observations,28eb1a3f-1c15-4a95-931a-4af90ecb574d,6235125186
chromolaena odorata,Chromolaena odorata,3087725.0,3087725,18.595558,73.79044,10.891670430581389,50c9509d-22c7-4a22-a47d-8c48425ef4a7,iNaturalist research-grade observations,28eb1a3f-1c15-4a95-931a-4af90ecb574d,6235140194
ricinus communis,Ricinus communis,5380041.0,5380041,18.482578,73.816116,6.0001148601276055,50c9509d-22c7-4a22-a47d-8c48425ef4a7,iNaturalist research-grade observations,28eb1a3f-1c15-4a95-931a-4af90ecb574d,6235142085
plumbago zeylanica,Plumbago zeylanica,3082282.0,3082282,18.562644,73.794092,8.101197196288648,50c9509d-22c7-4a22-a47d-8c48425ef4a7,iNaturalist research-grade observations,28eb1a3f-1c15-4a95-931a-4af90ecb574d,6235151844
broussonetia papyrifera,Broussonetia papyrifera,5361944.0,5361944,18.531179,73.845146,1.708953007784598,50c9509d-22c7-4a22-a47d-8c48425ef4a7,iNaturalist research-grade observations,28eb1a3f-1c15-4a95-931a-4af90ecb574d,6235155962
polyalthia longifolia,Polyalthia longifolia,3156422.0,3156422,18.534401,73.839239,2.4109854057437095,50c9509d-22c7-4a22-a47d-8c48425ef4a7,iNaturalist research-grade observations,28eb1a3f-1c15-4a95-931a-4af90ecb574d,6235158765
ipomoea hederifolia,Ipomoea hederifolia,2928624.0,2928624,18.599178,73.718295,17.01728096266035,50c9509d-22c7-4a22-a47d-8c48425ef4a7,iNaturalist research-grade observations,28eb1a3f-1c15-4a95-931a-4af90ecb574d,6235159411
oxalis corniculata,Oxalis corniculata,8427624.0,8427624,18.593288,73.80072,10.02547623169379,50c9509d-22c7-4a22-a47d-8c48425ef4a7,iNaturalist research-grade observations,28eb1a3f-1c15-4a95-931a-4af90ecb574d,6235163778
cascabela thevetia,Cascabela thevetia,3169652.0,3169652,18.6003,73.718512,17.062263356785998,50c9509d-22c7-4a22-a47d-8c48425ef4a7,iNaturalist research-grade observations,28eb1a3f-1c15-4a95-931a-4af90ecb574d,6235164556
tabebuia heterophylla,Tabebuia heterophylla,3172526.0,3172526,18.529722,73.849176,1.305279019215801,50c9509d-22c7-4a22-a47d-8c48425ef4a7,iNaturalist research-grade observations,28eb1a3f-1c15-4a95-931a-4af90ecb574d,6235173916
pongamia pinnata,Pongamia pinnata,2965911.0,2965911,18.562873,73.79368,8.151347011163532,50c9509d-22c7-4a22-a47d-8c48425ef4a7,iNaturalist research-grade observations,28eb1a3f-1c15-4a95-931a-4af90ecb574d,6235190748
diospyros melanoxylon,Diospyros melanoxylon,7715874.0,7715874,18.673633,73.746593,20.614886045221542,50c9509d-22c7-4a22-a47d-8c48425ef4a7,iNaturalist research-grade observations,28eb1a3f-1c15-4a95-931a-4af90ecb574d,6235194488
cassia fistula,Cassia fistula,5357108.0,5357108,18.473044,73.75489,11.957800987024575,50c9509d-22c7-4a22-a47d-8c48425ef4a7,iNaturalist research-grade observations,28eb1a3f-1c15-4a95-931a-4af90ecb574d,6235195687
syzygium cumini,Syzygium cumini,3183840.0,3183840,18.533713,73.840186,2.285358743359658,50c9509d-22c7-4a22-a47d-8c48425ef4a7,iNaturalist research-grade observations,28eb1a3f-1c15-4a95-931a-4af90ecb574d,6235201012
samanea saman,Samanea saman,2972960.0,2972960,18.531158,73.846793,1.5880852955702254,50c9509d-22c7-4a22-a47d-8c48425ef4a7,iNaturalist research-grade observations,28eb1a3f-1c15-4a95-931a-4af90ecb574d,6235206925
tamarindus indica,Tamarindus indica,2975768.0,2975768,18.563168,73.795464,8.018205339477708,50c9509d-22c7-4a22-a47d-8c48425ef4a7,iNaturalist research-grade observations,28eb1a3f-1c15-4a95-931a-4af90ecb574d,6235209240
passiflora l.,Passiflora L.,,2874172,18.406183,73.752456,16.798342545115744,50c9509d-22c7-4a22-a47d-8c48425ef4a7,iNaturalist research-grade observations,28eb1a3f-1c15-4a95-931a-4af90ecb574d,6235212602
asclepias curassavica,Asclepias curassavica,3170241.0,3170241,18.563404,73.796387,7.955813031125678,50c9509d-22c7-4a22-a47d-8c48425ef4a7,iNaturalist research-grade observations,28eb1a3f-1c15-4a95-931a-4af90ecb574d,6235213056
erythrina suberosa,Erythrina suberosa,5349546.0,5349546,18.675003,73.746081,20.77118473735363,50c9509d-22c7-4a22-a47d-8c48425ef4a7,iNaturalist research-grade observations,28eb1a3f-1c15-4a95-931a-4af90ecb574d,6235213347
combretum indicum,Combretum indicum,12203608.0,12203608,18.630141,73.650903,24.88827954720004,50c9509d-22c7-4a22-a47d-8c48425ef4a7,iNaturalist research-grade observations,28eb1a3f-1c15-4a95-931a-4af90ecb574d,6235217276
portulaca oleracea,Portulaca oleracea,3084719.0,3084719,18.62603,73.649608,24.787717473323816,50c9509d-22c7-4a22-a47d-8c48425ef4a7,iNaturalist research-grade observations,28eb1a3f-1c15-4a95-931a-4af90ecb574d,6235219038
terminalia catappa,Terminalia catappa,3189394.0,3189394,18.600201,73.718422,17.064640275855467,50c9509d-22c7-4a22-a47d-8c48425ef4a7,iNaturalist research-grade observations,28eb1a3f-1c15-4a95-931a-4af90ecb574d,6235220980
ficus benghalensis,Ficus benghalensis,5361919.0,5361919,18.600203,73.717077,17.18601646764038,50c9509d-22c7-4a22-a47d-8c48425ef4a7,iNaturalist research-grade observations,28eb1a3f-1c15-4a95-931a-4af90ecb574d,6235224785
ipomoea cairica,Ipomoea cairica,2928531.0,2928531,18.565082,73.826983,5.873660334037039,50c9509d-22c7-4a22-a47d-8c48425ef4a7,iNaturalist research-grade observations,28eb1a3f-1c15-4a95-931a-4af90ecb574d,6235225319
euphorbia hirta,Euphorbia hirta,3068937.0,3068937,18.593262,73.800705,10.024070451942748,50c9509d-22c7-4a22-a47d-8c48425ef4a7,iNaturalist research-grade observations,28eb1a3f-1c15-4a95-931a-4af90ecb574d,6235227711
tabernaemontana divaricata,Tabernaemontana divaricata,3169625.0,3169625,18.597946,73.718448,16.93333341544539,50c9509d-22c7-4a22-a47d-8c48425ef4a7,iNaturalist research-grade observations,28eb1a3f-1c15-4a95-931a-4af90ecb574d,6235230399
anacardium occidentale,Anacardium occidentale,5421368.0,5421368,18.212961,73.709473,37.550754322812935,50c9509d-22c7-4a22-a47d-8c48425ef4a7,iNaturalist research-grade observations,28eb1a3f-1c15-4a95-931a-4af90ecb574d,6235235920
calotropis procera,Calotropis procera,5414566.0,5414566,18.521059,73.821641,3.6972123156324552,50c9509d-22c7-4a22-a47d-8c48425ef4a7,iNaturalist research-grade observations,28eb1a3f-1c15-4a95-931a-4af90ecb574d,6235243692
sesamum indicum,Sesamum indicum,3172622.0,3172622,18.726151,73.666562,30.411199304026628,50c9509d-22c7-4a22-a47d-8c48425ef4a7,iNaturalist research-grade observations,28eb1a3f-1c15-4a95-931a-4af90ecb574d,6235245029
lantana camara,Lantana camara,2925303.0,2925303,18.528908,73.813358,4.666609615318683,50c9509d-22c7-4a22-a47d-8c48425ef4a7,iNaturalist research-grade observations,28eb1a3f-1c15-4a95-931a-4af90ecb574d,6235258372
peltophorum pterocarpum,Peltophorum pterocarpum,2952775.0,2952775,18.530078,73.847789,1.4285594023792783,50c9509d-22c7-4a22-a47d-8c48425ef4a7,iNaturalist research-grade observations,28eb1a3f-1c15-4a95-931a-4af90ecb574d,6235259285
grewia tiliifolia,Grewia tiliifolia,4259991.0,4259991,18.499989,73.658905,20.979155219905294,50c9509d-22c7-4a22-a47d-8c48425ef4a7,iNaturalist research-grade observations,28eb1a3f-1c15-4a95-931a-4af90ecb574d,6235261340
cissus woodrowii,Cissus woodrowii,4053505.0,4053505,18.548201,73.813416,5.511840446148306,50c9509d-22c7-4a22-a47d-8c48425ef4a7,iNaturalist research-grade observations,28eb1a3f-1c15-4a95-931a-4af90ecb574d,6235262278
ficus religiosa,Ficus religiosa,5361935.0,5361935,18.534289,73.839396,2.3903051514260674,50c9509d-22c7-4a22-a47d-8c48425ef4a7,iNaturalist research-grade observations,28eb1a3f-1c15-4a95-931a-4af90ecb574d,6235268120
mangifera indica,Mangifera indica,3190638.0,3190638,18.530162,73.850042,1.2926909441129253,50c9509d-22c7-4a22-a47d-8c48425ef4a7,iNaturalist research-grade observations,28eb1a3f-1c15-4a95-931a-4af90ecb574d,6235272167
ficus racemosa,Ficus racemosa,5361904.0,5361904,18.535933,73.883858,3.3439113690914293,50c9509d-22c7-4a22-a47d-8c48425ef4a7,iNaturalist research-grade observations,28eb1a3f-1c15-4a95-931a-4af90ecb574d,6235276128
pongamia pinnata,Pongamia pinnata,2965911.0,2965911,18.563406,73.793925,8.164870597239744,50c9509d-22c7-4a22-a47d-8c48425ef4a7,iNaturalist research-grade observations,28eb1a3f-1c15-4a95-931a-4af90ecb574d,6235289962
butea monosperma,Butea monosperma,8234570.0,8234570,18.600203,73.717077,17.18601646764038,50c9509d-22c7-4a22-a47d-8c48425ef4a7,iNaturalist research-grade observations,28eb1a3f-1c15-4a95-931a-4af90ecb574d,6235294048
lantana camara,Lantana camara,2925303.0,2925303,18.726151,73.666562,30.411199304026628,50c9509d-22c7-4a22-a47d-8c48425ef4a7,iNaturalist research-grade observations,28eb1a3f-1c15-4a95-931a-4af90ecb574d,6235300966
cassia fistula,Cassia fistula,5357108.0,5357108,18.598439,73.718764,16.932683537959313,50c9509d-22c7-4a22-a47d-8c48425ef4a7,iNaturalist research-grade observations,28eb1a3f-1c15-4a95-931a-4af90ecb574d,6235306163
mangifera indica,Mangifera indica,3190638.0,3190638,18.535383,73.837545,2.6180598206422525,50c9509d-22c7-4a22-a47d-8c48425ef4a7,iNaturalist research-grade observations,28eb1a3f-1c15-4a95-931a-4af90ecb574d,6235307022
glycosmis pentaphylla,Glycosmis pentaphylla,8241662.0,8241662,18.563433,73.796303,7.964828704118073,50c9509d-22c7-4a22-a47d-8c48425ef4a7,iNaturalist research-grade observations,28eb1a3f-1c15-4a95-931a-4af90ecb574d,6235309783
cosmos sulphureus,Cosmos sulphureus,3098951.0,3098951,18.52964,73.815642,4.4491479650185495,50c9509d-22c7-4a22-a47d-8c48425ef4a7,iNaturalist research-grade observations,28eb1a3f-1c15-4a95-931a-4af90ecb574d,6235310321
azadirachta indica,Azadirachta indica,3190474.0,3190474,18.529705,73.852218,1.1374747037350443,50c9509d-22c7-4a22-a47d-8c48425ef4a7,iNaturalist research-grade observations,28eb1a3f-1c15-4a95-931a-4af90ecb574d,6235311871
bombax ceiba,Bombax ceiba,3152226.0,3152226,18.476705,73.727263,14.48809132703317,50c9509d-22c7-4a22-a47d-8c48425ef4a7,iNaturalist research-grade observations,28eb1a3f-1c15-4a95-931a-4af90ecb574d,6235315223
euphorbia hirta,Euphorbia hirta,3068937.0,3068937,18.593256,73.800728,10.022103726843879,50c9509d-22c7-4a22-a47d-8c48425ef4a7,iNaturalist research-grade observations,28eb1a3f-1c15-4a95-931a-4af90ecb574d,6235327233
erythrina suberosa,Erythrina suberosa,5349546.0,5349546,18.366277,73.755878,20.169440911772238,50c9509d-22c7-4a22-a47d-8c48425ef4a7,iNaturalist research-grade observations,28eb1a3f-1c15-4a95-931a-4af90ecb574d,6235327423
dolichandrone falcata,Dolichandrone falcata,4091174.0,4091174,18.71684,73.78587,23.083139062907083,50c9509d-22c7-4a22-a47d-8c48425ef4a7,iNaturalist research-grade observations,28eb1a3f-1c15-4a95-931a-4af90ecb574d,6235337432
portulaca oleracea,Portulaca oleracea,3084719.0,3084719,18.515536,73.927217,7.454806739326102,50c9509d-22c7-4a22-a47d-8c48425ef4a7,iNaturalist research-grade observations,28eb1a3f-1c15-4a95-931a-4af90ecb574d,6235339304
calotropis gigantea,Calotropis gigantea,3579089.0,3579089,18.562705,73.794638,8.058325909474451,50c9509d-22c7-4a22-a47d-8c48425ef4a7,iNaturalist research-grade observations,28eb1a3f-1c15-4a95-931a-4af90ecb574d,6235354280
verbascum coromandelianum,Verbascum coromandelianum,7333197.0,7333197,18.52549,73.815385,4.392653595370013,50c9509d-22c7-4a22-a47d-8c48425ef4a7,iNaturalist research-grade observations,28eb1a3f-1c15-4a95-931a-4af90ecb574d,6235356902
broussonetia papyrifera,Broussonetia papyrifera,5361944.0,5361944,18.529756,73.849079,1.3145096578850013,50c9509d-22c7-4a22-a47d-8c48425ef4a7,iNaturalist research-grade observations,28eb1a3f-1c15-4a95-931a-4af90ecb574d,6235361950
ruellia tuberosa,Ruellia tuberosa,5415418.0,5415418,18.555588,73.821908,5.363155418657803,50c9509d-22c7-4a22-a47d-8c48425ef4a7,iNaturalist research-grade observations,28eb1a3f-1c15-4a95-931a-4af90ecb574d,6235371718
ficus benghalensis,Ficus benghalensis,5361919.0,5361919,18.564401,73.827229,5.795807221605164,50c9509d-22c7-4a22-a47d-8c48425ef4a7,iNaturalist research-grade observations,28eb1a3f-1c15-4a95-931a-4af90ecb574d,6235385897
mangifera indica,Mangifera indica,3190638.0,3190638,18.566857,73.824828,6.162390519731038,50c9509d-22c7-4a22-a47d-8c48425ef4a7,iNaturalist research-grade observations,28eb1a3f-1c15-4a95-931a-4af90ecb574d,6235385975
calotropis gigantea,Calotropis gigantea,3579089.0,3579089,18.724655,73.669609,30.07487536336169,50c9509d-22c7-4a22-a47d-8c48425ef4a7,iNaturalist research-grade observations,28eb1a3f-1c15-4a95-931a-4af90ecb574d,6235402862
annona reticulata,Annona reticulata,5407123.0,5407123,18.563869,73.7966,7.9691259924263855,50c9509d-22c7-4a22-a47d-8c48425ef4a7,iNaturalist research-grade observations,28eb1a3f-1c15-4a95-931a-4af90ecb574d,6235405029
ixora coccinea,Ixora coccinea,8793122.0,8793122,18.599885,73.719337,16.964006120884854,50c9509d-22c7-4a22-a47d-8c48425ef4a7,iNaturalist research-grade observations,28eb1a3f-1c15-4a95-931a-4af90ecb574d,6235410640
tridax procumbens,Tridax procumbens,3149462.0,3149462,18.593342,73.800735,10.02940030709908,50c9509d-22c7-4a22-a47d-8c48425ef4a7,iNaturalist research-grade observations,28eb1a3f-1c15-4a95-931a-4af90ecb574d,6235413629
mangifera indica,Mangifera indica,3190638.0,3190638,18.529729,73.8492,1.3043616455843854,50c9509d-22c7-4a22-a47d-8c48425ef4a7,iNaturalist research-grade observations,28eb1a3f-1c15-4a95-931a-4af90ecb574d,6235417433
terminalia catappa,Terminalia catappa,3189394.0,3189394,18.529725,73.849158,1.3066979628134614,50c9509d-22c7-4a22-a47d-8c48425ef4a7,iNaturalist research-grade observations,28eb1a3f-1c15-4a95-931a-4af90ecb574d,6235430748
eragrostis tenella,Eragrostis tenella,2705426.0,2705426,18.515296,73.925936,7.322128599812501,50c9509d-22c7-4a22-a47d-8c48425ef4a7,iNaturalist research-grade observations,28eb1a3f-1c15-4a95-931a-4af90ecb574d,6235434510
mangifera indica,Mangifera indica,3190638.0,3190638,18.598251,73.719185,16.8838699825976,50c9509d-22c7-4a22-a47d-8c48425ef4a7,iNaturalist research-grade observations,28eb1a3f-1c15-4a95-931a-4af90ecb574d,6235440550
calotropis gigantea,Calotropis gigantea,3579089.0,3579089,18.562725,73.794425,8.07786370197145,50c9509d-22c7-4a22-a47d-8c48425ef4a7,iNaturalist research-grade observations,28eb1a3f-1c15-4a95-931a-4af90ecb574d,6235441668
withania somnifera,Withania somnifera,2928840.0,2928840,18.483099,73.81752,5.854243233876021,50c9509d-22c7-4a22-a47d-8c48425ef4a7,iNaturalist research-grade observations,28eb1a3f-1c15-4a95-931a-4af90ecb574d,6235444000
mecardonia procumbens,Mecardonia procumbens,3172014.0,3172014,18.534517,73.593021,27.844485295095417,50c9509d-22c7-4a22-a47d-8c48425ef4a7,iNaturalist research-grade observations,28eb1a3f-1c15-4a95-931a-4af90ecb574d,6235452593
cascabela thevetia,Cascabela thevetia,3169652.0,3169652,18.552034,73.787303,8.117956569073582,50c9509d-22c7-4a22-a47d-8c48425ef4a7,iNaturalist research-grade observations,28eb1a3f-1c15-4a95-931a-4af90ecb574d,6235453918
ficus religiosa,Ficus religiosa,5361935.0,5361935,18.52549,73.815385,4.392653595370013,50c9509d-22c7-4a22-a47d-8c48425ef4a7,iNaturalist research-grade observations,28eb1a3f-1c15-4a95-931a-4af90ecb574d,6235454796
chloris virgata,Chloris virgata,5289624.0,5289624,18.726151,73.666562,30.411199304026628,50c9509d-22c7-4a22-a47d-8c48425ef4a7,iNaturalist research-grade observations,28eb1a3f-1c15-4a95-931a-4af90ecb574d,6235457699
piper nigrum,Piper nigrum,3086357.0,3086357,18.446511,73.428627,45.885742691380656,50c9509d-22c7-4a22-a47d-8c48425ef4a7,iNaturalist research-grade observations,28eb1a3f-1c15-4a95-931a-4af90ecb574d,6235459799
terminalia arjuna,Terminalia arjuna,3699548.0,3699548,18.548908,73.83003,4.237279146459922,50c9509d-22c7-4a22-a47d-8c48425ef4a7,iNaturalist research-grade observations,28eb1a3f-1c15-4a95-931a-4af90ecb574d,6235461359
grewia tiliifolia,Grewia tiliifolia,4259991.0,4259991,18.635247,73.665924,23.820445281690112,50c9509d-22c7-4a22-a47d-8c48425ef4a7,iNaturalist research-grade observations,28eb1a3f-1c15-4a95-931a-4af90ecb574d,6235461830
butea monosperma,Butea monosperma,8234570.0,8234570,18.528914,73.815792,4.415762073466564,50c9509d-22c7-4a22-a47d-8c48425ef4a7,iNaturalist research-grade observations,28eb1a3f-1c15-4a95-931a-4af90ecb574d,6235467384
holoptelea integrifolia,Holoptelea integrifolia,4160169.0,4160169,18.535446,73.837757,2.605349634665108,50c9509d-22c7-4a22-a47d-8c48425ef4a7,iNaturalist research-grade observations,28eb1a3f-1c15-4a95-931a-4af90ecb574d,6235474501
tridax procumbens,Tridax procumbens,3149462.0,3149462,18.650791,73.750469,18.31868139114172,50c9509d-22c7-4a22-a47d-8c48425ef4a7,iNaturalist research-grade observations,28eb1a3f-1c15-4a95-931a-4af90ecb574d,6235489657
woodfordia fruticosa,Woodfordia fruticosa,5635525.0,5635525,18.095664,73.753263,48.47443388283889,50c9509d-22c7-4a22-a47d-8c48425ef4a7,iNaturalist research-grade observations,28eb1a3f-1c15-4a95-931a-4af90ecb574d,6235492543
lannea coromandelica,Lannea coromandelica,3661151.0,3661151,18.529212,73.816483,4.3519666008241895,50c9509d-22c7-4a22-a47d-8c48425ef4a7,iNaturalist research-grade observations,28eb1a3f-1c15-4a95-931a-4af90ecb574d,6235494332
jacaranda mimosifolia,Jacaranda mimosifolia,3172499.0,3172499,18.599298,73.720227,16.84994443775915,50c9509d-22c7-4a22-a47d-8c48425ef4a7,iNaturalist research-grade observations,28eb1a3f-1c15-4a95-931a-4af90ecb574d,6235501413
pterospermum acerifolium,Pterospermum acerifolium,3669210.0,3669210,18.528908,73.813358,4.666609615318683,50c9509d-22c7-4a22-a47d-8c48425ef4a7,iNaturalist research-grade observations,28eb1a3f-1c15-4a95-931a-4af90ecb574d,6235512367
vachellia nilotica,Vachellia nilotica,3974744.0,3974744,18.721846,73.667595,29.980440025461256,50c9509d-22c7-4a22-a47d-8c48425ef4a7,iNaturalist research-grade observations,28eb1a3f-1c15-4a95-931a-4af90ecb574d,6235513576
annona squamosa,Annona squamosa,5407099.0,5407099,18.535754,73.837784,2.625308906447713,50c9509d-22c7-4a22-a47d-8c48425ef4a7,iNaturalist research-grade observations,28eb1a3f-1c15-4a95-931a-4af90ecb574d,6235515553
broussonetia papyrifera,Broussonetia papyrifera,5361944.0,5361944,18.529725,73.849154,1.3069546480532497,50c9509d-22c7-4a22-a47d-8c48425ef4a7,iNaturalist research-grade observations,28eb1a3f-1c15-4a95-931a-4af90ecb574d,6235517447
ficus racemosa,Ficus racemosa,5361904.0,5361904,18.533952,73.839775,2.3355983653409136,50c9509d-22c7-4a22-a47d-8c48425ef4a7,iNaturalist research-grade observations,28eb1a3f-1c15-4a95-931a-4af90ecb574d,6235523675
broussonetia papyrifera,Broussonetia papyrifera,5361944.0,5361944,18.529753,73.849002,1.3192247559817996,50c9509d-22c7-4a22-a47d-8c48425ef4a7,iNaturalist research-grade observations,28eb1a3f-1c15-4a95-931a-4af90ecb574d,6235530815
combretum albidum,Combretum albidum,7327060.0,7327060,18.564647,73.794969,8.158368631787363,50c9509d-22c7-4a22-a47d-8c48425ef4a7,iNaturalist research-grade observations,28eb1a3f-1c15-4a95-931a-4af90ecb574d,6235530846
urena lobata,Urena lobata,3152253.0,3152253,18.726151,73.666562,30.411199304026628,50c9509d-22c7-4a22-a47d-8c48425ef4a7,iNaturalist research-grade observations,28eb1a3f-1c15-4a95-931a-4af90ecb574d,6235531446
ricinus communis,Ricinus communis,5380041.0,5380041,18.562473,73.794166,8.08382618819571,50c9509d-22c7-4a22-a47d-8c48425ef4a7,iNaturalist research-grade observations,28eb1a3f-1c15-4a95-931a-4af90ecb574d,6235541650
tectona grandis,Tectona grandis,2925649.0,2925649,18.506069,73.817383,4.441337800053019,50c9509d-22c7-4a22-a47d-8c48425ef4a7,iNaturalist research-grade observations,28eb1a3f-1c15-4a95-931a-4af90ecb574d,6235581571
ficus benghalensis,Ficus benghalensis,5361919.0,5361919,18.533984,73.839768,2.3384589369299724,50c9509d-22c7-4a22-a47d-8c48425ef4a7,iNaturalist research-grade observations,28eb1a3f-1c15-4a95-931a-4af90ecb574d,6235583567
nerium oleander,Nerium oleander,3169756.0,3169756,18.553268,73.787897,8.122349689399082,50c9509d-22c7-4a22-a47d-8c48425ef4a7,iNaturalist research-grade observations,28eb1a3f-1c15-4a95-931a-4af90ecb574d,6235586306
tridax procumbens,Tridax procumbens,3149462.0,3149462,18.53299,73.827228,3.408107806610718,50c9509d-22c7-4a22-a47d-8c48425ef4a7,iNaturalist research-grade observations,28eb1a3f-1c15-4a95-931a-4af90ecb574d,6235595723
ficus benghalensis,Ficus benghalensis,5361919.0,5361919,18.545012,73.885545,4.091204519350638,50c9509d-22c7-4a22-a47d-8c48425ef4a7,iNaturalist research-grade observations,28eb1a3f-1c15-4a95-931a-4af90ecb574d,6235599673
chromolaena odorata,Chromolaena odorata,3087725.0,3087725,18.593304,73.800728,10.026418114730944,50c9509d-22c7-4a22-a47d-8c48425ef4a7,iNaturalist research-grade observations,28eb1a3f-1c15-4a95-931a-4af90ecb574d,6235608930
terminalia catappa,Terminalia catappa,3189394.0,3189394,18.533775,73.840134,2.294001623284539,50c9509d-22c7-4a22-a47d-8c48425ef4a7,iNaturalist research-grade observations,28eb1a3f-1c15-4a95-931a-4af90ecb574d,6235609730
alternanthera ficoidea,Alternanthera ficoidea,8160803.0,8160803,18.563406,73.793925,8.164870597239744,50c9509d-22c7-4a22-a47d-8c48425ef4a7,iNaturalist research-grade observations,28eb1a3f-1c15-4a95-931a-4af90ecb574d,6235612086
artocarpus heterophyllus,Artocarpus heterophyllus,2984565.0,2984565,18.567568,73.825003,6.218877400637711,50c9509d-22c7-4a22-a47d-8c48425ef4a7,iNaturalist research-grade observations,28eb1a3f-1c15-4a95-931a-4af90ecb574d,6235624593
chromolaena odorata,Chromolaena odorata,3087725.0,3087725,18.562369,73.794617,8.0383808096097,50c9509d-22c7-4a22-a47d-8c48425ef4a7,iNaturalist research-grade observations,28eb1a3f-1c15-4a95-931a-4af90ecb574d,6235625352
vachellia nilotica,Vachellia nilotica,3974744.0,3974744,18.595544,73.790302,10.899811712889615,50c9509d-22c7-4a22-a47d-8c48425ef4a7,iNaturalist research-grade observations,28eb1a3f-1c15-4a95-931a-4af90ecb574d,6235630670
punica granatum,Punica granatum,5420901.0,5420901,18.598862,73.71811,17.015971847568537,50c9509d-22c7-4a22-a47d-8c48425ef4a7,iNaturalist research-grade observations,28eb1a3f-1c15-4a95-931a-4af90ecb574d,6235631537
muntingia calabura,Muntingia calabura,3152036.0,3152036,18.601142,73.718473,17.11467136800819,50c9509d-22c7-4a22-a47d-8c48425ef4a7,iNaturalist research-grade observations,28eb1a3f-1c15-4a95-931a-4af90ecb574d,6235633055
cassia fistula,Cassia fistula,5357108.0,5357108,18.600236,73.718577,17.052710672912387,50c9509d-22c7-4a22-a47d-8c48425ef4a7,iNaturalist research-grade observations,28eb1a3f-1c15-4a95-931a-4af90ecb574d,6235637086
mangifera indica,Mangifera indica,3190638.0,3190638,18.597879,73.719283,16.853833082204407,50c9509d-22c7-4a22-a47d-8c48425ef4a7,iNaturalist research-grade observations,28eb1a3f-1c15-4a95-931a-4af90ecb574d,6235640016
azadirachta indica,Azadirachta indica,3190474.0,3190474,18.600144,73.718818,17.025698677456955,50c9509d-22c7-4a22-a47d-8c48425ef4a7,iNaturalist research-grade observations,28eb1a3f-1c15-4a95-931a-4af90ecb574d,6235644990
malvastrum coromandelianum,Malvastrum coromandelianum,3152268.0,3152268,18.562622,73.794414,8.072141180443051,50c9509d-22c7-4a22-a47d-8c48425ef4a7,iNaturalist research-grade observations,28eb1a3f-1c15-4a95-931a-4af90ecb574d,6235647767
senegalia catechu,Senegalia catechu,3796190.0,3796190,18.52549,73.815385,4.392653595370013,50c9509d-22c7-4a22-a47d-8c48425ef4a7,iNaturalist research-grade observations,28eb1a3f-1c15-4a95-931a-4af90ecb574d,6235651752
malvastrum coromandelianum,Malvastrum coromandelianum,3152268.0,3152268,18.562873,73.79368,8.151347011163532,50c9509d-22c7-4a22-a47d-8c48425ef4a7,iNaturalist research-grade observations,28eb1a3f-1c15-4a95-931a-4af90ecb574d,6235666165
abutilon theophrasti,Abutilon theophrasti,3152614.0,3152614,18.622692,73.655093,24.102968152983465,50c9509d-22c7-4a22-a47d-8c48425ef4a7,iNaturalist research-grade observations,28eb1a3f-1c15-4a95-931a-4af90ecb574d,6235682086
cassia fistula,Cassia fistula,5357108.0,5357108,18.495611,73.801224,6.466511491185,50c9509d-22c7-4a22-a47d-8c48425ef4a7,iNaturalist research-grade observations,28eb1a3f-1c15-4a95-931a-4af90ecb574d,6235685579
mangifera indica,Mangifera indica,3190638.0,3190638,18.529704,73.849191,1.30272843012061,50c9509d-22c7-4a22-a47d-8c48425ef4a7,iNaturalist research-grade observations,28eb1a3f-1c15-4a95-931a-4af90ecb574d,6235695863
azadirachta indica,Azadirachta indica,3190474.0,3190474,18.599462,73.717665,17.09046304251598,50c9509d-22c7-4a22-a47d-8c48425ef4a7,iNaturalist research-grade observations,28eb1a3f-1c15-4a95-931a-4af90ecb574d,6235696590
aegle marmelos,Aegle marmelos,5421195.0,5421195,18.568771,73.758477,11.66840172304284,50c9509d-22c7-4a22-a47d-8c48425ef4a7,iNaturalist research-grade observations,28eb1a3f-1c15-4a95-931a-4af90ecb574d,6235699657
ficus benghalensis,Ficus benghalensis,5361919.0,5361919,18.477499,73.847818,4.861455744777196,50c9509d-22c7-4a22-a47d-8c48425ef4a7,iNaturalist research-grade observations,28eb1a3f-1c15-4a95-931a-4af90ecb574d,6235704320
mangifera indica,Mangifera indica,3190638.0,3190638,18.533114,73.841726,2.119217131217744,50c9509d-22c7-4a22-a47d-8c48425ef4a7,iNaturalist research-grade observations,28eb1a3f-1c15-4a95-931a-4af90ecb574d,6235711385
ipomoea carnea,Ipomoea carnea,2928590.0,2928590,18.62616,73.649679,24.787974909499404,50c9509d-22c7-4a22-a47d-8c48425ef4a7,iNaturalist research-grade observations,28eb1a3f-1c15-4a95-931a-4af90ecb574d,6235711817
parthenium hysterophorus,Parthenium hysterophorus,3086784.0,3086784,18.650773,73.750399,18.32160820761396,50c9509d-22c7-4a22-a47d-8c48425ef4a7,iNaturalist research-grade observations,28eb1a3f-1c15-4a95-931a-4af90ecb574d,6235713027
heliotropium indicum,Heliotropium indicum,2925788.0,2925788,18.563993,73.796003,8.027572228551978,50c9509d-22c7-4a22-a47d-8c48425ef4a7,iNaturalist research-grade observations,28eb1a3f-1c15-4a95-931a-4af90ecb574d,6235717444
euphorbia hypericifolia,Euphorbia hypericifolia,3066321.0,3066321,18.481843,73.810617,6.480342888957777,50c9509d-22c7-4a22-a47d-8c48425ef4a7,iNaturalist research-grade observations,28eb1a3f-1c15-4a95-931a-4af90ecb574d,6235732304
plumeria obtusa,Plumeria obtusa,3169677.0,3169677,18.554435,73.788453,8.129614383964814,50c9509d-22c7-4a22-a47d-8c48425ef4a7,iNaturalist research-grade observations,28eb1a3f-1c15-4a95-931a-4af90ecb574d,6235733457
caryota urens,Caryota urens,2738914.0,2738914,18.582892,73.780403,10.629008041997958,50c9509d-22c7-4a22-a47d-8c48425ef4a7,iNaturalist research-grade observations,28eb1a3f-1c15-4a95-931a-4af90ecb574d,6235736628
alternanthera ficoidea,Alternanthera ficoidea,8160803.0,8160803,18.529717,73.814939,4.523249084068973,50c9509d-22c7-4a22-a47d-8c48425ef4a7,iNaturalist research-grade observations,28eb1a3f-1c15-4a95-931a-4af90ecb574d,6235743337
putranjiva roxburghii,Putranjiva roxburghii,3076079.0,3076079,18.529939,73.851647,1.1869671188696649,50c9509d-22c7-4a22-a47d-8c48425ef4a7,iNaturalist research-grade observations,28eb1a3f-1c15-4a95-931a-4af90ecb574d,6235748450
grevillea robusta,Grevillea robusta,2891791.0,2891791,18.531547,73.846676,1.628892723876628,50c9509d-22c7-4a22-a47d-8c48425ef4a7,iNaturalist research-grade observations,28eb1a3f-1c15-4a95-931a-4af90ecb574d,6235752994
ficus benghalensis,Ficus benghalensis,5361919.0,5361919,18.148804,73.849057,41.32752142532733,50c9509d-22c7-4a22-a47d-8c48425ef4a7,iNaturalist research-grade observations,28eb1a3f-1c15-4a95-931a-4af90ecb574d,6235753636
crotalaria pallida,Crotalaria pallida,8260433.0,8260433,18.623993,73.654277,24.24715154478919,50c9509d-22c7-4a22-a47d-8c48425ef4a7,iNaturalist research-grade observations,28eb1a3f-1c15-4a95-931a-4af90ecb574d,6235756521
polyalthia longifolia,Polyalthia longifolia,3156422.0,3156422,18.535108,73.838036,2.558686496845746,50c9509d-22c7-4a22-a47d-8c48425ef4a7,iNaturalist research-grade observations,28eb1a3f-1c15-4a95-931a-4af90ecb574d,6235774804
lantana camara,Lantana camara,2925303.0,2925303,18.527294,73.81625,4.333161313001549,50c9509d-22c7-4a22-a47d-8c48425ef4a7,iNaturalist research-grade observations,28eb1a3f-1c15-4a95-931a-4af90ecb574d,6235775051
peltophorum pterocarpum,Peltophorum pterocarpum,2952775.0,2952775,18.534751,73.838731,2.4770155998724,50c9509d-22c7-4a22-a47d-8c48425ef4a7,iNaturalist research-grade observations,28eb1a3f-1c15-4a95-931a-4af90ecb574d,6235779626
cyanthillium cinereum,Cyanthillium cinereum,6445734.0,6445734,18.523516,73.843658,1.4180688468223959,50c9509d-22c7-4a22-a47d-8c48425ef4a7,iNaturalist research-grade observations,28eb1a3f-1c15-4a95-931a-4af90ecb574d,6235780329
tridax procumbens,Tridax procumbens,3149462.0,3149462,18.54888,73.829917,4.24286967244881,50c9509d-22c7-4a22-a47d-8c48425ef4a7,iNaturalist research-grade observations,28eb1a3f-1c15-4a95-931a-4af90ecb574d,6235781069
catharanthus roseus,Catharanthus roseus,3169830.0,3169830,18.597518,73.719237,16.83753511219986,50c9509d-22c7-4a22-a47d-8c48425ef4a7,iNaturalist research-grade observations,28eb1a3f-1c15-4a95-931a-4af90ecb574d,6235786349
verbascum coromandelianum,Verbascum coromandelianum,7333197.0,7333197,18.726151,73.666562,30.411199304026628,50c9509d-22c7-4a22-a47d-8c48425ef4a7,iNaturalist research-grade observations,28eb1a3f-1c15-4a95-931a-4af90ecb574d,6235791223
peltophorum pterocarpum,Peltophorum pterocarpum,2952775.0,2952775,18.537845,73.88562,3.61380787453623,50c9509d-22c7-4a22-a47d-8c48425ef4a7,iNaturalist research-grade observations,28eb1a3f-1c15-4a95-931a-4af90ecb574d,6235801780
calotropis procera,Calotropis procera,5414566.0,5414566,18.521059,73.821641,3.6972123156324552,50c9509d-22c7-4a22-a47d-8c48425ef4a7,iNaturalist research-grade observations,28eb1a3f-1c15-4a95-931a-4af90ecb574d,6235804532
bambusa vulgaris,Bambusa vulgaris,7661971.0,7661971,18.597997,73.718392,16.941299814252364,50c9509d-22c7-4a22-a47d-8c48425ef4a7,iNaturalist research-grade observations,28eb1a3f-1c15-4a95-931a-4af90ecb574d,6235806695
mesosphaerum suaveolens,Mesosphaerum suaveolens,3889017.0,3889017,18.726151,73.666562,30.411199304026628,50c9509d-22c7-4a22-a47d-8c48425ef4a7,iNaturalist research-grade observations,28eb1a3f-1c15-4a95-931a-4af90ecb574d,6235812646
cassia fistula,Cassia fistula,5357108.0,5357108,18.600014,73.718778,17.02178062038164,50c9509d-22c7-4a22-a47d-8c48425ef4a7,iNaturalist research-grade observations,28eb1a3f-1c15-4a95-931a-4af90ecb574d,6235813491
morinda coreia,Morinda coreia,5339862.0,5339862,18.529722,73.814758,4.541954141634957,50c9509d-22c7-4a22-a47d-8c48425ef4a7,iNaturalist research-grade observations,28eb1a3f-1c15-4a95-931a-4af90ecb574d,6235813736
calotropis gigantea,Calotropis gigantea,3579089.0,3579089,18.568034,73.758631,11.616421887354361,50c9509d-22c7-4a22-a47d-8c48425ef4a7,iNaturalist research-grade observations,28eb1a3f-1c15-4a95-931a-4af90ecb574d,6235817334
calotropis gigantea,Calotropis gigantea,3579089.0,3579089,18.562712,73.794525,8.06845501808861,50c9509d-22c7-4a22-a47d-8c48425ef4a7,iNaturalist research-grade observations,28eb1a3f-1c15-4a95-931a-4af90ecb574d,6235820002
tridax procumbens,Tridax procumbens,3149462.0,3149462,18.593264,73.800705,10.024250177954908,50c9509d-22c7-4a22-a47d-8c48425ef4a7,iNaturalist research-grade observations,28eb1a3f-1c15-4a95-931a-4af90ecb574d,6235837100
calotropis gigantea,Calotropis gigantea,3579089.0,3579089,18.562705,73.794638,8.058325909474451,50c9509d-22c7-4a22-a47d-8c48425ef4a7,iNaturalist research-grade observations,28eb1a3f-1c15-4a95-931a-4af90ecb574d,6235848842
phyla nodiflora,Phyla nodiflora,5341112.0,5341112,18.726151,73.666562,30.411199304026628,50c9509d-22c7-4a22-a47d-8c48425ef4a7,iNaturalist research-grade observations,28eb1a3f-1c15-4a95-931a-4af90ecb574d,6235862457
tridax procumbens,Tridax procumbens,3149462.0,3149462,18.600561,73.719071,17.027149835364614,50c9509d-22c7-4a22-a47d-8c48425ef4a7,iNaturalist research-grade observations,28eb1a3f-1c15-4a95-931a-4af90ecb574d,6235875678
lantana camara,Lantana camara,2925303.0,2925303,18.532328,73.813049,4.789550529611061,50c9509d-22c7-4a22-a47d-8c48425ef4a7,iNaturalist research-grade observations,28eb1a3f-1c15-4a95-931a-4af90ecb574d,6235877792
saraca asoca,Saraca asoca,7458904.0,7458904,18.466628,73.901147,7.597315299982245,50c9509d-22c7-4a22-a47d-8c48425ef4a7,iNaturalist research-grade observations,28eb1a3f-1c15-4a95-931a-4af90ecb574d,6235885452
ficus religiosa,Ficus religiosa,5361935.0,5361935,18.595356,73.78907,10.96776525791571,50c9509d-22c7-4a22-a47d-8c48425ef4a7,iNaturalist research-grade observations,28eb1a3f-1c15-4a95-931a-4af90ecb574d,6235913494
erigeron bonariensis,Erigeron bonariensis,3146717.0,3146717,18.481915,73.810608,6.475760420534803,50c9509d-22c7-4a22-a47d-8c48425ef4a7,iNaturalist research-grade observations,28eb1a3f-1c15-4a95-931a-4af90ecb574d,6235921611
chromolaena odorata,Chromolaena odorata,3087725.0,3087725,18.593298,73.80072,10.026375073550971,50c9509d-22c7-4a22-a47d-8c48425ef4a7,iNaturalist research-grade observations,28eb1a3f-1c15-4a95-931a-4af90ecb574d,6235936324
ficus religiosa,Ficus religiosa,5361935.0,5361935,18.589754,73.797112,9.946307823365373,50c9509d-22c7-4a22-a47d-8c48425ef4a7,iNaturalist research-grade observations,28eb1a3f-1c15-4a95-931a-4af90ecb574d,6235939860
ficus religiosa,Ficus religiosa,5361935.0,5361935,18.530241,73.847912,1.4338479034908556,50c9509d-22c7-4a22-a47d-8c48425ef4a7,iNaturalist research-grade observations,28eb1a3f-1c15-4a95-931a-4af90ecb574d,6235958974
ficus racemosa,Ficus racemosa,5361904.0,5361904,18.530988,73.82876,3.1723579962513644,50c9509d-22c7-4a22-a47d-8c48425ef4a7,iNaturalist research-grade observations,28eb1a3f-1c15-4a95-931a-4af90ecb574d,6235973814
euphorbia hirta,Euphorbia hirta,3068937.0,3068937,18.623705,73.76873,14.762428594685346,50c9509d-22c7-4a22-a47d-8c48425ef4a7,iNaturalist research-grade observations,28eb1a3f-1c15-4a95-931a-4af90ecb574d,6235979642
ficus religiosa,Ficus religiosa,5361935.0,5361935,18.60029,73.716383,17.253683116162993,50c9509d-22c7-4a22-a47d-8c48425ef4a7,iNaturalist research-grade observations,28eb1a3f-1c15-4a95-931a-4af90ecb574d,6235982524
magnolia champaca,Magnolia champaca,3153099.0,3153099,18.546878,73.82035,4.832710127373901,50c9509d-22c7-4a22-a47d-8c48425ef4a7,iNaturalist research-grade observations,28eb1a3f-1c15-4a95-931a-4af90ecb574d,6235983709
delonix regia,Delonix regia,2956176.0,2956176,18.450442,73.789618,10.514689961075478,50c9509d-22c7-4a22-a47d-8c48425ef4a7,iNaturalist research-grade observations,28eb1a3f-1c15-4a95-931a-4af90ecb574d,6235988607
peltophorum pterocarpum,Peltophorum pterocarpum,2952775.0,2952775,18.530455,73.848133,1.43733342675811,50c9509d-22c7-4a22-a47d-8c48425ef4a7,iNaturalist research-grade observations,28eb1a3f-1c15-4a95-931a-4af90ecb574d,6235988854
butea monosperma,Butea monosperma,8234570.0,8234570,18.549075,73.830103,4.246101799098087,50c9509d-22c7-4a22-a47d-8c48425ef4a7,iNaturalist research-grade observations,28eb1a3f-1c15-4a95-931a-4af90ecb574d,6235992357
annona squamosa,Annona squamosa,5407099.0,5407099,18.535595,73.837956,2.6000365901430387,50c9509d-22c7-4a22-a47d-8c48425ef4a7,iNaturalist research-grade observations,28eb1a3f-1c15-4a95-931a-4af90ecb574d,6236001345
plumeria obtusa,Plumeria obtusa,3169677.0,3169677,18.598439,73.718764,16.932683537959313,50c9509d-22c7-4a22-a47d-8c48425ef4a7,iNaturalist research-grade observations,28eb1a3f-1c15-4a95-931a-4af90ecb574d,6236016937
polyalthia longifolia,Polyalthia longifolia,3156422.0,3156422,18.535245,73.837728,2.593412341155426,50c9509d-22c7-4a22-a47d-8c48425ef4a7,iNaturalist research-grade observations,28eb1a3f-1c15-4a95-931a-4af90ecb574d,6236023945
tridax procumbens,Tridax procumbens,3149462.0,3149462,18.52964,73.815642,4.4491479650185495,50c9509d-22c7-4a22-a47d-8c48425ef4a7,iNaturalist research-grade observations,28eb1a3f-1c15-4a95-931a-4af90ecb574d,6236031422
terminalia bellirica,Terminalia bellirica,3189390.0,3189390,18.406629,73.593086,30.54650635327397,50c9509d-22c7-4a22-a47d-8c48425ef4a7,iNaturalist research-grade observations,28eb1a3f-1c15-4a95-931a-4af90ecb574d,6236032146
persicaria glabra,Persicaria glabra,6391450.0,6391450,18.620089,73.655093,23.967881400381035,50c9509d-22c7-4a22-a47d-8c48425ef4a7,iNaturalist research-grade observations,28eb1a3f-1c15-4a95-931a-4af90ecb574d,6236037451
cascabela thevetia,Cascabela thevetia,3169652.0,3169652,18.599141,73.718614,16.9863408885996,50c9509d-22c7-4a22-a47d-8c48425ef4a7,iNaturalist research-grade observations,28eb1a3f-1c15-4a95-931a-4af90ecb574d,6236045188
delonix regia,Delonix regia,2956176.0,2956176,18.418149,73.741583,16.633693715149718,50c9509d-22c7-4a22-a47d-8c48425ef4a7,iNaturalist research-grade observations,28eb1a3f-1c15-4a95-931a-4af90ecb574d,6236047640
jacaranda mimosifolia,Jacaranda mimosifolia,3172499.0,3172499,18.488662,73.830247,4.498352950708911,50c9509d-22c7-4a22-a47d-8c48425ef4a7,iNaturalist research-grade observations,28eb1a3f-1c15-4a95-931a-4af90ecb574d,6236056765
jatropha gossypiifolia,Jatropha gossypiifolia,3072900.0,3072900,18.524347,73.817775,4.127463282844481,50c9509d-22c7-4a22-a47d-8c48425ef4a7,iNaturalist research-grade observations,28eb1a3f-1c15-4a95-931a-4af90ecb574d,6236065781
portulaca grandiflora,Portulaca grandiflora,3084700.0,3084700,18.524609,73.878624,2.358462256844788,50c9509d-22c7-4a22-a47d-8c48425ef4a7,iNaturalist research-grade observations,28eb1a3f-1c15-4a95-931a-4af90ecb574d,6236073810
caryota urens,Caryota urens,2738914.0,2738914,18.598439,73.718764,16.932683537959313,50c9509d-22c7-4a22-a47d-8c48425ef4a7,iNaturalist research-grade observations,28eb1a3f-1c15-4a95-931a-4af90ecb574d,6236081371
butea monosperma,Butea monosperma,8234570.0,8234570,18.528914,73.815792,4.415762073466564,50c9509d-22c7-4a22-a47d-8c48425ef4a7,iNaturalist research-grade observations,28eb1a3f-1c15-4a95-931a-4af90ecb574d,6236088946
plumbago zeylanica,Plumbago zeylanica,3082282.0,3082282,18.562548,73.794141,8.090802458306856,50c9509d-22c7-4a22-a47d-8c48425ef4a7,iNaturalist research-grade observations,28eb1a3f-1c15-4a95-931a-4af90ecb574d,6236093175
grevillea robusta,Grevillea robusta,2891791.0,2891791,18.531545,73.845254,1.7297741466092837,50c9509d-22c7-4a22-a47d-8c48425ef4a7,iNaturalist research-grade observations,28eb1a3f-1c15-4a95-931a-4af90ecb574d,6236095531
bougainvillea spectabilis,Bougainvillea spectabilis,7167078.0,7167078,18.598849,73.718118,17.014507163275123,50c9509d-22c7-4a22-a47d-8c48425ef4a7,iNaturalist research-grade observations,28eb1a3f-1c15-4a95-931a-4af90ecb574d,6236108381
chromolaena odorata,Chromolaena odorata,3087725.0,3087725,18.593327,73.800735,10.028051653231936,50c9509d-22c7-4a22-a47d-8c48425ef4a7,iNaturalist research-grade observations,28eb1a3f-1c15-4a95-931a-4af90ecb574d,6236108476
ficus benghalensis,Ficus benghalensis,5361919.0,5361919,18.599508,73.719517,16.926003326379103,50c9509d-22c7-4a22-a47d-8c48425ef4a7,iNaturalist research-grade observations,28eb1a3f-1c15-4a95-931a-4af90ecb574d,6236124462
stephanotis volubilis,Stephanotis volubilis,12202584.0,12202584,18.598242,73.719188,16.883085713282853,50c9509d-22c7-4a22-a47d-8c48425ef4a7,iNaturalist research-grade observations,28eb1a3f-1c15-4a95-931a-4af90ecb574d,6236127436
bombax ceiba,Bombax ceiba,3152226.0,3152226,18.525772,73.818906,4.029322332159707,50c9509d-22c7-4a22-a47d-8c48425ef4a7,iNaturalist research-grade observations,28eb1a3f-1c15-4a95-931a-4af90ecb574d,6236135737
mimusops elengi,Mimusops elengi,2883768.0,2883768,18.52994,73.851877,1.1763828465623063,50c9509d-22c7-4a22-a47d-8c48425ef4a7,iNaturalist research-grade observations,28eb1a3f-1c15-4a95-931a-4af90ecb574d,6236149336
argemone mexicana,Argemone mexicana,2888485.0,2888485,18.56329,73.793938,8.156212735105706,50c9509d-22c7-4a22-a47d-8c48425ef4a7,iNaturalist research-grade observations,28eb1a3f-1c15-4a95-931a-4af90ecb574d,6236150411
mangifera indica,Mangifera indica,3190638.0,3190638,18.530718,73.846332,1.5846948880921654,50c9509d-22c7-4a22-a47d-8c48425ef4a7,iNaturalist research-grade observations,28eb1a3f-1c15-4a95-931a-4af90ecb574d,6236153802
delonix regia,Delonix regia,2956176.0,2956176,18.598439,73.718764,16.932683537959313,50c9509d-22c7-4a22-a47d-8c48425ef4a7,iNaturalist research-grade observations,28eb1a3f-1c15-4a95-931a-4af90ecb574d,6236162001
chromolaena odorata,Chromolaena odorata,3087725.0,3087725,18.527592,73.816689,4.293658113449048,50c9509d-22c7-4a22-a47d-8c48425ef4a7,iNaturalist research-grade observations,28eb1a3f-1c15-4a95-931a-4af90ecb574d,6236167074
broussonetia papyrifera,Broussonetia papyrifera,5361944.0,5361944,18.534248,73.839949,2.343108802671426,50c9509d-22c7-4a22-a47d-8c48425ef4a7,iNaturalist research-grade observations,28eb1a3f-1c15-4a95-931a-4af90ecb574d,6236168830
pongamia pinnata,Pongamia pinnata,2965911.0,2965911,18.56527,73.795555,8.151382138410854,50c9509d-22c7-4a22-a47d-8c48425ef4a7,iNaturalist research-grade observations,28eb1a3f-1c15-4a95-931a-4af90ecb574d,6236169829
bambusa vulgaris,Bambusa vulgaris,7661971.0,7661971,18.598794,73.718065,17.016172380215036,50c9509d-22c7-4a22-a47d-8c48425ef4a7,iNaturalist research-grade observations,28eb1a3f-1c15-4a95-931a-4af90ecb574d,6236172502
ipomoea aquatica,Ipomoea aquatica,2928525.0,2928525,18.726151,73.666562,30.411199304026628,50c9509d-22c7-4a22-a47d-8c48425ef4a7,iNaturalist research-grade observations,28eb1a3f-1c15-4a95-931a-4af90ecb574d,6236183343
diospyros malabarica,Diospyros malabarica,7295796.0,7295796,18.565268,73.827774,5.847245744673301,50c9509d-22c7-4a22-a47d-8c48425ef4a7,iNaturalist research-grade observations,28eb1a3f-1c15-4a95-931a-4af90ecb574d,6236191378
delonix regia,Delonix regia,2956176.0,2956176,18.598924,73.71835,16.997794487066443,50c9509d-22c7-4a22-a47d-8c48425ef4a7,iNaturalist research-grade observations,28eb1a3f-1c15-4a95-931a-4af90ecb574d,6236206018
lantana camara,Lantana camara,2925303.0,2925303,18.499864,73.799687,6.430688990490475,50c9509d-22c7-4a22-a47d-8c48425ef4a7,iNaturalist research-grade observations,28eb1a3f-1c15-4a95-931a-4af90ecb574d,6236208239
jatropha gossypiifolia,Jatropha gossypiifolia,3072900.0,3072900,18.524396,73.817534,4.153308754148803,50c9509d-22c7-4a22-a47d-8c48425ef4a7,iNaturalist research-grade observations,28eb1a3f-1c15-4a95-931a-4af90ecb574d,6236222283
ficus religiosa,Ficus religiosa,5361935.0,5361935,18.533733,73.826044,3.55593394706019,50c9509d-22c7-4a22-a47d-8c48425ef4a7,iNaturalist research-grade observations,28eb1a3f-1c15-4a95-931a-4af90ecb574d,6236222310
delonix regia,Delonix regia,2956176.0,2956176,18.599912,73.719435,16.956753691331485,50c9509d-22c7-4a22-a47d-8c48425ef4a7,iNaturalist research-grade observations,28eb1a3f-1c15-4a95-931a-4af90ecb574d,6236229237
mimosa pudica,Mimosa pudica,2969284.0,2969284,18.726151,73.666562,30.411199304026628,50c9509d-22c7-4a22-a47d-8c48425ef4a7,iNaturalist research-grade observations,28eb1a3f-1c15-4a95-931a-4af90ecb574d,6236230037
ficus religiosa,Ficus religiosa,5361935.0,5361935,18.504902,73.841955,2.320980680532436,50c9509d-22c7-4a22-a47d-8c48425ef4a7,iNaturalist research-grade observations,28eb1a3f-1c15-4a95-931a-4af90ecb574d,6236230913
euphorbia hirta,Euphorbia hirta,3068937.0,3068937,18.481843,73.810617,6.480342888957777,50c9509d-22c7-4a22-a47d-8c48425ef4a7,iNaturalist research-grade observations,28eb1a3f-1c15-4a95-931a-4af90ecb574d,6236238042
phyla nodiflora,Phyla nodiflora,5341112.0,5341112,18.622692,73.655093,24.102968152983465,50c9509d-22c7-4a22-a47d-8c48425ef4a7,iNaturalist research-grade observations,28eb1a3f-1c15-4a95-931a-4af90ecb574d,6236240411
jatropha nana,Jatropha nana,3072834.0,3072834,18.459584,73.820866,7.746644985129624,50c9509d-22c7-4a22-a47d-8c48425ef4a7,iNaturalist research-grade observations,28eb1a3f-1c15-4a95-931a-4af90ecb574d,6236240892
eleusine indica,Eleusine indica,2705953.0,2705953,18.515503,73.927575,7.492721013593759,50c9509d-22c7-4a22-a47d-8c48425ef4a7,iNaturalist research-grade observations,28eb1a3f-1c15-4a95-931a-4af90ecb574d,6236243250
cocos nucifera,Cocos nucifera,2735117.0,2735117,18.148808,73.848507,41.32825069295308,50c9509d-22c7-4a22-a47d-8c48425ef4a7,iNaturalist research-grade observations,28eb1a3f-1c15-4a95-931a-4af90ecb574d,6236243269
cynodon dactylon,Cynodon dactylon,6109637.0,6109637,18.481915,73.810608,6.475760420534803,50c9509d-22c7-4a22-a47d-8c48425ef4a7,iNaturalist research-grade observations,28eb1a3f-1c15-4a95-931a-4af90ecb574d,6236245361
millingtonia hortensis,Millingtonia hortensis,7629955.0,7629955,18.529749,73.851729,1.164208703974093,50c9509d-22c7-4a22-a47d-8c48425ef4a7,iNaturalist research-grade observations,28eb1a3f-1c15-4a95-931a-4af90ecb574d,6236245887
pontederia crassipes,Pontederia crassipes,2765942.0,2765942,18.563628,73.793994,8.173464999074508,50c9509d-22c7-4a22-a47d-8c48425ef4a7,iNaturalist research-grade observations,28eb1a3f-1c15-4a95-931a-4af90ecb574d,6236246601
terminalia catappa,Terminalia catappa,3189394.0,3189394,18.59918,73.718875,16.96500817489623,50c9509d-22c7-4a22-a47d-8c48425ef4a7,iNaturalist research-grade observations,28eb1a3f-1c15-4a95-931a-4af90ecb574d,6236247815
ficus benghalensis,Ficus benghalensis,5361919.0,5361919,18.593281,73.800697,10.026274438274791,50c9509d-22c7-4a22-a47d-8c48425ef4a7,iNaturalist research-grade observations,28eb1a3f-1c15-4a95-931a-4af90ecb574d,6236258681
cardiospermum halicacabum,Cardiospermum halicacabum,3189939.0,3189939,18.564003,73.793503,8.239847450164763,50c9509d-22c7-4a22-a47d-8c48425ef4a7,iNaturalist research-grade observations,28eb1a3f-1c15-4a95-931a-4af90ecb574d,6236259005
calotropis gigantea,Calotropis gigantea,3579089.0,3579089,18.60048,73.717563,17.158118350246962,50c9509d-22c7-4a22-a47d-8c48425ef4a7,iNaturalist research-grade observations,28eb1a3f-1c15-4a95-931a-4af90ecb574d,6236261228
euphorbia hypericifolia,Euphorbia hypericifolia,3066321.0,3066321,18.569128,73.758952,11.642398734199215,50c9509d-22c7-4a22-a47d-8c48425ef4a7,iNaturalist research-grade observations,28eb1a3f-1c15-4a95-931a-4af90ecb574d,6236261359
chromolaena odorata,Chromolaena odorata,3087725.0,3087725,18.595474,73.790443,10.88430335503877,50c9509d-22c7-4a22-a47d-8c48425ef4a7,iNaturalist research-grade observations,28eb1a3f-1c15-4a95-931a-4af90ecb574d,6236261733
calotropis gigantea,Calotropis gigantea,3579089.0,3579089,18.562762,73.794495,8.074266020359069,50c9509d-22c7-4a22-a47d-8c48425ef4a7,iNaturalist research-grade observations,28eb1a3f-1c15-4a95-931a-4af90ecb574d,6236263197
lantana camara,Lantana camara,2925303.0,2925303,18.626361,73.649261,24.8373518086522,50c9509d-22c7-4a22-a47d-8c48425ef4a7,iNaturalist research-grade observations,28eb1a3f-1c15-4a95-931a-4af90ecb574d,6236263322
terminalia catappa,Terminalia catappa,3189394.0,3189394,18.530887,73.846047,1.6190512505734733,50c9509d-22c7-4a22-a47d-8c48425ef4a7,iNaturalist research-grade observations,28eb1a3f-1c15-4a95-931a-4af90ecb574d,6236264885
lantana camara,Lantana camara,2925303.0,2925303,18.548508,73.829712,4.226606566071267,50c9509d-22c7-4a22-a47d-8c48425ef4a7,iNaturalist research-grade observations,28eb1a3f-1c15-4a95-931a-4af90ecb574d,6236268203
ricinus communis,Ricinus communis,5380041.0,5380041,18.548853,73.829678,4.257448744052239,50c9509d-22c7-4a22-a47d-8c48425ef4a7,iNaturalist research-grade observations,28eb1a3f-1c15-4a95-931a-4af90ecb574d,6236268722
senna tora,Senna tora,2957728.0,2957728,18.721909,73.667778,29.972860710565513,50c9509d-22c7-4a22-a47d-8c48425ef4a7,iNaturalist research-grade observations,28eb1a3f-1c15-4a95-931a-4af90ecb574d,6236272343
grewia tiliifolia,Grewia tiliifolia,4259991.0,4259991,18.562477,73.794195,8.081590531718081,50c9509d-22c7-4a22-a47d-8c48425ef4a7,iNaturalist research-grade observations,28eb1a3f-1c15-4a95-931a-4af90ecb574d,6236272874
broussonetia papyrifera,Broussonetia papyrifera,5361944.0,5361944,18.536847,73.788308,7.438962852893921,50c9509d-22c7-4a22-a47d-8c48425ef4a7,iNaturalist research-grade observations,28eb1a3f-1c15-4a95-931a-4af90ecb574d,6236278727
parthenium hysterophorus,Parthenium hysterophorus,3086784.0,3086784,18.566535,73.825031,6.120709488240604,50c9509d-22c7-4a22-a47d-8c48425ef4a7,iNaturalist research-grade observations,28eb1a3f-1c15-4a95-931a-4af90ecb574d,6236289207
barleria cristata,Barleria cristata,3173128.0,3173128,18.598054,73.719197,16.871569629685492,50c9509d-22c7-4a22-a47d-8c48425ef4a7,iNaturalist research-grade observations,28eb1a3f-1c15-4a95-931a-4af90ecb574d,6236290298
delonix regia,Delonix regia,2956176.0,2956176,18.599705,73.71755,17.1147572714608,50c9509d-22c7-4a22-a47d-8c48425ef4a7,iNaturalist research-grade observations,28eb1a3f-1c15-4a95-931a-4af90ecb574d,6236291436
holoptelea integrifolia,Holoptelea integrifolia,4160169.0,4160169,18.53544,73.83739,2.6347046553530835,50c9509d-22c7-4a22-a47d-8c48425ef4a7,iNaturalist research-grade observations,28eb1a3f-1c15-4a95-931a-4af90ecb574d,6236293084
peltophorum pterocarpum,Peltophorum pterocarpum,2952775.0,2952775,18.419542,73.837441,11.397369925987865,50c9509d-22c7-4a22-a47d-8c48425ef4a7,iNaturalist research-grade observations,28eb1a3f-1c15-4a95-931a-4af90ecb574d,6236293365
carica papaya,Carica papaya,2874484.0,2874484,18.598529,73.717635,17.04008399597371,50c9509d-22c7-4a22-a47d-8c48425ef4a7,iNaturalist research-grade observations,28eb1a3f-1c15-4a95-931a-4af90ecb574d,6236293627
lantana camara,Lantana camara,2925303.0,2925303,18.67491,73.746238,20.75334270171274,50c9509d-22c7-4a22-a47d-8c48425ef4a7,iNaturalist research-grade observations,28eb1a3f-1c15-4a95-931a-4af90ecb574d,6236295085
cocos nucifera,Cocos nucifera,2735117.0,2735117,18.533691,73.840767,2.2374256259555785,50c9509d-22c7-4a22-a47d-8c48425ef4a7,iNaturalist research-grade observations,28eb1a3f-1c15-4a95-931a-4af90ecb574d,6236309868
kigelia africana,Kigelia africana,3172561.0,3172561,18.44364,73.928224,11.3906790619172,50c9509d-22c7-4a22-a47d-8c48425ef4a7,iNaturalist research-grade observations,28eb1a3f-1c15-4a95-931a-4af90ecb574d,6236311034
oxalis corniculata,Oxalis corniculata,8427624.0,8427624,18.475181,73.682685,19.0263508985801,50c9509d-22c7-4a22-a47d-8c48425ef4a7,iNaturalist research-grade observations,28eb1a3f-1c15-4a95-931a-4af90ecb574d,6236312085
ficus benghalensis,Ficus benghalensis,5361919.0,5361919,18.535092,73.838049,2.5564953569983824,50c9509d-22c7-4a22-a47d-8c48425ef4a7,iNaturalist research-grade observations,28eb1a3f-1c15-4a95-931a-4af90ecb574d,6236313850
combretum indicum,Combretum indicum,12203608.0,12203608,18.598545,73.719996,16.827376794190705,50c9509d-22c7-4a22-a47d-8c48425ef4a7,iNaturalist research-grade observations,28eb1a3f-1c15-4a95-931a-4af90ecb574d,6236321404
mussaenda philippica,Mussaenda philippica,2892466.0,2892466,18.477725,73.822676,5.948933140910624,50c9509d-22c7-4a22-a47d-8c48425ef4a7,iNaturalist research-grade observations,28eb1a3f-1c15-4a95-931a-4af90ecb574d,6236325251
phyllanthus reticulatus,Phyllanthus reticulatus,5382478.0,5382478,18.577803,73.782033,10.134055298250276,50c9509d-22c7-4a22-a47d-8c48425ef4a7,iNaturalist research-grade observations,28eb1a3f-1c15-4a95-931a-4af90ecb574d,6236328241
bombax ceiba,Bombax ceiba,3152226.0,3152226,18.675738,73.745905,20.849245147272637,50c9509d-22c7-4a22-a47d-8c48425ef4a7,iNaturalist research-grade observations,28eb1a3f-1c15-4a95-931a-4af90ecb574d,6236328356
azadirachta indica,Azadirachta indica,3190474.0,3190474,18.600533,73.719074,17.02525172953499,50c9509d-22c7-4a22-a47d-8c48425ef4a7,iNaturalist research-grade observations,28eb1a3f-1c15-4a95-931a-4af90ecb574d,6236342344
syzygium cumini,Syzygium cumini,3183840.0,3183840,18.600133,73.719121,16.99780309091101,50c9509d-22c7-4a22-a47d-8c48425ef4a7,iNaturalist research-grade observations,28eb1a3f-1c15-4a95-931a-4af90ecb574d,6236344060
commelina benghalensis,Commelina benghalensis,2763941.0,2763941,18.481843,73.810617,6.480342888957777,50c9509d-22c7-4a22-a47d-8c48425ef4a7,iNaturalist research-grade observations,28eb1a3f-1c15-4a95-931a-4af90ecb574d,6236344582
chromolaena odorata,Chromolaena odorata,3087725.0,3087725,18.532766,73.827357,3.385521266495953,50c9509d-22c7-4a22-a47d-8c48425ef4a7,iNaturalist research-grade observations,28eb1a3f-1c15-4a95-931a-4af90ecb574d,6236357708
bauhinia purpurea,Bauhinia purpurea,2953871.0,2953871,18.536473,73.836884,2.749381348676098,50c9509d-22c7-4a22-a47d-8c48425ef4a7,iNaturalist research-grade observations,28eb1a3f-1c15-4a95-931a-4af90ecb574d,6236361794
broussonetia papyrifera,Broussonetia papyrifera,5361944.0,5361944,18.56305,73.792083,8.300370471748518,50c9509d-22c7-4a22-a47d-8c48425ef4a7,iNaturalist research-grade observations,28eb1a3f-1c15-4a95-931a-4af90ecb574d,6236365503
alternanthera ficoidea,Alternanthera ficoidea,8160803.0,8160803,18.529848,73.814507,4.570921767140722,50c9509d-22c7-4a22-a47d-8c48425ef4a7,iNaturalist research-grade observations,28eb1a3f-1c15-4a95-931a-4af90ecb574d,6236372331
tamarindus indica,Tamarindus indica,2975768.0,2975768,18.568733,73.758723,11.643443765628895,50c9509d-22c7-4a22-a47d-8c48425ef4a7,iNaturalist research-grade observations,28eb1a3f-1c15-4a95-931a-4af90ecb574d,6236383950
tamarindus indica,Tamarindus indica,2975768.0,2975768,18.566528,73.82498,6.122991825924592,50c9509d-22c7-4a22-a47d-8c48425ef4a7,iNaturalist research-grade observations,28eb1a3f-1c15-4a95-931a-4af90ecb574d,6236386364
tridax procumbens,Tridax procumbens,3149462.0,3149462,18.623873,73.768364,14.801204215253708,50c9509d-22c7-4a22-a47d-8c48425ef4a7,iNaturalist research-grade observations,28eb1a3f-1c15-4a95-931a-4af90ecb574d,6236387439
terminalia catappa,Terminalia catappa,3189394.0,3189394,18.530684,73.846154,1.594985681631597,50c9509d-22c7-4a22-a47d-8c48425ef4a7,iNaturalist research-grade observations,28eb1a3f-1c15-4a95-931a-4af90ecb574d,6236389478
bougainvillea spectabilis,Bougainvillea spectabilis,7167078.0,7167078,18.598826,73.718158,17.00957664740003,50c9509d-22c7-4a22-a47d-8c48425ef4a7,iNaturalist research-grade observations,28eb1a3f-1c15-4a95-931a-4af90ecb574d,6236396715
portulaca grandiflora,Portulaca grandiflora,3084700.0,3084700,18.598862,73.71811,17.015971847568537,50c9509d-22c7-4a22-a47d-8c48425ef4a7,iNaturalist research-grade observations,28eb1a3f-1c15-4a95-931a-4af90ecb574d,6236414896
mangifera indica,Mangifera indica,3190638.0,3190638,18.535373,73.837573,2.6150752499047933,50c9509d-22c7-4a22-a47d-8c48425ef4a7,iNaturalist research-grade observations,28eb1a3f-1c15-4a95-931a-4af90ecb574d,6236417752
samanea saman,Samanea saman,2972960.0,2972960,18.534215,73.839966,2.339347051153699,50c9509d-22c7-4a22-a47d-8c48425ef4a7,iNaturalist research-grade observations,28eb1a3f-1c15-4a95-931a-4af90ecb574d,6236417877
ficus religiosa,Ficus religiosa,5361935.0,5361935,18.530281,73.815117,4.519810201341231,50c9509d-22c7-4a22-a47d-8c48425ef4a7,iNaturalist research-grade observations,28eb1a3f-1c15-4a95-931a-4af90ecb574d,6236426502
urena lobata,Urena lobata,3152253.0,3152253,18.565021,73.79487,8.191812171847433,50c9509d-22c7-4a22-a47d-8c48425ef4a7,iNaturalist research-grade observations,28eb1a3f-1c15-4a95-931a-4af90ecb574d,6236440434
ottelia alismoides,Ottelia alismoides,5329515.0,5329515,18.622692,73.655093,24.102968152983465,50c9509d-22c7-4a22-a47d-8c48425ef4a7,iNaturalist research-grade observations,28eb1a3f-1c15-4a95-931a-4af90ecb574d,6236440839
manilkara zapota,Manilkara zapota,2885158.0,2885158,18.600738,73.719578,16.991969631060503,50c9509d-22c7-4a22-a47d-8c48425ef4a7,iNaturalist research-grade observations,28eb1a3f-1c15-4a95-931a-4af90ecb574d,6236456631
broussonetia papyrifera,Broussonetia papyrifera,5361944.0,5361944,18.530263,73.847929,1.4345596122756086,50c9509d-22c7-4a22-a47d-8c48425ef4a7,iNaturalist research-grade observations,28eb1a3f-1c15-4a95-931a-4af90ecb574d,6236461857
datura innoxia,Datura innoxia,2928755.0,2928755,18.599617,73.719954,16.892977461747495,50c9509d-22c7-4a22-a47d-8c48425ef4a7,iNaturalist research-grade observations,28eb1a3f-1c15-4a95-931a-4af90ecb574d,6236462942
holoptelea integrifolia,Holoptelea integrifolia,4160169.0,4160169,18.562346,73.794998,8.004220392917123,50c9509d-22c7-4a22-a47d-8c48425ef4a7,iNaturalist research-grade observations,28eb1a3f-1c15-4a95-931a-4af90ecb574d,6236465412
morinda coreia,Morinda coreia,5339862.0,5339862,18.675738,73.745905,20.849245147272637,50c9509d-22c7-4a22-a47d-8c48425ef4a7,iNaturalist research-grade observations,28eb1a3f-1c15-4a95-931a-4af90ecb574d,6236467998
ficus racemosa,Ficus racemosa,5361904.0,5361904,18.530712,73.847272,1.5175227825375888,50c9509d-22c7-4a22-a47d-8c48425ef4a7,iNaturalist research-grade observations,28eb1a3f-1c15-4a95-931a-4af90ecb574d,6236470516
calotropis gigantea,Calotropis gigantea,3579089.0,3579089,18.723701,73.667328,30.1534030523761,50c9509d-22c7-4a22-a47d-8c48425ef4a7,iNaturalist research-grade observations,28eb1a3f-1c15-4a95-931a-4af90ecb574d,6236497443
grewia tiliifolia,Grewia tiliifolia,4259991.0,4259991,18.521059,73.821641,3.6972123156324552,50c9509d-22c7-4a22-a47d-8c48425ef4a7,iNaturalist research-grade observations,28eb1a3f-1c15-4a95-931a-4af90ecb574d,6236501322
cryptolepis buchananii,Cryptolepis buchananii,5525050.0,5525050,18.562935,73.79541,8.007462772807852,50c9509d-22c7-4a22-a47d-8c48425ef4a7,iNaturalist research-grade observations,28eb1a3f-1c15-4a95-931a-4af90ecb574d,6236505443
delonix regia,Delonix regia,2956176.0,2956176,18.524169,73.816672,4.241117546155401,50c9509d-22c7-4a22-a47d-8c48425ef4a7,iNaturalist research-grade observations,28eb1a3f-1c15-4a95-931a-4af90ecb574d,6236512818
ludwigia hyssopifolia,Ludwigia hyssopifolia,8924323.0,8924323,18.52549,73.815385,4.392653595370013,50c9509d-22c7-4a22-a47d-8c48425ef4a7,iNaturalist research-grade observations,28eb1a3f-1c15-4a95-931a-4af90ecb574d,6236514941
broussonetia papyrifera,Broussonetia papyrifera,5361944.0,5361944,18.53282,73.842007,2.0753439757593553,50c9509d-22c7-4a22-a47d-8c48425ef4a7,iNaturalist research-grade observations,28eb1a3f-1c15-4a95-931a-4af90ecb574d,6236515727
albizia lebbeck,Albizia lebbeck,2973215.0,2973215,18.529272,73.816375,4.364564255103399,50c9509d-22c7-4a22-a47d-8c48425ef4a7,iNaturalist research-grade observations,28eb1a3f-1c15-4a95-931a-4af90ecb574d,6236515790
alstonia scholaris,Alstonia scholaris,5414410.0,5414410,18.535367,73.837628,2.6101807945985276,50c9509d-22c7-4a22-a47d-8c48425ef4a7,iNaturalist research-grade observations,28eb1a3f-1c15-4a95-931a-4af90ecb574d,6236517868
phoenix sylvestris,Phoenix sylvestris,5293177.0,5293177,18.723701,73.667328,30.1534030523761,50c9509d-22c7-4a22-a47d-8c48425ef4a7,iNaturalist research-grade observations,28eb1a3f-1c15-4a95-931a-4af90ecb574d,6236521845
ficus racemosa,Ficus racemosa,5361904.0,5361904,18.481915,73.810608,6.475760420534803,50c9509d-22c7-4a22-a47d-8c48425ef4a7,iNaturalist research-grade observations,28eb1a3f-1c15-4a95-931a-4af90ecb574d,6236524449
salvia plebeia,Salvia plebeia,3891879.0,3891879,18.620089,73.655093,23.967881400381035,50c9509d-22c7-4a22-a47d-8c48425ef4a7,iNaturalist research-grade observations,28eb1a3f-1c15-4a95-931a-4af90ecb574d,6236526611
calotropis procera,Calotropis procera,5414566.0,5414566,18.600345,73.7176,17.14700243460837,50c9509d-22c7-4a22-a47d-8c48425ef4a7,iNaturalist research-grade observations,28eb1a3f-1c15-4a95-931a-4af90ecb574d,6236535411
plumeria rubra,Plumeria rubra,3169674.0,3169674,18.59986,73.719602,16.938719804374536,50c9509d-22c7-4a22-a47d-8c48425ef4a7,iNaturalist research-grade observations,28eb1a3f-1c15-4a95-931a-4af90ecb574d,6236546945
tridax procumbens,Tridax procumbens,3149462.0,3149462,18.527185,73.829529,2.962435745276577,50c9509d-22c7-4a22-a47d-8c48425ef4a7,iNaturalist research-grade observations,28eb1a3f-1c15-4a95-931a-4af90ecb574d,6236548651
syzygium cumini,Syzygium cumini,3183840.0,3183840,18.529973,73.848466,1.3735946183106125,50c9509d-22c7-4a22-a47d-8c48425ef4a7,iNaturalist research-grade observations,28eb1a3f-1c15-4a95-931a-4af90ecb574d,6251439068
portulaca oleracea,Portulaca oleracea,3084719.0,3084719,18.515006,73.926427,7.376302188330462,50c9509d-22c7-4a22-a47d-8c48425ef4a7,iNaturalist research-grade observations,28eb1a3f-1c15-4a95-931a-4af90ecb574d,6251465993
pergularia daemia,Pergularia daemia,3170445.0,3170445,18.557186,73.788956,8.23033767544766,50c9509d-22c7-4a22-a47d-8c48425ef4a7,iNaturalist research-grade observations,28eb1a3f-1c15-4a95-931a-4af90ecb574d,6251527729
ziziphus mauritiana,Ziziphus mauritiana,3039424.0,3039424,18.52964,73.815642,4.4491479650185495,50c9509d-22c7-4a22-a47d-8c48425ef4a7,iNaturalist research-grade observations,28eb1a3f-1c15-4a95-931a-4af90ecb574d,6251534576
cassia roxburghii,Cassia roxburghii,5357138.0,5357138,18.529728,73.849181,1.3054887053624105,50c9509d-22c7-4a22-a47d-8c48425ef4a7,iNaturalist research-grade observations,28eb1a3f-1c15-4a95-931a-4af90ecb574d,6251542246
ficus religiosa,Ficus religiosa,5361935.0,5361935,18.527997,73.851775,0.9915818060013403,50c9509d-22c7-4a22-a47d-8c48425ef4a7,iNaturalist research-grade observations,28eb1a3f-1c15-4a95-931a-4af90ecb574d,6251558178
mesosphaerum suaveolens,Mesosphaerum suaveolens,3889017.0,3889017,18.497142,73.789925,7.500923801012399,50c9509d-22c7-4a22-a47d-8c48425ef4a7,iNaturalist research-grade observations,28eb1a3f-1c15-4a95-931a-4af90ecb574d,6251570263
calotropis gigantea,Calotropis gigantea,3579089.0,3579089,18.677613,73.751804,20.683419833291385,50c9509d-22c7-4a22-a47d-8c48425ef4a7,iNaturalist research-grade observations,28eb1a3f-1c15-4a95-931a-4af90ecb574d,6251581804
terminalia catappa,Terminalia catappa,3189394.0,3189394,18.554737,73.80047,7.051254466242901,50c9509d-22c7-4a22-a47d-8c48425ef4a7,iNaturalist research-grade observations,28eb1a3f-1c15-4a95-931a-4af90ecb574d,6251597165
combretum albidum,Combretum albidum,7327060.0,7327060,18.568264,73.824978,6.2856834980817196,50c9509d-22c7-4a22-a47d-8c48425ef4a7,iNaturalist research-grade observations,28eb1a3f-1c15-4a95-931a-4af90ecb574d,6251621693
ficus microcarpa,Ficus microcarpa,7467639.0,7467639,18.531102,73.845672,1.663740097803904,50c9509d-22c7-4a22-a47d-8c48425ef4a7,iNaturalist research-grade observations,28eb1a3f-1c15-4a95-931a-4af90ecb574d,6251630737
mangifera indica,Mangifera indica,3190638.0,3190638,18.582886,73.780394,10.629289965371182,50c9509d-22c7-4a22-a47d-8c48425ef4a7,iNaturalist research-grade observations,28eb1a3f-1c15-4a95-931a-4af90ecb574d,6251630801
homonoia riparia,Homonoia riparia,3071623.0,3071623,18.462796,73.784777,9.92740659115712,50c9509d-22c7-4a22-a47d-8c48425ef4a7,iNaturalist research-grade observations,28eb1a3f-1c15-4a95-931a-4af90ecb574d,6251645149
euphorbia heterophylla,Euphorbia heterophylla,3064495.0,3064495,18.515006,73.926427,7.376302188330462,50c9509d-22c7-4a22-a47d-8c48425ef4a7,iNaturalist research-grade observations,28eb1a3f-1c15-4a95-931a-4af90ecb574d,6251655464
argemone mexicana,Argemone mexicana,2888485.0,2888485,18.565303,73.795638,8.14671233563726,50c9509d-22c7-4a22-a47d-8c48425ef4a7,iNaturalist research-grade observations,28eb1a3f-1c15-4a95-931a-4af90ecb574d,6251656942
heliotropium indicum,Heliotropium indicum,2925788.0,2925788,18.461794,73.783896,10.070322856893544,50c9509d-22c7-4a22-a47d-8c48425ef4a7,iNaturalist research-grade observations,28eb1a3f-1c15-4a95-931a-4af90ecb574d,6251659269
cassia fistula,Cassia fistula,5357108.0,5357108,18.65876,73.775673,17.596126399442248,50c9509d-22c7-4a22-a47d-8c48425ef4a7,iNaturalist research-grade observations,28eb1a3f-1c15-4a95-931a-4af90ecb574d,6251666662
dolichandrone falcata,Dolichandrone falcata,4091174.0,4091174,18.646713,73.811937,14.816592161553109,50c9509d-22c7-4a22-a47d-8c48425ef4a7,iNaturalist research-grade observations,28eb1a3f-1c15-4a95-931a-4af90ecb574d,6251667831
calotropis gigantea,Calotropis gigantea,3579089.0,3579089,18.516289,73.926954,7.421506194561961,50c9509d-22c7-4a22-a47d-8c48425ef4a7,iNaturalist research-grade observations,28eb1a3f-1c15-4a95-931a-4af90ecb574d,6251763366
terminalia catappa,Terminalia catappa,3189394.0,3189394,18.464135,73.868008,6.369020012761307,50c9509d-22c7-4a22-a47d-8c48425ef4a7,iNaturalist research-grade observations,28eb1a3f-1c15-4a95-931a-4af90ecb574d,6251768518
terminalia catappa,Terminalia catappa,3189394.0,3189394,18.531057,73.846428,1.6053493576366833,50c9509d-22c7-4a22-a47d-8c48425ef4a7,iNaturalist research-grade observations,28eb1a3f-1c15-4a95-931a-4af90ecb574d,6251803889
butea monosperma,Butea monosperma,8234570.0,8234570,18.495262,73.79293,7.282014227725897,50c9509d-22c7-4a22-a47d-8c48425ef4a7,iNaturalist research-grade observations,28eb1a3f-1c15-4a95-931a-4af90ecb574d,6251813081
phyllanthus niruri,Phyllanthus niruri,5381945.0,5381945,18.56329,73.793938,8.156212735105706,50c9509d-22c7-4a22-a47d-8c48425ef4a7,iNaturalist research-grade observations,28eb1a3f-1c15-4a95-931a-4af90ecb574d,6251833041
abutilon indicum,Abutilon indicum,3152634.0,3152634,18.562486,73.794653,8.04285196571214,50c9509d-22c7-4a22-a47d-8c48425ef4a7,iNaturalist research-grade observations,28eb1a3f-1c15-4a95-931a-4af90ecb574d,6251875722
tecoma stans,Tecoma stans,3172492.0,3172492,18.568283,73.775405,10.089494010407162,50c9509d-22c7-4a22-a47d-8c48425ef4a7,iNaturalist research-grade observations,28eb1a3f-1c15-4a95-931a-4af90ecb574d,6251879794
carissa spinarum,Carissa spinarum,5536282.0,5536282,18.529967,73.816269,4.39351274709835,50c9509d-22c7-4a22-a47d-8c48425ef4a7,iNaturalist research-grade observations,28eb1a3f-1c15-4a95-931a-4af90ecb574d,6251880570
combretum indicum,Combretum indicum,12203608.0,12203608,18.563493,73.827462,5.697509333082249,50c9509d-22c7-4a22-a47d-8c48425ef4a7,iNaturalist research-grade observations,28eb1a3f-1c15-4a95-931a-4af90ecb574d,6251894343
salvia plebeia,Salvia plebeia,3891879.0,3891879,18.563972,73.793575,8.231682486176526,50c9509d-22c7-4a22-a47d-8c48425ef4a7,iNaturalist research-grade observations,28eb1a3f-1c15-4a95-931a-4af90ecb574d,6251904812
ficus microcarpa,Ficus microcarpa,7467639.0,7467639,18.531099,73.845501,1.6761526431333997,50c9509d-22c7-4a22-a47d-8c48425ef4a7,iNaturalist research-grade observations,28eb1a3f-1c15-4a95-931a-4af90ecb574d,6251905022
couroupita guianensis,Couroupita guianensis,3082562.0,3082562,18.555676,73.821948,5.3674184098826725,50c9509d-22c7-4a22-a47d-8c48425ef4a7,iNaturalist research-grade observations,28eb1a3f-1c15-4a95-931a-4af90ecb574d,6251939199
stephanotis volubilis,Stephanotis volubilis,12202584.0,12202584,18.52549,73.815385,4.392653595370013,50c9509d-22c7-4a22-a47d-8c48425ef4a7,iNaturalist research-grade observations,28eb1a3f-1c15-4a95-931a-4af90ecb574d,6251945069
chrozophora rottleri,Chrozophora rottleri,3054492.0,3054492,18.623993,73.654277,24.24715154478919,50c9509d-22c7-4a22-a47d-8c48425ef4a7,iNaturalist research-grade observations,28eb1a3f-1c15-4a95-931a-4af90ecb574d,6251970032
ruellia tuberosa,Ruellia tuberosa,5415418.0,5415418,18.520562,73.831892,2.615725904662991,50c9509d-22c7-4a22-a47d-8c48425ef4a7,iNaturalist research-grade observations,28eb1a3f-1c15-4a95-931a-4af90ecb574d,6251991362
ficus microcarpa,Ficus microcarpa,7467639.0,7467639,18.531547,73.846676,1.628892723876628,50c9509d-22c7-4a22-a47d-8c48425ef4a7,iNaturalist research-grade observations,28eb1a3f-1c15-4a95-931a-4af90ecb574d,6251992566
heliconia rostrata,Heliconia rostrata,2760967.0,2760967,18.515488,73.926375,7.366659676332374,50c9509d-22c7-4a22-a47d-8c48425ef4a7,iNaturalist research-grade observations,28eb1a3f-1c15-4a95-931a-4af90ecb574d,6251999193
holarrhena pubescens,Holarrhena pubescens,3169748.0,3169748,18.496717,73.792787,7.235472180337631,50c9509d-22c7-4a22-a47d-8c48425ef4a7,iNaturalist research-grade observations,28eb1a3f-1c15-4a95-931a-4af90ecb574d,6252019305
dichrostachys cinerea,Dichrostachys cinerea,2975891.0,2975891,18.537791,73.849504,2.077295202329601,50c9509d-22c7-4a22-a47d-8c48425ef4a7,iNaturalist research-grade observations,28eb1a3f-1c15-4a95-931a-4af90ecb574d,6252025975
stephanotis volubilis,Stephanotis volubilis,12202584.0,12202584,18.726151,73.666562,30.411199304026628,50c9509d-22c7-4a22-a47d-8c48425ef4a7,iNaturalist research-grade observations,28eb1a3f-1c15-4a95-931a-4af90ecb574d,6252047310
ocimum tenuiflorum,Ocimum tenuiflorum,2927100.0,2927100,18.595555,73.790439,10.891482113354432,50c9509d-22c7-4a22-a47d-8c48425ef4a7,iNaturalist research-grade observations,28eb1a3f-1c15-4a95-931a-4af90ecb574d,6252068672
dichrostachys cinerea,Dichrostachys cinerea,2975891.0,2975891,18.521059,73.821641,3.6972123156324552,50c9509d-22c7-4a22-a47d-8c48425ef4a7,iNaturalist research-grade observations,28eb1a3f-1c15-4a95-931a-4af90ecb574d,6252085353
cissus woodrowii,Cissus woodrowii,4053505.0,4053505,18.526533,73.815713,4.374920944313475,50c9509d-22c7-4a22-a47d-8c48425ef4a7,iNaturalist research-grade observations,28eb1a3f-1c15-4a95-931a-4af90ecb574d,6252089546
carica papaya,Carica papaya,2874484.0,2874484,18.553284,73.918144,7.438566891104173,50c9509d-22c7-4a22-a47d-8c48425ef4a7,iNaturalist research-grade observations,28eb1a3f-1c15-4a95-931a-4af90ecb574d,6252093744
persicaria glabra,Persicaria glabra,6391450.0,6391450,18.52549,73.815385,4.392653595370013,50c9509d-22c7-4a22-a47d-8c48425ef4a7,iNaturalist research-grade observations,28eb1a3f-1c15-4a95-931a-4af90ecb574d,6252139663
carissa carandas,Carissa carandas,5414419.0,5414419,18.497383,73.79608,6.885335293975173,50c9509d-22c7-4a22-a47d-8c48425ef4a7,iNaturalist research-grade observations,28eb1a3f-1c15-4a95-931a-4af90ecb574d,6252149519
ficus racemosa,Ficus racemosa,5361904.0,5361904,18.49573,73.827392,4.132229803118964,50c9509d-22c7-4a22-a47d-8c48425ef4a7,iNaturalist research-grade observations,28eb1a3f-1c15-4a95-931a-4af90ecb574d,6252191361
mangifera indica,Mangifera indica,3190638.0,3190638,18.464059,73.868569,6.388647990578784,50c9509d-22c7-4a22-a47d-8c48425ef4a7,iNaturalist research-grade observations,28eb1a3f-1c15-4a95-931a-4af90ecb574d,6252236610
capparis grandis,Capparis grandis,7552967.0,7552967,18.521059,73.821641,3.6972123156324552,50c9509d-22c7-4a22-a47d-8c48425ef4a7,iNaturalist research-grade observations,28eb1a3f-1c15-4a95-931a-4af90ecb574d,6252251186
verbascum coromandelianum,Verbascum coromandelianum,7333197.0,7333197,18.578552,73.781407,10.237782175254043,50c9509d-22c7-4a22-a47d-8c48425ef4a7,iNaturalist research-grade observations,28eb1a3f-1c15-4a95-931a-4af90ecb574d,6252272038
mitragyna parvifolia,Mitragyna parvifolia,2900484.0,2900484,18.562873,73.79368,8.151347011163532,50c9509d-22c7-4a22-a47d-8c48425ef4a7,iNaturalist research-grade observations,28eb1a3f-1c15-4a95-931a-4af90ecb574d,6252287315
physalis angulata,Physalis angulata,5341792.0,5341792,18.622692,73.655093,24.102968152983465,50c9509d-22c7-4a22-a47d-8c48425ef4a7,iNaturalist research-grade observations,28eb1a3f-1c15-4a95-931a-4af90ecb574d,6252288560
solanum torvum,Solanum torvum,2932389.0,2932389,18.562873,73.79368,8.151347011163532,50c9509d-22c7-4a22-a47d-8c48425ef4a7,iNaturalist research-grade observations,28eb1a3f-1c15-4a95-931a-4af90ecb574d,6252314768
calyptocarpus vialis,Calyptocarpus vialis,3091480.0,3091480,18.481915,73.810608,6.475760420534803,50c9509d-22c7-4a22-a47d-8c48425ef4a7,iNaturalist research-grade observations,28eb1a3f-1c15-4a95-931a-4af90ecb574d,6252334224
delonix regia,Delonix regia,2956176.0,2956176,18.530103,73.855255,1.0896292537916248,50c9509d-22c7-4a22-a47d-8c48425ef4a7,iNaturalist research-grade observations,28eb1a3f-1c15-4a95-931a-4af90ecb574d,6252334491
heliotropium indicum,Heliotropium indicum,2925788.0,2925788,18.577858,73.782148,10.12849762598208,50c9509d-22c7-4a22-a47d-8c48425ef4a7,iNaturalist research-grade observations,28eb1a3f-1c15-4a95-931a-4af90ecb574d,6252365582
grewia tiliifolia,Grewia tiliifolia,4259991.0,4259991,18.52964,73.815642,4.4491479650185495,50c9509d-22c7-4a22-a47d-8c48425ef4a7,iNaturalist research-grade observations,28eb1a3f-1c15-4a95-931a-4af90ecb574d,6252369653
ipomoea obscura,Ipomoea obscura,2928565.0,2928565,18.490168,73.824338,4.790134198606032,50c9509d-22c7-4a22-a47d-8c48425ef4a7,iNaturalist research-grade observations,28eb1a3f-1c15-4a95-931a-4af90ecb574d,6252370430
ocimum tenuiflorum,Ocimum tenuiflorum,2927100.0,2927100,18.595484,73.790451,10.884614992280511,50c9509d-22c7-4a22-a47d-8c48425ef4a7,iNaturalist research-grade observations,28eb1a3f-1c15-4a95-931a-4af90ecb574d,6252388568
clitoria ternatea,Clitoria ternatea,2946519.0,2946519,18.515006,73.926427,7.376302188330462,50c9509d-22c7-4a22-a47d-8c48425ef4a7,iNaturalist research-grade observations,28eb1a3f-1c15-4a95-931a-4af90ecb574d,6252390484
wrightia tinctoria,Wrightia tinctoria,5536686.0,5536686,18.496742,73.792503,7.262364598408525,50c9509d-22c7-4a22-a47d-8c48425ef4a7,iNaturalist research-grade observations,28eb1a3f-1c15-4a95-931a-4af90ecb574d,6252396861
pistia stratiotes,Pistia stratiotes,2870583.0,2870583,18.726151,73.666562,30.411199304026628,50c9509d-22c7-4a22-a47d-8c48425ef4a7,iNaturalist research-grade observations,28eb1a3f-1c15-4a95-931a-4af90ecb574d,6252402204
dendrophthoe falcata,Dendrophthoe falcata,7595217.0,7595217,18.531531,73.813856,4.683667432963349,50c9509d-22c7-4a22-a47d-8c48425ef4a7,iNaturalist research-grade observations,28eb1a3f-1c15-4a95-931a-4af90ecb574d,6252405717
lannea coromandelica,Lannea coromandelica,3661151.0,3661151,18.525988,73.815732,4.363908808109782,50c9509d-22c7-4a22-a47d-8c48425ef4a7,iNaturalist research-grade observations,28eb1a3f-1c15-4a95-931a-4af90ecb574d,6252405829
persicaria glabra,Persicaria glabra,6391450.0,6391450,18.529194,73.816819,4.317004273828027,50c9509d-22c7-4a22-a47d-8c48425ef4a7,iNaturalist research-grade observations,28eb1a3f-1c15-4a95-931a-4af90ecb574d,6252419002
butea monosperma,Butea monosperma,8234570.0,8234570,18.527371,73.816468,4.312071050822171,50c9509d-22c7-4a22-a47d-8c48425ef4a7,iNaturalist research-grade observations,28eb1a3f-1c15-4a95-931a-4af90ecb574d,6252512329
diospyros malabarica,Diospyros malabarica,7295796.0,7295796,18.567405,73.825019,6.202691490201383,50c9509d-22c7-4a22-a47d-8c48425ef4a7,iNaturalist research-grade observations,28eb1a3f-1c15-4a95-931a-4af90ecb574d,6252516347
wodyetia bifurcata,Wodyetia bifurcata,2736620.0,2736620,18.514958,73.945297,9.361072171293465,50c9509d-22c7-4a22-a47d-8c48425ef4a7,iNaturalist research-grade observations,28eb1a3f-1c15-4a95-931a-4af90ecb574d,6252530520
sida cordata,Sida cordata,5406739.0,5406739,18.562873,73.79368,8.151347011163532,50c9509d-22c7-4a22-a47d-8c48425ef4a7,iNaturalist research-grade observations,28eb1a3f-1c15-4a95-931a-4af90ecb574d,6252574352
morinda coreia,Morinda coreia,5339862.0,5339862,18.52964,73.815642,4.4491479650185495,50c9509d-22c7-4a22-a47d-8c48425ef4a7,iNaturalist research-grade observations,28eb1a3f-1c15-4a95-931a-4af90ecb574d,6252598404
physalis angulata,Physalis angulata,5341792.0,5341792,18.626264,73.651023,24.668871755443604,50c9509d-22c7-4a22-a47d-8c48425ef4a7,iNaturalist research-grade observations,28eb1a3f-1c15-4a95-931a-4af90ecb574d,6252633146
jacaranda mimosifolia,Jacaranda mimosifolia,3172499.0,3172499,18.53583,73.83728,2.671318987234425,50c9509d-22c7-4a22-a47d-8c48425ef4a7,iNaturalist research-grade observations,28eb1a3f-1c15-4a95-931a-4af90ecb574d,6252645204
portulaca quadrifida,Portulaca quadrifida,3084699.0,3084699,18.515006,73.926427,7.376302188330462,50c9509d-22c7-4a22-a47d-8c48425ef4a7,iNaturalist research-grade observations,28eb1a3f-1c15-4a95-931a-4af90ecb574d,6252661325
cassia fistula,Cassia fistula,5357108.0,5357108,18.500237,73.834349,3.252835390427279,50c9509d-22c7-4a22-a47d-8c48425ef4a7,iNaturalist research-grade observations,28eb1a3f-1c15-4a95-931a-4af90ecb574d,6252683624
nymphaea rubra,Nymphaea rubra,7365664.0,7365664,18.521059,73.821641,3.6972123156324552,50c9509d-22c7-4a22-a47d-8c48425ef4a7,iNaturalist research-grade observations,28eb1a3f-1c15-4a95-931a-4af90ecb574d,6252744696
alternanthera ficoidea,Alternanthera ficoidea,8160803.0,8160803,18.529717,73.814939,4.523249084068973,50c9509d-22c7-4a22-a47d-8c48425ef4a7,iNaturalist research-grade observations,28eb1a3f-1c15-4a95-931a-4af90ecb574d,6252804105
cuscuta campestris,Cuscuta campestris,3610757.0,3610757,18.56329,73.793938,8.156212735105706,50c9509d-22c7-4a22-a47d-8c48425ef4a7,iNaturalist research-grade observations,28eb1a3f-1c15-4a95-931a-4af90ecb574d,6252809716
ficus benjamina,Ficus benjamina,5361932.0,5361932,18.529847,73.863425,1.2673608961330893,50c9509d-22c7-4a22-a47d-8c48425ef4a7,iNaturalist research-grade observations,28eb1a3f-1c15-4a95-931a-4af90ecb574d,6252902065
moringa oleifera,Moringa oleifera,3054181.0,3054181,18.464157,73.868646,6.379560783166317,50c9509d-22c7-4a22-a47d-8c48425ef4a7,iNaturalist research-grade observations,28eb1a3f-1c15-4a95-931a-4af90ecb574d,6252916966
cassia fistula,Cassia fistula,5357108.0,5357108,18.517272,73.942467,9.049729050798774,50c9509d-22c7-4a22-a47d-8c48425ef4a7,iNaturalist research-grade observations,28eb1a3f-1c15-4a95-931a-4af90ecb574d,6252963973
verbascum coromandelianum,Verbascum coromandelianum,7333197.0,7333197,18.52964,73.815642,4.4491479650185495,50c9509d-22c7-4a22-a47d-8c48425ef4a7,iNaturalist research-grade observations,28eb1a3f-1c15-4a95-931a-4af90ecb574d,6252965824
grewia tiliifolia,Grewia tiliifolia,4259991.0,4259991,18.526992,73.816501,4.301271188237249,50c9509d-22c7-4a22-a47d-8c48425ef4a7,iNaturalist research-grade observations,28eb1a3f-1c15-4a95-931a-4af90ecb574d,6252974146
carissa spinarum,Carissa spinarum,5536282.0,5536282,18.421494,73.950511,14.793345608335608,50c9509d-22c7-4a22-a47d-8c48425ef4a7,iNaturalist research-grade observations,28eb1a3f-1c15-4a95-931a-4af90ecb574d,6252974219
dichrostachys cinerea,Dichrostachys cinerea,2975891.0,2975891,18.679224,73.752047,20.82143799428573,50c9509d-22c7-4a22-a47d-8c48425ef4a7,iNaturalist research-grade observations,28eb1a3f-1c15-4a95-931a-4af90ecb574d,6253004654
stephanotis volubilis,Stephanotis volubilis,12202584.0,12202584,18.52964,73.815642,4.4491479650185495,50c9509d-22c7-4a22-a47d-8c48425ef4a7,iNaturalist research-grade observations,28eb1a3f-1c15-4a95-931a-4af90ecb574d,6253015120
jatropha nana,Jatropha nana,3072834.0,3072834,18.527955,73.936945,8.502158352690863,50c9509d-22c7-4a22-a47d-8c48425ef4a7,iNaturalist research-grade observations,28eb1a3f-1c15-4a95-931a-4af90ecb574d,6253016222
gmelina arborea,Gmelina arborea,8247889.0,8247889,18.554642,73.789114,8.078823292646844,50c9509d-22c7-4a22-a47d-8c48425ef4a7,iNaturalist research-grade observations,28eb1a3f-1c15-4a95-931a-4af90ecb574d,6253036183
boswellia serrata,Boswellia serrata,5421354.0,5421354,18.526527,73.814695,4.48087103528994,50c9509d-22c7-4a22-a47d-8c48425ef4a7,iNaturalist research-grade observations,28eb1a3f-1c15-4a95-931a-4af90ecb574d,6253036841
cocos nucifera,Cocos nucifera,2735117.0,2735117,18.563728,73.782508,9.186310749088054,50c9509d-22c7-4a22-a47d-8c48425ef4a7,iNaturalist research-grade observations,28eb1a3f-1c15-4a95-931a-4af90ecb574d,6253078323
holoptelea integrifolia,Holoptelea integrifolia,4160169.0,4160169,18.562986,73.794478,8.090271786411718,50c9509d-22c7-4a22-a47d-8c48425ef4a7,iNaturalist research-grade observations,28eb1a3f-1c15-4a95-931a-4af90ecb574d,6253081916
ficus microcarpa,Ficus microcarpa,7467639.0,7467639,18.531521,73.845235,1.7292629740563927,50c9509d-22c7-4a22-a47d-8c48425ef4a7,iNaturalist research-grade observations,28eb1a3f-1c15-4a95-931a-4af90ecb574d,6253084104
ficus racemosa,Ficus racemosa,5361904.0,5361904,18.530088,73.847795,1.428981496346272,50c9509d-22c7-4a22-a47d-8c48425ef4a7,iNaturalist research-grade observations,28eb1a3f-1c15-4a95-931a-4af90ecb574d,6253092176
lannea coromandelica,Lannea coromandelica,3661151.0,3661151,18.526481,73.8156,4.385795267644473,50c9509d-22c7-4a22-a47d-8c48425ef4a7,iNaturalist research-grade observations,28eb1a3f-1c15-4a95-931a-4af90ecb574d,6253100235
peltophorum pterocarpum,Peltophorum pterocarpum,2952775.0,2952775,18.53074,73.846445,1.5782813314782154,50c9509d-22c7-4a22-a47d-8c48425ef4a7,iNaturalist research-grade observations,28eb1a3f-1c15-4a95-931a-4af90ecb574d,6253101177
solanum torvum,Solanum torvum,2932389.0,2932389,18.56291,73.794403,8.091745560630843,50c9509d-22c7-4a22-a47d-8c48425ef4a7,iNaturalist research-grade observations,28eb1a3f-1c15-4a95-931a-4af90ecb574d,6253108076
broussonetia papyrifera,Broussonetia papyrifera,5361944.0,5361944,18.530226,73.846962,1.4993044678286047,50c9509d-22c7-4a22-a47d-8c48425ef4a7,iNaturalist research-grade observations,28eb1a3f-1c15-4a95-931a-4af90ecb574d,6253120304
syzygium cumini,Syzygium cumini,3183840.0,3183840,18.517425,73.94537,9.354973597242365,50c9509d-22c7-4a22-a47d-8c48425ef4a7,iNaturalist research-grade observations,28eb1a3f-1c15-4a95-931a-4af90ecb574d,6253127027
eclipta prostrata,Eclipta prostrata,5384950.0,5384950,18.52964,73.815642,4.4491479650185495,50c9509d-22c7-4a22-a47d-8c48425ef4a7,iNaturalist research-grade observations,28eb1a3f-1c15-4a95-931a-4af90ecb574d,6253131254
dichrostachys cinerea,Dichrostachys cinerea,2975891.0,2975891,18.548985,73.829912,4.251940774866873,50c9509d-22c7-4a22-a47d-8c48425ef4a7,iNaturalist research-grade observations,28eb1a3f-1c15-4a95-931a-4af90ecb574d,6253155498
mangifera indica,Mangifera indica,3190638.0,3190638,18.529957,73.849826,1.2863026315702424,50c9509d-22c7-4a22-a47d-8c48425ef4a7,iNaturalist research-grade observations,28eb1a3f-1c15-4a95-931a-4af90ecb574d,6253164399
bidens pilosa,Bidens pilosa,5391845.0,5391845,18.726151,73.666562,30.411199304026628,50c9509d-22c7-4a22-a47d-8c48425ef4a7,iNaturalist research-grade observations,28eb1a3f-1c15-4a95-931a-4af90ecb574d,6253166868
grangea maderaspatana,Grangea maderaspatana,8028873.0,8028873,18.564029,73.793565,8.236265582019197,50c9509d-22c7-4a22-a47d-8c48425ef4a7,iNaturalist research-grade observations,28eb1a3f-1c15-4a95-931a-4af90ecb574d,6253176191
eclipta prostrata,Eclipta prostrata,5384950.0,5384950,18.515006,73.926427,7.376302188330462,50c9509d-22c7-4a22-a47d-8c48425ef4a7,iNaturalist research-grade observations,28eb1a3f-1c15-4a95-931a-4af90ecb574d,6253213411
cardiospermum halicacabum,Cardiospermum halicacabum,3189939.0,3189939,18.5663,73.8254,6.077618352271987,50c9509d-22c7-4a22-a47d-8c48425ef4a7,iNaturalist research-grade observations,28eb1a3f-1c15-4a95-931a-4af90ecb574d,6253222342
senna auriculata,Senna auriculata,2956966.0,2956966,18.495625,73.792687,7.290326086748485,50c9509d-22c7-4a22-a47d-8c48425ef4a7,iNaturalist research-grade observations,28eb1a3f-1c15-4a95-931a-4af90ecb574d,6253231365
passiflora vesicaria,Passiflora vesicaria,3588353.0,3588353,18.726151,73.666562,30.411199304026628,50c9509d-22c7-4a22-a47d-8c48425ef4a7,iNaturalist research-grade observations,28eb1a3f-1c15-4a95-931a-4af90ecb574d,6253231380
agave vivipara,Agave vivipara,2766811.0,2766811,18.557358,73.788939,8.24141000449718,50c9509d-22c7-4a22-a47d-8c48425ef4a7,iNaturalist research-grade observations,28eb1a3f-1c15-4a95-931a-4af90ecb574d,6253255072
kalanchoe pinnata,Kalanchoe pinnata,2985930.0,2985930,18.527515,73.822993,3.6408666772091807,50c9509d-22c7-4a22-a47d-8c48425ef4a7,iNaturalist research-grade observations,28eb1a3f-1c15-4a95-931a-4af90ecb574d,6253267912
persicaria glabra,Persicaria glabra,6391450.0,6391450,18.626432,73.650318,24.743087348965084,50c9509d-22c7-4a22-a47d-8c48425ef4a7,iNaturalist research-grade observations,28eb1a3f-1c15-4a95-931a-4af90ecb574d,6253268515
dalbergia sissoo,Dalbergia sissoo,2968532.0,2968532,18.497122,73.789963,7.497930581779246,50c9509d-22c7-4a22-a47d-8c48425ef4a7,iNaturalist research-grade observations,28eb1a3f-1c15-4a95-931a-4af90ecb574d,6253280368
tamarindus indica,Tamarindus indica,2975768.0,2975768,18.563583,73.794103,8.161229526263691,50c9509d-22c7-4a22-a47d-8c48425ef4a7,iNaturalist research-grade observations,28eb1a3f-1c15-4a95-931a-4af90ecb574d,6253296258
holarrhena pubescens,Holarrhena pubescens,3169748.0,3169748,18.496645,73.7929,7.227299090417294,50c9509d-22c7-4a22-a47d-8c48425ef4a7,iNaturalist research-grade observations,28eb1a3f-1c15-4a95-931a-4af90ecb574d,6253303103
peltophorum pterocarpum,Peltophorum pterocarpum,2952775.0,2952775,18.529725,73.849158,1.3066979628134614,50c9509d-22c7-4a22-a47d-8c48425ef4a7,iNaturalist research-grade observations,28eb1a3f-1c15-4a95-931a-4af90ecb574d,6253303903
putranjiva formosana,Putranjiva formosana,3076076.0,3076076,18.533733,73.826044,3.55593394706019,50c9509d-22c7-4a22-a47d-8c48425ef4a7,iNaturalist research-grade observations,28eb1a3f-1c15-4a95-931a-4af90ecb574d,6253306870
macroptilium atropurpureum,Macroptilium atropurpureum,2945047.0,2945047,18.496995,73.79023,7.4764207131621605,50c9509d-22c7-4a22-a47d-8c48425ef4a7,iNaturalist research-grade observations,28eb1a3f-1c15-4a95-931a-4af90ecb574d,6253321112
cassia fistula,Cassia fistula,5357108.0,5357108,18.53061,73.816034,4.435309235937545,50c9509d-22c7-4a22-a47d-8c48425ef4a7,iNaturalist research-grade observations,28eb1a3f-1c15-4a95-931a-4af90ecb574d,6253326162
dalbergia melanoxylon,Dalbergia melanoxylon,2968897.0,2968897,18.59525,73.697417,18.740163052001435,50c9509d-22c7-4a22-a47d-8c48425ef4a7,iNaturalist research-grade observations,28eb1a3f-1c15-4a95-931a-4af90ecb574d,6253327830
grewia tiliifolia,Grewia tiliifolia,4259991.0,4259991,18.679224,73.752047,20.82143799428573,50c9509d-22c7-4a22-a47d-8c48425ef4a7,iNaturalist research-grade observations,28eb1a3f-1c15-4a95-931a-4af90ecb574d,6253343073
urena lobata,Urena lobata,3152253.0,3152253,18.56329,73.793938,8.156212735105706,50c9509d-22c7-4a22-a47d-8c48425ef4a7,iNaturalist research-grade observations,28eb1a3f-1c15-4a95-931a-4af90ecb574d,6253353414
ipomoea carnea,Ipomoea carnea,2928590.0,2928590,18.5588,73.791367,8.103849405482604,50c9509d-22c7-4a22-a47d-8c48425ef4a7,iNaturalist research-grade observations,28eb1a3f-1c15-4a95-931a-4af90ecb574d,6253359588
stephanotis volubilis,Stephanotis volubilis,12202584.0,12202584,18.496675,73.792808,7.235112111750504,50c9509d-22c7-4a22-a47d-8c48425ef4a7,iNaturalist research-grade observations,28eb1a3f-1c15-4a95-931a-4af90ecb574d,6253374645
erythrina stricta,Erythrina stricta,5349642.0,5349642,18.58164,73.779438,10.616385700528848,50c9509d-22c7-4a22-a47d-8c48425ef4a7,iNaturalist research-grade observations,28eb1a3f-1c15-4a95-931a-4af90ecb574d,6273152735
broussonetia papyrifera,Broussonetia papyrifera,5361944.0,5361944,18.531432,73.844978,1.7413256395085268,50c9509d-22c7-4a22-a47d-8c48425ef4a7,iNaturalist research-grade observations,28eb1a3f-1c15-4a95-931a-4af90ecb574d,6273161944
ficus microcarpa,Ficus microcarpa,7467639.0,7467639,18.531087,73.845448,1.6791491330540562,50c9509d-22c7-4a22-a47d-8c48425ef4a7,iNaturalist research-grade observations,28eb1a3f-1c15-4a95-931a-4af90ecb574d,6273194692
phyllanthus reticulatus,Phyllanthus reticulatus,5382478.0,5382478,18.582358,73.778993,10.703617164199938,50c9509d-22c7-4a22-a47d-8c48425ef4a7,iNaturalist research-grade observations,28eb1a3f-1c15-4a95-931a-4af90ecb574d,6273316734
millingtonia hortensis,Millingtonia hortensis,7629955.0,7629955,18.529923,73.849198,1.3217080227419165,50c9509d-22c7-4a22-a47d-8c48425ef4a7,iNaturalist research-grade observations,28eb1a3f-1c15-4a95-931a-4af90ecb574d,6273388399
peltophorum pterocarpum,Peltophorum pterocarpum,2952775.0,2952775,18.530967,73.846392,1.6005514746754634,50c9509d-22c7-4a22-a47d-8c48425ef4a7,iNaturalist research-grade observations,28eb1a3f-1c15-4a95-931a-4af90ecb574d,6273415909
putranjiva roxburghii,Putranjiva roxburghii,3076079.0,3076079,18.530048,73.851721,1.1943605123399053,50c9509d-22c7-4a22-a47d-8c48425ef4a7,iNaturalist research-grade observations,28eb1a3f-1c15-4a95-931a-4af90ecb574d,6273450541
senna siamea,Senna siamea,2956905.0,2956905,18.535988,73.837573,2.659133692981985,50c9509d-22c7-4a22-a47d-8c48425ef4a7,iNaturalist research-grade observations,28eb1a3f-1c15-4a95-931a-4af90ecb574d,6273451989
pithecellobium dulce,Pithecellobium dulce,2962831.0,2962831,18.58235,73.778968,10.70506194530147,50c9509d-22c7-4a22-a47d-8c48425ef4a7,iNaturalist research-grade observations,28eb1a3f-1c15-4a95-931a-4af90ecb574d,6273470762
tamarindus indica,Tamarindus indica,2975768.0,2975768,18.532862,73.842023,2.0771975533966653,50c9509d-22c7-4a22-a47d-8c48425ef4a7,iNaturalist research-grade observations,28eb1a3f-1c15-4a95-931a-4af90ecb574d,6273479564
terminalia catappa,Terminalia catappa,3189394.0,3189394,18.530322,73.848125,1.4263944424168498,50c9509d-22c7-4a22-a47d-8c48425ef4a7,iNaturalist research-grade observations,28eb1a3f-1c15-4a95-931a-4af90ecb574d,6273483951
pithecellobium dulce,Pithecellobium dulce,2962831.0,2962831,18.58237,73.778876,10.713917306031483,50c9509d-22c7-4a22-a47d-8c48425ef4a7,iNaturalist research-grade observations,28eb1a3f-1c15-4a95-931a-4af90ecb574d,6273532851
peltophorum pterocarpum,Peltophorum pterocarpum,2952775.0,2952775,18.530562,73.847558,1.4852157916193736,50c9509d-22c7-4a22-a47d-8c48425ef4a7,iNaturalist research-grade observations,28eb1a3f-1c15-4a95-931a-4af90ecb574d,6273552303
holoptelea integrifolia,Holoptelea integrifolia,4160169.0,4160169,18.535463,73.837508,2.626733112074398,50c9509d-22c7-4a22-a47d-8c48425ef4a7,iNaturalist research-grade observations,28eb1a3f-1c15-4a95-931a-4af90ecb574d,6273578795
pithecellobium dulce,Pithecellobium dulce,2962831.0,2962831,18.530372,73.847932,1.4436439094564735,50c9509d-22c7-4a22-a47d-8c48425ef4a7,iNaturalist research-grade observations,28eb1a3f-1c15-4a95-931a-4af90ecb574d,6273596990
salix tetrasperma,Salix tetrasperma,5582578.0,5582578,18.582446,73.778922,10.715642247534321,50c9509d-22c7-4a22-a47d-8c48425ef4a7,iNaturalist research-grade observations,28eb1a3f-1c15-4a95-931a-4af90ecb574d,6273605989
wodyetia bifurcata,Wodyetia bifurcata,2736620.0,2736620,18.53289,73.842044,2.077628533151717,50c9509d-22c7-4a22-a47d-8c48425ef4a7,iNaturalist research-grade observations,28eb1a3f-1c15-4a95-931a-4af90ecb574d,6273632549
ceiba pentandra,Ceiba pentandra,5406697.0,5406697,18.530845,73.846725,1.5668405160371688,50c9509d-22c7-4a22-a47d-8c48425ef4a7,iNaturalist research-grade observations,28eb1a3f-1c15-4a95-931a-4af90ecb574d,6273638154
peltophorum pterocarpum,Peltophorum pterocarpum,2952775.0,2952775,18.53103,73.84762,1.52105818188374,50c9509d-22c7-4a22-a47d-8c48425ef4a7,iNaturalist research-grade observations,28eb1a3f-1c15-4a95-931a-4af90ecb574d,6273661049
dalbergia melanoxylon,Dalbergia melanoxylon,2968897.0,2968897,18.530519,73.996039,14.73398732459206,50c9509d-22c7-4a22-a47d-8c48425ef4a7,iNaturalist research-grade observations,28eb1a3f-1c15-4a95-931a-4af90ecb574d,6273681456
bombax ceiba,Bombax ceiba,3152226.0,3152226,18.563416,73.827666,5.678689862025009,50c9509d-22c7-4a22-a47d-8c48425ef4a7,iNaturalist research-grade observations,28eb1a3f-1c15-4a95-931a-4af90ecb574d,6273687477
ficus microcarpa,Ficus microcarpa,7467639.0,7467639,18.535383,73.837534,2.618954543374687,50c9509d-22c7-4a22-a47d-8c48425ef4a7,iNaturalist research-grade observations,28eb1a3f-1c15-4a95-931a-4af90ecb574d,6273743564
sterculia foetida,Sterculia foetida,5406675.0,5406675,18.529758,73.848987,1.3206363481930257,50c9509d-22c7-4a22-a47d-8c48425ef4a7,iNaturalist research-grade observations,28eb1a3f-1c15-4a95-931a-4af90ecb574d,6273752476
ficus microcarpa,Ficus microcarpa,7467639.0,7467639,18.531239,73.845244,1.7063091098399001,50c9509d-22c7-4a22-a47d-8c48425ef4a7,iNaturalist research-grade observations,28eb1a3f-1c15-4a95-931a-4af90ecb574d,6273764705
pithecellobium dulce,Pithecellobium dulce,2962831.0,2962831,18.58267,73.778832,10.738942082983757,50c9509d-22c7-4a22-a47d-8c48425ef4a7,iNaturalist research-grade observations,28eb1a3f-1c15-4a95-931a-4af90ecb574d,6273773702
peltophorum pterocarpum,Peltophorum pterocarpum,2952775.0,2952775,18.530857,73.846597,1.5769143018715737,50c9509d-22c7-4a22-a47d-8c48425ef4a7,iNaturalist research-grade observations,28eb1a3f-1c15-4a95-931a-4af90ecb574d,6273776372
ceiba pentandra,Ceiba pentandra,5406697.0,5406697,18.530908,73.846066,1.619346231756515,50c9509d-22c7-4a22-a47d-8c48425ef4a7,iNaturalist research-grade observations,28eb1a3f-1c15-4a95-931a-4af90ecb574d,6273866396
phoenix sylvestris,Phoenix sylvestris,5293177.0,5293177,18.581089,73.779857,10.543226682308106,50c9509d-22c7-4a22-a47d-8c48425ef4a7,iNaturalist research-grade observations,28eb1a3f-1c15-4a95-931a-4af90ecb574d,6273886063
araucaria columnaris,Araucaria columnaris,2684921.0,2684921,18.530762,73.846126,1.6032666035758147,50c9509d-22c7-4a22-a47d-8c48425ef4a7,iNaturalist research-grade observations,28eb1a3f-1c15-4a95-931a-4af90ecb574d,6273907651
ziziphus mauritiana,Ziziphus mauritiana,3039424.0,3039424,18.58162,73.779479,10.611643784737291,50c9509d-22c7-4a22-a47d-8c48425ef4a7,iNaturalist research-grade observations,28eb1a3f-1c15-4a95-931a-4af90ecb574d,6273945645
broussonetia papyrifera,Broussonetia papyrifera,5361944.0,5361944,18.533675,73.840837,2.230712248863341,50c9509d-22c7-4a22-a47d-8c48425ef4a7,iNaturalist research-grade observations,28eb1a3f-1c15-4a95-931a-4af90ecb574d,6274111407
peltophorum pterocarpum,Peltophorum pterocarpum,2952775.0,2952775,18.537845,73.88562,3.61380787453623,50c9509d-22c7-4a22-a47d-8c48425ef4a7,iNaturalist research-grade observations,28eb1a3f-1c15-4a95-931a-4af90ecb574d,6274119408
ficus microcarpa,Ficus microcarpa,7467639.0,7467639,18.531388,73.845175,1.7231737612655562,50c9509d-22c7-4a22-a47d-8c48425ef4a7,iNaturalist research-grade observations,28eb1a3f-1c15-4a95-931a-4af90ecb574d,6274198318
senna siamea,Senna siamea,2956905.0,2956905,18.529864,73.852521,1.1408658869712924,50c9509d-22c7-4a22-a47d-8c48425ef4a7,iNaturalist research-grade observations,28eb1a3f-1c15-4a95-931a-4af90ecb574d,6274273512
holoptelea integrifolia,Holoptelea integrifolia,4160169.0,4160169,18.533032,73.841693,2.115746347911442,50c9509d-22c7-4a22-a47d-8c48425ef4a7,iNaturalist research-grade observations,28eb1a3f-1c15-4a95-931a-4af90ecb574d,6274308956
plumeria rubra,Plumeria rubra,3169674.0,3169674,18.530761,73.849808,1.3621049753258323,50c9509d-22c7-4a22-a47d-8c48425ef4a7,iNaturalist research-grade observations,28eb1a3f-1c15-4a95-931a-4af90ecb574d,6274320384
pithecellobium dulce,Pithecellobium dulce,2962831.0,2962831,18.581057,73.77983,10.543137615071052,50c9509d-22c7-4a22-a47d-8c48425ef4a7,iNaturalist research-grade observations,28eb1a3f-1c15-4a95-931a-4af90ecb574d,6320090497
euphorbia hirta,Euphorbia hirta,3068937.0,3068937,18.593285,73.80072,10.02520658747175,50c9509d-22c7-4a22-a47d-8c48425ef4a7,iNaturalist research-grade observations,28eb1a3f-1c15-4a95-931a-4af90ecb574d,6320222024
euphorbia hirta,Euphorbia hirta,3068937.0,3068937,18.593254,73.800728,10.021923982062047,50c9509d-22c7-4a22-a47d-8c48425ef4a7,iNaturalist research-grade observations,28eb1a3f-1c15-4a95-931a-4af90ecb574d,6320266658
swietenia macrophylla,Swietenia macrophylla,3190484.0,3190484,18.486034,73.966139,12.156246991141032,50c9509d-22c7-4a22-a47d-8c48425ef4a7,iNaturalist research-grade observations,28eb1a3f-1c15-4a95-931a-4af90ecb574d,6320474977
roystonea regia,Roystonea regia,2733755.0,2733755,18.530221,73.851003,1.2463351183636706,50c9509d-22c7-4a22-a47d-8c48425ef4a7,iNaturalist research-grade observations,28eb1a3f-1c15-4a95-931a-4af90ecb574d,6320708494
euphorbia hirta,Euphorbia hirta,3068937.0,3068937,18.589724,73.797234,9.935602880380019,50c9509d-22c7-4a22-a47d-8c48425ef4a7,iNaturalist research-grade observations,28eb1a3f-1c15-4a95-931a-4af90ecb574d,6320950340
pongamia pinnata,Pongamia pinnata,2965911.0,2965911,18.579383,73.781225,10.311175989023594,50c9509d-22c7-4a22-a47d-8c48425ef4a7,iNaturalist research-grade observations,28eb1a3f-1c15-4a95-931a-4af90ecb574d,6321087019
ficus exasperata,Ficus exasperata,7687857.0,7687857,18.486373,73.465644,41.408833035425374,50c9509d-22c7-4a22-a47d-8c48425ef4a7,iNaturalist research-grade observations,28eb1a3f-1c15-4a95-931a-4af90ecb574d,6321173497
ficus racemosa,Ficus racemosa,5361904.0,5361904,18.500208,73.801239,6.26415839290045,50c9509d-22c7-4a22-a47d-8c48425ef4a7,iNaturalist research-grade observations,28eb1a3f-1c15-4a95-931a-4af90ecb574d,6321223031
coccinia grandis,Coccinia grandis,2874564.0,2874564,18.565085,73.826954,5.875573638526641,50c9509d-22c7-4a22-a47d-8c48425ef4a7,iNaturalist research-grade observations,28eb1a3f-1c15-4a95-931a-4af90ecb574d,6334083587
mangifera indica,Mangifera indica,3190638.0,3190638,18.581087,73.77969,10.556616707741506,50c9509d-22c7-4a22-a47d-8c48425ef4a7,iNaturalist research-grade observations,28eb1a3f-1c15-4a95-931a-4af90ecb574d,6334214303
tridax procumbens,Tridax procumbens,3149462.0,3149462,18.599084,73.719475,16.905352723959066,50c9509d-22c7-4a22-a47d-8c48425ef4a7,iNaturalist research-grade observations,28eb1a3f-1c15-4a95-931a-4af90ecb574d,6334366896
mangifera indica,Mangifera indica,3190638.0,3190638,18.580933,73.779639,10.549820876400792,50c9509d-22c7-4a22-a47d-8c48425ef4a7,iNaturalist research-grade observations,28eb1a3f-1c15-4a95-931a-4af90ecb574d,6334381553
mangifera indica,Mangifera indica,3190638.0,3190638,18.581053,73.779677,10.555255200462309,50c9509d-22c7-4a22-a47d-8c48425ef4a7,iNaturalist research-grade observations,28eb1a3f-1c15-4a95-931a-4af90ecb574d,6334464366
tridax procumbens,Tridax procumbens,3149462.0,3149462,18.599517,73.721173,16.777635894038184,50c9509d-22c7-4a22-a47d-8c48425ef4a7,iNaturalist research-grade observations,28eb1a3f-1c15-4a95-931a-4af90ecb574d,6334607331
canna indica,Canna indica,8034409.0,8034409,18.600625,73.721858,16.78132226909695,50c9509d-22c7-4a22-a47d-8c48425ef4a7,iNaturalist research-grade observations,28eb1a3f-1c15-4a95-931a-4af90ecb574d,6334639700
pongamia pinnata,Pongamia pinnata,2965911.0,2965911,18.581358,73.779557,10.586665755928792,50c9509d-22c7-4a22-a47d-8c48425ef4a7,iNaturalist research-grade observations,28eb1a3f-1c15-4a95-931a-4af90ecb574d,6334780399
phyllanthus reticulatus,Phyllanthus reticulatus,5382478.0,5382478,18.580863,73.779695,10.54031054610749,50c9509d-22c7-4a22-a47d-8c48425ef4a7,iNaturalist research-grade observations,28eb1a3f-1c15-4a95-931a-4af90ecb574d,6334904880
pongamia pinnata,Pongamia pinnata,2965911.0,2965911,18.58141,73.779562,10.589963078099471,50c9509d-22c7-4a22-a47d-8c48425ef4a7,iNaturalist research-grade observations,28eb1a3f-1c15-4a95-931a-4af90ecb574d,6334947370
mangifera indica,Mangifera indica,3190638.0,3190638,18.580847,73.77975,10.534710927673006,50c9509d-22c7-4a22-a47d-8c48425ef4a7,iNaturalist research-grade observations,28eb1a3f-1c15-4a95-931a-4af90ecb574d,6334987742
spathodea campanulata,Spathodea campanulata,3172574.0,3172574,18.595613,73.790314,10.904881717169486,50c9509d-22c7-4a22-a47d-8c48425ef4a7,iNaturalist research-grade observations,28eb1a3f-1c15-4a95-931a-4af90ecb574d,6352546882
melinis repens,Melinis repens,2702504.0,2702504,18.626177,73.649672,24.789520301317648,50c9509d-22c7-4a22-a47d-8c48425ef4a7,iNaturalist research-grade observations,28eb1a3f-1c15-4a95-931a-4af90ecb574d,6352579565
melinis repens,Melinis repens,2702504.0,2702504,18.623993,73.654277,24.24715154478919,50c9509d-22c7-4a22-a47d-8c48425ef4a7,iNaturalist research-grade observations,28eb1a3f-1c15-4a95-931a-4af90ecb574d,6352864383
zanthoxylum sapindoides,Zanthoxylum sapindoides,3834451.0,9717884,18.378967,74.3012,49.45304297551121,50c9509d-22c7-4a22-a47d-8c48425ef4a7,iNaturalist research-grade observations,28eb1a3f-1c15-4a95-931a-4af90ecb574d,6353091919
passiflora vesicaria,Passiflora vesicaria,3588353.0,3588353,18.563058,73.794522,8.09120093565984,50c9509d-22c7-4a22-a47d-8c48425ef4a7,iNaturalist research-grade observations,28eb1a3f-1c15-4a95-931a-4af90ecb574d,6353360514
nerium oleander,Nerium oleander,3169756.0,3169756,18.600315,73.71869,17.04711614587919,50c9509d-22c7-4a22-a47d-8c48425ef4a7,iNaturalist research-grade observations,28eb1a3f-1c15-4a95-931a-4af90ecb574d,6398617211
tradescantia zebrina,Tradescantia zebrina,2765359.0,2765359,18.553411,73.918015,7.433687389782705,50c9509d-22c7-4a22-a47d-8c48425ef4a7,iNaturalist research-grade observations,28eb1a3f-1c15-4a95-931a-4af90ecb574d,6398808774
boswellia serrata,Boswellia serrata,5421354.0,5421354,18.527094,73.816645,4.288264395925187,50c9509d-22c7-4a22-a47d-8c48425ef4a7,iNaturalist research-grade observations,28eb1a3f-1c15-4a95-931a-4af90ecb574d,6398954812
boswellia serrata,Boswellia serrata,5421354.0,5421354,18.528158,73.816071,4.369674140804363,50c9509d-22c7-4a22-a47d-8c48425ef4a7,iNaturalist research-grade observations,28eb1a3f-1c15-4a95-931a-4af90ecb574d,6399617292
tectona grandis,Tectona grandis,2925649.0,2925649,18.635261,73.665828,23.829821006885396,50c9509d-22c7-4a22-a47d-8c48425ef4a7,iNaturalist research-grade observations,28eb1a3f-1c15-4a95-931a-4af90ecb574d,6400499758
catharanthus roseus,Catharanthus roseus,3169830.0,3169830,18.599938,73.718932,17.00352308032016,50c9509d-22c7-4a22-a47d-8c48425ef4a7,iNaturalist research-grade observations,28eb1a3f-1c15-4a95-931a-4af90ecb574d,6413049486
mesosphaerum suaveolens,Mesosphaerum suaveolens,3889017.0,3889017,18.522101,73.813771,4.530205025209557,50c9509d-22c7-4a22-a47d-8c48425ef4a7,iNaturalist research-grade observations,28eb1a3f-1c15-4a95-931a-4af90ecb574d,6413748812
carissa carandas,Carissa carandas,5414419.0,5414419,18.550052,73.984082,13.82835794544679,50c9509d-22c7-4a22-a47d-8c48425ef4a7,iNaturalist research-grade observations,28eb1a3f-1c15-4a95-931a-4af90ecb574d,6431780583
polyalthia longifolia,Polyalthia longifolia,3156422.0,3156422,18.553419,73.918152,7.4466889443734905,50c9509d-22c7-4a22-a47d-8c48425ef4a7,iNaturalist research-grade observations,28eb1a3f-1c15-4a95-931a-4af90ecb574d,6441193999
khaya senegalensis,Khaya senegalensis,3190508.0,3190508,18.534618,73.838627,2.4759432628315166,50c9509d-22c7-4a22-a47d-8c48425ef4a7,iNaturalist research-grade observations,28eb1a3f-1c15-4a95-931a-4af90ecb574d,6441386698
grangea maderaspatana,Grangea maderaspatana,8028873.0,8028873,18.620089,73.655093,23.967881400381035,50c9509d-22c7-4a22-a47d-8c48425ef4a7,iNaturalist research-grade observations,28eb1a3f-1c15-4a95-931a-4af90ecb574d,6451750970
calotropis gigantea,Calotropis gigantea,3579089.0,3579089,18.518229,73.780691,8.017797776895677,50c9509d-22c7-4a22-a47d-8c48425ef4a7,iNaturalist research-grade observations,28eb1a3f-1c15-4a95-931a-4af90ecb574d,6451805544
tridax procumbens,Tridax procumbens,3149462.0,3149462,18.548894,73.829934,4.242839417821149,50c9509d-22c7-4a22-a47d-8c48425ef4a7,iNaturalist research-grade observations,28eb1a3f-1c15-4a95-931a-4af90ecb574d,6452071330
solanum diphyllum,Solanum diphyllum,2931088.0,2931088,18.514364,73.925945,7.33185418861314,50c9509d-22c7-4a22-a47d-8c48425ef4a7,iNaturalist research-grade observations,28eb1a3f-1c15-4a95-931a-4af90ecb574d,6452142406
albizia lebbeck,Albizia lebbeck,2973215.0,2973215,18.530067,73.854492,1.099842491897655,50c9509d-22c7-4a22-a47d-8c48425ef4a7,iNaturalist research-grade observations,28eb1a3f-1c15-4a95-931a-4af90ecb574d,6452481513
grangea maderaspatana,Grangea maderaspatana,8028873.0,8028873,18.578508,73.781632,10.216309663746452,50c9509d-22c7-4a22-a47d-8c48425ef4a7,iNaturalist research-grade observations,28eb1a3f-1c15-4a95-931a-4af90ecb574d,6452660970
delonix regia,Delonix regia,2956176.0,2956176,18.531188,73.817271,4.326732264463228,50c9509d-22c7-4a22-a47d-8c48425ef4a7,iNaturalist research-grade observations,28eb1a3f-1c15-4a95-931a-4af90ecb574d,6479164308
kigelia africana,Kigelia africana,3172561.0,3172561,18.56371,73.827448,5.718612247637431,50c9509d-22c7-4a22-a47d-8c48425ef4a7,iNaturalist research-grade observations,28eb1a3f-1c15-4a95-931a-4af90ecb574d,6481308646
ficus auriculata,Ficus auriculata,5571773.0,5571773,18.599908,73.717812,17.102743528495747,50c9509d-22c7-4a22-a47d-8c48425ef4a7,iNaturalist research-grade observations,28eb1a3f-1c15-4a95-931a-4af90ecb574d,6518568296
manilkara hexandra,Manilkara hexandra,2885079.0,2885079,18.40774,73.75034,16.815852036638297,50c9509d-22c7-4a22-a47d-8c48425ef4a7,iNaturalist research-grade observations,28eb1a3f-1c15-4a95-931a-4af90ecb574d,6518652438
ficus auriculata,Ficus auriculata,5571773.0,5571773,18.600203,73.717077,17.18601646764038,50c9509d-22c7-4a22-a47d-8c48425ef4a7,iNaturalist research-grade observations,28eb1a3f-1c15-4a95-931a-4af90ecb574d,6519091368
heterophragma quadriloculare,Heterophragma quadriloculare,4091635.0,4091635,18.496862,73.793372,7.172151304018162,50c9509d-22c7-4a22-a47d-8c48425ef4a7,iNaturalist research-grade observations,28eb1a3f-1c15-4a95-931a-4af90ecb574d,6519263667
caryota urens,Caryota urens,2738914.0,2738914,18.530604,73.84929,1.3775931898292277,50c9509d-22c7-4a22-a47d-8c48425ef4a7,iNaturalist research-grade observations,28eb1a3f-1c15-4a95-931a-4af90ecb574d,6251439794
syzygium cumini,Syzygium cumini,3183840.0,3183840,18.531247,73.846945,1.5851079318646777,50c9509d-22c7-4a22-a47d-8c48425ef4a7,iNaturalist research-grade observations,28eb1a3f-1c15-4a95-931a-4af90ecb574d,6251443066
euphorbia hirta,Euphorbia hirta,3068937.0,3068937,18.25722,73.927253,30.196386572344753,50c9509d-22c7-4a22-a47d-8c48425ef4a7,iNaturalist research-grade observations,28eb1a3f-1c15-4a95-931a-4af90ecb574d,6251462331
polyalthia longifolia,Polyalthia longifolia,3156422.0,3156422,18.530245,73.849413,1.3374138107903704,50c9509d-22c7-4a22-a47d-8c48425ef4a7,iNaturalist research-grade observations,28eb1a3f-1c15-4a95-931a-4af90ecb574d,6251465609
ficus benghalensis,Ficus benghalensis,5361919.0,5361919,18.630924,73.753639,16.402409070488396,50c9509d-22c7-4a22-a47d-8c48425ef4a7,iNaturalist research-grade observations,28eb1a3f-1c15-4a95-931a-4af90ecb574d,6251471874
ficus benjamina,Ficus benjamina,5361932.0,5361932,18.530924,73.847346,1.5303726297363869,50c9509d-22c7-4a22-a47d-8c48425ef4a7,iNaturalist research-grade observations,28eb1a3f-1c15-4a95-931a-4af90ecb574d,6251489934
catharanthus roseus,Catharanthus roseus,3169830.0,3169830,18.59243,73.781456,11.272237260728078,50c9509d-22c7-4a22-a47d-8c48425ef4a7,iNaturalist research-grade observations,28eb1a3f-1c15-4a95-931a-4af90ecb574d,6251491923
ficus benjamina,Ficus benjamina,5361932.0,5361932,18.532454,73.842617,2.000295089960309,50c9509d-22c7-4a22-a47d-8c48425ef4a7,iNaturalist research-grade observations,28eb1a3f-1c15-4a95-931a-4af90ecb574d,6251495201
saraca asoca,Saraca asoca,7458904.0,7458904,18.733355,73.796369,24.518029897470935,50c9509d-22c7-4a22-a47d-8c48425ef4a7,iNaturalist research-grade observations,28eb1a3f-1c15-4a95-931a-4af90ecb574d,6251506324
cosmos sulphureus,Cosmos sulphureus,3098951.0,3098951,18.257783,73.926462,30.115207271729783,50c9509d-22c7-4a22-a47d-8c48425ef4a7,iNaturalist research-grade observations,28eb1a3f-1c15-4a95-931a-4af90ecb574d,6251511386
peltophorum pterocarpum,Peltophorum pterocarpum,2952775.0,2952775,18.531418,73.845422,1.7073021204526384,50c9509d-22c7-4a22-a47d-8c48425ef4a7,iNaturalist research-grade observations,28eb1a3f-1c15-4a95-931a-4af90ecb574d,6251517276
broussonetia papyrifera,Broussonetia papyrifera,5361944.0,5361944,18.531459,73.845721,1.6888149466551179,50c9509d-22c7-4a22-a47d-8c48425ef4a7,iNaturalist research-grade observations,28eb1a3f-1c15-4a95-931a-4af90ecb574d,6251523597
ficus benjamina,Ficus benjamina,5361932.0,5361932,18.531012,73.847159,1.5505852237698503,50c9509d-22c7-4a22-a47d-8c48425ef4a7,iNaturalist research-grade observations,28eb1a3f-1c15-4a95-931a-4af90ecb574d,6251527544
ficus benjamina,Ficus benjamina,5361932.0,5361932,18.531021,73.847097,1.5555935599699748,50c9509d-22c7-4a22-a47d-8c48425ef4a7,iNaturalist research-grade observations,28eb1a3f-1c15-4a95-931a-4af90ecb574d,6251539824
azadirachta indica,Azadirachta indica,3190474.0,3190474,18.257013,73.926767,30.20610254888501,50c9509d-22c7-4a22-a47d-8c48425ef4a7,iNaturalist research-grade observations,28eb1a3f-1c15-4a95-931a-4af90ecb574d,6251549561
erythrina variegata,Erythrina variegata,5349581.0,5349581,18.528499,73.81793,4.185699022712651,50c9509d-22c7-4a22-a47d-8c48425ef4a7,iNaturalist research-grade observations,28eb1a3f-1c15-4a95-931a-4af90ecb574d,6251559492
cocos nucifera,Cocos nucifera,2735117.0,2735117,18.531342,73.846005,1.6588686696985153,50c9509d-22c7-4a22-a47d-8c48425ef4a7,iNaturalist research-grade observations,28eb1a3f-1c15-4a95-931a-4af90ecb574d,6251560761
delonix regia,Delonix regia,2956176.0,2956176,18.257075,73.927497,30.21836763897785,50c9509d-22c7-4a22-a47d-8c48425ef4a7,iNaturalist research-grade observations,28eb1a3f-1c15-4a95-931a-4af90ecb574d,6251562054
tamarindus indica,Tamarindus indica,2975768.0,2975768,18.630741,73.753265,16.413329834856334,50c9509d-22c7-4a22-a47d-8c48425ef4a7,iNaturalist research-grade observations,28eb1a3f-1c15-4a95-931a-4af90ecb574d,6251568803
syzygium cumini,Syzygium cumini,3183840.0,3183840,18.531528,73.845374,1.7196106508740172,50c9509d-22c7-4a22-a47d-8c48425ef4a7,iNaturalist research-grade observations,28eb1a3f-1c15-4a95-931a-4af90ecb574d,6251571972
carica papaya,Carica papaya,2874484.0,2874484,18.531795,73.844423,1.81133375332948,50c9509d-22c7-4a22-a47d-8c48425ef4a7,iNaturalist research-grade observations,28eb1a3f-1c15-4a95-931a-4af90ecb574d,6251572859
parthenium hysterophorus,Parthenium hysterophorus,3086784.0,3086784,18.257303,73.927162,30.18507536758657,50c9509d-22c7-4a22-a47d-8c48425ef4a7,iNaturalist research-grade observations,28eb1a3f-1c15-4a95-931a-4af90ecb574d,6251578810
phyllanthus reticulatus,Phyllanthus reticulatus,5382478.0,5382478,18.562987,73.794561,8.083243876767314,50c9509d-22c7-4a22-a47d-8c48425ef4a7,iNaturalist research-grade observations,28eb1a3f-1c15-4a95-931a-4af90ecb574d,6251580223
ficus benjamina,Ficus benjamina,5361932.0,5361932,18.532873,73.842199,2.064232665443642,50c9509d-22c7-4a22-a47d-8c48425ef4a7,iNaturalist research-grade observations,28eb1a3f-1c15-4a95-931a-4af90ecb574d,6251582973
cocos nucifera,Cocos nucifera,2735117.0,2735117,18.532695,73.842207,2.050358457788442,50c9509d-22c7-4a22-a47d-8c48425ef4a7,iNaturalist research-grade observations,28eb1a3f-1c15-4a95-931a-4af90ecb574d,6251585318
jatropha nana,Jatropha nana,3072834.0,3072834,18.4375,73.947621,13.300977083467515,50c9509d-22c7-4a22-a47d-8c48425ef4a7,iNaturalist research-grade observations,28eb1a3f-1c15-4a95-931a-4af90ecb574d,6251591594
nerium oleander,Nerium oleander,3169756.0,3169756,18.25667,73.929017,30.301998683862838,50c9509d-22c7-4a22-a47d-8c48425ef4a7,iNaturalist research-grade observations,28eb1a3f-1c15-4a95-931a-4af90ecb574d,6251598058
argemone mexicana,Argemone mexicana,2888485.0,2888485,18.256653,73.928405,30.28763188365625,50c9509d-22c7-4a22-a47d-8c48425ef4a7,iNaturalist research-grade observations,28eb1a3f-1c15-4a95-931a-4af90ecb574d,6251606476
grevillea robusta,Grevillea robusta,2891791.0,2891791,18.530964,73.847227,1.5418736888214226,50c9509d-22c7-4a22-a47d-8c48425ef4a7,iNaturalist research-grade observations,28eb1a3f-1c15-4a95-931a-4af90ecb574d,6251608226
calyptocarpus vialis,Calyptocarpus vialis,3091480.0,3091480,18.592422,73.780914,11.311883450894298,50c9509d-22c7-4a22-a47d-8c48425ef4a7,iNaturalist research-grade observations,28eb1a3f-1c15-4a95-931a-4af90ecb574d,6251611712
carissa spinarum,Carissa spinarum,5536282.0,5536282,18.361566,73.861528,17.668900590065384,50c9509d-22c7-4a22-a47d-8c48425ef4a7,iNaturalist research-grade observations,28eb1a3f-1c15-4a95-931a-4af90ecb574d,6251616022
ficus benjamina,Ficus benjamina,5361932.0,5361932,18.531066,73.846985,1.5670884106875722,50c9509d-22c7-4a22-a47d-8c48425ef4a7,iNaturalist research-grade observations,28eb1a3f-1c15-4a95-931a-4af90ecb574d,6251633001
ficus benjamina,Ficus benjamina,5361932.0,5361932,18.531128,73.847108,1.563895128959791,50c9509d-22c7-4a22-a47d-8c48425ef4a7,iNaturalist research-grade observations,28eb1a3f-1c15-4a95-931a-4af90ecb574d,6251635343
ficus benjamina,Ficus benjamina,5361932.0,5361932,18.531089,73.846983,1.569162482661929,50c9509d-22c7-4a22-a47d-8c48425ef4a7,iNaturalist research-grade observations,28eb1a3f-1c15-4a95-931a-4af90ecb574d,6251647551
syzygium cumini,Syzygium cumini,3183840.0,3183840,18.613228,73.45015,44.07908273270018,50c9509d-22c7-4a22-a47d-8c48425ef4a7,iNaturalist research-grade observations,28eb1a3f-1c15-4a95-931a-4af90ecb574d,6251652126
broussonetia papyrifera,Broussonetia papyrifera,5361944.0,5361944,18.532698,73.842318,2.0418750553948035,50c9509d-22c7-4a22-a47d-8c48425ef4a7,iNaturalist research-grade observations,28eb1a3f-1c15-4a95-931a-4af90ecb574d,6251762092
ficus benjamina,Ficus benjamina,5361932.0,5361932,18.530992,73.847052,1.556243904419308,50c9509d-22c7-4a22-a47d-8c48425ef4a7,iNaturalist research-grade observations,28eb1a3f-1c15-4a95-931a-4af90ecb574d,6251815969
samanea saman,Samanea saman,2972960.0,2972960,18.531669,73.844939,1.7628792156359812,50c9509d-22c7-4a22-a47d-8c48425ef4a7,iNaturalist research-grade observations,28eb1a3f-1c15-4a95-931a-4af90ecb574d,6251835511
euphorbia hirta,Euphorbia hirta,3068937.0,3068937,18.593275,73.781151,11.361691574862542,50c9509d-22c7-4a22-a47d-8c48425ef4a7,iNaturalist research-grade observations,28eb1a3f-1c15-4a95-931a-4af90ecb574d,6251866212
polyalthia longifolia,Polyalthia longifolia,3156422.0,3156422,18.531307,73.846056,1.6523597598583453,50c9509d-22c7-4a22-a47d-8c48425ef4a7,iNaturalist research-grade observations,28eb1a3f-1c15-4a95-931a-4af90ecb574d,6251880551
samanea saman,Samanea saman,2972960.0,2972960,18.531654,73.844661,1.782446227132093,50c9509d-22c7-4a22-a47d-8c48425ef4a7,iNaturalist research-grade observations,28eb1a3f-1c15-4a95-931a-4af90ecb574d,6251893109
leucaena leucocephala,Leucaena leucocephala,2970418.0,2970418,18.531525,73.845127,1.7375582424334803,50c9509d-22c7-4a22-a47d-8c48425ef4a7,iNaturalist research-grade observations,28eb1a3f-1c15-4a95-931a-4af90ecb574d,6251910118
euphorbia hirta,Euphorbia hirta,3068937.0,3068937,18.592773,73.781044,11.329892509677418,50c9509d-22c7-4a22-a47d-8c48425ef4a7,iNaturalist research-grade observations,28eb1a3f-1c15-4a95-931a-4af90ecb574d,6251921533
peltophorum pterocarpum,Peltophorum pterocarpum,2952775.0,2952775,18.531337,73.845922,1.6644231725594192,50c9509d-22c7-4a22-a47d-8c48425ef4a7,iNaturalist research-grade observations,28eb1a3f-1c15-4a95-931a-4af90ecb574d,6251935905
polyalthia longifolia,Polyalthia longifolia,3156422.0,3156422,18.4976,73.895242,4.7899444157838635,50c9509d-22c7-4a22-a47d-8c48425ef4a7,iNaturalist research-grade observations,28eb1a3f-1c15-4a95-931a-4af90ecb574d,6251938154
bauhinia variegata,Bauhinia variegata,2953251.0,2953251,18.530585,73.84909,1.3879359430308658,50c9509d-22c7-4a22-a47d-8c48425ef4a7,iNaturalist research-grade observations,28eb1a3f-1c15-4a95-931a-4af90ecb574d,6251992404
